# Mass Balance;  Grosser Aletsch; 5; annual
# name; date0; time0; date1; time1; period; date_quality; x_pos ; y_pos ; z_pos ; position_quality; mb_raw ; density ;  density_quality ; mb_we ; measurement_quality ; measurement_type ; mb_error ; reading_error ; density_error ; error_evaluation_method; source
# (-);  (yyyymmdd); (hhmm) ; (yyyymmdd); (hhmm) ; (d) ; (#) ; (m) ; (m) ; (m a.s.l.) ; (#) ; (cm) ; (kg m-3) ; (#) ; (mm w.e.) ; (#) ; (#) ; (mm w.e.) ; (mm w.e.) ; (mm w.e.) ; (#) ; (-) 
#  GLAMOS / VAW-ETHZ    ; production-date 20231122 ;   reference ; http://www.glamos.ch
        NMF   19120909 1200   19130920 1200  376.0  0   647166.0 150081.0  2850.0   4  -160   700   4  -1120   2   6  1094  1085   134   0  glrep
       NMG1   19120924 1200   19130920 1200  361.0  0   647089.0 150780.0  2802.0   4   110   539   6    592   4   6   873   870    71   0  glrep
        NMK   19120914 1200   19130920 1200  371.0  3   646935.0 149232.0  2658.3   4    10   539   6     53   2   6   833   832     6   0  glrep
        NMS   19120926 1200   19130920 1200  359.0  0   647243.0 150364.0  2759.8   4    10   539   6     53   2   6   849   849     6   0  glrep
       NMT1   19120925 1200   19130920 1200  360.0  0   645782.0 150780.0  2741.1   4   120   539   6    646   4   6   873   870    77   0  glrep
        NMF   19130914 1200   19140914 1200  365.0  0   647166.0 150081.0  2850.0   4   280   539   6   1509   2   6   869   849   181   0  glrep
       NMG1   19130914 1200   19140914 1200  365.0  0   647089.0 150780.0  2802.0   4   350   539   6   1886   2   6   879   849   226   0  glrep
        NMS   19130914 1200   19140914 1200  365.0  0   647243.0 150364.0  2759.8   4    50   539   6    269   2   6   850   849    32   0  glrep
       NMT2   19130914 1200   19140914 1200  365.0  0   644348.0 152762.0  2909.0   4   150   539   6    808   2   6   855   849    97   0  glrep
        NMF   19140914 1200   19150914 1200  365.0  0   647166.0 150081.0  2850.0   4   160   539   6    862   2   6   856   849   103   0  glrep
       NMG1   19140914 1200   19150914 1200  365.0  0   647089.0 150780.0  2802.0   4  -100   650   4   -650   2   6  1015  1012    77   0  glrep
       NMG2   19140914 1200   19150914 1200  365.0  0   646565.0 150778.0  2733.1   4  -120   800   4   -960   2   6  1239  1233   115   0  glrep
        NMS   19140914 1200   19150914 1200  365.0  0   647243.0 150364.0  2759.8   4     0   518   6      0   2   6   819   819     0   0  glrep
       NMT2   19140914 1200   19150914 1200  365.0  0   644348.0 152762.0  2909.0   4   150   539   6    808   2   6   855   849    97   0  glrep
        NMF   19150914 1200   19160914 1200  366.0  0   647166.0 150081.0  2850.0   4   320   539   6   1724   2   6   874   849   206   0  glrep
       NMG1   19150914 1200   19160914 1200  366.0  0   647089.0 150780.0  2802.0   4   -50   700   4   -350   2   6  1086  1085    41   0  glrep
       NMG2   19150914 1200   19160914 1200  366.0  0   646565.0 150778.0  2733.1   4    20   539   6    107   2   6   850   849    12   0  glrep
        NMK   19150914 1200   19160914 1200  366.0  0   646935.0 149232.0  2658.3   4   150   539   6    808   2   6   855   849    97   0  glrep
       NMT1   19150914 1200   19160914 1200  366.0  0   645782.0 150780.0  2741.1   4   300   539   6   1617   2   6   871   849   194   0  glrep
       NMT2   19150914 1200   19160914 1200  366.0  0   644348.0 152762.0  2909.0   4   100   539   6    539   2   6   852   849    64   0  glrep
       NMG1   19160914 1200   19170914 1200  365.0  0   647089.0 150780.0  2802.0   4   330   539   6   1778   2   6   876   849   213   0  glrep
       NMG2   19160914 1200   19170914 1200  365.0  0   646565.0 150778.0  2733.1   4   100   539   6    539   2   6   852   849    64   0  glrep
        NMS   19160914 1200   19170914 1200  365.0  0   647243.0 150364.0  2759.8   4   100   539   6    539   2   6   852   849    64   0  glrep
       NMT1   19160914 1200   19170914 1200  365.0  0   645782.0 150780.0  2741.1   4     0   518   6      0   2   6   819   819     0   0  glrep
       NMG1   19170914 1200   19180914 1200  365.0  0   647089.0 150780.0  2802.0   4  -330   700   4  -2310   2   6  1120  1085   277   0  glrep
       NMG2   19170914 1200   19180914 1200  365.0  0   646565.0 150778.0  2733.1   4  -250   700   4  -1750   2   6  1106  1085   209   0  glrep
         PO   19191030 1200   19200827 1200  302.0  1   641800.0 154850.0  3350.0   4   100   539   6    539   1   1    70    26    64   0  firep
        NMF   19190825 1200   19200828 1200  369.0  1   647166.0 150081.0  2850.0   4     0   509   6      0   2   6   770   770     0   0  glrep
       NMG1   19190825 1200   19200828 1200  369.0  1   647089.0 150780.0  2802.0   4  -530   700   4  -3710   4   6  1174  1086   445   0  glrep
       NMG2   19190825 1200   19200828 1200  369.0  1   646565.0 150778.0  2733.1   4  -370   750   4  -2775   4   6  1210  1164   332   0  glrep
        NMK   19190825 1200   19200828 1200  369.0  1   646935.0 149232.0  2658.3   4  -170   800   4  -1360   2   6  1221  1210   163   0  glrep
        NMS   19190825 1200   19200828 1200  369.0  1   647243.0 150364.0  2759.8   4  -180   800   4  -1440   2   6  1222  1210   172   0  glrep
       NMT2   19190825 1200   19200828 1200  369.0  1   644348.0 152762.0  2909.0   4  -150   700   4  -1050   2   6  1066  1059   125   0  glrep
        NMF   19200914 1200   19210910 1200  361.0  3   647166.0 150081.0  2850.0   4  -530   750   1  -3975   2   6  1149  1147    59   0  glrep
       NMG1   19200914 1200   19210910 1200  361.0  3   647089.0 150780.0  2802.0   4  -320   750   4  -2400   4   6  1211  1176   287   0  glrep
        NMS   19200914 1200   19210910 1200  361.0  3   647243.0 150364.0  2759.8   4  -560   850   1  -4760   2   6  1299  1297    71   0  glrep
       NMT2   19200914 1200   19210910 1200  361.0  3   644348.0 152762.0  2909.0   4  -380   800   4  -3040   2   6  1275  1222   364   0  glrep
         PO   19200927 1200   19210928 1200  366.0  1   641800.0 154850.0  3350.0   4   150   539   6    808   1   1   100    26    97   0  firep
         PU   19200927 1200   19210928 1200  366.0  1   641800.0 154600.0  3350.0   4   200   539   6   1078   1   1   132    26   129   0  firep
         PO   19211022 1200   19220825 1200  307.0  1   641800.0 154850.0  3350.0   4   140   539   6    754   1   1    94    26    90   0  firep
         PU   19211022 1200   19220825 1200  307.0  1   641800.0 154600.0  3350.0   4   100   539   6    539   1   1    70    26    64   0  firep
        NMF   19210910 1200   19220926 1200  381.0  1   647166.0 150081.0  2850.0   4  -170   750   4  -1275   2   6  1145  1134   152   0  glrep
       NMG2   19210910 1200   19220926 1200  381.0  1   646565.0 150778.0  2733.1   4   -50   800   4   -400   4   6  1242  1241    47   0  glrep
        NMS   19210910 1200   19220926 1200  381.0  1   647243.0 150364.0  2759.8   4   -40   850   1   -340   2   6  1286  1286     5   0  glrep
         PU   19250921 1200   19260925 1200  369.0  1   641800.0 154600.0  3350.0   4   270   539   6   1455   1   1   176    26   174   0  firep
         PU   19260925 1200   19270920 1200  360.0  1   641800.0 154600.0  3350.0   4   455   539   6   2452   1   1   295    26   294   0  firep
         PU   19270920 1200   19280927 1200  373.0  1   641800.0 154600.0  3350.0   4   255   539   6   1374   1   1   167    26   164   0  firep
         PO   19280927 1200   19291010 1200  378.0  1   641800.0 154850.0  3350.0   4   540   539   6   2910   1   1   350    26   349   0  firep
         PO   19290930 1200   19301003 1200  368.0  1   641800.0 154850.0  3350.0   4   365   539   6   1967   1   1   237    26   236   0  firep
         PO   19301003 1200   19311006 1200  368.0  1   641800.0 154850.0  3350.0   4   380   539   6   2048   1   1   247    26   245   0  firep
         PU   19301003 1200   19311006 1200  368.0  1   641800.0 154600.0  3350.0   4   500   539   6   2695   1   1   324    26   323   0  firep
         PO   19311006 1200   19321014 1200  374.0  1   641800.0 154850.0  3350.0   4   435   539   6   2344   1   1   282    26   281   0  firep
         PO   19321014 1200   19330904 1200  325.0  1   641800.0 154850.0  3350.0   4   380   539   6   2048   1   1   247    26   245   0  firep
         PO   19330904 1200   19340924 1200  385.0  1   641800.0 154850.0  3350.0   4   380   539   6   2048   1   1   247    26   245   0  firep
         PU   19330904 1200   19340924 1200  385.0  1   641800.0 154600.0  3350.0   4   400   539   6   2156   1   1   260    26   258   0  firep
         PO   19390916 1200   19401014 1200  394.0  1   641800.0 154850.0  3350.0   4   570   539   6   3072   1   1   369    26   368   0  firep
         PU   19390916 1200   19401014 1200  394.0  1   641800.0 154600.0  3350.0   4   780   539   6   4204   1   1   505    26   504   0  firep
         PO   19401014 1200   19410920 1200  341.0  1   641800.0 154850.0  3350.0   4   310   539   6   1670   1   1   202    26   200   0  firep
         PU   19401014 1200   19410920 1200  341.0  1   641800.0 154600.0  3350.0   4   410   539   6   2209   1   1   266    26   265   0  firep
         PO   19410920 1200   19420915 1200  360.0  1   641800.0 154850.0  3350.0   4   270   539   6   1455   1   1   176    26   174   0  firep
         PU   19410920 1200   19420915 1200  360.0  1   641800.0 154600.0  3350.0   4   280   539   6   1509   1   1   183    26   181   0  firep
         PO   19420915 1200   19430916 1200  366.0  1   641800.0 154850.0  3350.0   4   470   539   6   2533   1   1   305    26   303   0  firep
         PU   19420915 1200   19430916 1200  366.0  1   641800.0 154600.0  3350.0   4   410   539   6   2209   1   1   266    26   265   0  firep
        P11   19430905 1200   19440821 1200  351.0  1   644570.2 156375.9  3440.0   4   500   539   6   2695   1   1   324    26   323   0  vaw
         P5   19430905 1200   19440821 1200  351.0  1   642625.8 155475.0  3505.0   4   470   539   6   2533   1   1   305    26   303   0  vaw
         P3   19430819 1200   19440822 1200  369.0  1   641831.4 154819.2  3349.3   4   285   539   6   1536   1   1   186    26   184   0  glrep
         PO   19430916 1200   19440910 1200  360.0  0   641800.0 154850.0  3350.0   4   250   539   6   1347   1   1   224   156   161   0  firep
         PU   19430916 1200   19440910 1200  360.0  0   641800.0 154600.0  3350.0   4   330   539   6   1778   1   1   264   156   213   0  firep
        P11   19440828 1200   19450813 1200  350.0  1   644570.2 156375.9  3440.0   4   730   539   6   3934   1   1   472    26   472   0  vaw
         P5   19440828 1200   19450813 1200  350.0  1   642625.8 155475.0  3505.0   4   810   539   6   4365   1   1   524    26   523   0  vaw
         P3   19440828 1200   19450907 1200  375.0  1   641831.4 154819.2  3347.9   4   520   539   6   2802   1   1   337    26   336   0  glrep
        P11   19450807 1200   19460820 1200  378.0  1   644570.2 156375.9  3440.0   4   758   539   6   4085   1   1   491    26   490   0  vaw
         P3   19450807 1200   19460909 1200  398.0  1   641831.4 154819.2  3348.4   4   450   539   6   2425   1   1   292    26   291   0  glrep
         P5   19450807 1200   19460909 1200  398.0  1   642625.8 155475.0  3505.0   4   840   539   6   4527   1   1   543    26   543   0  vaw
         P9   19450912 1200   19460909 1200  362.0  1   643586.3 152784.3  2935.0   4   120   539   6    646   1   1    82    26    77   0  vaw
         PO   19450815 1200   19460930 1200  411.0  1   641800.3 154850.0  3350.0   4   510   539   6   2748   1   1   330    26   329   0  firep
        P10   19460918 1200   19470826 1200  342.0  1   644568.4 151972.5  2860.0   4  -170   900   1  -1530   1   1    50    45    22   0  vaw
         P3   19460910 1200   19470826 1200  350.0  1   641831.4 154819.2  3347.9   4    75   539   6    404   1   1    55    26    48   0  vaw
         P9   19460918 1200   19470826 1200  342.0  1   643586.3 152784.3  2935.0   4  -140   700   4   -980   1   1   122    35   117   0  vaw
         P5   19460911 1200   19470830 1200  353.0  1   642625.8 155475.0  3505.0   4   280   539   6   1509   1   1   183    26   181   0  vaw
        P11   19460912 1200   19470904 1200  357.0  1   644570.2 156375.9  3440.0   4   320   539   6   1724   1   1   208    26   206   0  vaw
         PO   19460930 1200   19470915 1200  350.0  1   641800.1 154850.0  3350.0   4   180   539   6    970   1   1   119    26   116   0  firep
         P9   19470905 1200   19480815 1200  345.0  1   643586.3 152784.3  2935.0   4   440   539   6   2371   1   1   285    26   284   0  vaw
         P3   19470826 1200   19480906 1200  377.0  1   641831.4 154819.2  3344.8   4   550   539   6   2964   1   1   356    26   355   0  vaw
        P10   19470905 1200   19480915 1200  376.0  1   644568.4 151972.5  2860.0   4   230   539   6   1239   1   1   151    26   148   0  vaw
         PO   19470915 1200   19480916 1200  367.0  1   641800.0 154850.0  3350.0   4   765   539   6   4123   1   1   495    26   494   0  firep
         PU   19470915 1200   19480916 1200  367.0  0   641800.0 154600.0  3350.0   4   870   539   6   4689   1   1   584   156   562   0  firep
         P5   19480909 1200   19490820 1200  345.0  1   642625.8 155475.0  3505.0   4   375   539   6   2021   1   1   244    26   242   0  vaw
         P3   19480909 1200   19490904 1200  360.0  1   641831.4 154819.2  3347.5   4   195   539   6   1051   1   1   128    26   126   0  firep
         P3   19480909 1200   19491007 1200  393.0  1   641817.7 154844.9  3350.3   3   200   539   6   1078   1   1   132    26   129   0  glrep
        P3F   19490831 1200   19500905 1200  370.0  1   641817.7 154844.9  3350.3   4   270   539   6   1455   1   1   176    26   174   0  firep
        P11   19490903 1200   19500907 1200  369.0  1   644570.2 156375.9  3440.0   4   460   539   6   2479   1   1   298    26   297   0  vaw
         P5   19490904 1200   19500908 1200  369.0  1   642625.8 155475.0  3505.0   4   430   539   6   2317   1   1   279    26   278   0  vaw
         P3   19490904 1200   19500909 1200  370.0  1   641817.7 154844.9  3350.3   4   250   539   6   1347   1   1   163    26   161   0  glrep
         P3   19500917 1200   19510906 1200  354.0  1   641817.7 154844.9  3350.3   4   475   539   6   2560   1   1   308    26   307   0  glrep
        P3F   19500905 1200   19510906 1200  366.0  1   641817.7 154844.9  3350.3   4   340   539   6   1832   1   1   221    26   219   0  firep
        P10   19500912 1200   19510909 1200  362.0  1   644568.4 151972.5  2860.0   4    20   539   6    107   1   1    29    26    12   0  vaw
         P9   19500912 1200   19510909 1200  362.0  1   643586.3 152784.3  2935.0   4   110   539   6    592   1   1    76    26    71   0  vaw
        P11   19500907 1200   19510910 1200  368.0  1   644570.2 156375.9  3440.0   4   625   539   6   3368   1   1   405    26   404   0  vaw
         P5   19500908 1200   19510910 1200  367.0  1   642625.8 155475.0  3505.0   4   660   539   6   3557   1   1   427    26   426   0  vaw
     P10_50   19500918 1200   19510912 1200  359.0  1   644586.3 151964.7  2861.4   3   102   539   6    549   1   1    71    26    65   0  vaw
      P9_50   19500917 1200   19510917 1200  365.0  1   643561.4 152755.0  2937.9   3   -25   750   4   -187   1   1    43    37    22   0  vaw
         P3   19510930 1200   19520902 1200  338.0  1   641817.7 154844.9  3350.3   4   257   539   6   1385   1   1   168    26   166   0  glrep
        P3F   19510906 1200   19520902 1200  362.0  1   641817.7 154844.9  3350.3   4   267   539   6   1439   1   1   174    26   172   0  firep
         P5   19510907 1200   19520904 1200  363.0  1   642625.8 155475.0  3505.0   4   460   539   6   2479   1   1   298    26   297   0  vaw
        P11   19510910 1200   19520905 1200  361.0  1   644570.2 156375.9  3440.0   4   465   539   6   2506   1   1   301    26   300   0  vaw
        P10   19510909 1200   19520909 1200  366.0  1   644568.4 151972.5  2860.0   4     0   517   6      0   1   1    25    25     0   0  vaw
      P9_50   19510917 1200   19520914 1200  363.0  1   643642.2 152693.0  2929.1   3   -45   750   4   -337   1   1    55    37    40   0  vaw
          S   19510918 1200   19520920 1200  368.0  1   649198.2 144788.9  2411.4   3  -380   900   1  -3420   1   1    68    45    51   0  vaw
          T   19510918 1200   19520920 1200  368.0  1   648655.8 144732.6  2419.4   3  -660   900   1  -5940   1   1    99    45    89   0  vaw
       T_51   19510918 1200   19520920 1200  368.0  1   648655.8 144732.6  2419.4   3  -660   900   1  -5940   1   1    99    45    89   0  vaw
        P3F   19520902 1200   19530901 1200  364.0  1   641817.7 154844.9  3350.3   4   422   539   6   2274   1   1   274    26   272   0  firep
         P3   19520908 1200   19530903 1200  360.0  1   641817.7 154844.9  3350.3   4   418   539   6   2253   1   1   271    26   270   0  glrep
      P3_52   19520902 1200   19530903 1200  366.0  1   641832.0 154819.0  3344.1   3   410   539   6   2209   1   1   266    26   265   0  vaw
         P5   19520904 1200   19530903 1200  364.0  1   642625.8 155475.0  3505.0   4   602   539   6   3244   1   1   390    26   389   0  vaw
        P11   19520905 1200   19530908 1200  368.0  1   644570.2 156375.9  3440.0   4   635   539   6   3422   1   1   411    26   410   0  vaw
         P9   19520915 1200   19530909 1200  359.0  1   643586.3 152784.3  2935.0   4    30   539   6    161   1   1    33    26    19   0  vaw
      P9_50   19520914 1200   19530909 1200  360.0  1   643722.4 152635.4  2922.2   3   -35   750   4   -262   1   1    48    37    31   0  vaw
      P9_52   19520914 1200   19530909 1200  360.0  1   643579.8 152777.5  2936.0   3    30   539   6    161   1   1    33    26    19   0  vaw
        ODC   19520920 1200   19530910 1200  355.0  1   646611.3 149468.5  2709.8   3  -195   900   1  -1755   1   1    52    45    26   0  vaw
        P10   19520919 1200   19530911 1200  357.0  1   644568.4 151972.5  2860.0   4   -40   800   4   -320   1   1    55    40    38   0  vaw
         FG   19520917 1200   19530914 1200  362.0  1   649203.8 144789.4  2409.5   3  -369   900   1  -3321   1   1    67    45    49   0  vaw
          S   19520920 1200   19530914 1200  359.0  1   649238.4 144640.0  2408.4   3  -437   900   1  -3933   1   1    74    45    58   0  vaw
      P3_53   19530903 1200   19540903 1200  365.0  1   641831.9 154819.0  3345.1   3   603   539   6   3250   1   1   390    26   390   0  vaw
      P9_50   19530909 1200   19540908 1200  364.0  1   643799.9 152581.6  2916.2   3   295   539   6   1590   1   1   192    26   190   0  vaw
      P9_52   19530909 1200   19540908 1200  364.0  1   643660.4 152718.2  2928.3   3    40   539   6    215   1   1    37    26    25   0  vaw
        ODC   19530910 1200   19540910 1200  365.0  1   646788.6 149338.7  2698.0   3  -220   900   1  -1980   1   1    53    45    29   0  vaw
          P   19530910 1200   19540910 1200  365.0  1   646854.4 149184.1  2688.6   3  -245   900   1  -2205   1   1    55    45    33   0  vaw
       P_51   19530910 1200   19540910 1200  365.0  1   646854.4 149184.1  2688.6   3  -245   900   1  -2205   1   1    55    45    33   0  vaw
         DD   19530916 1200   19540913 1200  362.0  1   644409.9 138188.6  1669.7   3 -1735   900   1 -15615   1   1   238    45   234   0  vaw
      DD_53   19530916 1200   19540913 1200  362.0  1   644409.9 138188.6  1669.7   3 -1735   900   1 -15615   1   1   238    45   234   0  vaw
         EE   19530916 1200   19540913 1200  362.0  1   644589.8 138286.7  1712.2   3 -1398   900   1 -12582   1   1   194    45   188   0  vaw
      EE_53   19530916 1200   19540913 1200  362.0  1   644589.8 138286.7  1712.2   3 -1398   900   1 -12582   1   1   194    45   188   0  vaw
         FF   19530916 1200   19540913 1200  362.0  1   644993.7 138552.2  1776.2   3 -1300   900   1 -11700   1   1   181    45   175   0  vaw
      FF_53   19530916 1200   19540913 1200  362.0  1   644993.7 138552.2  1776.2   3 -1300   900   1 -11700   1   1   181    45   175   0  vaw
         FG   19530914 1200   19540916 1200  367.0  1   649222.9 144651.7  2398.3   3  -386   900   1  -3474   1   1    68    45    52   0  vaw
          S   19530914 1200   19540916 1200  367.0  1   649228.8 144507.5  2393.1   3  -453   900   1  -4077   1   1    75    45    61   0  vaw
        P10   19530911 1200   19540919 1200  373.0  1   644568.4 151972.5  2860.0   4   -50   900   1   -450   1   1    45    45     6   0  vaw
         P9   19530909 1200   19540920 1200  376.0  1   643586.3 152784.3  2935.0   4    10   539   6     53   1   1    27    26     6   0  vaw
        P11   19530906 1200   19540922 1200  381.0  1   644570.2 156375.9  3440.0   4   552   539   6   2975   1   1   358    26   357   0  vaw
         P5   19530903 1200   19540922 1200  384.0  1   642625.8 155475.0  3505.0   4   610   539   6   3287   1   1   395    26   394   0  vaw
         P3   19530908 1200   19540924 1200  381.0  1   641817.7 154844.9  3350.3   4   480   539   6   2587   1   1   311    26   310   0  glrep
        P3F   19530901 1200   19540930 1200  394.0  1   641817.7 154844.9  3350.3   4   523   539   6   2818   1   1   339    26   338   0  firep
      P3_54   19540925 1200   19550911 1200  351.0  1   641832.8 154819.2  3345.2   3   400   539   6   2156   1   1   260    26   258   0  vaw
         P5   19540923 1200   19550912 1200  354.0  1   642625.8 155475.0  3505.0   4   730   539   6   3934   1   1   472    26   472   0  vaw
        P11   19540930 1200   19550913 1200  348.0  1   644570.2 156375.9  3440.0   4   680   539   6   3665   1   1   440    26   439   0  vaw
        P3F   19540930 1200   19550913 1200  348.0  1   641831.5 154819.3  3350.1   3   340   539   6   1832   1   1   221    26   219   0  firep
         P3   19540930 1200   19550915 1200  350.0  1   641831.4 154819.2  3350.0   4   420   539   6   2263   1   1   272    26   271   0  glrep
         MM   19540917 1200   19550916 1200  364.0  1   647197.0 148788.0  2653.2   3  -169   900   1  -1521   1   1    50    45    22   0  vaw
      MM_54   19540917 1200   19550916 1200  364.0  1   647197.0 148788.0  2653.2   3  -169   900   1  -1521   1   1    50    45    22   0  vaw
         NN   19540917 1200   19550916 1200  364.0  1   647350.6 148555.9  2634.9   3  -230   900   1  -2070   1   1    54    45    31   0  vaw
      NN_54   19540917 1200   19550916 1200  364.0  1   647350.6 148555.9  2634.9   3  -230   900   1  -2070   1   1    54    45    31   0  vaw
         OO   19540917 1200   19550916 1200  364.0  1   647509.9 148324.2  2615.1   3  -223   900   1  -2007   1   1    54    45    30   0  vaw
      OO_54   19540917 1200   19550916 1200  364.0  1   647509.9 148324.2  2615.1   3  -223   900   1  -2007   1   1    54    45    30   0  vaw
         PP   19540917 1200   19550916 1200  364.0  1   647651.4 148107.2  2592.8   3  -247   900   1  -2223   1   1    56    45    33   0  vaw
      PP_54   19540917 1200   19550916 1200  364.0  1   647651.4 148107.2  2592.8   3  -247   900   1  -2223   1   1    56    45    33   0  vaw
        ODC   19540910 1200   19550917 1200  372.0  1   646869.1 149200.9  2686.8   3  -177   900   1  -1593   1   1    50    45    23   0  vaw
          P   19540910 1200   19550917 1200  372.0  1   646983.3 149038.8  2677.4   3  -202   900   1  -1818   1   1    52    45    27   0  vaw
       P_51   19540910 1200   19550917 1200  372.0  1   646983.3 149038.8  2677.4   3  -202   900   1  -1818   1   1    52    45    27   0  vaw
      P9_52   19540908 1200   19550917 1200  374.0  1   643738.8 152658.0  2922.5   3    60   539   6    323   1   1    47    26    38   0  vaw
          V   19540910 1200   19550917 1200  372.0  1   646312.9 149720.9  2727.0   3  -130   900   1  -1170   1   1    48    45    17   0  vaw
          W   19540910 1200   19550917 1200  372.0  1   646445.9 149595.0  2720.4   3  -124   900   1  -1116   1   1    48    45    16   0  vaw
          Z   19540910 1200   19550917 1200  372.0  1   646584.2 149474.6  2710.4   3  -105   900   1   -945   1   1    47    45    14   0  vaw
          Z   19540918 1200   19550917 1200  364.0  1   646586.8 149471.7  2709.9   3   -83   900   1   -747   1   1    46    45    11   0  vaw
         AA   19540916 1200   19550921 1200  370.0  1   649151.5 145078.4  2417.9   3  -319   900   1  -2871   1   1    62    45    43   0  vaw
      AA_54   19540916 1200   19550921 1200  370.0  1   649151.5 145078.4  2417.9   3  -319   900   1  -2871   1   1    62    45    43   0  vaw
         CC   19540916 1200   19550921 1200  370.0  1   649192.6 144938.2  2412.8   3  -304   900   1  -2736   1   1    60    45    41   0  vaw
      CC_54   19540916 1200   19550921 1200  370.0  1   649192.6 144938.2  2412.8   3  -304   900   1  -2736   1   1    60    45    41   0  vaw
         QQ   19540916 1200   19550921 1200  370.0  1   649229.1 144800.9  2407.7   3  -280   900   1  -2520   1   1    58    45    37   0  vaw
      EE_53   19540913 1200   19550922 1200  374.0  1   644555.0 138261.6  1698.9   3 -1597   900   1 -14373   1   1   220    45   215   0  vaw
      FF_53   19540913 1200   19550922 1200  374.0  1   644930.7 138514.1  1762.7   3 -1538   900   1 -13842   1   1   212    45   207   0  vaw
         GG   19540914 1200   19550923 1200  374.0  1   646778.3 139813.8  3037.5   3  -854   900   1  -7686   1   1   123    45   115   0  vaw
      GG_53   19540914 1200   19550923 1200  374.0  1   646778.3 139813.8  3037.5   3  -854   900   1  -7686   1   1   123    45   115   0  vaw
        P10   19541002 1200   19551002 1200  365.0  1   644568.4 151972.5  2860.0   4   -35   900   1   -315   1   1    45    45     4   0  vaw
         P9   19541002 1200   19551002 1200  365.0  1   643586.3 152784.3  2935.0   4   120   539   6    646   1   1    82    26    77   0  vaw
         P3   19551002 1200   19560911 1200  345.0  1   641831.4 154819.2  3350.0   4   485   539   6   2614   1   1   314    26   313   0  glrep
        P3F   19550913 1200   19560911 1200  364.0  1   641831.5 154819.3  3350.1   4   485   539   6   2614   1   1   314    26   313   0  firep
        P11   19550912 1200   19560912 1200  366.0  1   644570.2 156375.9  3440.0   4   665   539   6   3584   1   1   430    26   430   0  vaw
         MM   19550916 1200   19560915 1200  365.0  1   647312.8 148631.3  2639.8   3  -221   900   1  -1989   1   1    53    45    29   0  vaw
      MM_54   19550916 1200   19560915 1200  365.0  1   647312.8 148631.3  2639.8   3  -221   900   1  -1989   1   1    53    45    29   0  vaw
         NN   19550916 1200   19560915 1200  365.0  1   647463.4 148396.1  2621.8   3  -285   900   1  -2565   1   1    59    45    38   0  vaw
      NN_54   19550916 1200   19560915 1200  365.0  1   647463.4 148396.1  2621.8   3  -285   900   1  -2565   1   1    59    45    38   0  vaw
        ODC   19550917 1200   19560915 1200  364.0  1   647130.0 149050.6  2676.0   3  -233   900   1  -2097   1   1    54    45    31   0  vaw
         OO   19550916 1200   19560915 1200  365.0  1   647622.9 148166.0  2598.8   3  -279   900   1  -2511   1   1    58    45    37   0  vaw
      OO_54   19550916 1200   19560915 1200  365.0  1   647622.9 148166.0  2598.8   3  -279   900   1  -2511   1   1    58    45    37   0  vaw
          P   19550917 1200   19560915 1200  364.0  1   647112.1 148883.0  2663.8   3  -218   900   1  -1962   1   1    53    45    29   0  vaw
       P_51   19550917 1200   19560915 1200  364.0  1   647112.1 148883.0  2663.8   3  -218   900   1  -1962   1   1    53    45    29   0  vaw
          V   19550917 1200   19560915 1200  364.0  1   646445.1 149595.1  2721.1   3  -164   900   1  -1476   1   1    50    45    22   0  vaw
          W   19550917 1200   19560915 1200  364.0  1   646583.1 149461.4  2710.8   3  -162   900   1  -1458   1   1    50    45    21   0  vaw
          Z   19550917 1200   19560915 1200  364.0  1   646721.4 149337.7  2699.1   3  -146   900   1  -1314   1   1    49    45    19   0  vaw
      P9_52   19550917 1200   19560916 1200  365.0  1   643822.8 152600.0  2915.4   3  -170   700   4  -1190   1   1   147    35   142   0  vaw
      P9_54   19550917 1200   19560916 1200  365.0  1   643674.9 152737.7  2927.0   3  -150   650   4   -975   1   1   121    32   116   0  vaw
         AA   19550921 1200   19560919 1200  364.0  1   649181.6 144941.2  2411.7   3  -353   900   1  -3177   1   1    65    45    47   0  vaw
      AA_54   19550921 1200   19560919 1200  364.0  1   649181.6 144941.2  2411.7   3  -353   900   1  -3177   1   1    65    45    47   0  vaw
         CC   19550921 1200   19560919 1200  364.0  1   649217.5 144799.2  2407.6   3  -328   900   1  -2952   1   1    63    45    44   0  vaw
      CC_54   19550921 1200   19560919 1200  364.0  1   649217.5 144799.2  2407.6   3  -328   900   1  -2952   1   1    63    45    44   0  vaw
         QQ   19550921 1200   19560919 1200  364.0  1   649248.3 144660.0  2403.1   3  -320   900   1  -2880   1   1    62    45    43   0  vaw
         GG   19550923 1200   19560920 1200  363.0  1   646673.7 139752.9  3093.2   3  -776   900   1  -6984   1   1   114    45   104   0  vaw
      GG_53   19550923 1200   19560920 1200  363.0  1   646673.7 139752.9  3093.2   3  -776   900   1  -6984   1   1   114    45   104   0  vaw
         RR   19550923 1200   19560920 1200  363.0  1   646937.9 139833.9  2970.1   3  -732   900   1  -6588   1   1   108    45    98   0  vaw
      RR_55   19550923 1200   19560920 1200  363.0  1   646937.9 139833.9  3000.0   4  -732   900   1  -6588   1   1   108    45    98   0  vaw
         SS   19550923 1200   19560920 1200  363.0  1   646747.0 140153.6  3000.0   4  -685   900   1  -6165   1   1   102    45    92   0  vaw
      SS_55   19550923 1200   19560920 1200  363.0  1   646747.0 140153.6  3000.0   4  -685   900   1  -6165   1   1   102    45    92   0  vaw
         TT   19550922 1200   19560921 1200  365.0  1   645014.3 138565.4  1775.1   3  -980   900   1  -8820   1   1   139    45   132   0  vaw
      TT_55   19550922 1200   19560921 1200  365.0  1   645014.3 138565.4  1775.1   3  -980   900   1  -8820   1   1   139    45   132   0  vaw
         UU   19550922 1200   19560921 1200  365.0  1   644887.0 138459.2  1752.8   3 -1160   900   1 -10440   1   1   162    45   156   0  vaw
      UU_55   19550922 1200   19560921 1200  365.0  1   644887.0 138459.2  1752.8   3 -1160   900   1 -10440   1   1   162    45   156   0  vaw
         VV   19550922 1200   19560921 1200  365.0  1   644514.7 138231.7  1681.5   3 -1059   900   1  -9531   1   1   149    45   142   0  vaw
      VV_55   19550922 1200   19560921 1200  365.0  1   644514.7 138231.7  1681.5   3 -1059   900   1  -9531   1   1   149    45   142   0  vaw
         WW   19550922 1200   19560921 1200  365.0  1   644342.2 138136.5  3000.0   4 -1299   900   1 -11691   1   1   181    45   175   0  vaw
      WW_55   19550922 1200   19560921 1200  365.0  1   644342.2 138136.5  3000.0   4 -1299   900   1 -11691   1   1   181    45   175   0  vaw
      P3_55   19550911 1200   19560924 1200  379.0  1   641832.1 154816.4  3345.6   3   478   539   6   2576   1   1   310    26   309   0  vaw
        P10   19551002 1200   19560925 1200  359.0  1   644568.4 151972.5  2860.0   4   -20   900   1   -180   1   1    45    45     2   0  vaw
         P5   19550913 1200   19560926 1200  379.0  1   642625.8 155475.0  3505.0   4   635   539   6   3422   1   1   411    26   410   0  vaw
         P9   19551002 1200   19561010 1200  374.0  1   643586.3 152784.3  2935.0   4    80   539   6    431   1   1    58    26    51   0  vaw
      RR_55   19560920 1200   19570827 1200  341.0  1   646832.9 139765.8  3000.0   4  -646   900   1  -5814   1   1    98    45    87   0  vaw
      P3_56   19560924 1200   19570906 1200  347.0  1   641832.5 154816.6  3347.1   3   225   539   6   1212   1   1   148    26   145   0  vaw
         P3   19560925 1200   19570909 1200  349.0  1   641831.4 154819.2  3345.0   4   230   539   6   1239   1   1   151    26   148   0  glrep
      P5_56   19560905 1200   19570909 1200  369.0  1   642626.1 155474.9  3505.5   3   338   539   6   1821   1   1   220    26   218   0  vaw
        P3F   19560910 1200   19570916 1200  371.0  1   641831.5 154819.3  3345.1   4   255   539   6   1374   1   1   167    26   164   0  firep
        P11   19560912 1200   19570922 1200  375.0  1   644570.2 156375.9  3440.0   4   340   539   6   1832   1   1   221    26   219   0  vaw
        P10   19560925 1200   19570925 1200  365.0  1   644568.4 151972.5  2860.0   4    65   539   6    350   1   1    49    26    42   0  vaw
         P5   19560926 1200   19570925 1200  364.0  1   642625.8 155475.0  3505.0   4   580   539   6   3126   1   1   376    26   375   0  vaw
         P9   19560926 1200   19570928 1200  367.0  1   643586.3 152784.3  2935.0   4    85   539   6    458   1   1    61    26    54   0  vaw
      P9_50   19560916 1200   19570928 1200  377.0  1   644043.9 152430.7  2899.2   3    30   539   6    161   1   1    33    26    19   0  vaw
      P9_52   19560916 1200   19570928 1200  377.0  1   643904.7 152547.4  2909.8   3    50   539   6    269   1   1    42    26    32   0  vaw
      P9_54   19560916 1200   19570928 1200  377.0  1   643757.5 152677.0  2920.8   3   -45   700   4   -315   1   1    51    35    37   0  vaw
         RR   19560920 1200   19571009 1200  384.0  1   646832.9 139765.8  3016.3   3  -800   900   1  -7200   1   1   116    45   107   0  vaw
         SS   19560920 1200   19571009 1200  384.0  1   646646.4 140101.1  3000.0   4  -785   900   1  -7065   1   1   115    45   105   0  vaw
        P3F   19570911 1200   19580909 1200  363.0  1   641817.7 154844.9  3350.3   4   455   539   6   2452   1   1   295    26   294   0  firep
          E   19571003 1200   19580910 1200  342.0  1   646161.4 149846.1  2713.3   3  -200   900   1  -1800   1   1    52    45    26   0  vaw
          F   19571003 1200   19580910 1200  342.0  1   646466.9 149506.9  2718.3   3  -432   900   1  -3888   1   1    73    45    58   0  vaw
          G   19571003 1200   19580910 1200  342.0  1   646629.0 149336.0  2702.9   3  -248   900   1  -2232   1   1    56    45    33   0  vaw
         P5   19570909 1200   19580910 1200  366.0  1   642625.8 155475.0  3505.0   4   530   539   6   2856   1   1   343    26   342   0  vaw
          J   19570829 1200   19580911 1200  378.0  1   647999.6 147687.7  2551.0   3  -390   900   1  -3510   1   1    69    45    52   0  vaw
       J_57   19570829 1200   19580911 1200  378.0  1   647999.6 147687.7  2551.0   3  -390   900   1  -3510   1   1    69    45    52   0  vaw
          K   19571004 1200   19580911 1200  342.0  1   648666.3 146663.4  2501.4   3  -261   900   1  -2349   1   1    57    45    35   0  vaw
         P3   19570925 1200   19580911 1200  351.0  1   641831.4 154819.2  3345.0   4   320   539   6   1724   1   1   208    26   206   0  glrep
      P3_57   19570906 1200   19580911 1200  370.0  1   641831.9 154819.1  3347.9   3   318   539   6   1714   1   1   207    26   205   0  vaw
      P5_57   19570909 1200   19580911 1200  367.0  1   642625.4 155475.1  3504.8   3   530   539   6   2856   1   1   343    26   342   0  vaw
          R   19571005 1200   19580912 1200  342.0  1   649193.4 144813.5  2406.9   3  -420   900   1  -3780   1   1    72    45    56   0  vaw
        P10   19570912 1200   19580914 1200  367.0  1   644568.4 151972.5  2860.0   4   -85   700   4   -595   1   1    79    35    71   0  vaw
         P9   19570912 1200   19580914 1200  367.0  1   643586.3 152784.3  2935.0   4    50   539   6    269   1   1    42    26    32   0  vaw
          S   19571009 1200   19580915 1200  341.0  1   646711.1 140120.7  3000.0   4  -910   900   1  -8190   1   1   130    45   122   0  vaw
         SS   19571009 1200   19580915 1200  341.0  1   646552.9 140058.3  3000.0   4  -670   900   1  -6030   1   1   101    45    90   0  vaw
      SS_55   19570827 1200   19580915 1200  384.0  1   646552.9 140058.3  3000.0   4  -813   900   1  -7317   1   1   118    45   109   0  vaw
          T   19571009 1200   19580915 1200  341.0  1   646889.6 139909.4  3000.0   4  -835   900   1  -7515   1   1   121    45   112   0  vaw
         XX   19571010 1200   19580916 1200  341.0  1   644770.2 138409.7  1736.9   3 -1430   900   1 -12870   1   1   198    45   193   0  vaw
      XX_57   19571010 1200   19580916 1200  341.0  1   644770.2 138409.7  1736.9   3 -1430   900   1 -12870   1   1   198    45   193   0  vaw
         ZZ   19571010 1200   19580917 1200  342.0  1   644113.8 137999.2  3000.0   4  -465   900   1  -4185   1   1    77    45    62   0  vaw
      ZZ_57   19571010 1200   19580917 1200  342.0  1   644113.8 137999.2  3000.0   4  -465   900   1  -4185   1   1    77    45    62   0  vaw
        P11   19570922 1200   19580927 1200  370.0  1   644570.2 156375.9  3440.0   4   490   539   6   2641   1   1   318    26   316   0  vaw
      P3_58   19580911 1200   19590906 1200  360.0  1   641831.6 154819.0  3347.5   3   335   539   6   1805   1   1   218    26   216   0  vaw
         P5   19580910 1200   19590907 1200  362.0  1   642625.8 155475.0  3505.0   4   530   539   6   2856   1   1   343    26   342   0  vaw
      P5_58   19580911 1200   19590907 1200  361.0  1   642626.6 155475.0  3503.8   3   520   539   6   2802   1   1   337    26   336   0  vaw
        P11   19580912 1200   19590908 1200  361.0  1   644570.2 156375.9  3440.0   4   400   539   6   2156   1   1   260    26   258   0  vaw
         DD   19580910 1200   19590909 1200  364.0  1   647367.2 148578.4  2632.6   3  -430   900   1  -3870   1   1    73    45    58   0  vaw
          E   19580910 1200   19590909 1200  364.0  1   646508.9 149481.9  2713.3   3  -332   900   1  -2988   1   1    63    45    44   0  vaw
         EE   19580910 1200   19590909 1200  364.0  1   647461.5 148403.5  2620.7   3  -435   900   1  -3915   1   1    73    45    58   0  vaw
          F   19580910 1200   19590909 1200  364.0  1   646630.0 149347.2  2702.6   3  -355   900   1  -3195   1   1    65    45    47   0  vaw
         FF   19580910 1200   19590909 1200  364.0  1   647655.6 148148.6  2593.8   3  -435   900   1  -3915   1   1    73    45    58   0  vaw
          G   19580910 1200   19590909 1200  364.0  1   646754.4 149205.6  2692.6   3  -372   900   1  -3348   1   1    67    45    50   0  vaw
         GG   19580911 1200   19590909 1200  363.0  1   647811.1 147931.0  2571.3   3  -580   900   1  -5220   1   1    90    45    78   0  vaw
          H   19580911 1200   19590909 1200  363.0  1   647974.8 147734.1  2552.2   3  -408   900   1  -3672   1   1    71    45    55   0  vaw
          J   19580911 1200   19590909 1200  363.0  1   648114.0 147558.7  2539.1   3  -377   900   1  -3393   1   1    67    45    50   0  vaw
       J_57   19580911 1200   19590909 1200  363.0  1   648114.0 147558.7  2539.1   3  -377   900   1  -3393   1   1    67    45    50   0  vaw
          K   19580911 1200   19590909 1200  363.0  1   648712.5 146544.0  2497.3   3  -460   900   1  -4140   1   1    76    45    62   0  vaw
          L   19580911 1200   19590909 1200  363.0  1   648767.2 146378.1  2492.8   3  -435   900   1  -3915   1   1    73    45    58   0  vaw
          M   19580911 1200   19590909 1200  363.0  1   648814.5 146217.7  2487.2   3  -430   900   1  -3870   1   1    73    45    58   0  vaw
          V   19580910 1200   19590909 1200  364.0  1   646850.9 149185.2  2687.1   3  -378   900   1  -3402   1   1    68    45    51   0  vaw
          Z   19580910 1200   19590909 1200  364.0  1   647116.3 148892.4  2662.7   3  -426   900   1  -3834   1   1    73    45    57   0  vaw
          N   19580911 1200   19590910 1200  364.0  1   649161.6 144961.7  2411.2   3  -442   900   1  -3978   1   1    74    45    59   0  vaw
          N   19580912 1200   19590910 1200  363.0  1   649161.6 144961.7  2411.2   3  -442   900   1  -3978   1   1    74    45    59   0  vaw
          Q   19580911 1200   19590910 1200  364.0  1   649187.5 144826.2  2406.3   3  -449   900   1  -4041   1   1    75    45    60   0  vaw
          Q   19580912 1200   19590910 1200  363.0  1   649187.5 144826.2  2406.3   3  -449   900   1  -4041   1   1    75    45    60   0  vaw
          R   19580911 1200   19590910 1200  364.0  1   649211.6 144685.4  2401.7   3  -450   900   1  -4050   1   1    75    45    60   0  vaw
          R   19580912 1200   19590910 1200  363.0  1   649211.6 144685.4  2401.7   3  -450   900   1  -4050   1   1    75    45    60   0  vaw
         P3   19580927 1200   19590912 1200  350.0  1   641831.4 154819.2  3350.0   4   325   539   6   1751   1   1   211    26   210   0  glrep
        P3F   19580910 1200   19590912 1200  367.0  1   641817.7 154844.9  3350.3   4   325   539   6   1751   1   1   211    26   210   0  firep
          S   19580915 1200   19590914 1200  364.0  1   646619.5 140074.8  3000.0   4  -755   900   1  -6795   1   1   111    45   101   0  vaw
          T   19580915 1200   19590914 1200  364.0  1   646792.0 139849.2  3000.0   4  -881   900   1  -7929   1   1   127    45   118   0  vaw
          E   19590909 1200   19600908 1200  365.0  1   646646.0 149347.0  2700.0   3  -268   900   1  -2412   1   1    57    45    36   0  vaw
       E_59   19590909 1200   19600908 1200  365.0  1   646646.0 149347.0  2700.0   3  -268   900   1  -2412   1   1    57    45    36   0  vaw
          F   19590909 1200   19600908 1200  365.0  1   646765.6 149207.5  2689.7   3  -277   900   1  -2493   1   1    58    45    37   0  vaw
       F_59   19590909 1200   19600908 1200  365.0  1   646765.6 149207.5  2689.7   3  -277   900   1  -2493   1   1    58    45    37   0  vaw
          G   19590909 1200   19600908 1200  365.0  1   646887.4 149057.7  2680.0   3  -350   900   1  -3150   1   1    65    45    47   0  vaw
       G_57   19590909 1200   19600908 1200  365.0  1   646887.4 149057.7  2680.0   3  -350   900   1  -3150   1   1    65    45    47   0  vaw
          V   19590909 1200   19600908 1200  365.0  1   646983.4 149033.9  2674.1   3  -324   900   1  -2916   1   1    62    45    43   0  vaw
       V_57   19590909 1200   19600908 1200  365.0  1   646983.4 149033.9  2674.1   3  -324   900   1  -2916   1   1    62    45    43   0  vaw
         DD   19590909 1200   19600909 1200  366.0  1   647481.7 148416.0  2617.7   3  -370   900   1  -3330   1   1    67    45    49   0  vaw
         EE   19590909 1200   19600909 1200  366.0  1   647575.8 148241.4  2603.6   3  -403   900   1  -3627   1   1    70    45    54   0  vaw
         FF   19590909 1200   19600909 1200  366.0  1   647773.2 147997.3  2576.0   3  -365   900   1  -3285   1   1    66    45    49   0  vaw
         GG   19590909 1200   19600909 1200  366.0  1   647929.6 147792.2  2556.2   3  -456   900   1  -4104   1   1    76    45    61   0  vaw
          H   19590909 1200   19600909 1200  366.0  1   648089.1 147605.8  2540.1   3  -327   900   1  -2943   1   1    63    45    44   0  vaw
       J_57   19590909 1200   19600909 1200  366.0  1   648218.5 147436.6  2530.3   3  -516   900   1  -4644   1   1    82    45    69   0  vaw
          K   19590909 1200   19600909 1200  366.0  1   648756.1 146414.7  2491.2   3  -355   900   1  -3195   1   1    65    45    47   0  vaw
          L   19590909 1200   19600909 1200  366.0  1   648805.6 146248.2  2486.5   3  -365   900   1  -3285   1   1    66    45    49   0  vaw
          M   19590909 1200   19600909 1200  366.0  1   648851.1 146088.3  2480.7   3  -370   900   1  -3330   1   1    67    45    49   0  vaw
      P3_59   19590906 1200   19600909 1200  369.0  1   641832.2 154817.6  3346.4   3   430   539   6   2317   1   1   279    26   278   0  vaw
      P5_59   19590907 1200   19600909 1200  368.0  1   642634.3 155468.5  3503.3   3   606   539   6   3266   1   1   392    26   391   0  vaw
          N   19590910 1200   19600910 1200  366.0  1   649187.6 144825.6  2404.4   3  -468   900   1  -4212   1   1    77    45    63   0  vaw
          Q   19590910 1200   19600910 1200  366.0  1   649208.1 144688.5  2399.7   3  -311   900   1  -2799   1   1    61    45    41   0  vaw
          R   19590910 1200   19600910 1200  366.0  1   649225.2 144546.7  2395.3   3  -376   900   1  -3384   1   1    67    45    50   0  vaw
        P11   19590908 1200   19600911 1200  369.0  1   644570.2 156375.9  3440.0   4   585   539   6   3153   1   1   379    26   378   0  vaw
         MM   19590914 1200   19600912 1200  364.0  1   646853.5 139870.5  3007.4   3  -783   900   1  -7047   1   1   114    45   105   0  vaw
         NN   19590914 1200   19600912 1200  364.0  1   647930.9 141477.5  2182.3   3  -564   900   1  -5076   1   1    88    45    76   0  vaw
         OO   19590914 1200   19600912 1200  364.0  1   648054.3 141204.5  2437.4   3  -743   900   1  -6687   1   1   109    45   100   0  vaw
          P   19590914 1200   19600912 1200  364.0  1   646673.7 140083.1  3093.2   3  -756   900   1  -6804   1   1   111    45   102   0  vaw
         P5   19590907 1200   19600912 1200  371.0  1   642625.8 155475.0  3505.0   4   602   539   6   3244   1   1   390    26   389   0  vaw
          S   19590914 1200   19600912 1200  364.0  1   646521.7 140031.1  3000.0   4  -622   900   1  -5598   1   1    95    45    83   0  vaw
          Y   19590914 1200   19600912 1200  364.0  1   648194.5 141006.3  2140.0   3  -725   900   1  -6525   1   1   107    45    97   0  vaw
          A   19590915 1200   19600913 1200  364.0  1   644138.7 138012.3  3088.6   3  -227   900   1  -2043   1   1    54    45    30   0  vaw
          C   19590915 1200   19600913 1200  364.0  1   644441.0 138183.6  1635.3   3 -1201   900   1 -10809   1   1   168    45   162   0  vaw
        P10   19590917 1200   19600913 1200  362.0  1   644568.4 151972.5  2860.0   4   -58   900   1   -522   1   1    45    45     7   0  vaw
     P10_59   19590918 1200   19600913 1200  361.0  1   644611.7 151936.2  2853.2   3   242   539   6   1304   1   1   158    26   156   0  vaw
         P9   19590917 1200   19600913 1200  362.0  1   643586.3 152784.3  2935.0   4    33   539   6    177   1   1    34    26    21   0  vaw
         P9   19590918 1200   19600913 1200  361.0  1   644010.7 152514.5  2901.3   3   330   539   6   1778   1   1   215    26   213   0  vaw
      P9_52   19590918 1200   19600913 1200  361.0  1   644156.1 152399.2  2890.7   3   225   539   6   1212   1   1   148    26   145   0  vaw
      P9_54   19590918 1200   19600913 1200  361.0  1   644010.7 152514.5  2901.3   3   330   539   6   1778   1   1   215    26   213   0  vaw
      P9_59   19590918 1200   19600913 1200  361.0  1   643597.9 152797.0  2933.1   3   433   539   6   2333   1   1   281    26   280   0  vaw
          D   19590916 1200   19600914 1200  364.0  1   644735.4 138394.7  1723.5   3 -1223   900   1 -11007   1   1   171    45   165   0  vaw
       EGIG   19590721 1200   19600914 1200  421.0  1   642745.0 155226.0  3472.0   5   215   539   6   1158   1   1   141    26   139   0  vaw
          O   19590916 1200   19600914 1200  364.0  1   645101.6 138607.2  1781.6   3 -1124   900   1 -10116   1   1   158    45   151   0  vaw
         P3   19590909 1200   19600914 1200  371.0  1   641831.4 154819.2  3350.0   4   446   539   6   2403   1   1   289    26   288   0  glrep
        P3F   19590907 1200   19600914 1200  373.0  1   641817.7 154844.9  3350.3   4   446   539   6   2403   1   1   289    26   288   0  firep
       EGIG   19600913 1200   19610908 1200  360.0  1   642745.0 155226.0  3472.0   4   -25   600   4   -150   1   1    34    30    17   0  vaw
         DD   19600909 1200   19610912 1200  368.0  1   647593.0 148258.9  2601.2   3  -248   900   1  -2232   1   1    56    45    33   0  vaw
          E   19600908 1200   19610912 1200  369.0  1   646777.4 149211.3  2688.5   3  -184   900   1  -1656   1   1    51    45    24   0  vaw
         EE   19600909 1200   19610912 1200  368.0  1   647688.4 148088.9  2585.4   3  -271   900   1  -2439   1   1    57    45    36   0  vaw
          F   19600908 1200   19610912 1200  369.0  1   646894.8 149037.0  2678.8   3  -237   900   1  -2133   1   1    55    45    31   0  vaw
         FF   19600909 1200   19610912 1200  368.0  1   647888.8 147859.1  2560.3   3  -254   900   1  -2286   1   1    56    45    34   0  vaw
          G   19600908 1200   19610912 1200  369.0  1   647012.7 148907.7  2666.6   3  -242   900   1  -2178   1   1    55    45    32   0  vaw
         GG   19600909 1200   19610912 1200  368.0  1   648042.7 147664.8  2543.6   3  -334   900   1  -3006   1   1    63    45    45   0  vaw
          H   19600909 1200   19610913 1200  369.0  1   648193.6 147485.8  2530.9   3  -239   900   1  -2151   1   1    55    45    32   0  vaw
          J   19600909 1200   19610913 1200  369.0  1   648311.7 147318.5  2523.4   3    -4   900   1    -36   1   1    45    45     0   0  vaw
       J_57   19600909 1200   19610913 1200  369.0  1   648311.7 147318.5  2523.4   3    -4   900   1    -36   1   1    45    45     0   0  vaw
          K   19600909 1200   19610913 1200  369.0  1   648797.0 146288.8  2485.8   3  -280   900   1  -2520   1   1    58    45    37   0  vaw
          L   19600909 1200   19610913 1200  369.0  1   648841.9 146121.7  2481.0   3  -294   900   1  -2646   1   1    60    45    39   0  vaw
          M   19600909 1200   19610913 1200  369.0  1   648886.2 145961.4  2475.2   3  -302   900   1  -2718   1   1    60    45    40   0  vaw
          N   19600910 1200   19610914 1200  369.0  1   649207.7 144690.6  2398.3   3  -276   900   1  -2484   1   1    58    45    37   0  vaw
          Q   19600910 1200   19610914 1200  369.0  1   649221.8 144552.1  2394.0   3  -375   900   1  -3375   1   1    67    45    50   0  vaw
          R   19600910 1200   19610914 1200  369.0  1   649232.1 144409.2  2388.7   3  -471   900   1  -4239   1   1    77    45    63   0  vaw
          A   19600913 1200   19610918 1200  370.0  1   644133.9 138009.2  3088.6   3  -411   900   1  -3699   1   1    71    45    55   0  vaw
        P11   19600911 1200   19610918 1200  372.0  1   644570.2 156375.9  3440.0   4   535   539   6   2883   1   1   347    26   346   0  vaw
         NN   19600912 1200   19610919 1200  372.0  1   647891.7 141367.0  2173.4   3  -630   900   1  -5670   1   1    96    45    85   0  vaw
         NN   19600912 1200   19610919 1200  372.0  1   647891.7 141367.0  2173.4   3  -630   900   1  -5670   1   1    96    45    85   0  vaw
         OO   19600912 1200   19610919 1200  372.0  1   648033.5 141103.4  2437.8   3  -793   900   1  -7137   1   1   116    45   107   0  vaw
      P3_60   19600909 1200   19610919 1200  375.0  1   641831.7 154818.8  3347.3   3     1   539   6      5   1   1    26    26     0   0  vaw
        P3F   19600915 1200   19610919 1200  369.0  1   641817.7 154844.9  3350.3   4   550   539   6   2964   1   1   356    26   355   0  firep
          Y   19600912 1200   19610919 1200  372.0  1   648192.0 140976.7  2135.5   3  -720   900   1  -6480   1   1   107    45    97   0  vaw
         MM   19600912 1200   19610920 1200  373.0  1   646752.8 139808.3  3052.0   3  -955   900   1  -8595   1   1   136    45   128   0  vaw
         NN   19600912 1200   19610920 1200  373.0  1   646577.0 140037.8  3117.2   3  -789   900   1  -7101   1   1   115    45   106   0  vaw
          P   19600912 1200   19610920 1200  373.0  1   646577.0 140037.8  3117.2   3  -789   900   1  -7101   1   1   115    45   106   0  vaw
      P9_59   19600913 1200   19610920 1200  372.0  1   643682.8 152731.0  2925.2   3    67   539   6    361   1   1    51    26    43   0  vaw
        P10   19600914 1200   19610921 1200  372.0  1   644568.4 151972.5  2860.0   4     5   539   6     26   1   1    27    26     3   0  vaw
     P10_59   19600913 1200   19610921 1200  373.0  1   644678.2 151891.8  2847.5   3     3   539   6     16   1   1    27    26     1   0  vaw
         P5   19600912 1200   19610921 1200  374.0  1   642625.8 155475.0  3505.0   4   550   539   6   2964   1   1   356    26   355   0  vaw
         P9   19600914 1200   19610921 1200  372.0  1   643586.3 152784.3  2935.0   4    65   539   6    350   1   1    49    26    42   0  vaw
         P3   19600914 1200   19611005 1200  386.0  1   641831.4 154819.2  3350.0   4   500   539   6   2695   1   1   324    26   323   0  glrep
        AAA   19610912 1200   19620903 1200  356.0  1   646165.9 149858.7  2731.0   3  -197   900   1  -1773   1   1    52    45    26   0  vaw
        BBB   19610912 1200   19620903 1200  356.0  1   646298.8 149732.2  2724.4   3  -216   900   1  -1944   1   1    53    45    29   0  vaw
        CCC   19610912 1200   19620903 1200  356.0  1   646436.3 149598.8  2717.8   3  -256   900   1  -2304   1   1    56    45    34   0  vaw
        DDD   19610912 1200   19620903 1200  356.0  1   646577.6 149451.4  2707.1   3  -242   900   1  -2178   1   1    55    45    32   0  vaw
        EEE   19610912 1200   19620903 1200  356.0  1   646730.6 149327.6  2694.6   3  -256   900   1  -2304   1   1    56    45    34   0  vaw
          F   19610912 1200   19620903 1200  356.0  1   647026.8 148907.4  2665.8   3  -334   900   1  -3006   1   1    63    45    45   0  vaw
          G   19610912 1200   19620903 1200  356.0  1   647137.6 148748.2  2651.3   3  -325   900   1  -2925   1   1    62    45    43   0  vaw
          S   19610912 1200   19620903 1200  356.0  1   646872.6 149186.2  2683.3   3  -275   900   1  -2475   1   1    58    45    37   0  vaw
       S_61   19610912 1200   19620903 1200  356.0  1   646872.6 149186.2  2683.3   3  -275   900   1  -2475   1   1    58    45    37   0  vaw
          T   19610912 1200   19620903 1200  356.0  1   646997.3 149043.2  2673.1   3  -290   900   1  -2610   1   1    59    45    39   0  vaw
       T_61   19610912 1200   19620903 1200  356.0  1   646997.3 149043.2  2673.1   3  -290   900   1  -2610   1   1    59    45    39   0  vaw
          U   19610912 1200   19620903 1200  356.0  1   647126.8 148904.6  2660.0   3  -309   900   1  -2781   1   1    61    45    41   0  vaw
       U_61   19610912 1200   19620903 1200  356.0  1   647126.8 148904.6  2660.0   3  -309   900   1  -2781   1   1    61    45    41   0  vaw
          V   19610912 1200   19620903 1200  356.0  1   647257.6 148748.5  2643.7   3  -315   900   1  -2835   1   1    61    45    42   0  vaw
       V_61   19610912 1200   19620903 1200  356.0  1   647257.6 148748.5  2643.7   3  -315   900   1  -2835   1   1    61    45    42   0  vaw
          W   19610912 1200   19620903 1200  356.0  1   647371.3 148538.3  2629.2   3  -337   900   1  -3033   1   1    63    45    45   0  vaw
       W_61   19610912 1200   19620903 1200  356.0  1   647371.3 148538.3  2629.2   3  -337   900   1  -3033   1   1    63    45    45   0  vaw
          Z   19610912 1200   19620903 1200  356.0  1   647526.0 148334.3  2610.2   3  -313   900   1  -2817   1   1    61    45    42   0  vaw
       Z_61   19610912 1200   19620903 1200  356.0  1   647526.0 148334.3  2610.2   3  -313   900   1  -2817   1   1    61    45    42   0  vaw
         AA   19610922 1200   19620905 1200  348.0  1   647696.5 148107.4  2584.8   3  -281   900   1  -2529   1   1    58    45    37   0  vaw
         CC   19610922 1200   19620905 1200  348.0  1   647805.5 147953.4  2568.9   3  -286   900   1  -2574   1   1    59    45    38   0  vaw
         DD   19610922 1200   19620905 1200  348.0  1   647714.1 148095.4  2582.8   3  -294   900   1  -2646   1   1    60    45    39   0  vaw
         EE   19610922 1200   19620905 1200  348.0  1   647811.7 147934.1  2567.5   3  -285   900   1  -2565   1   1    59    45    38   0  vaw
         FF   19610922 1200   19620905 1200  348.0  1   648011.8 147719.5  2545.9   3  -270   900   1  -2430   1   1    57    45    36   0  vaw
         GG   19610922 1200   19620905 1200  348.0  1   648158.9 147534.4  2532.4   3  -364   900   1  -3276   1   1    66    45    49   0  vaw
          H   19610913 1200   19620905 1200  357.0  1   648294.3 147361.8  2523.8   3  -295   900   1  -2655   1   1    60    45    39   0  vaw
          J   19610913 1200   19620905 1200  357.0  1   648402.1 147193.4  2517.6   3  -322   900   1  -2898   1   1    62    45    43   0  vaw
       J_57   19610913 1200   19620905 1200  357.0  1   648402.1 147193.4  2517.6   3  -322   900   1  -2898   1   1    62    45    43   0  vaw
          K   19610913 1200   19620905 1200  357.0  1   648833.3 146153.9  2481.9   3  -399   900   1  -3591   1   1    70    45    53   0  vaw
          L   19610913 1200   19620905 1200  357.0  1   648878.8 145987.1  2476.3   3  -448   900   1  -4032   1   1    75    45    60   0  vaw
          M   19610913 1200   19620905 1200  357.0  1   648923.7 145825.7  2468.9   3  -452   900   1  -4068   1   1    75    45    61   0  vaw
         PP   19610912 1200   19620905 1200  358.0  1   647989.1 147720.6  2547.5   3  -279   900   1  -2511   1   1    58    45    37   0  vaw
      QQ_61   19610922 1200   19620905 1200  348.0  1   648145.4 147544.9  2533.5   3  -296   900   1  -2664   1   1    60    45    39   0  vaw
         KK   19610914 1200   19620906 1200  357.0  1   649196.1 144790.0  2402.1   3  -384   900   1  -3456   1   1    68    45    51   0  vaw
         RR   19610914 1200   19620906 1200  357.0  1   649174.0 144922.4  2406.5   3  -413   900   1  -3717   1   1    71    45    55   0  vaw
          X   19610914 1200   19620906 1200  357.0  1   649142.2 145050.6  2411.5   3  -394   900   1  -3546   1   1    69    45    53   0  vaw
         NN   19610919 1200   19620910 1200  356.0  1   647859.5 141247.2  2163.5   3  -646   900   1  -5814   1   1    98    45    87   0  vaw
          P   19610920 1200   19620910 1200  355.0  1   646478.1 139995.0  3164.5   3  -749   900   1  -6741   1   1   110    45   101   0  vaw
         SS   19610919 1200   19620910 1200  356.0  1   648092.5 141830.4  2202.6   3  -537   900   1  -4833   1   1    85    45    72   0  vaw
         TT   19610919 1200   19620910 1200  356.0  1   647994.1 141645.3  2190.4   3  -608   900   1  -5472   1   1    93    45    82   0  vaw
         UU   19610919 1200   19620910 1200  356.0  1   647915.8 141484.5  2181.1   3  -629   900   1  -5661   1   1    96    45    84   0  vaw
         VV   19610920 1200   19620910 1200  355.0  1   646651.2 140067.4  3000.0   4  -797   900   1  -7173   1   1   116    45   107   0  vaw
         WW   19610920 1200   19620910 1200  355.0  1   646820.2 139857.8  3000.0   4  -844   900   1  -7596   1   1   122    45   113   0  vaw
          Y   19610919 1200   19620910 1200  356.0  1   648191.2 140951.2  2131.5   3  -741   900   1  -6669   1   1   109    45   100   0  vaw
          A   19610918 1200   19620911 1200  358.0  1   644130.8 138007.6  3088.6   3  -687   900   1  -6183   1   1   103    45    92   0  vaw
         ZZ   19610918 1200   19620911 1200  358.0  1   644510.7 138238.0  1647.6   3 -1206   900   1 -10854   1   1   168    45   162   0  vaw
         P3   19611005 1200   19620912 1200  342.0  1   641831.4 154819.2  3350.0   4   290   539   6   1563   1   1   189    26   187   0  glrep
         P5   19610915 1200   19620912 1200  362.0  1   642625.8 155475.0  3505.0   4   420   539   6   2263   1   1   272    26   271   0  vaw
         XX   19610918 1200   19620912 1200  359.0  1   645107.9 138602.0  1774.8   3 -1435   900   1 -12915   1   1   198    45   193   0  vaw
         YY   19610918 1200   19620912 1200  359.0  1   644685.9 138365.2  1702.3   3 -1243   900   1 -11187   1   1   173    45   167   0  vaw
      P3_60   19610919 1200   19620913 1200  359.0  1   641847.2 154782.5  3344.4   3   265   539   6   1428   1   1   173    26   171   0  vaw
      P3_61   19610919 1200   19620913 1200  359.0  1   641831.4 154819.0  3347.1   3   295   539   6   1590   1   1   192    26   190   0  vaw
      P5_61   19610916 1200   19620914 1200  363.0  1   642625.8 155474.8  3504.5   3    15   539   6     80   1   1    28    26     9   0  vaw
        P11   19611005 1200   19620915 1200  345.0  1   644570.2 156375.9  3440.0   4   400   539   6   2156   1   1   260    26   258   0  vaw
        P10   19611004 1200   19620924 1200  355.0  1   644568.4 151972.5  2860.0   4   -40   900   1   -360   1   1    45    45     5   0  vaw
     P10_59   19610921 1200   19620924 1200  368.0  1   644750.0 151843.3  2842.5   3  -100   650   4   -650   1   1    84    32    77   0  vaw
      P9_59   19610920 1200   19620925 1200  370.0  1   643771.7 152666.4  2918.7   3   -80   650   4   -520   1   1    70    32    62   0  vaw
      P9_61   19610920 1200   19620925 1200  370.0  1   643568.1 152765.4  2915.7   3    -5   650   4    -32   1   1    32    32     3   0  vaw
      S_III   19610920 1200   19620925 1200  370.0  1   643678.9 152714.7  2906.6   3   -20   900   1   -180   1   1    45    45     2   0  vaw
        S_V   19610920 1200   19620925 1200  370.0  1   643533.5 153008.5  2937.2   3   -42   900   1   -378   1   1    45    45     5   0  vaw
        P3F   19611005 1200   19621002 1200  362.0  1   641817.7 154844.9  3350.3   4   290   539   6   1563   1   1   189    26   187   0  firep
         P9   19611004 1200   19621002 1200  363.0  1   643586.3 152784.3  2935.0   4     5   539   6     26   1   1    27    26     3   0  vaw
        AAA   19620903 1200   19630910 1200  372.0  1   646286.7 149754.2  2724.9   3  -298   900   1  -2682   1   1    60    45    40   0  vaw
        BBB   19620903 1200   19630910 1200  372.0  1   646428.0 149610.6  2717.9   3  -299   900   1  -2691   1   1    60    45    40   0  vaw
        CCC   19620903 1200   19630910 1200  372.0  1   646570.8 149468.1  2707.2   3  -304   900   1  -2736   1   1    60    45    41   0  vaw
        DDD   19620903 1200   19630910 1200  372.0  1   646712.5 149316.7  2694.8   3  -320   900   1  -2880   1   1    62    45    43   0  vaw
        EEE   19620903 1200   19630910 1200  372.0  1   646863.3 149186.6  2683.2   3  -338   900   1  -3042   1   1    64    45    45   0  vaw
       S_61   19620903 1200   19630910 1200  372.0  1   647003.3 149037.1  2671.5   3  -359   900   1  -3231   1   1    66    45    48   0  vaw
       T_61   19620903 1200   19630910 1200  372.0  1   647123.8 148888.7  2658.4   3  -370   900   1  -3330   1   1    67    45    49   0  vaw
       U_61   19620903 1200   19630910 1200  372.0  1   647247.0 148748.3  2644.0   3  -368   900   1  -3312   1   1    67    45    49   0  vaw
       V_61   19620903 1200   19630910 1200  372.0  1   647371.9 148589.7  2629.5   3  -396   900   1  -3564   1   1    69    45    53   0  vaw
       W_61   19620903 1200   19630910 1200  372.0  1   647484.2 148377.3  2614.5   3  -364   900   1  -3276   1   1    66    45    49   0  vaw
         AA   19620905 1200   19630911 1200  371.0  1   647810.6 147964.3  2568.6   3  -394   900   1  -3546   1   1    69    45    53   0  vaw
         CC   19620905 1200   19630911 1200  371.0  1   647920.1 147818.5  2554.4   3  -349   900   1  -3141   1   1    65    45    47   0  vaw
         DD   19620905 1200   19630911 1200  371.0  1   647828.4 147953.6  2566.6   3  -355   900   1  -3195   1   1    65    45    47   0  vaw
         EE   19620905 1200   19630911 1200  371.0  1   647926.1 147800.2  2553.3   3  -369   900   1  -3321   1   1    67    45    49   0  vaw
          H   19620905 1200   19630911 1200  371.0  1   648383.8 147241.2  2517.8   3  -308   900   1  -2772   1   1    61    45    41   0  vaw
       J_57   19620905 1200   19630911 1200  371.0  1   648483.0 147071.6  2511.3   3  -258   900   1  -2322   1   1    56    45    34   0  vaw
          K   19620905 1200   19630911 1200  371.0  1   648869.4 146024.4  2475.7   3  -480   900   1  -4320   1   1    78    45    64   0  vaw
          L   19620905 1200   19630911 1200  371.0  1   648914.3 145856.2  2468.6   3  -435   900   1  -3915   1   1    73    45    58   0  vaw
          M   19620905 1200   19630911 1200  371.0  1   648961.2 145693.6  2459.2   3  -451   900   1  -4059   1   1    75    45    60   0  vaw
         PP   19620905 1200   19630911 1200  371.0  1   648099.3 147597.6  2536.4   3  -351   900   1  -3159   1   1    65    45    47   0  vaw
      QQ_61   19620905 1200   19630911 1200  371.0  1   648244.6 147427.8  2526.0   3  -353   900   1  -3177   1   1    65    45    47   0  vaw
       Z_61   19620903 1200   19630911 1200  373.0  1   647639.4 148175.5  2592.7   3  -380   900   1  -3420   1   1    68    45    51   0  vaw
         KK   19620906 1200   19630912 1200  371.0  1   649214.9 144651.3  2396.6   3  -400   900   1  -3600   1   1    70    45    53   0  vaw
         RR   19620906 1200   19630912 1200  371.0  1   649198.6 144785.1  2400.6   3  -397   900   1  -3573   1   1    69    45    53   0  vaw
          X   19620906 1200   19630912 1200  371.0  1   649171.7 144914.9  2405.0   3  -384   900   1  -3456   1   1    68    45    51   0  vaw
      P5_62   19620914 1200   19630914 1200  365.0  1   642629.6 155472.0  3502.9   3   497   539   6   2678   1   1   322    26   321   0  vaw
         SS   19620910 1200   19630916 1200  371.0  1   648031.3 141727.3  2194.1   3  -546   900   1  -4914   1   1    86    45    73   0  vaw
         TT   19620910 1200   19630916 1200  371.0  1   647944.1 141538.2  2181.3   3  -651   900   1  -5859   1   1    98    45    87   0  vaw
         UU   19620910 1200   19630916 1200  371.0  1   647876.3 141373.5  2171.5   3  -650   900   1  -5850   1   1    98    45    87   0  vaw
         AY   19620905 1200   19630917 1200  377.0  1   646170.0 139397.0  3430.6   3  -887   900   1  -7983   1   1   127    45   119   0  vaw
         AZ   19620905 1200   19630917 1200  377.0  1   645907.3 139119.9  3393.5   3 -1280   900   1 -11520   1   1   178    45   172   0  vaw
      P3_60   19620913 1200   19630917 1200  369.0  1   641862.7 154741.0  3340.1   3  -120   900   1  -1080   1   1    47    45    16   0  vaw
      P3_61   19620913 1200   19630917 1200  369.0  1   641845.9 154785.6  3343.3   3   300   539   6   1617   1   1   195    26   194   0  vaw
      P3_62   19620913 1200   19630917 1200  369.0  1   641831.8 154816.0  3345.3   3   310   539   6   1670   1   1   202    26   200   0  vaw
         VV   19620910 1200   19630917 1200  372.0  1   646555.1 140024.2  3000.0   4  -811   900   1  -7299   1   1   118    45   109   0  vaw
        P11   19621002 1200   19630918 1200  351.0  1   644570.2 156375.9  3440.0   4   415   523   2   2170   1   1   111    26   108   0  vaw
         P5   19620914 1200   19630928 1200  379.0  1   642625.8 155475.0  3505.0   4   510   518   2   2641   1   1   134    25   132   0  vaw
         P3   19621002 1200   19630930 1200  363.0  1   641831.4 154819.2  3350.0   4   325   551   2   1790   1   1    93    27    89   0  glrep
         P9   19621002 1200   19630930 1200  363.0  1   643586.3 152784.3  2935.0   4   -20   600   4   -120   1   1    33    30    14   0  vaw
      P9_59   19620925 1200   19630930 1200  370.0  1   643860.8 152605.4  2910.6   3   -20   700   4   -140   1   1    38    35    16   0  vaw
      P9_61   19620925 1200   19630930 1200  370.0  1   643661.8 152693.9  2924.5   3   -25   700   4   -175   1   1    40    35    20   0  vaw
        S_4   19620925 1200   19630930 1200  370.0  1   643676.5 152829.7  2931.7   3   -35   900   1   -315   1   1    45    45     4   0  vaw
      S_III   19620925 1200   19630930 1200  370.0  1   643768.9 152648.6  2916.9   3   -45   900   1   -405   1   1    45    45     6   0  vaw
       S_IV   19620925 1200   19630930 1200  370.0  1   643482.5 153092.2  2969.8   3    10   539   6     53   1   1    27    26     6   0  vaw
        S_V   19620925 1200   19630930 1200  370.0  1   643616.5 152927.6  2943.6   3   -38   900   1   -342   1   1    45    45     5   0  vaw
        P3F   19621002 1200   19631009 1200  372.0  1   641817.7 154844.9  3350.3   4   360   539   6   1940   1   1   234    26   232   0  firep
         AA   19630911 1200   19640908 1200  363.0  1   647932.0 147822.1  2553.1   3  -458   900   1  -4122   1   1    76    45    61   0  vaw
        AAA   19630910 1200   19640908 1200  364.0  1   646418.5 149629.3  2717.0   3  -370   900   1  -3330   1   1    67    45    49   0  vaw
        BBB   19630910 1200   19640908 1200  364.0  1   646566.8 149475.2  2706.4   3  -363   900   1  -3267   1   1    66    45    49   0  vaw
         CC   19630911 1200   19640908 1200  363.0  1   648039.4 147684.1  2542.0   3  -461   900   1  -4149   1   1    76    45    62   0  vaw
        CCC   19630910 1200   19640908 1200  364.0  1   646710.6 149328.6  2693.8   3  -354   900   1  -3186   1   1    65    45    47   0  vaw
         DD   19630911 1200   19640908 1200  363.0  1   647949.7 147812.5  2551.8   3  -478   900   1  -4302   1   1    78    45    64   0  vaw
        DDD   19630910 1200   19640908 1200  364.0  1   646850.5 149170.3  2682.5   3  -428   900   1  -3852   1   1    73    45    57   0  vaw
        EEE   19630910 1200   19640908 1200  364.0  1   646999.2 149032.4  2671.1   3  -431   900   1  -3879   1   1    73    45    58   0  vaw
          H   19630911 1200   19640908 1200  363.0  1   648468.4 147116.4  2512.0   3  -467   900   1  -4203   1   1    77    45    63   0  vaw
          J   19630911 1200   19640908 1200  363.0  1   648558.2 146945.5  2505.6   3  -505   900   1  -4545   1   1    81    45    68   0  vaw
       J_57   19630911 1200   19640908 1200  363.0  1   648558.2 146945.5  2505.6   3  -505   900   1  -4545   1   1    81    45    68   0  vaw
         PP   19630911 1200   19640908 1200  363.0  1   648207.8 147472.8  2528.0   3  -454   900   1  -4086   1   1    76    45    61   0  vaw
         QQ   19630911 1200   19640908 1200  363.0  1   648340.5 147304.8  2519.7   3  -450   900   1  -4050   1   1    75    45    60   0  vaw
      QQ_61   19630911 1200   19640908 1200  363.0  1   648340.5 147304.8  2519.7   3  -450   900   1  -4050   1   1    75    45    60   0  vaw
          S   19630910 1200   19640908 1200  364.0  1   647134.4 148876.9  2656.5   3  -446   900   1  -4014   1   1    75    45    60   0  vaw
       S_61   19630910 1200   19640908 1200  364.0  1   647134.4 148876.9  2656.5   3  -446   900   1  -4014   1   1    75    45    60   0  vaw
          T   19630910 1200   19640908 1200  364.0  1   647247.8 148726.8  2642.2   3  -487   900   1  -4383   1   1    79    45    65   0  vaw
       T_61   19630910 1200   19640908 1200  364.0  1   647247.8 148726.8  2642.2   3  -487   900   1  -4383   1   1    79    45    65   0  vaw
          U   19630910 1200   19640908 1200  364.0  1   647365.5 148584.0  2629.7   3  -502   900   1  -4518   1   1    81    45    67   0  vaw
       U_61   19630910 1200   19640908 1200  364.0  1   647365.5 148584.0  2629.7   3  -502   900   1  -4518   1   1    81    45    67   0  vaw
          V   19630910 1200   19640908 1200  364.0  1   647488.9 148423.2  2615.1   3  -457   900   1  -4113   1   1    76    45    61   0  vaw
       V_61   19630910 1200   19640908 1200  364.0  1   647488.9 148423.2  2615.1   3  -457   900   1  -4113   1   1    76    45    61   0  vaw
          W   19630910 1200   19640908 1200  364.0  1   647601.3 148211.7  2597.2   3  -503   900   1  -4527   1   1    81    45    67   0  vaw
       W_61   19630910 1200   19640908 1200  364.0  1   647601.3 148211.7  2597.2   3  -503   900   1  -4527   1   1    81    45    67   0  vaw
          Z   19630911 1200   19640908 1200  363.0  1   647759.6 148018.8  2574.4   3  -510   900   1  -4590   1   1    82    45    68   0  vaw
       Z_61   19630911 1200   19640908 1200  363.0  1   647759.6 148018.8  2574.4   3  -510   900   1  -4590   1   1    82    45    68   0  vaw
         KK   19630912 1200   19640910 1200  364.0  1   649227.3 144510.1  2390.4   3  -603   900   1  -5427   1   1    93    45    81   0  vaw
         RR   19630912 1200   19640910 1200  364.0  1   649217.4 144644.8  2394.3   3  -521   900   1  -4689   1   1    83    45    70   0  vaw
          X   19630911 1200   19640910 1200  365.0  1   649196.0 144776.0  2398.8   3  -544   900   1  -4896   1   1    86    45    73   0  vaw
          X   19630912 1200   19640910 1200  364.0  1   649196.0 144776.0  2398.8   3  -544   900   1  -4896   1   1    86    45    73   0  vaw
         AX   19630916 1200   19640914 1200  364.0  1   648130.4 141888.0  2205.4   3  -694   900   1  -6246   1   1   103    45    93   0  vaw
          O   19630916 1200   19640914 1200  364.0  1   648069.2 141794.3  2198.3   3  -687   900   1  -6183   1   1   103    45    92   0  vaw
       O_63   19630916 1200   19640914 1200  364.0  1   648007.5 141680.5  2191.5   3  -690   900   1  -6210   1   1   103    45    93   0  vaw
          Q   19630916 1200   19640914 1200  364.0  1   648007.5 141680.5  2191.5   3  -690   900   1  -6210   1   1   103    45    93   0  vaw
       Q_63   19630916 1200   19640914 1200  364.0  1   648069.2 141794.3  2198.3   3  -687   900   1  -6183   1   1   103    45    92   0  vaw
         SS   19630916 1200   19640914 1200  364.0  1   647974.9 141619.1  2185.8   3  -644   900   1  -5796   1   1    97    45    86   0  vaw
         TT   19630916 1200   19640914 1200  364.0  1   647899.8 141425.8  2171.6   3  -723   900   1  -6507   1   1   107    45    97   0  vaw
         UU   19630916 1200   19640914 1200  364.0  1   647844.4 141254.9  2161.3   3  -846   900   1  -7614   1   1   122    45   114   0  vaw
         11   19630917 1200   19640915 1200  364.0  1   646869.1 139885.5  2029.8   3  -984   900   1  -8856   1   1   140    45   132   0  vaw
         AY   19630917 1200   19640915 1200  364.0  1   646093.1 139341.4  3510.0   3  -966   900   1  -8694   1   1   137    45   130   0  vaw
         AZ   19630917 1200   19640915 1200  364.0  1   645855.2 139043.1  3366.1   3 -1365   900   1 -12285   1   1   189    45   184   0  vaw
          E   19630917 1200   19640915 1200  364.0  1   646691.7 140101.8  3084.8   3  -992   900   1  -8928   1   1   141    45   133   0  vaw
       E_63   19630917 1200   19640915 1200  364.0  1   646691.7 140101.8  3084.8   3  -992   900   1  -8928   1   1   141    45   133   0  vaw
       N_63   19630917 1200   19640915 1200  364.0  1   646869.1 139885.5  2029.8   3  -984   900   1  -8856   1   1   140    45   132   0  vaw
      P3_60   19630917 1200   19640915 1200  364.0  1   641881.0 154695.0  3336.0   3   165   539   6    889   1   1   110    26   106   0  vaw
      P3_62   19630917 1200   19640915 1200  364.0  1   641844.9 154786.2  3343.7   3   190   539   6   1024   1   1   125    26   122   0  vaw
      P3_63   19630917 1200   19640915 1200  364.0  1   641831.4 154819.3  3346.5   3   275   539   6   1482   1   1   179    26   177   0  vaw
      P5_62   19630914 1200   19640915 1200  367.0  1   642621.0 155443.0  3502.8   3   -55   900   1   -495   1   1    45    45     7   0  vaw
      P5_63   19630914 1200   19640915 1200  367.0  1   642625.8 155475.0  3503.4   3   415   539   6   2236   1   1   269    26   268   0  vaw
          B   19630914 1200   19640916 1200  368.0  1   644531.1 138254.4  1644.0   3 -1509   900   1 -13581   1   1   208    45   203   0  vaw
          C   19630918 1200   19640916 1200  364.0  1   644732.2 138397.5  1707.0   3 -1514   900   1 -13626   1   1   209    45   204   0  vaw
       C_63   19630918 1200   19640916 1200  364.0  1   644732.2 138397.5  1707.0   3 -1514   900   1 -13626   1   1   209    45   204   0  vaw
          D   19630918 1200   19640916 1200  364.0  1   645020.5 138544.6  1744.0   3 -1315   900   1 -11835   1   1   183    45   177   0  vaw
       D_63   19630918 1200   19640916 1200  364.0  1   645020.5 138544.6  1744.0   3 -1315   900   1 -11835   1   1   183    45   177   0  vaw
        P11   19630919 1200   19640917 1200  364.0  1   644570.2 156375.9  3440.0   4   315   479   2   1508   1   1    79    23    75   0  vaw
         P3   19630930 1200   19640922 1200  358.0  1   641831.4 154819.2  3350.0   4   315   444   2   1398   1   1    73    22    69   0  glrep
      P9_59   19630930 1200   19640924 1200  360.0  1   643946.2 152552.7  2904.1   3   -95   700   4   -665   1   1    87    35    79   0  vaw
      P9_63   19630930 1200   19640924 1200  360.0  1   643562.6 152758.7  2933.0   3  -113   750   4   -847   1   1   108    37   101   0  vaw
      S_III   19630930 1200   19640924 1200  360.0  1   643855.1 152591.3  2909.8   3   -75   900   1   -675   1   1    46    45    10   0  vaw
        P10   19630918 1200   19640926 1200  374.0  1   644568.4 151972.5  2860.0   4  -150   900   1  -1350   1   1    49    45    20   0  vaw
         P9   19630926 1200   19640926 1200  366.0  1   643586.3 152784.3  2935.0   4  -110   650   4   -715   1   1    91    32    85   0  vaw
         P5   19630930 1200   19640928 1200  364.0  1   642625.8 155475.0  3505.0   4   435   539   6   2344   1   1   282    26   281   0  vaw
         P5   19640920 1200   19650919 1200  364.0  1   642625.8 155475.0  3505.0   4   810   539   6   4365   1   1   524    26   523   0  vaw
      P3_64   19640915 1200   19650920 1200  370.0  1   641831.4 154819.3  3345.6   3   660   539   6   3557   1   1   427    26   426   0  vaw
         P3   19640922 1200   19650921 1200  364.0  1   641831.4 154819.2  3350.0   4   620   508   2   3149   1   1   159    25   157   0  glrep
        P11   19640917 1200   19650922 1200  370.0  1   644570.2 156375.9  3440.0   4   715   497   2   3553   1   1   179    24   177   0  vaw
         AX   19640914 1200   19651002 1200  383.0  1   648064.7 141785.0  2194.3   3  -489   900   1  -4401   1   1    79    45    66   0  vaw
          O   19640914 1200   19651002 1200  383.0  1   647954.3 141573.3  2181.6   3  -480   900   1  -4320   1   1    78    45    64   0  vaw
       O_63   19640914 1200   19651002 1200  383.0  1   647954.3 141573.3  2181.6   3  -480   900   1  -4320   1   1    78    45    64   0  vaw
          Q   19640914 1200   19651002 1200  383.0  1   648009.6 141689.0  2188.5   3  -525   900   1  -4725   1   1    83    45    70   0  vaw
       Q_63   19640914 1200   19651002 1200  383.0  1   648009.6 141689.0  2188.5   3  -525   900   1  -4725   1   1    83    45    70   0  vaw
         SS   19640914 1200   19651002 1200  383.0  1   647926.1 141509.9  2176.1   3  -503   900   1  -4527   1   1    81    45    67   0  vaw
         UU   19640914 1200   19651002 1200  383.0  1   647822.2 141133.3  2147.2   3  -395   900   1  -3555   1   1    69    45    53   0  vaw
        P10   19640924 1200   19651003 1200  374.0  1   644568.4 151972.5  2860.0   4   170   539   6    916   1   1   113    26   109   0  vaw
         P9   19640924 1200   19651003 1200  374.0  1   643586.3 152784.3  2935.0   4   220   539   6   1185   1   1   144    26   142   0  vaw
         11   19640915 1200   19651004 1200  384.0  1   646766.3 139821.6  3052.0   3  -771   900   1  -6939   1   1   113    45   104   0  vaw
         AY   19640915 1200   19651004 1200  384.0  1   646026.6 139280.7  3472.7   3  -770   900   1  -6930   1   1   113    45   103   0  vaw
          E   19640915 1200   19651004 1200  384.0  1   646594.2 140055.5  3117.2   3  -670   900   1  -6030   1   1   101    45    90   0  vaw
       E_63   19640915 1200   19651004 1200  384.0  1   646594.2 140055.5  3117.2   3  -670   900   1  -6030   1   1   101    45    90   0  vaw
       N_63   19640915 1200   19651004 1200  384.0  1   646766.3 139821.6  3052.0   3  -771   900   1  -6939   1   1   113    45   104   0  vaw
     P10_64   19640925 1200   19651005 1200  375.0  1   644589.8 151971.5  2853.4   3   170   539   6    916   1   1   113    26   109   0  vaw
      P9_59   19640924 1200   19651005 1200  376.0  1   644030.4 152502.1  2896.5   3   245   539   6   1320   1   1   160    26   158   0  vaw
      P9_63   19640924 1200   19651005 1200  376.0  1   643650.6 152691.5  2922.4   3   325   539   6   1751   1   1   211    26   210   0  vaw
        BBB   19640908 1200   19651006 1200  393.0  1   646703.9 149339.3  2692.4   3  -190   900   1  -1710   1   1    51    45    25   0  vaw
        CCC   19640908 1200   19651006 1200  393.0  1   646845.8 149186.0  2681.2   3  -179   900   1  -1611   1   1    51    45    24   0  vaw
        EEE   19640908 1200   19651006 1200  393.0  1   647127.7 148876.4  2654.9   3  -265   900   1  -2385   1   1    57    45    35   0  vaw
          F   19640908 1200   19651006 1200  393.0  1   646170.9 149858.8  2726.6   3  -112   900   1  -1008   1   1    47    45    15   0  vaw
          T   19640908 1200   19651006 1200  393.0  1   647363.7 148565.9  2626.4   3  -212   900   1  -1908   1   1    53    45    28   0  vaw
       T_61   19640908 1200   19651006 1200  393.0  1   647363.7 148565.9  2626.4   3  -212   900   1  -1908   1   1    53    45    28   0  vaw
          U   19640908 1200   19651006 1200  393.0  1   647480.2 148421.0  2614.1   3  -264   900   1  -2376   1   1    57    45    35   0  vaw
       U_61   19640908 1200   19651006 1200  393.0  1   647480.2 148421.0  2614.1   3  -264   900   1  -2376   1   1    57    45    35   0  vaw
          V   19640908 1200   19651006 1200  393.0  1   647603.7 148261.1  2597.4   3  -239   900   1  -2151   1   1    55    45    32   0  vaw
       V_61   19640908 1200   19651006 1200  393.0  1   647603.7 148261.1  2597.4   3  -239   900   1  -2151   1   1    55    45    32   0  vaw
         AA   19640908 1200   19651007 1200  394.0  1   648048.6 147690.6  2538.8   3  -230   900   1  -2070   1   1    54    45    31   0  vaw
         AQ   19640909 1200   19651007 1200  393.0  1   648866.3 146174.0  2478.3   3  -308   900   1  -2772   1   1    61    45    41   0  vaw
         AR   19640909 1200   19651007 1200  393.0  1   648895.0 146030.9  2474.0   3  -342   900   1  -3078   1   1    64    45    46   0  vaw
         AS   19640909 1200   19651007 1200  393.0  1   648936.3 145899.7  2467.4   3  -309   900   1  -2781   1   1    61    45    41   0  vaw
         CC   19640908 1200   19651007 1200  394.0  1   648151.1 147558.8  2529.6   3  -247   900   1  -2223   1   1    56    45    33   0  vaw
          J   19640908 1200   19651007 1200  394.0  1   648624.1 146820.0  2498.7   3  -240   900   1  -2160   1   1    55    45    32   0  vaw
       J_57   19640908 1200   19651007 1200  394.0  1   648624.1 146820.0  2498.7   3  -240   900   1  -2160   1   1    55    45    32   0  vaw
         PP   19640908 1200   19651007 1200  394.0  1   648304.9 147352.7  2518.5   3  -143   900   1  -1287   1   1    48    45    19   0  vaw
         QQ   19640908 1200   19651007 1200  394.0  1   648427.3 147183.1  2511.8   3  -227   900   1  -2043   1   1    54    45    30   0  vaw
      QQ_61   19640908 1200   19651007 1200  394.0  1   648427.3 147183.1  2511.8   3  -227   900   1  -2043   1   1    54    45    30   0  vaw
          R   19640908 1200   19651007 1200  394.0  1   648551.6 146997.8  2503.6   3  -202   900   1  -1818   1   1    52    45    27   0  vaw
       R_64   19640908 1200   19651007 1200  394.0  1   648551.6 146997.8  2503.6   3  -202   900   1  -1818   1   1    52    45    27   0  vaw
          W   19640908 1200   19651007 1200  394.0  1   647717.9 148056.0  2577.7   3  -258   900   1  -2322   1   1    56    45    34   0  vaw
       W_61   19640908 1200   19651007 1200  394.0  1   647717.9 148056.0  2577.7   3  -258   900   1  -2322   1   1    56    45    34   0  vaw
          Z   19640908 1200   19651007 1200  394.0  1   647878.4 147875.7  2556.9   3  -197   900   1  -1773   1   1    52    45    26   0  vaw
       Z_61   19640908 1200   19651007 1200  394.0  1   647878.4 147875.7  2556.9   3  -197   900   1  -1773   1   1    52    45    26   0  vaw
         AT   19640910 1200   19651008 1200  393.0  1   649170.3 145065.4  2408.3   3  -334   900   1  -3006   1   1    63    45    45   0  vaw
         AU   19640910 1200   19651008 1200  393.0  1   649204.0 144936.3  2402.1   3  -312   900   1  -2808   1   1    61    45    42   0  vaw
         AV   19640910 1200   19651008 1200  393.0  1   649239.6 144805.3  2398.8   3  -332   900   1  -2988   1   1    63    45    44   0  vaw
         AA   19651007 1200   19660906 1200  334.0  1   648166.8 147558.4  2528.5   3  -187   900   1  -1683   1   1    51    45    25   0  vaw
        BBB   19651006 1200   19660906 1200  335.0  1   646845.9 149190.7  2681.3   3   -85   900   1   -765   1   1    46    45    11   0  vaw
         CC   19651007 1200   19660906 1200  334.0  1   648260.2 147430.3  2522.1   3  -168   900   1  -1512   1   1    50    45    22   0  vaw
        CCC   19651006 1200   19660906 1200  335.0  1   646986.1 149027.7  2670.2   3  -137   900   1  -1233   1   1    48    45    18   0  vaw
        EEE   19651006 1200   19660906 1200  335.0  1   647255.4 148709.4  2639.3   3  -110   900   1   -990   1   1    47    45    14   0  vaw
          F   19651006 1200   19660906 1200  335.0  1   646298.5 149747.2  2721.7   3  -109   900   1   -981   1   1    47    45    14   0  vaw
         PP   19651007 1200   19660906 1200  334.0  1   648399.6 147224.0  2513.9   3  -284   900   1  -2556   1   1    59    45    38   0  vaw
         QQ   19651007 1200   19660906 1200  334.0  1   648512.7 147052.8  2506.5   3  -221   900   1  -1989   1   1    53    45    29   0  vaw
      QQ_61   19651007 1200   19660906 1200  334.0  1   648512.7 147052.8  2506.5   3  -221   900   1  -1989   1   1    53    45    29   0  vaw
          R   19651007 1200   19660906 1200  334.0  1   648624.6 146865.5  2499.2   3  -227   900   1  -2043   1   1    54    45    30   0  vaw
       R_64   19651007 1200   19660906 1200  334.0  1   648624.6 146865.5  2499.2   3  -227   900   1  -2043   1   1    54    45    30   0  vaw
          T   19651006 1200   19660906 1200  335.0  1   647483.8 148394.0  2612.2   3  -161   900   1  -1449   1   1    49    45    21   0  vaw
       T_61   19651006 1200   19660906 1200  335.0  1   647483.8 148394.0  2612.2   3  -161   900   1  -1449   1   1    49    45    21   0  vaw
          U   19651006 1200   19660906 1200  335.0  1   647600.8 148249.8  2596.8   3  -193   900   1  -1737   1   1    51    45    26   0  vaw
       U_61   19651006 1200   19660906 1200  335.0  1   647600.8 148249.8  2596.8   3  -193   900   1  -1737   1   1    51    45    26   0  vaw
          V   19651006 1200   19660906 1200  335.0  1   647725.9 148095.9  2578.9   3  -160   900   1  -1440   1   1    49    45    21   0  vaw
       V_61   19651006 1200   19660906 1200  335.0  1   647725.9 148095.9  2578.9   3  -160   900   1  -1440   1   1    49    45    21   0  vaw
          W   19651007 1200   19660906 1200  334.0  1   647843.2 147901.7  2560.8   3  -178   900   1  -1602   1   1    51    45    24   0  vaw
       W_61   19651007 1200   19660906 1200  334.0  1   647843.2 147901.7  2560.8   3  -178   900   1  -1602   1   1    51    45    24   0  vaw
          Z   19651007 1200   19660906 1200  334.0  1   648003.2 147733.2  2544.1   3  -187   900   1  -1683   1   1    51    45    25   0  vaw
       Z_61   19651007 1200   19660906 1200  334.0  1   648003.2 147733.2  2544.1   3  -187   900   1  -1683   1   1    51    45    25   0  vaw
         AQ   19651007 1200   19660907 1200  335.0  1   648904.6 146036.1  2472.7   3  -237   900   1  -2133   1   1    55    45    31   0  vaw
         AR   19651007 1200   19660907 1200  335.0  1   648932.8 145891.9  2467.5   3  -252   900   1  -2268   1   1    56    45    34   0  vaw
         AS   19651007 1200   19660907 1200  335.0  1   648975.4 145759.1  2459.7   3  -261   900   1  -2349   1   1    57    45    35   0  vaw
         AT   19651008 1200   19660908 1200  335.0  1   649201.6 144920.8  2402.6   3  -274   900   1  -2466   1   1    58    45    36   0  vaw
         AU   19651008 1200   19660908 1200  335.0  1   649230.7 144789.5  2397.5   3  -256   900   1  -2304   1   1    56    45    34   0  vaw
         AV   19651008 1200   19660908 1200  335.0  1   649260.1 144656.8  2394.1   3  -253   900   1  -2277   1   1    56    45    34   0  vaw
         AX   19651002 1200   19660912 1200  345.0  1   648004.5 141677.4  2187.1   3  -495   900   1  -4455   1   1    80    45    66   0  vaw
          O   19651002 1200   19660912 1200  345.0  1   647907.3 141461.2  2173.9   3  -454   900   1  -4086   1   1    76    45    61   0  vaw
       O_63   19651002 1200   19660912 1200  345.0  1   647907.3 141461.2  2173.9   3  -454   900   1  -4086   1   1    76    45    61   0  vaw
         OO   19651004 1200   19660912 1200  343.0  1   646793.3 140157.2  3037.5   3  -760   900   1  -6840   1   1   112    45   102   0  vaw
      OO_65   19651004 1200   19660912 1200  343.0  1   646793.3 140157.2  3037.5   3  -760   900   1  -6840   1   1   112    45   102   0  vaw
          Q   19651002 1200   19660912 1200  345.0  1   647955.4 141579.0  2180.8   3  -440   900   1  -3960   1   1    74    45    59   0  vaw
       Q_63   19651002 1200   19660912 1200  345.0  1   647955.4 141579.0  2180.8   3  -440   900   1  -3960   1   1    74    45    59   0  vaw
         VV   19651004 1200   19660912 1200  343.0  1   646908.8 139918.6  3000.0   4  -715   900   1  -6435   1   1   106    45    96   0  vaw
      VV_65   19651004 1200   19660912 1200  343.0  1   646908.8 139918.6  3000.0   4  -715   900   1  -6435   1   1   106    45    96   0  vaw
         XX   19650930 1200   19660913 1200  348.0  1   645146.7 138633.3  1770.7   3  -997   900   1  -8973   1   1   141    45   134   0  vaw
      XX_65   19650930 1200   19660913 1200  348.0  1   645146.7 138633.3  1770.7   3  -997   900   1  -8973   1   1   141    45   134   0  vaw
        XXX   19650930 1200   19660913 1200  348.0  1   645319.9 138971.5  1817.3   3  -860   900   1  -7740   1   1   124    45   116   0  vaw
         YY   19650930 1200   19660913 1200  348.0  1   644731.2 138388.2  1695.5   3 -1034   900   1  -9306   1   1   146    45   139   0  vaw
      YY_65   19650930 1200   19660913 1200  348.0  1   644731.2 138388.2  1695.5   3 -1034   900   1  -9306   1   1   146    45   139   0  vaw
         ZZ   19650930 1200   19660913 1200  348.0  1   644538.9 138266.1  1634.4   3 -1079   900   1  -9711   1   1   152    45   145   0  vaw
      ZZ_65   19650930 1200   19660913 1200  348.0  1   644538.9 138266.1  1634.4   3 -1079   900   1  -9711   1   1   152    45   145   0  vaw
         P3   19650921 1200   19660914 1200  358.0  1   641831.4 154819.2  3350.0   4   475   537   2   2550   1   1   130    26   127   0  glrep
      P3_65   19650920 1200   19660914 1200  359.0  1   641831.4 154819.3  3348.1   3   474   539   6   2554   1   1   307    26   306   0  vaw
      P5_65   19650924 1200   19660915 1200  356.0  1   642625.9 155474.8  3506.8   3   544   539   6   2932   1   1   352    26   351   0  vaw
        P11   19650922 1200   19660920 1200  363.0  1   644570.2 156375.9  3440.0   4   620   532   2   3298   1   1   167    26   164   0  vaw
         P5   19650919 1200   19660920 1200  366.0  1   642625.8 155475.0  3505.0   4   550   539   6   2964   1   1   356    26   355   0  vaw
     P10_64   19651005 1200   19660921 1200  351.0  1   644656.8 151928.8  2849.5   3   -40   650   4   -260   1   1    45    32    31   0  vaw
      P9_59   19651005 1200   19660921 1200  351.0  1   644113.4 152454.4  2892.4   3    30   539   6    161   1   1    33    26    19   0  vaw
      P9_63   19651005 1200   19660921 1200  351.0  1   643736.7 152629.5  2917.4   3   150   539   6    808   1   1   100    26    97   0  vaw
        P10   19651005 1200   19660922 1200  352.0  1   644568.4 151972.5  2860.0   4   -40   700   4   -280   1   1    48    35    33   0  vaw
         P9   19651005 1200   19661005 1200  365.0  1   643586.3 152784.3  2935.0   4    60   539   6    323   1   1    47    26    38   0  vaw
       6408   19660906 1200   19670911 1200  370.0  1   646417.2 149633.0  2716.8   3  -270   900   1  -2430   1   1    57    45    36   0  vaw
        AAA   19660906 1200   19670911 1200  370.0  1   646822.9 149225.0  2684.2   3  -282   900   1  -2538   1   1    58    45    38   0  vaw
          F   19660906 1200   19670911 1200  370.0  1   646417.2 149633.0  2716.8   3  -270   900   1  -2430   1   1    57    45    36   0  vaw
          G   19660906 1200   19670911 1200  370.0  1   646564.5 149488.5  2706.2   3  -253   900   1  -2277   1   1    56    45    34   0  vaw
       G_64   19660906 1200   19670911 1200  370.0  1   646564.5 149488.5  2706.2   3  -253   900   1  -2277   1   1    56    45    34   0  vaw
          P   19660906 1200   19670911 1200  370.0  1   646697.1 149361.5  2694.6   3  -267   900   1  -2403   1   1    57    45    36   0  vaw
       P_64   19660906 1200   19670911 1200  370.0  1   646697.1 149361.5  2694.6   3  -267   900   1  -2403   1   1    57    45    36   0  vaw
         AA   19660906 1200   19670912 1200  371.0  1   648261.5 147446.9  2523.5   3  -312   900   1  -2808   1   1    61    45    42   0  vaw
        BBB   19660906 1200   19670912 1200  371.0  1   646969.7 149052.1  2672.6   3  -308   900   1  -2772   1   1    61    45    41   0  vaw
         CC   19660906 1200   19670912 1200  371.0  1   648346.8 147319.6  2518.5   3  -310   900   1  -2790   1   1    61    45    41   0  vaw
        CCC   19660906 1200   19670912 1200  371.0  1   647104.6 148882.5  2658.3   3  -348   900   1  -3132   1   1    65    45    46   0  vaw
        DDD   19660906 1200   19670912 1200  371.0  1   647228.2 148708.1  2641.8   3  -366   900   1  -3294   1   1    66    45    49   0  vaw
        EEE   19660906 1200   19670912 1200  371.0  1   647362.1 148560.5  2628.1   3  -343   900   1  -3087   1   1    64    45    46   0  vaw
         PP   19660906 1200   19670912 1200  371.0  1   648475.8 147111.3  2510.0   3  -353   900   1  -3177   1   1    65    45    47   0  vaw
          S   19660906 1200   19670912 1200  371.0  1   647482.9 148398.1  2613.8   3  -377   900   1  -3393   1   1    67    45    50   0  vaw
       S_61   19660906 1200   19670912 1200  371.0  1   647482.9 148398.1  2613.8   3  -377   900   1  -3393   1   1    67    45    50   0  vaw
          T   19660906 1200   19670912 1200  371.0  1   647589.9 148244.1  2598.8   3  -363   900   1  -3267   1   1    66    45    49   0  vaw
       T_61   19660906 1200   19670912 1200  371.0  1   647589.9 148244.1  2598.8   3  -363   900   1  -3267   1   1    66    45    49   0  vaw
          Z   19660906 1200   19670912 1200  371.0  1   648108.4 147615.8  2534.6   3  -293   900   1  -2637   1   1    59    45    39   0  vaw
       Z_61   19660906 1200   19670912 1200  371.0  1   648108.4 147615.8  2534.6   3  -293   900   1  -2637   1   1    59    45    39   0  vaw
         P5   19660920 1200   19670915 1200  360.0  1   642625.8 155475.0  3505.0   4   680   539   6   3665   1   1   440    26   439   0  vaw
       EGIG   19660815 1200   19670918 1200  399.0  1   642745.0 155226.0  3472.0   4   207   539   6   1115   1   1   136    26   133   0  vaw
         P3   19660914 1200   19670918 1200  369.0  1   641831.4 154819.2  3350.0   4   480   539   6   2587   1   1   311    26   310   0  glrep
        P13   19660919 1200   19670919 1200  365.0  1   643443.2 154150.5  3265.0   3   175   486   2    850   1   1    48    24    42   0  vaw
        P11   19660920 1200   19670924 1200  369.0  1   644570.2 156375.9  3440.0   4   580   502   2   2911   1   1   147    25   145   0  vaw
        P10   19660922 1200   19670926 1200  369.0  1   644568.4 151972.5  2860.0   4   -55   750   4   -412   1   1    62    37    49   0  vaw
         P9   19660921 1200   19670926 1200  370.0  1   643586.3 152784.3  2935.0   4    35   539   6    188   1   1    35    26    22   0  vaw
         AX   19660912 1200   19671010 1200  393.0  1   647955.7 141577.5  2179.9   3  -586   900   1  -5274   1   1    91    45    79   0  vaw
          O   19660912 1200   19671010 1200  393.0  1   647871.3 141356.9  2166.4   3  -694   900   1  -6246   1   1   103    45    93   0  vaw
       O_63   19660912 1200   19671010 1200  393.0  1   647871.3 141356.9  2166.4   3  -694   900   1  -6246   1   1   103    45    93   0  vaw
      OO_65   19660912 1200   19671011 1200  394.0  1   646704.9 140109.0  3075.8   3  -835   900   1  -7515   1   1   121    45   112   0  vaw
      VV_65   19660912 1200   19671011 1200  394.0  1   646814.1 139859.3  3000.0   4 -1854   900   1 -16686   1   1   254    45   250   0  vaw
        XXX   19660913 1200   19671011 1200  393.0  1   645255.4 138934.8  1805.6   3 -1190   900   1 -10710   1   1   166    45   160   0  vaw
         AR   19660907 1200   19671014 1200  402.0  1   648966.8 145772.5  2462.1   3  -503   900   1  -4527   1   1    81    45    67   0  vaw
         AT   19660908 1200   19671014 1200  401.0  1   649224.0 144795.3  2398.3   3  -506   900   1  -4554   1   1    81    45    68   0  vaw
         AV   19660908 1200   19671014 1200  401.0  1   649271.7 144529.6  2390.0   3  -490   900   1  -4410   1   1    80    45    66   0  vaw
         RR   19660908 1200   19671014 1200  401.0  1   649232.5 144226.9  2377.2   3  -536   900   1  -4824   1   1    85    45    72   0  vaw
          X   19660908 1200   19671014 1200  401.0  1   649229.8 144360.7  2382.1   3  -499   900   1  -4491   1   1    81    45    67   0  vaw
        H_I   19670912 1200   19680728 1200  320.0  1   648989.3 147539.3  2501.6   3  -200   900   1  -1800   1   1    52    45    26   0  vaw
      H_III   19670912 1200   19680728 1200  320.0  1   648732.5 147348.1  2518.0   3  -164   900   1  -1476   1   1    50    45    22   0  vaw
        H_V   19670912 1200   19680728 1200  320.0  1   648176.4 146987.5  2517.4   3  -125   900   1  -1125   1   1    48    45    16   0  vaw
        AAA   19670911 1200   19680820 1200  344.0  1   646962.6 149069.6  2672.6   3  -133   900   1  -1197   1   1    48    45    17   0  vaw
        AAA   19670911 1200   19680910 1200  365.0  1   646962.6 149069.6  2672.6   3  -202   900   1  -1818   1   1    52    45    27   0  vaw
        BBB   19670912 1200   19680910 1200  364.0  1   647105.1 148889.4  2657.8   3  -247   900   1  -2223   1   1    56    45    33   0  vaw
        CCC   19670912 1200   19680910 1200  364.0  1   647231.7 148717.0  2641.5   3  -261   900   1  -2349   1   1    57    45    35   0  vaw
        DDD   19670912 1200   19680910 1200  364.0  1   647348.9 148539.8  2626.6   3  -225   900   1  -2025   1   1    54    45    30   0  vaw
          F   19670911 1200   19680910 1200  365.0  1   646558.2 149494.8  2705.6   3  -109   900   1   -981   1   1    47    45    14   0  vaw
          G   19670911 1200   19680910 1200  365.0  1   646707.3 149346.6  2692.7   3  -135   900   1  -1215   1   1    48    45    18   0  vaw
       G_64   19670911 1200   19680910 1200  365.0  1   646707.3 149346.6  2692.7   3  -135   900   1  -1215   1   1    48    45    18   0  vaw
          P   19670911 1200   19680910 1200  365.0  1   646838.3 149214.2  2682.5   3  -180   900   1  -1620   1   1    51    45    24   0  vaw
         AR   19671014 1200   19680912 1200  334.0  1   649010.3 145623.0  2450.1   3  -330   900   1  -2970   1   1    63    45    44   0  vaw
         P3   19670918 1200   19680912 1200  360.0  1   641831.4 154819.2  3350.0   4   439   510   2   2238   1   1   114    25   111   0  glrep
          R   19671014 1200   19680912 1200  334.0  1   648740.8 146605.2  2490.8   3  -238   900   1  -2142   1   1    55    45    32   0  vaw
       R_64   19671014 1200   19680912 1200  334.0  1   648740.8 146605.2  2490.8   3  -238   900   1  -2142   1   1    55    45    32   0  vaw
          Y   19671014 1200   19680912 1200  334.0  1   648798.3 146432.0  2486.1   3  -244   900   1  -2196   1   1    55    45    32   0  vaw
       Y_64   19671014 1200   19680912 1200  334.0  1   648798.3 146432.0  2486.1   3  -244   900   1  -2196   1   1    55    45    32   0  vaw
         AT   19671014 1200   19680913 1200  335.0  1   649244.5 144638.7  2391.4   3  -327   900   1  -2943   1   1    63    45    44   0  vaw
         AV   19671014 1200   19680913 1200  335.0  1   649277.7 144370.8  2383.6   3  -357   900   1  -3213   1   1    65    45    48   0  vaw
          C   19671014 1200   19680913 1200  335.0  1   649145.6 145148.4  2411.5   3  -322   900   1  -2898   1   1    62    45    43   0  vaw
       C_67   19671014 1200   19680913 1200  335.0  1   649145.6 145148.4  2411.5   3  -321   900   1  -2889   1   1    62    45    43   0  vaw
          D   19671014 1200   19680913 1200  335.0  1   649177.3 145023.1  2405.5   3  -320   900   1  -2880   1   1    62    45    43   0  vaw
       D_67   19671014 1200   19680913 1200  335.0  1   649177.3 145023.1  2405.5   3  -320   900   1  -2880   1   1    62    45    43   0  vaw
          J   19671014 1200   19680913 1200  335.0  1   649226.7 144851.8  2395.7   3  -307   900   1  -2763   1   1    61    45    41   0  vaw
          K   19671014 1200   19680913 1200  335.0  1   649234.2 144767.4  2396.3   3  -315   900   1  -2835   1   1    61    45    42   0  vaw
         P5   19670915 1200   19680914 1200  365.0  1   642625.8 155475.0  3505.0   4   620   473   2   2932   1   1   148    23   146   0  vaw
         BB   19671011 1200   19680916 1200  341.0  1   646760.5 140110.7  3052.0   3 -1007   900   1  -9063   1   1   143    45   135   0  vaw
         DD   19671011 1200   19680916 1200  341.0  1   646920.5 139928.0  2984.9   3  -704   900   1  -6336   1   1   105    45    95   0  vaw
      OO_65   19671011 1200   19680916 1200  341.0  1   646603.3 140059.1  3109.4   3  -837   900   1  -7533   1   1   121    45   112   0  vaw
      EE_67   19671011 1200   19680917 1200  342.0  1   645303.7 138976.1  1811.2   3  -682   900   1  -6138   1   1   102    45    92   0  vaw
      FF_67   19671011 1200   19680917 1200  342.0  1   645183.1 138878.3  1790.8   3  -576   900   1  -5184   1   1    89    45    77   0  vaw
      GG_67   19671011 1200   19680917 1200  342.0  1   645056.9 138578.9  1743.2   3 -1035   900   1  -9315   1   1   146    45   139   0  vaw
         JJ   19671011 1200   19680917 1200  342.0  1   644796.1 138406.3  1698.4   3 -1022   900   1  -9198   1   1   145    45   137   0  vaw
        P11   19670924 1200   19680917 1200  359.0  1   644570.2 156375.9  3440.0   4   543   506   2   2747   1   1   139    25   137   0  vaw
       EGIG   19670918 1200   19680919 1200  367.0  1   642745.0 155226.0  3472.0   4    53   539   6    285   1   1    43    26    34   0  vaw
        P10   19670926 1200   19680926 1200  366.0  1   644568.4 151972.5  2860.0   4    75   539   6    404   1   1    55    26    48   0  vaw
         P9   19670926 1200   19680926 1200  366.0  1   643586.3 152784.3  2935.0   4   194   526   2   1020   1   1    57    26    51   0  vaw
       6408   19681013 1200   19690908 1200  330.0  1   646712.5 149341.0  2673.6   3  -138   900   1  -1242   1   1    48    45    18   0  vaw
        AAA   19681013 1200   19690908 1200  330.0  1   647108.7 148893.7  2636.5   3  -201   900   1  -1809   1   1    52    45    27   0  vaw
        AAA   19680910 1200   19690908 1200  363.0  1   646700.3 149353.2  2694.1   3  -150   900   1  -1350   1   1    49    45    20   0  vaw
          F   19680910 1200   19690908 1200  363.0  1   646847.9 149198.5  2682.3   3  -186   900   1  -1674   1   1    51    45    25   0  vaw
          G   19680910 1200   19690908 1200  363.0  1   646977.2 149058.4  2671.8   3  -208   900   1  -1872   1   1    53    45    28   0  vaw
       G_64   19681013 1200   19690908 1200  330.0  1   646859.8 149185.5  2661.4   3  -175   900   1  -1575   1   1    50    45    23   0  vaw
          P   19680910 1200   19690908 1200  363.0  1   647097.4 148907.6  2658.8   3  -227   900   1  -2043   1   1    54    45    30   0  vaw
       P_64   19681013 1200   19690908 1200  330.0  1   646989.1 149044.9  2649.3   3  -173   900   1  -1557   1   1    50    45    23   0  vaw
         P3   19680912 1200   19690908 1200  361.0  1   641831.4 154819.2  3350.0   4   493   525   2   2588   1   1   132    26   129   0  glrep
         P5   19680914 1200   19690908 1200  359.0  1   642625.8 155475.0  3505.0   4   618   539   6   3331   1   1   400    26   399   0  vaw
    H_II_68   19681013 1200   19690909 1200  331.0  1   648923.8 147434.1  2487.8   3  -285   900   1  -2565   1   1    59    45    38   0  vaw
       H_IV   19680912 1200   19690909 1200  362.0  1   648435.5 147161.9  2511.7   3  -300   900   1  -2700   1   1    60    45    40   0  vaw
    H_IV_68   19681013 1200   19690909 1200  331.0  1   648541.4 147027.0  2486.5   3  -235   900   1  -2115   1   1    55    45    31   0  vaw
    HH_I_68   19680912 1200   19690909 1200  362.0  1   648987.4 147538.0  2502.2   3  -356   900   1  -3204   1   1    65    45    48   0  vaw
   HH_II_68   19681013 1200   19690909 1200  331.0  1   648886.4 147461.7  2490.2   3  -289   900   1  -2601   1   1    59    45    39   0  vaw
  HH_III_68   19681013 1200   19690909 1200  331.0  1   648740.2 147349.0  2495.0   3  -339   900   1  -3051   1   1    64    45    45   0  vaw
      HH_IV   19680912 1200   19690909 1200  362.0  1   648535.2 147037.1  2505.9   3  -281   900   1  -2529   1   1    58    45    37   0  vaw
   HH_IV_68   19681013 1200   19690909 1200  331.0  1   648442.3 147151.8  2490.7   3  -335   900   1  -3015   1   1    63    45    45   0  vaw
    HH_V_68   19681013 1200   19690909 1200  331.0  1   648185.3 146991.0  2495.8   3  -219   900   1  -1971   1   1    53    45    29   0  vaw
        PXX   19680912 1200   19690909 1200  362.0  1   648987.4 147538.0  2502.2   3  -356   900   1  -3204   1   1    65    45    48   0  vaw
        PXX   19681013 1200   19690909 1200  331.0  1   648740.2 147349.0  2495.0   3  -339   900   1  -3051   1   1    64    45    45   0  vaw
        PXX   19681013 1200   19690909 1200  331.0  1   648886.4 147461.7  2490.2   3  -289   900   1  -2601   1   1    59    45    39   0  vaw
        PXX   19681013 1200   19690909 1200  331.0  1   648923.8 147434.1  2487.8   3  -285   900   1  -2565   1   1    59    45    38   0  vaw
        PXX   19681013 1200   19690909 1200  331.0  1   648185.3 146991.0  2495.8   3  -219   900   1  -1971   1   1    53    45    29   0  vaw
          R   19680912 1200   19690909 1200  362.0  1   648784.7 146481.9  2487.9   3  -277   900   1  -2493   1   1    58    45    37   0  vaw
       R_64   19680912 1200   19690909 1200  362.0  1   648784.7 146481.9  2487.9   3  -277   900   1  -2493   1   1    58    45    37   0  vaw
          Y   19680912 1200   19690909 1200  362.0  1   648836.5 146308.1  2482.9   3  -281   900   1  -2529   1   1    58    45    37   0  vaw
       Y_64   19680912 1200   19690909 1200  362.0  1   648836.5 146308.1  2482.9   3  -281   900   1  -2529   1   1    58    45    37   0  vaw
         AQ   19680912 1200   19690910 1200  363.0  1   649015.6 145642.2  2451.5   3  -360   900   1  -3240   1   1    66    45    48   0  vaw
         AR   19680912 1200   19690910 1200  363.0  1   649048.0 145496.8  2439.3   3  -356   900   1  -3204   1   1    65    45    48   0  vaw
         AS   19681013 1200   19690910 1200  332.0  1   649097.6 145354.1  2446.0   3  -286   900   1  -2574   1   1    59    45    38   0  vaw
         AT   19681013 1200   19690910 1200  332.0  1   649256.1 144494.4  2434.7   3  -273   900   1  -2457   1   1    58    45    36   0  vaw
         AV   19680913 1200   19690910 1200  362.0  1   649276.6 144235.9  2378.3   3  -416   900   1  -3744   1   1    71    45    56   0  vaw
          C   19680913 1200   19690910 1200  362.0  1   649176.5 145020.2  2405.0   3  -317   900   1  -2853   1   1    62    45    42   0  vaw
       C_67   19681013 1200   19690910 1200  332.0  1   649178.8 145009.7  2442.7   3  -264   900   1  -2376   1   1    57    45    35   0  vaw
          D   19680913 1200   19690910 1200  362.0  1   649204.4 144893.3  2400.2   3  -347   900   1  -3123   1   1    64    45    46   0  vaw
       D_67   19681013 1200   19690910 1200  332.0  1   649206.6 144882.5  2440.3   3  -292   900   1  -2628   1   1    59    45    39   0  vaw
          J   19680913 1200   19690910 1200  362.0  1   649229.3 144765.9  2395.8   3  -335   900   1  -3015   1   1    63    45    45   0  vaw
       J_67   19681013 1200   19690910 1200  332.0  1   649230.9 144755.1  2431.7   3  -355   900   1  -3195   1   1    65    45    47   0  vaw
          K   19680913 1200   19690910 1200  362.0  1   649251.2 144635.0  2391.7   3  -334   900   1  -3006   1   1    63    45    45   0  vaw
       K_67   19681013 1200   19690910 1200  332.0  1   649252.2 144624.2  2434.7   3  -275   900   1  -2475   1   1    58    45    37   0  vaw
        P11   19680917 1200   19690911 1200  359.0  1   644570.2 156375.9  3440.0   4   570   511   2   2912   1   1   147    25   145   0  vaw
         BB   19680916 1200   19690915 1200  364.0  1   646670.1 140063.6  3093.2   3  -779   900   1  -7011   1   1   114    45   105   0  vaw
         DD   19680916 1200   19690915 1200  364.0  1   646825.7 139868.3  3016.3   3  -848   900   1  -7632   1   1   123    45   114   0  vaw
      DD_67   19681014 1200   19690915 1200  336.0  1   646818.4 139863.5  3026.5   3  -908   900   1  -8172   1   1   130    45   122   0  vaw
       L_67   19680916 1200   19690915 1200  364.0  1   647983.9 141638.3  2182.5   3  -582   900   1  -5238   1   1    90    45    78   0  vaw
         JJ   19680917 1200   19690916 1200  364.0  1   644767.5 138389.2  1690.3   3 -1084   900   1  -9756   1   1   153    45   146   0  vaw
       EGIG   19680919 1200   19690917 1200  363.0  1   642745.0 155226.0  3472.0   4   220   539   6   1185   1   1   144    26   142   0  vaw
        P10   19680926 1200   19690919 1200  358.0  1   644568.4 151972.5  2860.0   4    40   539   6    215   1   1    37    26    25   0  vaw
         P9   19680926 1200   19690919 1200  358.0  1   643586.3 152784.3  2935.0   4   104   423   2    439   1   1    30    21    21   0  vaw
       6408   19690908 1200   19700908 1200  365.0  1   646843.7 149203.5  2683.4   3  -256   900   1  -2304   1   1    56    45    34   0  vaw
       6918   19690909 1200   19700908 1200  364.0  1   648446.4 147188.4  2511.9   3  -336   900   1  -3024   1   1    63    45    45   0  vaw
       6921   19690909 1200   19700908 1200  364.0  1   648370.3 147290.1  2516.4   3  -339   900   1  -3051   1   1    64    45    45   0  vaw
       6922   19690909 1200   19700908 1200  364.0  1   648269.4 147424.7  2522.1   3  -319   900   1  -2871   1   1    62    45    43   0  vaw
       6923   19690909 1200   19700908 1200  364.0  1   648160.6 147556.4  2528.9   3  -309   900   1  -2781   1   1    61    45    41   0  vaw
       6924   19690908 1200   19700908 1200  365.0  1   646645.4 149367.9  2699.1   3  -262   900   1  -2358   1   1    57    45    35   0  vaw
       6925   19690908 1200   19700908 1200  365.0  1   646530.3 149521.5  2710.5   3  -218   900   1  -1962   1   1    53    45    29   0  vaw
       6926   19690908 1200   19700908 1200  365.0  1   646400.7 149651.2  2719.1   3  -220   900   1  -1980   1   1    53    45    29   0  vaw
       6927   19690908 1200   19700908 1200  365.0  1   646277.2 149767.6  2724.4   3  -176   900   1  -1584   1   1    50    45    23   0  vaw
      AA_69   19690909 1200   19700908 1200  364.0  1   648269.4 147424.7  2522.1   3  -319   900   1  -2871   1   1    62    45    43   0  vaw
      CC_69   19690909 1200   19700908 1200  364.0  1   648160.5 147556.4  2528.9   3  -309   900   1  -2781   1   1    61    45    41   0  vaw
          F   19690908 1200   19700908 1200  365.0  1   646843.7 149203.5  2683.4   3  -256   900   1  -2304   1   1    56    45    34   0  vaw
          G   19690908 1200   19700908 1200  365.0  1   646989.3 149039.8  2671.3   3  -275   900   1  -2475   1   1    58    45    37   0  vaw
       G_64   19690908 1200   19700908 1200  365.0  1   646989.3 149039.8  2671.3   3  -275   900   1  -2475   1   1    58    45    37   0  vaw
     H_I_69   19690909 1200   19700908 1200  364.0  1   648982.8 147536.8  2503.7   3  -530   900   1  -4770   1   1    84    45    71   0  vaw
    H_II_69   19690909 1200   19700908 1200  364.0  1   648881.5 147470.6  2511.0   3  -482   900   1  -4338   1   1    79    45    65   0  vaw
   H_III_69   19690909 1200   19700908 1200  364.0  1   648710.1 147358.7  2519.3   3  -406   900   1  -3654   1   1    70    45    54   0  vaw
       H_IV   19690909 1200   19700908 1200  364.0  1   648446.4 147188.4  2511.9   3  -336   900   1  -3024   1   1    63    45    45   0  vaw
     H_V_69   19690909 1200   19700908 1200  364.0  1   648181.3 147017.4  2518.4   3  -331   900   1  -2979   1   1    63    45    44   0  vaw
    H_VI_69   19690909 1200   19700908 1200  364.0  1   647891.1 146830.7  2519.5   3  -393   900   1  -3537   1   1    69    45    53   0  vaw
      HH_69   19690908 1200   19700908 1200  365.0  1   646530.4 149521.5  2710.5   3  -218   900   1  -1962   1   1    53    45    29   0  vaw
   HH_II_69   19690909 1200   19700908 1200  364.0  1   648854.6 147514.3  2514.4   3  -424   900   1  -3816   1   1    72    45    57   0  vaw
  HH_III_69   19690909 1200   19700908 1200  364.0  1   648649.1 147463.5  2523.7   3  -415   900   1  -3735   1   1    71    45    56   0  vaw
     K_I_69   19690908 1200   19700908 1200  365.0  1   647013.0 149831.9  2707.8   3  -417   900   1  -3753   1   1    72    45    56   0  vaw
    K_II_69   19690908 1200   19700908 1200  365.0  1   646836.0 149611.6  2697.1   3  -273   900   1  -2457   1   1    58    45    36   0  vaw
   K_III_69   19690908 1200   19700908 1200  365.0  1   646780.7 149543.2  2698.6   3  -255   900   1  -2295   1   1    56    45    34   0  vaw
       K_IV   19690908 1200   19700908 1200  365.0  1   646645.6 149376.9  2699.1   3  -262   900   1  -2358   1   1    57    45    35   0  vaw
     K_V_69   19690908 1200   19700908 1200  365.0  1   646514.4 149215.6  2698.7   3  -271   900   1  -2439   1   1    57    45    36   0  vaw
    K_VI_69   19690908 1200   19700908 1200  365.0  1   646355.8 149021.4  2695.1   3  -222   900   1  -1998   1   1    54    45    29   0  vaw
      KK_69   19690908 1200   19700908 1200  365.0  1   646400.7 149651.2  2719.1   3  -220   900   1  -1980   1   1    53    45    29   0  vaw
      LL_69   19690908 1200   19700908 1200  365.0  1   646277.2 149762.6  2724.4   3  -176   900   1  -1584   1   1    50    45    23   0  vaw
          P   19690908 1200   19700908 1200  365.0  1   647114.3 148893.6  2658.1   3  -295   900   1  -2655   1   1    60    45    39   0  vaw
       P_64   19690908 1200   19700908 1200  365.0  1   647114.3 148893.6  2658.1   3  -295   900   1  -2655   1   1    60    45    39   0  vaw
         P5   19690908 1200   19700908 1200  365.0  1   642625.8 155475.0  3505.0   4   551   501   1   2760   1   1    48    25    41   0  vaw
        PXX   19690909 1200   19700908 1200  364.0  1   648881.5 147470.6  2511.0   3  -482   900   1  -4338   1   1    79    45    65   0  vaw
        PXX   19690909 1200   19700908 1200  364.0  1   648854.6 147514.3  2514.4   3  -424   900   1  -3816   1   1    72    45    57   0  vaw
        PXX   19690909 1200   19700908 1200  364.0  1   648649.1 147463.5  2523.7   3  -415   900   1  -3735   1   1    71    45    56   0  vaw
        PXX   19690909 1200   19700908 1200  364.0  1   648710.1 147358.7  2519.3   3  -406   900   1  -3654   1   1    70    45    54   0  vaw
        PXX   19690909 1200   19700908 1200  364.0  1   647891.1 146830.7  2519.5   3  -393   900   1  -3537   1   1    69    45    53   0  vaw
        PXX   19690908 1200   19700908 1200  365.0  1   646836.0 149611.6  2697.1   3  -273   900   1  -2457   1   1    58    45    36   0  vaw
        PXX   19690908 1200   19700908 1200  365.0  1   646780.7 149543.2  2698.6   3  -255   900   1  -2295   1   1    56    45    34   0  vaw
        PXX   19690908 1200   19700908 1200  365.0  1   646355.8 149021.4  2695.1   3  -222   900   1  -1998   1   1    54    45    29   0  vaw
       R_64   19690909 1200   19700908 1200  364.0  1   648827.9 146346.0  2484.2   3  -363   900   1  -3267   1   1    66    45    49   0  vaw
       Y_64   19690909 1200   19700908 1200  364.0  1   648876.2 146172.2  2478.6   3  -350   900   1  -3150   1   1    65    45    47   0  vaw
       Z_69   19690909 1200   19700908 1200  364.0  1   648370.3 147290.1  2516.4   3  -339   900   1  -3051   1   1    64    45    45   0  vaw
       6906   19690910 1200   19700909 1200  364.0  1   649170.2 145114.2  2408.6   3  -410   900   1  -3690   1   1    71    45    55   0  vaw
         AQ   19690910 1200   19700909 1200  364.0  1   649057.8 145503.5  2439.7   3  -404   900   1  -3636   1   1    70    45    54   0  vaw
         AR   19690910 1200   19700909 1200  364.0  1   649091.3 145359.0  2426.4   3  -409   900   1  -3681   1   1    71    45    55   0  vaw
         AS   19690910 1200   19700909 1200  364.0  1   649135.6 145226.9  2415.6   3  -409   900   1  -3681   1   1    71    45    55   0  vaw
         AT   19690910 1200   19700909 1200  364.0  1   649260.2 144358.2  2382.0   3  -431   900   1  -3879   1   1    73    45    58   0  vaw
         AV   19690910 1200   19700909 1200  364.0  1   649270.2 144087.6  2371.6   3  -427   900   1  -3843   1   1    73    45    57   0  vaw
          C   19690910 1200   19700909 1200  364.0  1   649205.8 144877.6  2399.8   3  -395   900   1  -3555   1   1    69    45    53   0  vaw
       C_67   19690910 1200   19700909 1200  364.0  1   649205.8 144877.6  2399.8   3  -395   900   1  -3555   1   1    69    45    53   0  vaw
          D   19690910 1200   19700909 1200  364.0  1   649218.0 144790.7  2396.3   3  -399   900   1  -3591   1   1    70    45    53   0  vaw
       D_67   19690910 1200   19700909 1200  364.0  1   649228.7 144749.0  2395.2   3  -393   900   1  -3537   1   1    69    45    53   0  vaw
          J   19690910 1200   19700909 1200  364.0  1   649247.5 144620.3  2390.9   3  -421   900   1  -3789   1   1    72    45    56   0  vaw
       J_67   19690910 1200   19700909 1200  364.0  1   649247.5 144620.3  2390.9   3  -325   900   1  -2925   1   1    62    45    43   0  vaw
     M_I_69   19690910 1200   19700909 1200  364.0  1   649771.4 144848.8  2387.7   3  -399   900   1  -3591   1   1    70    45    53   0  vaw
    M_II_69   19690910 1200   19700909 1200  364.0  1   649583.8 144829.5  2395.6   3  -392   900   1  -3528   1   1    69    45    52   0  vaw
   M_III_69   19690910 1200   19700909 1200  364.0  1   649455.1 144815.0  2398.9   3  -468   900   1  -4212   1   1    77    45    63   0  vaw
       M_IV   19690910 1200   19700909 1200  364.0  1   649228.7 144749.0  2395.2   3  -393   900   1  -3537   1   1    69    45    53   0  vaw
    M_IV_69   19690910 1200   19700909 1200  364.0  1   649218.0 144790.7  2396.3   3  -399   900   1  -3591   1   1    70    45    53   0  vaw
     M_V_69   19690910 1200   19700909 1200  364.0  1   648844.3 144752.3  2405.6   3  -413   900   1  -3717   1   1    71    45    55   0  vaw
    M_VI_69   19690910 1200   19700909 1200  364.0  1   648592.2 144726.6  2400.3   3  -530   900   1  -4770   1   1    84    45    71   0  vaw
   MM_II_69   19690910 1200   19700909 1200  364.0  1   649571.9 144885.0  2397.8   3  -469   900   1  -4221   1   1    77    45    63   0  vaw
  MM_III_69   19690910 1200   19700909 1200  364.0  1   649432.0 144936.3  2404.5   3  -472   900   1  -4248   1   1    78    45    63   0  vaw
        PXX   19690910 1200   19700909 1200  364.0  1   648592.2 144726.6  2400.3   3  -530   900   1  -4770   1   1    84    45    71   0  vaw
        PXX   19690910 1200   19700909 1200  364.0  1   649432.0 144936.3  2404.5   3  -472   900   1  -4248   1   1    78    45    63   0  vaw
        PXX   19690910 1200   19700909 1200  364.0  1   649571.9 144885.0  2397.8   3  -469   900   1  -4221   1   1    77    45    63   0  vaw
        PXX   19690910 1200   19700909 1200  364.0  1   649455.1 144815.0  2398.9   3  -468   900   1  -4212   1   1    77    45    63   0  vaw
        PXX   19690910 1200   19700909 1200  364.0  1   649583.8 144829.5  2395.6   3  -392   900   1  -3528   1   1    69    45    52   0  vaw
          W   19690910 1200   19700909 1200  364.0  1   649195.7 144996.9  2404.0   3  -414   900   1  -3726   1   1    71    45    55   0  vaw
       W_69   19690910 1200   19700909 1200  364.0  1   649195.7 144996.9  2404.0   3  -413   900   1  -3717   1   1    71    45    55   0  vaw
          X   19690910 1200   19700909 1200  364.0  1   649170.2 145114.2  2408.6   3  -411   900   1  -3699   1   1    71    45    55   0  vaw
         P3   19690908 1200   19700912 1200  369.0  1   641831.4 154819.2  3350.0   4   379   536   1   2031   1   1    40    26    30   0  glrep
       6902   19690915 1200   19700914 1200  364.0  1   647959.6 141596.0  2177.4   3  -563   900   1  -5067   1   1    88    45    76   0  vaw
       6903   19690915 1200   19700914 1200  364.0  1   647994.0 141678.7  2182.8   3  -538   900   1  -4842   1   1    85    45    72   0  vaw
       6904   19690915 1200   19700914 1200  364.0  1   648041.8 141761.6  2189.3   3  -551   900   1  -4959   1   1    86    45    74   0  vaw
       EGIG   19690917 1200   19700914 1200  362.0  2   642745.0 155226.0  3472.0   4    50   539   6    269   1   1   116   112    32   0  vaw
       L_67   19690915 1200   19700914 1200  364.0  1   647933.9 141529.1  2174.5   3  -565   900   1  -5085   1   1    88    45    76   0  vaw
       M_67   19690915 1200   19700914 1200  364.0  1   647899.7 141424.2  2167.9   3  -585   900   1  -5265   1   1    90    45    78   0  vaw
       N_67   19690915 1200   19700914 1200  364.0  1   647865.7 141334.5  2159.1   3  -619   900   1  -5571   1   1    94    45    83   0  vaw
        P11   19690911 1200   19700914 1200  368.0  1   644570.2 156375.9  3440.0   4   548   544   1   2981   1   1    52    27    44   0  vaw
       Q_69   19690915 1200   19700914 1200  364.0  1   646742.5 140102.6  3000.0   4  -967   900   1  -8703   1   1   138    45   130   0  vaw
       S_69   19690915 1200   19700914 1200  364.0  1   646911.3 139926.9  3000.0   4  -756   900   1  -6804   1   1   111    45   102   0  vaw
       T_69   19690915 1200   19700914 1200  364.0  1   647959.6 141596.0  2177.4   3  -563   900   1  -5067   1   1    88    45    76   0  vaw
       U_69   19690915 1200   19700914 1200  364.0  1   647994.0 141678.7  2182.8   3  -538   900   1  -4842   1   1    85    45    72   0  vaw
       V_69   19690915 1200   19700914 1200  364.0  1   648041.8 141761.6  2189.3   3  -551   900   1  -4959   1   1    86    45    74   0  vaw
       A_69   19690916 1200   19700915 1200  364.0  1   644657.5 138337.8  1657.0   3 -1390   900   1 -12510   1   1   192    45   187   0  vaw
       B_69   19690916 1200   19700915 1200  364.0  1   644835.6 138424.2  1692.2   3 -1071   900   1  -9639   1   1   151    45   144   0  vaw
       E_69   19690916 1200   19700915 1200  364.0  1   645031.6 138569.8  1728.6   3 -1256   900   1 -11304   1   1   175    45   169   0  vaw
       H_69   19690916 1200   19700915 1200  364.0  1   645177.7 138855.8  1781.3   3 -1122   900   1 -10098   1   1   158    45   151   0  vaw
      NN_69   19690916 1200   19700915 1200  364.0  1   645168.9 138658.5  1768.4   3 -1147   900   1 -10323   1   1   161    45   154   0  vaw
       O_69   19690916 1200   19700915 1200  364.0  1   645320.1 138923.7  1810.1   3  -990   900   1  -8910   1   1   141    45   133   0  vaw
         P9   19690919 1200   19700920 1200  366.0  1   643586.3 152784.3  2935.0   4    65   539   6    350   1   1    49    26    42   0  vaw
        P10   19690919 1200   19701013 1200  389.0  1   644568.4 151972.5  2860.0   4    35   539   6    188   1   1    35    26    22   0  vaw
       6925   19701014 1200   19710831 1200  321.0  1   646687.7 149365.1  2695.2   3  -240   900   1  -2160   1   1    55    45    32   0  vaw
       6927   19701014 1200   19710831 1200  321.0  1   646424.3 149627.2  2715.9   3  -210   900   1  -1890   1   1    53    45    28   0  vaw
       6408   19700908 1200   19710907 1200  364.0  1   646984.2 149044.7  2671.5   3  -382   900   1  -3438   1   1    68    45    51   0  vaw
       6924   19701014 1200   19710907 1200  328.0  1   646802.1 149215.2  2685.0   3  -292   900   1  -2628   1   1    59    45    39   0  vaw
       6926   19700908 1200   19710907 1200  364.0  1   646542.2 149512.3  2708.7   3  -337   900   1  -3033   1   1    63    45    45   0  vaw
          F   19700908 1200   19710907 1200  364.0  1   646984.2 149044.7  2671.5   3  -382   900   1  -3438   1   1    68    45    51   0  vaw
          G   19700908 1200   19710907 1200  364.0  1   647124.9 148874.5  2656.0   3  -420   900   1  -3780   1   1    72    45    56   0  vaw
       G_64   19700908 1200   19710907 1200  364.0  1   647124.9 148874.5  2656.0   3  -420   900   1  -3780   1   1    72    45    56   0  vaw
      HH_69   19700908 1200   19710907 1200  364.0  1   646674.4 149378.6  2697.1   3  -320   900   1  -2880   1   1    62    45    43   0  vaw
       K_IV   19700908 1200   19710907 1200  364.0  1   646788.9 149229.3  2686.4   3  -328   900   1  -2952   1   1    63    45    44   0  vaw
      KK_69   19700908 1200   19710907 1200  364.0  1   646542.2 149512.3  2708.7   3  -337   900   1  -3033   1   1    63    45    45   0  vaw
      LL_69   19700908 1200   19710907 1200  364.0  1   646411.4 149639.8  2717.5   3  -291   900   1  -2619   1   1    59    45    39   0  vaw
          P   19700908 1200   19710907 1200  364.0  1   647242.8 148726.0  2641.4   3  -407   900   1  -3663   1   1    71    45    54   0  vaw
       P_64   19700908 1200   19710907 1200  364.0  1   647242.8 148726.0  2641.4   3  -407   900   1  -3663   1   1    71    45    54   0  vaw
       6906   19700909 1200   19710908 1200  364.0  1   649202.4 144973.4  2401.8   3  -462   900   1  -4158   1   1    76    45    62   0  vaw
       6918   19700908 1200   19710908 1200  365.0  1   648530.6 147059.5  2506.4   3  -442   900   1  -3978   1   1    74    45    59   0  vaw
       6921   19700908 1200   19710908 1200  365.0  1   648460.1 147162.1  2511.0   3  -421   900   1  -3789   1   1    72    45    56   0  vaw
       6922   19700908 1200   19710908 1200  365.0  1   648367.5 147297.8  2516.7   3  -411   900   1  -3699   1   1    71    45    55   0  vaw
       6923   19700908 1200   19710908 1200  365.0  1   648268.6 147429.0  2522.0   3  -431   900   1  -3879   1   1    73    45    58   0  vaw
      AA_69   19700908 1200   19710908 1200  365.0  1   648367.5 147297.8  2516.7   3  -411   900   1  -3699   1   1    71    45    55   0  vaw
         AQ   19700909 1200   19710908 1200  364.0  1   649100.4 145366.6  2426.3   3  -495   900   1  -4455   1   1    80    45    66   0  vaw
         AR   19700909 1200   19710908 1200  364.0  1   649131.8 145222.1  2414.4   3  -494   900   1  -4446   1   1    80    45    66   0  vaw
         AS   19700909 1200   19710908 1200  364.0  1   649171.6 145088.3  2406.8   3  -508   900   1  -4572   1   1    82    45    68   0  vaw
         AT   19700909 1200   19710908 1200  364.0  1   649258.2 144211.3  2375.5   3  -529   900   1  -4761   1   1    84    45    71   0  vaw
          C   19700909 1200   19710908 1200  364.0  1   649229.2 144734.0  2394.0   3  -445   900   1  -4005   1   1    75    45    60   0  vaw
       C_67   19701014 1200   19710908 1200  329.0  1   649231.2 144720.9  2393.1   3  -375   900   1  -3375   1   1    67    45    50   0  vaw
      CC_69   19700908 1200   19710908 1200  365.0  1   648268.6 147429.0  2522.0   3  -432   900   1  -3888   1   1    73    45    58   0  vaw
     H_I_69   19700908 1200   19710908 1200  365.0  1   648990.0 147529.5  2501.1   3  -491   900   1  -4419   1   1    80    45    66   0  vaw
    H_II_69   19700908 1200   19710908 1200  365.0  1   648915.2 147426.0  2506.4   3  -487   900   1  -4383   1   1    79    45    65   0  vaw
   H_III_69   19700908 1200   19710908 1200  365.0  1   648787.5 147246.1  2512.5   3  -502   900   1  -4518   1   1    81    45    67   0  vaw
       H_IV   19700908 1200   19710908 1200  365.0  1   648530.6 147059.5  2506.4   3  -442   900   1  -3978   1   1    74    45    59   0  vaw
     H_V_69   19700908 1200   19710908 1200  365.0  1   648257.9 146894.0  2511.7   3  -413   900   1  -3717   1   1    71    45    55   0  vaw
    H_VI_69   19700908 1200   19710908 1200  365.0  1   647950.5 146726.8  2510.0   3  -508   900   1  -4572   1   1    82    45    68   0  vaw
   HH_II_69   19700908 1200   19710908 1200  365.0  1   648888.3 147470.5  2510.6   3  -541   900   1  -4869   1   1    85    45    73   0  vaw
  HH_III_69   19700908 1200   19710908 1200  365.0  1   648728.3 147350.8  2518.5   3  -521   900   1  -4689   1   1    83    45    70   0  vaw
     M_I_69   19700909 1200   19710908 1200  364.0  1   649774.7 144827.4  2387.2   3  -491   900   1  -4419   1   1    80    45    66   0  vaw
    M_II_69   19700909 1200   19710908 1200  364.0  1   649599.7 144715.6  2390.0   3  -540   900   1  -4860   1   1    85    45    72   0  vaw
   M_III_69   19700909 1200   19710908 1200  364.0  1   649474.4 144676.6  2392.1   3  -541   900   1  -4869   1   1    85    45    73   0  vaw
       M_IV   19700909 1200   19710908 1200  364.0  1   649237.3 144646.5  2390.7   3  -458   900   1  -4122   1   1    76    45    61   0  vaw
    M_IV_69   19700909 1200   19710908 1200  364.0  1   649237.3 144646.5  2390.7   3  -457   900   1  -4113   1   1    76    45    61   0  vaw
     M_V_69   19700909 1200   19710908 1200  364.0  1   648860.9 144621.0  2397.4   3  -528   900   1  -4752   1   1    84    45    71   0  vaw
    M_VI_69   19700909 1200   19710908 1200  364.0  1   648606.4 144613.9  2390.8   3  -571   900   1  -5139   1   1    89    45    77   0  vaw
   MM_II_69   19700909 1200   19710908 1200  364.0  1   649589.3 144769.8  2391.3   3  -497   900   1  -4473   1   1    80    45    67   0  vaw
  MM_III_69   19700909 1200   19710908 1200  364.0  1   649456.2 144798.3  2397.4   3  -525   900   1  -4725   1   1    83    45    70   0  vaw
        PXX   19700909 1200   19710908 1200  364.0  1   648606.4 144613.9  2390.8   3  -571   900   1  -5139   1   1    89    45    77   0  vaw
        PXX   19700908 1200   19710908 1200  365.0  1   648888.3 147470.5  2510.6   3  -541   900   1  -4869   1   1    85    45    73   0  vaw
        PXX   19700909 1200   19710908 1200  364.0  1   649474.4 144676.6  2392.1   3  -541   900   1  -4869   1   1    85    45    73   0  vaw
        PXX   19700909 1200   19710908 1200  364.0  1   649599.7 144715.6  2390.0   3  -540   900   1  -4860   1   1    85    45    72   0  vaw
        PXX   19700909 1200   19710908 1200  364.0  1   649456.2 144798.3  2397.4   3  -525   900   1  -4725   1   1    83    45    70   0  vaw
        PXX   19700908 1200   19710908 1200  365.0  1   648728.3 147350.8  2518.5   3  -521   900   1  -4689   1   1    83    45    70   0  vaw
        PXX   19700908 1200   19710908 1200  365.0  1   647950.5 146726.8  2510.0   3  -508   900   1  -4572   1   1    82    45    68   0  vaw
        PXX   19700908 1200   19710908 1200  365.0  1   648787.5 147246.1  2512.5   3  -502   900   1  -4518   1   1    81    45    67   0  vaw
        PXX   19700909 1200   19710908 1200  364.0  1   649589.3 144769.8  2391.3   3  -497   900   1  -4473   1   1    80    45    67   0  vaw
        PXX   19700908 1200   19710908 1200  365.0  1   648915.2 147426.0  2506.4   3  -487   900   1  -4383   1   1    79    45    65   0  vaw
       R_64   19700908 1200   19710908 1200  365.0  1   648868.0 146210.2  2479.0   3  -448   900   1  -4032   1   1    75    45    60   0  vaw
          W   19700909 1200   19710908 1200  364.0  1   649223.9 144854.5  2397.9   3  -483   900   1  -4347   1   1    79    45    65   0  vaw
       W_69   19700909 1200   19710908 1200  364.0  1   649223.9 144854.5  2397.9   3  -484   900   1  -4356   1   1    79    45    65   0  vaw
          X   19700909 1200   19710908 1200  364.0  1   649202.4 144973.4  2401.8   3  -461   900   1  -4149   1   1    76    45    62   0  vaw
       Y_64   19700908 1200   19710908 1200  365.0  1   648914.2 146036.6  2472.9   3  -498   900   1  -4482   1   1    80    45    67   0  vaw
       Z_69   19700908 1200   19710908 1200  365.0  1   648460.1 147162.1  2511.0   3  -421   900   1  -3789   1   1    72    45    56   0  vaw
         P5   19700908 1200   19710910 1200  367.0  1   642625.8 155475.0  3505.0   4   446   498   2   2221   1   1   113    24   111   0  vaw
       6904   19700914 1200   19710913 1200  364.0  1   647983.1 141652.8  2181.6   3  -632   900   1  -5688   1   1    96    45    85   0  vaw
       L_67   19700914 1200   19710913 1200  364.0  1   647890.6 141415.7  2166.1   3 -1267   900   1 -11403   1   1   176    45   171   0  vaw
         P3   19700912 1200   19710913 1200  366.0  1   641831.4 154819.2  3350.0   4   242   500   2   1210   1   1    65    25    60   0  glrep
       Q_69   19700914 1200   19710913 1200  364.0  1   646643.3 140052.7  3000.0   4 -1203   900   1 -10827   1   1   168    45   162   0  vaw
       S_69   19700914 1200   19710913 1200  364.0  1   646807.4 139861.5  3000.0   4  -918   900   1  -8262   1   1   131    45   123   0  vaw
       T_69   19700914 1200   19710913 1200  364.0  1   647911.6 141483.9  2169.2   3  -650   900   1  -5850   1   1    98    45    87   0  vaw
       U_69   19700914 1200   19710913 1200  364.0  1   647940.7 141568.1  2175.1   3  -685   900   1  -6165   1   1   102    45    92   0  vaw
       V_69   19700912 1200   19710913 1200  366.0  1   647983.1 141652.8  2181.6   3  -632   900   1  -5688   1   1    96    45    85   0  vaw
         P9   19700920 1200   19710914 1200  359.0  1   643586.3 152784.3  2935.0   4   -40   600   4   -240   1   1    41    30    28   0  vaw
        P11   19700914 1200   19710916 1200  367.0  1   644570.2 156375.9  3440.0   4   392   508   2   1991   1   1   102    25    99   0  vaw
        P10   19700920 1200   19711003 1200  378.0  1   644568.4 151972.5  2860.0   4  -100   750   4   -750   1   1    97    37    89   0  vaw
       EGIG   19700914 1200   19711027 1200  408.0  3   642745.0 155226.0  3472.0   4   140   539   6    754   1   1   144   112    90   0  vaw
       6922   19710908 1200   19720824 1200  351.0  1   648457.6 147169.8  2510.0   3  -251   900   1  -2259   1   1    56    45    33   0  vaw
       6923   19710908 1200   19720824 1200  351.0  1   648366.9 147302.2  2514.8   3  -344   900   1  -3096   1   1    64    45    46   0  vaw
       6924   19710907 1200   19720824 1200  352.0  1   646929.7 149073.7  2674.6   3  -218   900   1  -1962   1   1    53    45    29   0  vaw
       6926   19710907 1200   19720824 1200  352.0  1   646685.8 149370.2  2694.7   3  -178   900   1  -1602   1   1    51    45    24   0  vaw
       7117   19710913 1200   19720827 1200  349.0  1   648149.2 141564.2  2180.0   3  -579   900   1  -5211   1   1    90    45    78   0  vaw
       7118   19710913 1200   19720827 1200  349.0  1   648199.6 141667.5  2186.1   3  -473   900   1  -4257   1   1    78    45    63   0  vaw
       6906   19710908 1200   19720828 1200  355.0  1   649230.1 144831.1  2396.0   3  -344   900   1  -3096   1   1    64    45    46   0  vaw
       6408   19710907 1200   19720912 1200  371.0  1   647119.6 148880.7  2655.4   3  -310   900   1  -2790   1   1    61    45    41   0  vaw
       6925   19710907 1200   19720912 1200  371.0  1   646816.9 149231.3  2684.3   3  -259   900   1  -2331   1   1    56    45    34   0  vaw
       6927   19710907 1200   19720912 1200  371.0  1   646552.7 149501.4  2706.4   3  -219   900   1  -1971   1   1    53    45    29   0  vaw
          F   19710907 1200   19720912 1200  371.0  1   647119.6 148880.7  2655.4   3  -310   900   1  -2790   1   1    61    45    41   0  vaw
          G   19710907 1200   19720912 1200  371.0  1   647251.7 148708.1  2638.3   3  -327   900   1  -2943   1   1    63    45    44   0  vaw
       G_64   19710907 1200   19720912 1200  371.0  1   647251.7 148708.1  2638.3   3  -327   900   1  -2943   1   1    63    45    44   0  vaw
      HH_69   19710907 1200   19720912 1200  371.0  1   646816.9 149231.3  2684.3   3  -259   900   1  -2331   1   1    56    45    34   0  vaw
       K_IV   19710907 1200   19720912 1200  371.0  1   646929.7 149073.7  2674.6   3  -253   900   1  -2277   1   1    56    45    34   0  vaw
      KK_69   19710907 1200   19720912 1200  371.0  1   646685.8 149370.2  2694.7   3  -223   900   1  -2007   1   1    54    45    30   0  vaw
      LL_69   19710907 1200   19720912 1200  371.0  1   646552.7 149501.4  2706.4   3  -219   900   1  -1971   1   1    53    45    29   0  vaw
        P11   19710916 1200   19720912 1200  362.0  1   644570.2 156375.9  3440.0   4   360   503   2   1810   1   1    93    25    90   0  vaw
       6918   19710908 1200   19720913 1200  371.0  1   648606.8 146929.3  2499.6   3  -318   900   1  -2862   1   1    62    45    42   0  vaw
       6921   19710908 1200   19720913 1200  371.0  1   648542.8 147032.8  2503.9   3  -278   900   1  -2502   1   1    58    45    37   0  vaw
      AA_69   19710908 1200   19720913 1200  371.0  1   648457.6 147169.8  2510.0   3  -321   900   1  -2889   1   1    62    45    43   0  vaw
       H_IV   19710908 1200   19720913 1200  371.0  1   648606.8 146929.3  2499.6   3  -318   900   1  -2862   1   1    62    45    42   0  vaw
          X   19710908 1200   19720913 1200  371.0  1   649230.1 144831.1  2396.0   3  -371   900   1  -3339   1   1    67    45    50   0  vaw
       Y_64   19710908 1200   19720913 1200  371.0  1   648951.6 145900.9  2465.3   3  -406   900   1  -3654   1   1    70    45    54   0  vaw
       Z_69   19710908 1200   19720913 1200  371.0  1   648542.8 147032.8  2503.9   3  -327   900   1  -2943   1   1    63    45    44   0  vaw
       6904   19710913 1200   19720918 1200  371.0  1   647932.1 141543.1  2172.2   3  -537   900   1  -4833   1   1    85    45    72   0  vaw
       7108   19710913 1200   19720918 1200  371.0  1   646906.0 139914.8  2984.9   3  -880   900   1  -7920   1   1   127    45   118   0  vaw
       7109   19710913 1200   19720918 1200  371.0  1   646748.2 140097.5  3065.1   3  -826   900   1  -7434   1   1   120    45   111   0  vaw
       7110   19710913 1200   19720918 1200  371.0  1   647413.7 141948.4  2177.8   3  -541   900   1  -4869   1   1    85    45    73   0  vaw
       7111   19710913 1200   19720918 1200  371.0  1   647454.3 142039.1  2180.7   3  -625   900   1  -5625   1   1    95    45    84   0  vaw
       7112   19710913 1200   19720918 1200  371.0  1   647693.9 141795.0  2172.9   3  -524   900   1  -4716   1   1    83    45    70   0  vaw
       7113   19710913 1200   19720918 1200  371.0  1   647740.6 141897.3  2179.1   3  -556   900   1  -5004   1   1    87    45    75   0  vaw
       7114   19710913 1200   19720918 1200  371.0  1   647980.8 141650.0  2179.4   3  -551   900   1  -4959   1   1    86    45    74   0  vaw
       7115   19710913 1200   19720918 1200  371.0  1   648034.4 141759.5  2184.9   3  -543   900   1  -4887   1   1    86    45    73   0  vaw
       7116   19710913 1200   19720918 1200  371.0  1   648101.7 141864.1  2191.7   3  -498   900   1  -4482   1   1    80    45    67   0  vaw
       7119   19710913 1200   19720918 1200  371.0  1   648265.3 141506.0  2181.4   3  -907   900   1  -8163   1   1   130    45   122   0  vaw
       7120   19710913 1200   19720918 1200  371.0  1   648322.9 141592.2  2184.7   3  -707   900   1  -6363   1   1   105    45    95   0  vaw
       J_71   19710913 1200   19720918 1200  371.0  1   646906.0 139914.8  2984.9   3  -880   900   1  -7920   1   1   127    45   118   0  vaw
       L_71   19710913 1200   19720918 1200  371.0  1   646748.2 140097.5  3065.1   3  -826   900   1  -7434   1   1   120    45   111   0  vaw
         P5   19710910 1200   19720918 1200  374.0  1   642625.8 155475.0  3505.0   4   465   501   2   2329   1   1   119    25   116   0  vaw
   R_III_71   19710913 1200   19720918 1200  371.0  1   647980.8 141650.0  2179.4   3  -584   900   1  -5256   1   1    90    45    78   0  vaw
  RR_III_71   19710913 1200   19720918 1200  371.0  1   648037.4 141759.5  2184.9   3  -543   900   1  -4887   1   1    86    45    73   0  vaw
 RRR_III_71   19710913 1200   19720918 1200  371.0  1   648101.7 141864.1  2191.7   3  -498   900   1  -4482   1   1    80    45    67   0  vaw
       T_69   19710913 1200   19720918 1200  371.0  1   647871.8 141370.4  2159.3   3  -603   900   1  -5427   1   1    93    45    81   0  vaw
       U_69   19710913 1200   19720918 1200  371.0  1   647895.3 141456.5  2164.9   3  -567   900   1  -5103   1   1    88    45    76   0  vaw
       V_69   19710913 1200   19720918 1200  371.0  1   647932.1 141543.1  2172.2   3  -537   900   1  -4833   1   1    85    45    72   0  vaw
       7101   19710914 1200   19720919 1200  371.0  1   644688.4 138397.5  1668.4   3 -1155   900   1 -10395   1   1   162    45   155   0  vaw
       7102   19710914 1200   19720919 1200  371.0  1   645005.2 138547.2  1711.5   3 -1392   900   1 -12528   1   1   193    45   187   0  vaw
       7103   19710914 1200   19720919 1200  371.0  1   645122.4 138614.3  1742.8   3 -1282   900   1 -11538   1   1   178    45   173   0  vaw
       7104   19710914 1200   19720919 1200  371.0  1   645188.9 138856.9  1778.5   3 -1094   900   1  -9846   1   1   154    45   147   0  vaw
       7105   19710914 1200   19720919 1200  371.0  1   645328.3 138930.9  1806.3   3 -1014   900   1  -9126   1   1   144    45   136   0  vaw
       7106   19710914 1200   19720919 1200  371.0  1   646000.4 139342.1  3453.2   3  -914   900   1  -8226   1   1   131    45   123   0  vaw
       7107   19710914 1200   19720919 1200  371.0  1   646063.8 139422.1  3500.5   3  -805   900   1  -7245   1   1   117    45   108   0  vaw
         P3   19710910 1200   19720927 1200  383.0  1   641831.4 154819.2  3350.0   4   360   483   2   1738   1   1    90    24    86   0  glrep
        P10   19710914 1200   19720929 1200  381.0  1   644568.4 151972.5  2860.0   4   -30   900   1   -270   1   1    45    45     4   0  vaw
         P9   19710914 1200   19720929 1200  381.0  1   643586.3 152784.3  2935.0   4    45   511   2    229   1   1    28    25    11   0  vaw
       EGIG   19711027 1200   19721024 1200  363.0  1   642745.0 155226.0  3472.0   4   280   539   6   1509   1   1   183    26   181   0  vaw
      72551   19720831 1200   19730719 1200  322.0  1   649172.8 143609.2  2341.8   3  -311   900   1  -2799   1   1    61    45    41   0  vaw
      72552   19720831 1200   19730719 1200  322.0  1   649195.2 143632.0  2343.7   3  -294   900   1  -2646   1   1    60    45    39   0  vaw
      72553   19720831 1200   19730719 1200  322.0  1   649152.4 143635.2  2343.5   3  -321   900   1  -2889   1   1    62    45    43   0  vaw
      72554   19720831 1200   19730719 1200  322.0  1   649175.7 143654.3  2344.2   3  -285   900   1  -2565   1   1    59    45    38   0  vaw
       6926   19720912 1200   19730911 1200  364.0  1   646828.4 149221.7  2682.4   3  -355   900   1  -3195   1   1    65    45    47   0  vaw
       6927   19720912 1200   19730911 1200  364.0  1   646696.3 149358.4  2693.1   3  -290   900   1  -2610   1   1    59    45    39   0  vaw
      72250   19720912 1200   19730911 1200  364.0  1   646657.0 149401.7  2696.1   3  -292   900   1  -2628   1   1    59    45    39   0  vaw
      72251   19720912 1200   19730911 1200  364.0  1   646511.9 149544.2  2709.0   3  -278   900   1  -2502   1   1    58    45    37   0  vaw
      72252   19720912 1200   19730911 1200  364.0  1   646370.9 149684.0  2717.3   3  -295   900   1  -2655   1   1    60    45    39   0  vaw
      72253   19720912 1200   19730911 1200  364.0  1   646230.1 149804.6  2723.7   3  -278   900   1  -2502   1   1    58    45    37   0  vaw
      72254   19720912 1200   19730911 1200  364.0  1   646100.7 149916.0  2729.7   3  -210   900   1  -1890   1   1    53    45    28   0  vaw
      HH_69   19720912 1200   19730911 1200  364.0  1   646958.0 149072.0  2672.6   3    -7   900   1    -63   1   1    45    45     0   0  vaw
      KK_69   19720912 1200   19730911 1200  364.0  1   646828.4 149221.7  2682.4   3  -355   900   1  -3195   1   1    65    45    47   0  vaw
      LL_69   19720912 1200   19730911 1200  364.0  1   646696.3 149358.4  2693.1   3  -290   900   1  -2610   1   1    59    45    39   0  vaw
      72351   19720913 1200   19730912 1200  364.0  1   648353.3 147313.4  2515.3   3  -435   900   1  -3915   1   1    73    45    58   0  vaw
      72352   19720913 1200   19730912 1200  364.0  1   648254.5 147439.0  2521.2   3  -421   900   1  -3789   1   1    72    45    56   0  vaw
      72353   19720913 1200   19730912 1200  364.0  1   648145.8 147564.5  2528.2   3  -393   900   1  -3537   1   1    69    45    53   0  vaw
      72354   19720913 1200   19730912 1200  364.0  1   648028.3 147693.1  2538.7   3  -382   900   1  -3438   1   1    68    45    51   0  vaw
        P11   19720912 1200   19730912 1200  365.0  1   644570.2 156375.9  3440.0   4   360   533   2   1918   1   1    99    26    95   0  vaw
      72450   19720913 1200   19730913 1200  365.0  1   649239.1 144804.7  2394.9   3  -454   900   1  -4086   1   1    76    45    61   0  vaw
      72450   19721010 1200   19730913 1200  338.0  1   649240.7 144795.0  2394.5   3  -425   900   1  -3825   1   1    72    45    57   0  vaw
      72451   19720913 1200   19730913 1200  365.0  1   649214.3 144949.9  2400.1   3  -477   900   1  -4293   1   1    78    45    64   0  vaw
      72451   19721010 1200   19730913 1200  338.0  1   649216.4 144940.3  2399.7   3  -445   900   1  -4005   1   1    75    45    60   0  vaw
      72452   19720913 1200   19730913 1200  365.0  1   649180.1 145089.1  2405.7   3  -436   900   1  -3924   1   1    74    45    58   0  vaw
      72452   19721010 1200   19730913 1200  338.0  1   649182.3 145079.7  2405.3   3  -420   900   1  -3780   1   1    72    45    56   0  vaw
      72453   19720913 1200   19730913 1200  365.0  1   649142.8 145226.8  2412.9   3  -446   900   1  -4014   1   1    75    45    60   0  vaw
      72453   19721010 1200   19730913 1200  338.0  1   649145.5 145217.5  2412.3   3  -430   900   1  -3870   1   1    73    45    58   0  vaw
      72454   19720913 1200   19730913 1200  365.0  1   649103.4 145362.6  2425.4   3  -496   900   1  -4464   1   1    80    45    66   0  vaw
         P5   19720918 1200   19730915 1200  362.0  1   642625.8 155475.0  3505.0   4   410   495   2   2029   1   1   104    24   101   0  vaw
       7106   19720919 1200   19730917 1200  363.0  1   645943.9 139275.9  3412.1   3 -1021   900   1  -9189   1   1   144    45   137   0  vaw
       7107   19720919 1200   19730917 1200  363.0  1   646000.6 139361.1  3453.2   3  -807   900   1  -7263   1   1   117    45   108   0  vaw
       7108   19720918 1200   19730917 1200  364.0  1   646803.6 139849.9  3026.5   3  -955   900   1  -8595   1   1   136    45   128   0  vaw
       7109   19720918 1200   19730917 1200  364.0  1   646649.6 140048.8  3101.6   3  -862   900   1  -7758   1   1   124    45   116   0  vaw
       7110   19720918 1200   19730917 1200  364.0  1   647379.4 141873.5  2172.5   3  -749   900   1  -6741   1   1   110    45   101   0  vaw
       7111   19720918 1200   19730917 1200  364.0  1   647415.6 141962.1  2174.8   3  -620   900   1  -5580   1   1    95    45    83   0  vaw
       7112   19720918 1200   19730917 1200  364.0  1   647639.7 141675.2  2166.6   3  -530   900   1  -4770   1   1    84    45    71   0  vaw
       7113   19720918 1200   19730917 1200  364.0  1   647680.6 141778.7  2172.5   3  -578   900   1  -5202   1   1    90    45    78   0  vaw
       7114   19720918 1200   19730917 1200  364.0  1   647929.8 141540.2  2170.9   3  -621   900   1  -5589   1   1    95    45    83   0  vaw
       7115   19720918 1200   19730917 1200  364.0  1   647979.1 141652.0  2176.8   3  -564   900   1  -5076   1   1    88    45    76   0  vaw
       7116   19720918 1200   19730917 1200  364.0  1   648036.4 141758.7  2183.7   3  -594   900   1  -5346   1   1    91    45    80   0  vaw
       7117   19720918 1200   19730917 1200  364.0  1   648103.5 141468.3  2173.1   3  -660   900   1  -5940   1   1    99    45    89   0  vaw
       7118   19720918 1200   19730917 1200  364.0  1   648148.0 141572.9  2179.5   3  -580   900   1  -5220   1   1    90    45    78   0  vaw
       J_71   19720918 1200   19730917 1200  364.0  1   646803.6 139849.9  3026.5   3  -955   900   1  -8595   1   1   136    45   128   0  vaw
       L_71   19720918 1200   19730917 1200  364.0  1   646649.6 140048.8  3101.6   3  -862   900   1  -7758   1   1   124    45   116   0  vaw
        P10   19720929 1200   19730917 1200  353.0  1   644568.4 151972.5  2860.0   4   -90   900   1   -810   1   1    46    45    12   0  vaw
         P3   19720927 1200   19730917 1200  355.0  1   641831.4 154819.2  3350.0   4   240   529   2   1269   1   1    68    26    63   0  glrep
         P9   19720929 1200   19730917 1200  353.0  1   643586.3 152784.3  2935.0   4  -100   700   4   -700   1   1    90    35    83   0  vaw
   R_III_71   19720918 1200   19730917 1200  364.0  1   647929.8 141540.2  2170.9   3  -621   900   1  -5589   1   1    95    45    83   0  vaw
  RR_III_71   19720918 1200   19730917 1200  364.0  1   647979.1 141652.0  2176.8   3  -564   900   1  -5076   1   1    88    45    76   0  vaw
 RRR_III_71   19720918 1200   19730917 1200  364.0  1   648036.4 141758.7  2183.7   3  -594   900   1  -5346   1   1    91    45    80   0  vaw
       V_69   19720918 1200   19730917 1200  364.0  1   647888.0 141431.0  2163.5   3  -600   900   1  -5400   1   1    92    45    80   0  vaw
       7105   19720919 1200   19730918 1200  364.0  1   645260.1 138895.6  1790.0   3 -1103   900   1  -9927   1   1   155    45   148   0  vaw
       EGIG   19721024 1200   19731014 1200  355.0  1   642745.0 155226.0  3472.0   4    60   539   6    323   1   1    47    26    38   0  vaw
       6927   19731011 1200   19740910 1200  334.0  1   646846.7 149201.0  2679.2   3  -220   900   1  -1980   1   1    53    45    29   0  vaw
      72251   19730911 1200   19740910 1200  364.0  1   646652.7 149405.0  2695.2   3  -212   900   1  -1908   1   1    53    45    28   0  vaw
      72251   19731011 1200   19740910 1200  334.0  1   646663.6 149394.7  2693.8   3  -165   900   1  -1485   1   1    50    45    22   0  vaw
      72252   19730911 1200   19740910 1200  364.0  1   646506.6 149550.2  2707.2   3  -188   900   1  -1692   1   1    51    45    25   0  vaw
      72252   19731011 1200   19740910 1200  334.0  1   646517.3 149540.0  2705.9   3  -145   900   1  -1305   1   1    49    45    19   0  vaw
      72253   19730911 1200   19740910 1200  364.0  1   646358.8 149685.8  2716.0   3  -168   900   1  -1512   1   1    50    45    22   0  vaw
      72254   19730911 1200   19740910 1200  364.0  1   646220.7 149814.0  2721.9   3  -134   900   1  -1206   1   1    48    45    18   0  vaw
      LL_69   19730911 1200   19740910 1200  364.0  1   646836.1 149212.0  2680.2   3  -250   900   1  -2250   1   1    56    45    33   0  vaw
      72351   19730912 1200   19740911 1200  364.0  1   648444.2 147186.3  2508.2   3  -339   900   1  -3051   1   1    64    45    45   0  vaw
      72352   19730912 1200   19740911 1200  364.0  1   648353.1 147312.9  2513.8   3  -349   900   1  -3141   1   1    65    45    47   0  vaw
      72353   19730912 1200   19740911 1200  364.0  1   648254.0 147437.5  2519.1   3  -326   900   1  -2934   1   1    62    45    44   0  vaw
      72354   19730912 1200   19740911 1200  364.0  1   648145.7 147561.5  2526.3   3  -334   900   1  -3006   1   1    63    45    45   0  vaw
      72452   19730913 1200   19740912 1200  364.0  1   649211.7 144947.4  2399.1   3  -451   900   1  -4059   1   1    75    45    60   0  vaw
      72453   19730913 1200   19740912 1200  364.0  1   649179.1 145087.5  2404.1   3  -438   900   1  -3942   1   1    74    45    59   0  vaw
      72454   19730913 1200   19740912 1200  364.0  1   649144.2 145225.1  2412.6   3  -420   900   1  -3780   1   1    72    45    56   0  vaw
       7116   19731013 1200   19740913 1200  335.0  1   647974.7 141643.9  2174.3   3  -421   900   1  -3789   1   1    72    45    56   0  vaw
      73650   19730917 1200   19740913 1200  361.0  1   648032.7 141757.6  2182.7   3  -550   900   1  -4950   1   1    86    45    74   0  vaw
      73651   19730917 1200   19740913 1200  361.0  1   648094.6 141858.5  2187.4   3  -570   900   1  -5130   1   1    89    45    76   0  vaw
      73652   19731013 1200   19740913 1200  335.0  1   648156.0 141956.0  2200.4   3  -535   900   1  -4815   1   1    85    45    72   0  vaw
      73653   19731013 1200   19740913 1200  335.0  1   648236.6 142048.3  2213.5   3  -546   900   1  -4914   1   1    86    45    73   0  vaw
      73690   19730917 1200   19740913 1200  361.0  1   647272.9 142025.6  2168.4   3  -616   900   1  -5544   1   1    94    45    83   0  vaw
      73691   19730917 1200   19740913 1200  361.0  1   647306.4 142092.7  2174.6   3  -704   900   1  -6336   1   1   105    45    95   0  vaw
 RRR_III_71   19730917 1200   19740913 1200  361.0  1   647978.4 141651.3  2175.1   3  -469   900   1  -4221   1   1    77    45    63   0  vaw
       7107   19730917 1200   19740914 1200  362.0  1   645943.8 139294.9  3412.1   3  -859   900   1  -7731   1   1   124    45   115   0  vaw
       7109   19730917 1200   19740914 1200  362.0  1   646553.8 140008.1  1982.6   3  -690   900   1  -6210   1   1   103    45    93   0  vaw
      73750   19730917 1200   19740914 1200  362.0  1   646900.4 139912.2  2018.1   3  -883   900   1  -7947   1   1   127    45   119   0  vaw
      73751   19730917 1200   19740914 1200  362.0  1   646983.9 139961.5  2027.0   3  -828   900   1  -7452   1   1   120    45   111   0  vaw
      73851   19730917 1200   19740914 1200  362.0  1   645993.1 139364.0  3459.4   3  -947   900   1  -8523   1   1   135    45   127   0  vaw
      73852   19730917 1200   19740914 1200  362.0  1   646043.7 139433.5  3472.7   3  -960   900   1  -8640   1   1   137    45   129   0  vaw
      73951   19731014 1200   19740914 1200  335.0  1   645055.4 138571.9  1713.8   3 -1272   900   1 -11448   1   1   177    45   171   0  vaw
      73952   19731014 1200   19740914 1200  335.0  1   645115.2 138604.4  1728.1   3 -1320   900   1 -11880   1   1   183    45   178   0  vaw
      73960   19730918 1200   19740914 1200  361.0  1   645262.3 138894.8  1785.6   3 -1177   900   1 -10593   1   1   165    45   158   0  vaw
      73961   19730918 1200   19740914 1200  361.0  1   645327.8 138928.6  1799.5   3 -1043   900   1  -9387   1   1   147    45   140   0  vaw
       L_71   19730917 1200   19740914 1200  362.0  1   646553.8 140008.1  1982.6   3  -690   900   1  -6210   1   1   103    45    93   0  vaw
         P5   19730915 1200   19740917 1200  367.0  1   642625.8 155475.0  3505.0   4   595   539   6   3207   1   1   385    26   384   0  vaw
        P11   19730912 1200   19740918 1200  371.0  1   644570.2 156375.9  3440.0   4   520   539   6   2802   1   1   337    26   336   0  vaw
         P3   19730917 1200   19740921 1200  369.0  1   641831.4 154819.2  3350.0   4   375   539   6   2021   1   1   244    26   242   0  vaw
        P10   19730917 1200   19740924 1200  372.0  1   644568.4 151972.5  2860.0   4   -50   900   1   -450   1   1    45    45     6   0  vaw
         P9   19730917 1200   19740924 1200  372.0  1   643586.3 152784.3  2935.0   4     0   526   6      0   1   1    26    26     0   0  vaw
       6927   19740910 1200   19750909 1200  364.0  1   646970.0 149061.8  2669.1   3  -180   900   1  -1620   1   1    51    45    24   0  vaw
      72251   19740910 1200   19750909 1200  364.0  1   646788.7 149265.6  2683.6   3  -120   900   1  -1080   1   1    47    45    16   0  vaw
      72252   19740910 1200   19750909 1200  364.0  1   646643.1 149415.3  2695.6   3  -100   900   1   -900   1   1    46    45    13   0  vaw
      72253   19740910 1200   19750909 1200  364.0  1   646491.1 149556.3  2708.5   3  -122   900   1  -1098   1   1    47    45    16   0  vaw
      72254   19740910 1200   19750909 1200  364.0  1   646344.4 149699.6  2716.8   3   -71   900   1   -639   1   1    46    45     9   0  vaw
      72352   19740911 1200   19750909 1200  363.0  1   648441.0 147189.8  2507.8   3  -206   900   1  -1854   1   1    52    45    27   0  vaw
      72353   19740911 1200   19750909 1200  363.0  1   648349.5 147315.5  2512.9   3  -220   900   1  -1980   1   1    53    45    29   0  vaw
      72354   19740911 1200   19750909 1200  363.0  1   648250.4 147438.7  2518.1   3  -217   900   1  -1953   1   1    53    45    29   0  vaw
      LL_69   19740910 1200   19750909 1200  364.0  1   646970.0 149061.8  2669.1   3  -180   900   1  -1620   1   1    51    45    24   0  vaw
      72452   19740912 1200   19750910 1200  363.0  1   649237.7 144806.8  2393.1   3  -240   900   1  -2160   1   1    55    45    32   0  vaw
      72453   19740912 1200   19750910 1200  363.0  1   649210.2 144949.0  2397.3   3  -247   900   1  -2223   1   1    56    45    33   0  vaw
      72454   19740912 1200   19750910 1200  363.0  1   649180.0 145089.0  2403.7   3  -255   900   1  -2295   1   1    56    45    34   0  vaw
      73650   19740913 1200   19750912 1200  364.0  1   647976.0 141653.3  2174.7   3  -408   900   1  -3672   1   1    71    45    55   0  vaw
      73651   19740913 1200   19750912 1200  364.0  1   648031.1 141755.9  2178.6   3  -399   900   1  -3591   1   1    70    45    53   0  vaw
      73652   19740913 1200   19750912 1200  364.0  1   648089.8 141860.9  2189.9   3  -426   900   1  -3834   1   1    73    45    57   0  vaw
      73653   19740913 1200   19750912 1200  364.0  1   648164.0 141952.3  2200.1   3  -397   900   1  -3573   1   1    69    45    53   0  vaw
      73960   19740914 1200   19750913 1200  364.0  1   645197.4 138864.2  1768.9   3  -949   900   1  -8541   1   1   135    45   128   0  vaw
      73961   19740914 1200   19750913 1200  364.0  1   645267.3 138897.1  1783.3   3  -892   900   1  -8028   1   1   128    45   120   0  vaw
      72552   19740916 1200   19750914 1200  363.0  1   649120.3 143334.2  2325.6   3  -370   900   1  -3330   1   1    67    45    49   0  vaw
      72553   19740916 1200   19750914 1200  363.0  1   649075.8 143339.2  2325.5   3  -416   900   1  -3744   1   1    71    45    56   0  vaw
      72554   19740916 1200   19750914 1200  363.0  1   649103.1 143357.4  2326.1   3  -387   900   1  -3483   1   1    68    45    52   0  vaw
      73750   19740914 1200   19750915 1200  366.0  1   646804.8 139851.2  2003.4   3  -721   900   1  -6489   1   1   107    45    97   0  vaw
      73751   19740914 1200   19750915 1200  366.0  1   646887.2 139899.0  2014.4   3  -695   900   1  -6255   1   1   104    45    93   0  vaw
      73851   19740914 1200   19750915 1200  366.0  1   645940.7 139302.8  3412.1   3  -686   900   1  -6174   1   1   102    45    92   0  vaw
      73852   19740914 1200   19750915 1200  366.0  1   645985.9 139375.2  3459.4   3  -675   900   1  -6075   1   1   101    45    91   0  vaw
        P11   19740918 1200   19750920 1200  367.0  1   644570.2 156375.9  3440.0   4   635   539   6   3422   1   1   411    26   410   0  vaw
        P10   19740924 1200   19750921 1200  362.0  1   644568.4 151972.5  2860.0   4    35   539   6    188   1   1    35    26    22   0  vaw
         P9   19740924 1200   19750921 1200  362.0  1   643586.3 152784.3  2935.0   4   115   539   6    619   1   1    79    26    74   0  vaw
         P3   19740923 1200   19750922 1200  364.0  1   641831.4 154819.2  3350.0   4   490   539   6   2641   1   1   318    26   316   0  vaw
         P5   19740919 1200   19750922 1200  368.0  1   642625.8 155475.0  3505.0   4   805   539   6   4338   1   1   521    26   520   0  vaw
      72253   19750909 1200   19760905 1200  362.0  1   646629.5 149420.1  2696.8   3  -360   900   1  -3240   1   1    66    45    48   0  vaw
      72254   19750909 1200   19760905 1200  362.0  1   646477.8 149569.9  2709.5   3  -392   900   1  -3528   1   1    69    45    52   0  vaw
      72353   19750909 1200   19760905 1200  362.0  1   648437.5 147191.8  2508.3   3  -453   900   1  -4077   1   1    75    45    61   0  vaw
      72354   19750909 1200   19760905 1200  362.0  1   648346.3 147315.9  2513.2   3  -440   900   1  -3960   1   1    74    45    59   0  vaw
      72453   19750910 1200   19760906 1200  362.0  1   649236.4 144809.8  2393.1   3  -480   900   1  -4320   1   1    78    45    64   0  vaw
      72454   19750910 1200   19760906 1200  362.0  1   649211.0 144951.7  2398.6   3  -475   900   1  -4275   1   1    78    45    64   0  vaw
      72552   19750914 1200   19760912 1200  364.0  1   649066.1 143190.0  2319.4   3  -876   900   1  -7884   1   1   126    45   118   0  vaw
      73650   19750912 1200   19760913 1200  367.0  1   647926.0 141546.4  2168.1   3  -668   900   1  -6012   1   1   100    45    90   0  vaw
      73651   19750912 1200   19760913 1200  367.0  1   647974.5 141651.0  2172.4   3  -667   900   1  -6003   1   1   100    45    90   0  vaw
      73652   19750912 1200   19760913 1200  367.0  1   648025.8 141757.4  2182.6   3  -605   900   1  -5445   1   1    93    45    81   0  vaw
      73653   19750912 1200   19760913 1200  367.0  1   648093.2 141850.1  2190.4   3  -714   900   1  -6426   1   1   106    45    96   0  vaw
      75650   19750912 1200   19760913 1200  367.0  1   648158.6 141954.3  2199.9   3  -657   900   1  -5913   1   1    99    45    88   0  vaw
      75651   19750912 1200   19760913 1200  367.0  1   648230.6 142063.5  2213.8   3  -656   900   1  -5904   1   1    99    45    88   0  vaw
      75652   19750912 1200   19760913 1200  367.0  1   648319.0 142166.1  2226.9   3  -626   900   1  -5634   1   1    95    45    84   0  vaw
      75670   19750912 1200   19760913 1200  367.0  1   647687.6 141797.6  2172.3   3  -821   900   1  -7389   1   1   119    45   110   0  vaw
      75671   19750912 1200   19760913 1200  367.0  1   647746.2 141913.7  2176.9   3  -648   900   1  -5832   1   1    98    45    87   0  vaw
      75672   19750912 1200   19760913 1200  367.0  1   647816.6 142027.8  2182.8   3  -648   900   1  -5832   1   1    98    45    87   0  vaw
      75850   19750915 1200   19760914 1200  365.0  1   645988.6 139370.9  3000.0   4  -765   900   1  -6885   1   1   112    45   103   0  vaw
      75851   19750915 1200   19760914 1200  365.0  1   646051.2 139429.8  3000.0   4  -904   900   1  -8136   1   1   130    45   122   0  vaw
      75960   19750913 1200   19760914 1200  367.0  1   645284.6 138920.9  1787.0   3 -1132   900   1 -10188   1   1   159    45   152   0  vaw
      75961   19750913 1200   19760914 1200  367.0  1   645341.5 138960.4  1798.8   3 -1068   900   1  -9612   1   1   151    45   144   0  vaw
      73751   19750915 1200   19760916 1200  367.0  1   646790.0 139837.2  2001.0   3  -963   900   1  -8667   1   1   137    45   130   0  vaw
      75750   19750915 1200   19760916 1200  367.0  1   646862.6 139885.2  2010.5   3  -986   900   1  -8874   1   1   140    45   133   0  vaw
      75751   19750915 1200   19760916 1200  367.0  1   646965.9 139938.2  2024.6   3  -962   900   1  -8658   1   1   137    45   129   0  vaw
      75752   19750915 1200   19760916 1200  367.0  1   647070.5 139993.0  2033.8   3  -850   900   1  -7650   1   1   123    45   114   0  vaw
        P11   19750920 1200   19760918 1200  364.0  1   644570.2 156375.9  3440.0   4   345   539   6   1859   1   1   224    26   223   0  vaw
         P5   19750917 1200   19760918 1200  367.0  1   642625.8 155475.0  3505.0   4   420   539   6   2263   1   1   272    26   271   0  vaw
        P10   19750921 1200   19760920 1200  365.0  1   644568.4 151972.5  2860.0   4  -140   900   1  -1260   1   1    48    45    18   0  vaw
         P3   19750919 1200   19760920 1200  367.0  1   641831.4 154819.2  3350.0   4   355   539   6   1913   1   1   231    26   229   0  vaw
         P9   19750921 1200   19760920 1200  365.0  1   643586.3 152784.3  2935.0   4   -45   600   4   -270   1   1    44    30    32   0  vaw
      72253   19760905 1200   19770903 1200  363.0  1   646612.7 149436.1  2695.7   3   -75   900   1   -675   1   1    46    45    10   0  vaw
      72254   19760905 1200   19770903 1200  363.0  1   646612.7 149436.1  2695.7   3  -166   900   1  -1494   1   1    50    45    22   0  vaw
      7532b   19760905 1200   19770903 1200  363.0  1   646673.6 149399.7  2691.3   3   -90   900   1   -810   1   1    46    45    12   0  vaw
      76250   19760905 1200   19770903 1200  363.0  1   646505.4 149541.7  2704.7   3   -81   900   1   -729   1   1    46    45    10   0  vaw
      76251   19760905 1200   19770903 1200  363.0  1   646372.3 149670.3  2713.2   3   -77   900   1   -693   1   1    46    45    10   0  vaw
      76252   19760905 1200   19770903 1200  363.0  1   646243.7 149791.0  2718.3   3   -12   900   1   -108   1   1    45    45     1   0  vaw
      76253   19760905 1200   19770903 1200  363.0  1   646125.4 149895.2  2724.7   3   -25   900   1   -225   1   1    45    45     3   0  vaw
       7632   19760905 1200   19770903 1200  363.0  1   646595.3 149463.3  2697.5   3   -60   900   1   -540   1   1    45    45     8   0  vaw
       7633   19760905 1200   19770903 1200  363.0  1   646634.8 149429.9  2694.3   3   -64   900   1   -576   1   1    45    45     8   0  vaw
      72354   19760905 1200   19770904 1200  364.0  1   648433.4 147194.7  2505.9   3  -230   900   1  -2070   1   1    54    45    31   0  vaw
      72454   19760906 1200   19770904 1200  363.0  1   649236.7 144814.0  2391.9   3  -261   900   1  -2349   1   1    57    45    35   0  vaw
       7538   19760905 1200   19770904 1200  364.0  1   648633.9 146593.1  2484.5   3  -197   900   1  -1773   1   1    52    45    26   0  vaw
      76350   19760905 1200   19770904 1200  364.0  1   648352.3 147305.1  2510.6   3  -229   900   1  -2061   1   1    54    45    30   0  vaw
      76351   19760905 1200   19770904 1200  364.0  1   648258.3 147432.9  2516.6   3  -231   900   1  -2079   1   1    54    45    31   0  vaw
      76352   19760905 1200   19770904 1200  364.0  1   648153.5 147564.4  2523.6   3  -208   900   1  -1872   1   1    53    45    28   0  vaw
      76353   19760905 1200   19770904 1200  364.0  1   648028.0 147689.0  2534.4   3  -230   900   1  -2070   1   1    54    45    31   0  vaw
       7636   19760905 1200   19770904 1200  364.0  1   648602.8 146666.0  2487.2   3  -210   900   1  -1890   1   1    53    45    28   0  vaw
       7637   19760905 1200   19770904 1200  364.0  1   648617.9 146631.4  2485.8   3  -221   900   1  -1989   1   1    53    45    29   0  vaw
      76450   19760906 1200   19770904 1200  363.0  1   649224.4 144935.9  2396.1   3  -246   900   1  -2214   1   1    55    45    33   0  vaw
      76451   19760906 1200   19770904 1200  363.0  1   649189.4 145073.0  2401.5   3  -256   900   1  -2304   1   1    56    45    34   0  vaw
      76452   19760906 1200   19770904 1200  363.0  1   649157.7 145211.3  2408.8   3  -276   900   1  -2484   1   1    58    45    37   0  vaw
      76453   19760906 1200   19770904 1200  363.0  1   649119.1 145349.2  2420.4   3  -291   900   1  -2619   1   1    59    45    39   0  vaw
      76454   19760906 1200   19770904 1200  363.0  1   649074.2 145486.4  2432.4   3  -273   900   1  -2457   1   1    58    45    36   0  vaw
      75750   19760916 1200   19770910 1200  359.0  1   646763.6 139822.0  1993.9   3  -764   900   1  -6876   1   1   112    45   103   0  vaw
      75751   19760916 1200   19770910 1200  359.0  1   646864.5 139872.4  2008.8   3  -673   900   1  -6057   1   1   101    45    90   0  vaw
      75752   19760916 1200   19770910 1200  359.0  1   646968.6 139925.2  2021.5   3  -750   900   1  -6750   1   1   110    45   101   0  vaw
      73650   19760913 1200   19770912 1200  364.0  1   647882.6 141435.3  2157.9   3  -469   900   1  -4221   1   1    77    45    63   0  vaw
      73651   19760913 1200   19770912 1200  364.0  1   647924.1 141542.3  2162.5   3  -484   900   1  -4356   1   1    79    45    65   0  vaw
      73652   19760913 1200   19770912 1200  364.0  1   647968.7 141650.4  2173.6   3  -472   900   1  -4248   1   1    78    45    63   0  vaw
      73653   19760913 1200   19770912 1200  364.0  1   648029.6 141745.7  2179.9   3  -423   900   1  -3807   1   1    72    45    57   0  vaw
      75650   19760913 1200   19770912 1200  364.0  1   648087.1 141850.4  2187.4   3  -437   900   1  -3933   1   1    74    45    58   0  vaw
      75651   19760913 1200   19770912 1200  364.0  1   648150.5 141957.8  2197.8   3  -422   900   1  -3798   1   1    72    45    56   0  vaw
      75652   19760913 1200   19770912 1200  364.0  1   648233.5 142060.8  2210.8   3  -450   900   1  -4050   1   1    75    45    60   0  vaw
      75670   19760913 1200   19770912 1200  364.0  1   647634.3 141678.8  2164.6   3  -238   900   1  -2142   1   1    55    45    32   0  vaw
      75671   19760913 1200   19770912 1200  364.0  1   647685.7 141797.4  2168.9   3  -431   900   1  -3879   1   1    73    45    58   0  vaw
      75672   19760913 1200   19770912 1200  364.0  1   647750.3 141912.9  2174.3   3  -441   900   1  -3969   1   1    74    45    59   0  vaw
      75850   19760914 1200   19770913 1200  364.0  1   645932.4 139306.4  3000.0   4  -652   900   1  -5868   1   1    98    45    88   0  vaw
      75851   19760914 1200   19770913 1200  364.0  1   645989.7 139369.2  3000.0   4  -741   900   1  -6669   1   1   109    45   100   0  vaw
      75960   19760914 1200   19770913 1200  364.0  1   645220.0 138888.0  1770.1   3  -955   900   1  -8595   1   1   136    45   128   0  vaw
      75961   19760914 1200   19770913 1200  364.0  1   645279.4 138925.7  1782.2   3  -951   900   1  -8559   1   1   136    45   128   0  vaw
        P10   19760920 1200   19770916 1200  361.0  1   644568.4 151972.5  2860.0   4    60   539   6    323   1   1    47    26    38   0  vaw
         P9   19760920 1200   19770916 1200  361.0  1   643586.3 152784.3  2935.0   4   150   539   6    808   1   1   100    26    97   0  vaw
        P11   19760918 1200   19770917 1200  364.0  1   644570.2 156375.9  3440.0   4   550   539   6   2964   1   1   356    26   355   0  vaw
         P5   19760918 1200   19770917 1200  364.0  1   642625.8 155475.0  3505.0   4   855   539   6   4608   1   1   553    26   553   0  vaw
         P3   19760920 1200   19770919 1200  364.0  1   641831.4 154819.2  3350.0   4   590   539   6   3180   1   1   382    26   381   0  vaw
      72254   19770903 1200   19780905 1200  367.0  1   646747.3 149300.6  2685.1   3    39   539   6    210   1   1    36    26    25   0  vaw
      72354   19770904 1200   19780905 1200  366.0  1   648512.9 147074.9  2501.5   3     8   539   6     43   1   1    27    26     5   0  vaw
      76250   19770903 1200   19780905 1200  367.0  1   646640.3 149408.9  2694.2   3   -35   900   1   -315   1   1    45    45     4   0  vaw
      76253   19770903 1200   19780905 1200  367.0  1   646242.2 149795.1  2719.6   3    -4   900   1    -36   1   1    45    45     0   0  vaw
      76350   19770904 1200   19780905 1200  366.0  1   648437.8 147184.9  2506.5   3  -158   900   1  -1422   1   1    49    45    21   0  vaw
      76351   19770904 1200   19780905 1200  366.0  1   648351.1 147313.9  2512.3   3  -200   900   1  -1800   1   1    52    45    26   0  vaw
      76352   19770904 1200   19780905 1200  366.0  1   648255.7 147444.6  2517.9   3  -199   900   1  -1791   1   1    52    45    26   0  vaw
      76353   19770904 1200   19780905 1200  366.0  1   648139.0 147565.2  2525.4   3  -154   900   1  -1386   1   1    49    45    20   0  vaw
      72454   19770904 1200   19780906 1200  367.0  1   649256.3 144676.5  2388.6   3  -247   900   1  -2223   1   1    56    45    33   0  vaw
      76450   19770904 1200   19780906 1200  367.0  1   649249.1 144799.6  2391.8   3  -263   900   1  -2367   1   1    57    45    35   0  vaw
      76451   19770904 1200   19780906 1200  367.0  1   649218.7 144938.7  2396.6   3  -243   900   1  -2187   1   1    55    45    32   0  vaw
      76452   19770904 1200   19780906 1200  367.0  1   649191.2 145079.5  2401.7   3  -227   900   1  -2043   1   1    54    45    30   0  vaw
      76453   19770904 1200   19780906 1200  367.0  1   649157.1 145219.6  2409.6   3  -245   900   1  -2205   1   1    55    45    33   0  vaw
      76454   19770904 1200   19780906 1200  367.0  1   649114.0 145357.1  2420.1   3  -266   900   1  -2394   1   1    57    45    35   0  vaw
      73650   19770912 1200   19780907 1200  360.0  1   647848.1 141323.4  2149.9   3  -420   900   1  -3780   1   1    72    45    56   0  vaw
      73653   19770912 1200   19780907 1200  360.0  1   647974.4 141641.3  2172.6   3  -289   900   1  -2601   1   1    59    45    39   0  vaw
      75650   19770912 1200   19780907 1200  360.0  1   648024.4 141747.8  2179.7   3  -386   900   1  -3474   1   1    68    45    52   0  vaw
      75651   19770912 1200   19780907 1200  360.0  1   648079.8 141855.3  2188.3   3  -378   900   1  -3402   1   1    68    45    51   0  vaw
      75652   19770912 1200   19780907 1200  360.0  1   648154.8 141957.5  2197.3   3  -390   900   1  -3510   1   1    69    45    52   0  vaw
      75670   19770912 1200   19780907 1200  360.0  1   647590.2 141560.9  2159.7   3  -409   900   1  -3681   1   1    71    45    55   0  vaw
      75671   19770912 1200   19780907 1200  360.0  1   647633.4 141681.6  2163.4   3  -369   900   1  -3321   1   1    67    45    49   0  vaw
      75672   19770912 1200   19780907 1200  360.0  1   647690.4 141798.2  2168.7   3  -359   900   1  -3231   1   1    66    45    48   0  vaw
      77650   19770912 1200   19780907 1200  360.0  1   648215.2 142071.1  2210.2   3  -354   900   1  -3186   1   1    65    45    47   0  vaw
      77651   19770912 1200   19780907 1200  360.0  1   648289.4 142182.2  2224.4   3  -365   900   1  -3285   1   1    66    45    49   0  vaw
      77670   19770912 1200   19780907 1200  360.0  1   647739.5 141905.5  2173.7   3  -357   900   1  -3213   1   1    65    45    48   0  vaw
      77671   19770912 1200   19780907 1200  360.0  1   647808.7 142017.6  2180.0   3  -393   900   1  -3537   1   1    69    45    53   0  vaw
      77690   19770912 1200   19780907 1200  360.0  1   647303.1 142064.3  2169.1   3  -451   900   1  -4059   1   1    75    45    60   0  vaw
      77691   19770912 1200   19780907 1200  360.0  1   647331.2 142112.8  2173.8   3  -550   900   1  -4950   1   1    86    45    74   0  vaw
      75751   19770910 1200   19780908 1200  363.0  1   646770.6 139811.4  1995.8   3  -724   900   1  -6516   1   1   107    45    97   0  vaw
      75752   19770910 1200   19780908 1200  363.0  1   646872.3 139862.3  2008.6   3  -793   900   1  -7137   1   1   116    45   107   0  vaw
      75850   19770913 1200   19780908 1200  360.0  1   645882.6 139240.0  3000.0   4  -745   900   1  -6705   1   1   110    45   100   0  vaw
      75851   19770913 1200   19780908 1200  360.0  1   645935.4 139305.3  3000.0   4  -787   900   1  -7083   1   1   115    45   106   0  vaw
      77750   19770910 1200   19780908 1200  363.0  1   646955.6 139945.9  2022.5   3  -631   900   1  -5679   1   1    96    45    85   0  vaw
      77751   19770910 1200   19780908 1200  363.0  1   647056.5 140000.5  2032.2   3  -662   900   1  -5958   1   1   100    45    89   0  vaw
      77850   19770913 1200   19780908 1200  360.0  1   645986.9 139371.5  3459.4   3  -725   900   1  -6525   1   1   107    45    97   0  vaw
      77851   19770913 1200   19780908 1200  360.0  1   646040.4 139436.4  3472.7   3  -690   900   1  -6210   1   1   103    45    93   0  vaw
      77860   19770913 1200   19780908 1200  360.0  1   645981.6 139525.3  3459.4   3  -345   900   1  -3105   1   1    64    45    46   0  vaw
      77960   19770913 1200   19780913 1200  365.0  1   645284.2 138917.9  1781.0   3  -954   900   1  -8586   1   1   136    45   128   0  vaw
      77961   19770913 1200   19780913 1200  365.0  1   645348.8 138946.6  1795.7   3  -917   900   1  -8253   1   1   131    45   123   0  vaw
         P5   19770917 1200   19780918 1200  366.0  1   642625.8 155475.0  3505.0   4   875   539   6   4716   1   1   566    26   565   0  vaw
        P10   19770916 1200   19780919 1200  368.0  1   644568.4 151972.5  2860.0   4   135   539   6    727   1   1    91    26    87   0  vaw
         P3   19770919 1200   19780919 1200  365.0  1   641831.4 154819.2  3350.3   4   575   530   2   3047   1   1   154    26   152   0  glrep
         P9   19770916 1200   19780919 1200  368.0  1   643586.3 152784.3  2935.0   4   230   566   1   1301   1   1    34    28    19   0  vaw
      75650   19780907 1200   19790727 1200  323.0  1   647969.6 141644.9  2173.6   3  -330   900   1  -2970   1   1    63    45    44   0  vaw
      75651   19780907 1200   19790727 1200  323.0  1   648018.0 141753.9  2181.9   3  -290   900   1  -2610   1   1    59    45    39   0  vaw
      75652   19780907 1200   19790727 1200  323.0  1   648085.6 141857.0  2188.4   3  -329   900   1  -2961   1   1    63    45    44   0  vaw
      75671   19780907 1200   19790727 1200  323.0  1   647589.7 141565.7  2159.7   3  -275   900   1  -2475   1   1    58    45    37   0  vaw
      75672   19780907 1200   19790727 1200  323.0  1   647638.7 141684.1  2164.6   3  -291   900   1  -2619   1   1    59    45    39   0  vaw
      77650   19780907 1200   19790727 1200  323.0  1   648136.9 141968.9  2198.2   3  -301   900   1  -2709   1   1    60    45    40   0  vaw
      77651   19780907 1200   19790727 1200  323.0  1   648205.9 142079.5  2210.9   3  -314   900   1  -2826   1   1    61    45    42   0  vaw
      77670   19780907 1200   19790727 1200  323.0  1   647681.3 141792.8  2169.5   3  -284   900   1  -2556   1   1    59    45    38   0  vaw
      77671   19780907 1200   19790727 1200  323.0  1   647744.9 141906.4  2175.4   3  -320   900   1  -2880   1   1    62    45    43   0  vaw
      77750   19780908 1200   19790730 1200  325.0  1   646857.3 139881.9  2010.5   3  -625   900   1  -5625   1   1    95    45    84   0  vaw
      77751   19780908 1200   19790730 1200  325.0  1   646957.3 139935.4  2021.9   3  -572   900   1  -5148   1   1    89    45    77   0  vaw
      77850   19780908 1200   19790730 1200  325.0  1   645933.6 139307.5  3412.1   3  -685   900   1  -6165   1   1   102    45    92   0  vaw
      77851   19780908 1200   19790730 1200  325.0  1   645981.5 139376.0  3459.4   3  -655   900   1  -5895   1   1    99    45    88   0  vaw
      77960   19780913 1200   19790731 1200  321.0  1   645220.4 138886.5  1766.3   3  -688   900   1  -6192   1   1   103    45    92   0  vaw
      77961   19780913 1200   19790731 1200  321.0  1   645286.3 138913.1  1780.5   3  -763   900   1  -6867   1   1   112    45   103   0  vaw
      72254   19780905 1200   19790911 1200  371.0  1   646885.9 149152.7  2676.5   3  -273   900   1  -2457   1   1    58    45    36   0  vaw
      76250   19780905 1200   19790911 1200  371.0  1   646780.4 149266.6  2684.5   3  -285   900   1  -2565   1   1    59    45    38   0  vaw
      76253   19780905 1200   19790911 1200  371.0  1   646371.5 149674.8  2716.6   3  -160   900   1  -1440   1   1    49    45    21   0  vaw
      76350   19780905 1200   19790911 1200  371.0  1   648518.8 147060.0  2502.9   3  -375   900   1  -3375   1   1    67    45    50   0  vaw
      76351   19780905 1200   19790911 1200  371.0  1   648438.8 147190.2  2508.5   3  -325   900   1  -2925   1   1    62    45    43   0  vaw
      76352   19780905 1200   19790911 1200  371.0  1   648351.2 147322.1  2513.7   3  -341   900   1  -3069   1   1    64    45    46   0  vaw
      76353   19780905 1200   19790911 1200  371.0  1   648244.0 147441.6  2519.6   3  -358   900   1  -3222   1   1    66    45    48   0  vaw
      76450   19780906 1200   19790912 1200  371.0  1   649268.4 144660.3  2387.5   3  -372   900   1  -3348   1   1    67    45    50   0  vaw
      76451   19780906 1200   19790912 1200  371.0  1   649243.9 144801.0  2392.4   3  -394   900   1  -3546   1   1    69    45    53   0  vaw
      76452   19780906 1200   19790912 1200  371.0  1   649221.2 144943.5  2397.2   3  -385   900   1  -3465   1   1    68    45    51   0  vaw
      76453   19780906 1200   19790912 1200  371.0  1   649191.4 145086.2  2403.1   3  -382   900   1  -3438   1   1    68    45    51   0  vaw
      76454   19780906 1200   19790912 1200  371.0  1   649153.1 145225.3  2410.4   3  -367   900   1  -3303   1   1    66    45    49   0  vaw
      77650   19780907 1200   19790913 1200  371.0  1   648136.9 141968.9  2198.2   3  -525   900   1  -4725   1   1    83    45    70   0  vaw
      77651   19780907 1200   19790913 1200  371.0  1   648205.9 142079.5  2210.9   3  -545   900   1  -4905   1   1    86    45    73   0  vaw
      77750   19780908 1200   19790914 1200  371.0  1   646857.3 139881.9  2010.5   3  -975   900   1  -8775   1   1   139    45   131   0  vaw
      77751   19780908 1200   19790914 1200  371.0  1   646957.3 139868.5  2956.3   3  -857   900   1  -7713   1   1   124    45   115   0  vaw
         P3   19780919 1200   19790919 1200  365.0  1   641831.4 154819.2  3351.1   4   315   518   2   1631   1   1    85    25    81   0  glrep
         P5   19780918 1200   19790919 1200  366.0  1   642625.8 155475.0  3505.0   4   375   491   2   1841   1   1    95    24    92   0  glrep
        P10   19781010 1200   19790920 1200  345.0  1   644568.4 151972.5  2860.0   4  -150   700   4  -1050   1   1   130    35   125   0  vaw
         P9   19780919 1200   19790920 1200  366.0  1   643586.3 152784.3  2935.0   4   -40   600   4   -240   1   1    41    30    28   0  glrep
      76251   19791005 1200   19800916 1200  347.0  1   646794.6 149249.1  2681.4   3    -5   900   1    -45   1   1    45    45     0   0  vaw
      76252   19791005 1200   19800916 1200  347.0  1   646655.9 149393.1  2693.7   3   -65   900   1   -585   1   1    45    45     8   0  vaw
      76253   19790911 1200   19800916 1200  371.0  1   646509.5 149539.0  2707.1   3  -105   900   1   -945   1   1    47    45    14   0  vaw
      76253   19791005 1200   19800916 1200  347.0  1   646518.3 149530.7  2705.8   3   -45   900   1   -405   1   1    45    45     6   0  vaw
      76352   19791005 1200   19800917 1200  348.0  1   648448.0 147186.8  2506.9   3  -221   900   1  -1989   1   1    53    45    29   0  vaw
      76353   19790911 1200   19800917 1200  372.0  1   648343.2 147315.3  2512.7   3  -225   900   1  -2025   1   1    54    45    30   0  vaw
      76353   19791005 1200   19800917 1200  348.0  1   648349.6 147306.9  2511.8   3  -195   900   1  -1755   1   1    52    45    26   0  vaw
      76451   19790912 1200   19800917 1200  371.0  1   649263.9 144656.9  2386.9   3  -294   900   1  -2646   1   1    60    45    39   0  vaw
      76452   19790912 1200   19800917 1200  371.0  1   649247.5 144800.8  2391.8   3  -319   900   1  -2871   1   1    62    45    43   0  vaw
      76453   19790912 1200   19800917 1200  371.0  1   649222.9 144945.3  2397.3   3  -305   900   1  -2745   1   1    60    45    41   0  vaw
      76454   19790912 1200   19800917 1200  371.0  1   649189.1 145087.0  2402.7   3  -305   900   1  -2745   1   1    60    45    41   0  vaw
         P3   19790919 1200   19800917 1200  364.0  1   641831.4 154819.2  3349.7   4   605   542   2   3279   1   1   166    27   163   0  glrep
      75651   19790913 1200   19800918 1200  371.0  1   647960.1 141644.5  2172.9   3  -380   900   1  -3420   1   1    68    45    51   0  vaw
      75652   19790913 1200   19800918 1200  371.0  1   648020.8 141750.1  2179.1   3  -425   900   1  -3825   1   1    72    45    57   0  vaw
      77650   19790913 1200   19800918 1200  371.0  1   648063.8 141862.0  2186.4   3  -979   900   1  -8811   1   1   139    45   132   0  vaw
      77651   19790913 1200   19800918 1200  371.0  1   648123.9 141971.1  2195.5   3  -440   900   1  -3960   1   1    74    45    59   0  vaw
      79551   19790913 1200   19800918 1200  371.0  1   648691.1 142666.4  2267.6   3  -400   900   1  -3600   1   1    70    45    53   0  vaw
      79552   19790913 1200   19800918 1200  371.0  1   648733.5 142676.7  2272.9   3  -440   900   1  -3960   1   1    74    45    59   0  vaw
      79553   19790913 1200   19800918 1200  371.0  1   648677.8 142691.4  2270.2   3  -430   900   1  -3870   1   1    73    45    58   0  vaw
      79554   19790913 1200   19800918 1200  371.0  1   648718.0 142699.2  2271.6   3  -455   900   1  -4095   1   1    76    45    61   0  vaw
         P5   19790919 1200   19800918 1200  365.0  1   642625.8 155475.0  3505.0   4   655   513   2   3360   1   1   169    25   168   0  glrep
      77751   19790914 1200   19800919 1200  371.0  1   646853.8 139868.5  2006.7   3  -765   900   1  -6885   1   1   112    45   103   0  vaw
      77851   19791006 1200   19800919 1200  349.0  1   645919.3 139302.0  3393.5   3  -785   900   1  -7065   1   1   115    45   105   0  vaw
      79750   19790914 1200   19800919 1200  371.0  1   646952.6 139930.1  2017.8   3  -200   900   1  -1800   1   1    52    45    26   0  vaw
      79751   19790914 1200   19800919 1200  371.0  1   647054.4 139989.8  2030.7   3  -725   900   1  -6525   1   1   107    45    97   0  vaw
      79850   19791006 1200   19800919 1200  349.0  1   645973.0 139366.5  3439.8   3  -695   900   1  -6255   1   1   104    45    93   0  vaw
      79851   19791006 1200   19800919 1200  349.0  1   646028.1 139430.2  3472.7   3  -730   900   1  -6570   1   1   108    45    98   0  vaw
      79960   19791006 1200   19800919 1200  349.0  1   645274.4 138902.0  1774.4   3  -900   900   1  -8100   1   1   129    45   121   0  vaw
      79961   19791006 1200   19800919 1200  349.0  1   645339.2 138929.3  1788.9   3  -865   900   1  -7785   1   1   125    45   116   0  vaw
        P10   19791004 1200   19800924 1200  356.0  1   644568.4 151972.5  2860.0   4   100   539   6    539   1   1    70    26    64   0  vaw
         P9   19790920 1200   19800924 1200  370.0  1   643586.3 152784.3  2935.0   4   230   602   2   1384   1   1    75    30    69   0  glrep
      76251   19800916 1200   19810915 1200  364.0  1   646927.7 149102.8  2674.1   3  -310   900   1  -2790   1   1    61    45    41   0  vaw
      76252   19800916 1200   19810915 1200  364.0  1   646790.8 149254.9  2684.2   3  -265   900   1  -2385   1   1    57    45    35   0  vaw
      76253   19800916 1200   19810915 1200  364.0  1   646653.8 149396.5  2696.0   3  -195   900   1  -1755   1   1    52    45    26   0  vaw
      76352   19800917 1200   19810916 1200  364.0  1   648527.1 147065.7  2502.7   3  -335   900   1  -3015   1   1    63    45    45   0  vaw
      76353   19800917 1200   19810916 1200  364.0  1   648434.5 147187.0  2508.4   3  -284   900   1  -2556   1   1    59    45    38   0  vaw
      76452   19800917 1200   19810916 1200  364.0  1   649267.2 144656.3  2387.0   3  -387   900   1  -3483   1   1    68    45    52   0  vaw
      76453   19800917 1200   19810916 1200  364.0  1   649249.0 144802.3  2392.4   3  -425   900   1  -3825   1   1    72    45    57   0  vaw
      76454   19800917 1200   19810916 1200  364.0  1   649220.2 144946.0  2397.2   3  -420   900   1  -3780   1   1    72    45    56   0  vaw
         10   19800918 1200   19810918 1200  365.0  1   647998.6 141755.2  2174.1   3  -580   900   1  -5220   1   1    90    45    78   0  vaw
      75652   19800918 1200   19810918 1200  365.0  1   647963.4 141642.4  2172.4   3  -470   900   1  -4230   1   1    77    45    63   0  vaw
      77650   19800918 1200   19810918 1200  365.0  1   647998.6 141755.2  2174.1   3   -81   900   1   -729   1   1    46    45    10   0  vaw
      77651   19800918 1200   19810918 1200  365.0  1   648050.7 141864.7  2186.1   3  -550   900   1  -4950   1   1    86    45    74   0  vaw
      77690   19800918 1200   19810918 1200  365.0  1   647252.8 142000.9  2164.1   3  -730   900   1  -6570   1   1   108    45    98   0  vaw
      77691   19800918 1200   19810918 1200  365.0  1   647275.4 142041.3  2165.8   3  -585   900   1  -5265   1   1    90    45    78   0  vaw
      79551   19800918 1200   19810918 1200  365.0  1   648592.7 142557.8  2260.9   3  -565   900   1  -5085   1   1    88    45    76   0  vaw
      79552   19800918 1200   19810918 1200  365.0  1   648635.5 142567.1  2265.6   3  -625   900   1  -5625   1   1    95    45    84   0  vaw
      79553   19800918 1200   19810918 1200  365.0  1   648578.3 142583.3  2263.2   3  -639   900   1  -5751   1   1    97    45    86   0  vaw
      79554   19800918 1200   19810918 1200  365.0  1   648619.3 142589.5  2264.1   3  -560   900   1  -5040   1   1    87    45    75   0  vaw
      73751   19800919 1200   19810919 1200  365.0  1   646952.2 139922.0  2019.7   3  -955   900   1  -8595   1   1   136    45   128   0  vaw
      79750   19800919 1200   19810919 1200  365.0  1   646850.9 139864.8  2003.6   3 -1485   900   1 -13365   1   1   205    45   200   0  vaw
      79751   19800919 1200   19810919 1200  365.0  1   646952.2 139922.0  2019.7   3  -955   900   1  -8595   1   1   136    45   128   0  vaw
      79850   19800919 1200   19810919 1200  365.0  1   645921.3 139303.0  3393.5   3  -970   900   1  -8730   1   1   138    45   130   0  vaw
      79851   19800919 1200   19810919 1200  365.0  1   645971.5 139370.7  3439.8   3  -965   900   1  -8685   1   1   137    45   130   0  vaw
      79960   19800919 1200   19810919 1200  365.0  1   645209.0 138870.7  1759.1   3 -1450   900   1 -13050   1   1   200    45   195   0  vaw
      79961   19800919 1200   19810919 1200  365.0  1   645275.7 138897.1  1773.8   3 -1160   900   1 -10440   1   1   162    45   156   0  vaw
         P3   19800917 1200   19810920 1200  368.0  1   641831.4 154819.2  3351.0   4   400   518   2   2072   1   1   106    25   103   0  glrep
         P5   19800918 1200   19810920 1200  367.0  1   642625.8 155475.0  3505.0   4   700   517   2   3619   2   1   210   106   180   0  glrep
        P10   19800924 1200   19810921 1200  362.0  1   644568.4 151972.5  2860.0   4   -65   650   4   -422   1   1    60    32    50   0  vaw
         P9   19800924 1200   19810921 1200  362.0  1   643586.3 152784.3  2935.0   4    70   539   6    377   1   1    52    26    45   0  glrep
      76353   19810916 1200   19820620 1200  277.0  1   648519.1 147058.5  2502.1   3  -350   900   1  -3150   1   1    65    45    47   0  vaw
      77650   19810918 1200   19820908 1200  355.0  1   647941.2 141645.9  2170.6   3  -545   900   1  -4905   1   1    86    45    73   0  vaw
      77651   19810918 1200   19820908 1200  355.0  1   647985.8 141756.8  2177.9   3  -535   900   1  -4815   1   1    85    45    72   0  vaw
         P3   19810917 1200   19820918 1200  366.0  1   641831.4 154819.2  3350.6   4   400   520   2   2080   1   1   107    26   104   0  glrep
         P5   19810917 1200   19820918 1200  366.0  1   642625.8 155475.0  3505.0   4   520   506   2   2631   1   1   133    25   131   0  glrep
        P10   19810921 1200   19820919 1200  363.0  1   644568.4 151972.5  2860.0   4  -100   750   4   -750   1   1    97    37    89   0  vaw
         P9   19810921 1200   19820919 1200  363.0  1   643586.3 152784.3  2935.0   4    -5   600   4    -30   1   1    30    30     3   0  glrep
      76353   19810916 1200   19820920 1200  369.0  1   648519.1 147058.5  2502.1   3  -550   900   1  -4950   1   1    86    45    74   0  vaw
      76453   19810916 1200   19820920 1200  369.0  1   649269.2 144658.4  2386.8   3  -224   900   1  -2016   1   1    54    45    30   0  vaw
      76454   19810916 1200   19820920 1200  369.0  1   649246.7 144803.6  2391.5   3  -430   900   1  -3870   1   1    73    45    58   0  vaw
      76252   19810915 1200   19820921 1200  371.0  1   646930.6 149099.6  2672.1   3  -375   900   1  -3375   1   1    67    45    50   0  vaw
      76253   19810915 1200   19820921 1200  371.0  1   646795.0 149249.8  2682.9   3  -340   900   1  -3060   1   1    64    45    45   0  vaw
         P3   19820918 1200   19830915 1200  362.0  1   641831.4 154819.2  3349.5   4   365   532   2   1941   1   1   100    26    97   0  glrep
         P5   19820918 1200   19830915 1200  362.0  1   642625.8 155475.0  3505.0   4   430   516   2   2218   1   1   113    25   110   0  glrep
        P10   19820918 1200   19830919 1200  366.0  1   644568.4 151972.5  2860.0   4  -105   800   4   -840   1   1   108    40   100   0  vaw
         P9   19820919 1200   19830919 1200  365.0  1   643586.3 152784.3  2935.0   4     0   523   6      0   1   1    26    26     0   0  glrep
      76253   19820921 1200   19830920 1200  364.0  1   646939.4 149092.5  2670.8   3  -260   900   1  -2340   1   1    57    45    35   0  vaw
      76454   19820920 1200   19830921 1200  366.0  1   649266.5 144658.0  2387.5   3  -349   900   1  -3141   1   1    65    45    47   0  vaw
      77651   19820908 1200   19830921 1200  378.0  1   647929.8 141650.6  2169.1   3  -410   900   1  -3690   1   1    71    45    55   0  vaw
        P10   19830915 1200   19840920 1200  371.0  1   644568.4 151972.5  2860.0   4   -30   900   1   -270   1   1    45    45     4   0  vaw
         P3   19830915 1200   19840920 1200  371.0  1   641831.4 154819.2  3348.1   4   490   533   2   2611   1   1   133    26   130   0  glrep
         P9   19830919 1200   19840921 1200  368.0  1   643586.3 152784.3  2935.0   4    85   539   6    458   1   1    61    26    54   0  glrep
         P5   19830915 1200   19840929 1200  380.0  1   642625.8 155475.0  3505.0   4   610   522   2   3184   1   1   161    26   159   0  glrep
      83650   19830921 1200   19841011 1200  386.0  1   648016.1 141764.6  2177.2   3  -474   900   1  -4266   1   1    78    45    63   0  vaw
      83651   19830921 1200   19841011 1200  386.0  1   648089.0 141865.8  2185.1   3  -500   900   1  -4500   1   1    81    45    67   0  vaw
      83850   19831011 1200   19841012 1200  367.0  1   645882.3 139227.7  3389.7   3  -980   900   1  -8820   1   1   139    45   132   0  vaw
      83450   19830920 1200   19841018 1200  394.0  1   649254.9 144941.0  2395.6   3  -343   900   1  -3087   1   1    64    45    46   0  vaw
      83451   19830920 1200   19841018 1200  394.0  1   649230.6 145073.5  2401.1   3  -353   900   1  -3177   1   1    65    45    47   0  vaw
      83451   19841018 1200   19850914 1200  331.0  2   649263.5 144922.7  2395.3   3  -370   900   1  -3330   1   1   255   251    49   0  vaw
      84450   19841018 1200   19850914 1200  331.0  2   649228.6 145070.1  2400.7   3  -446   900   1  -4014   1   1   258   251    60   0  vaw
      84451   19841018 1200   19850914 1200  331.0  2   649202.6 145184.6  2406.1   3  -445   900   1  -4005   1   1   258   251    60   0  vaw
         P3   19840920 1200   19850928 1200  373.0  1   641831.4 154819.2  3348.5   4   370   519   2   1920   1   1    99    25    96   0  glrep
         P5   19840920 1200   19850928 1200  373.0  1   642625.8 155475.0  3505.0   4   560   513   2   2872   1   1   145    25   143   0  glrep
        P10   19840920 1200   19850929 1200  374.0  1   644568.4 151972.5  2860.0   4   -85   900   1   -765   1   1    46    45    11   0  vaw
         P9   19840921 1200   19850929 1200  373.0  1   643586.3 152784.3  2935.0   4    20   539   6    107   1   1    29    26    12   0  glrep
      84250   19840921 1200   19850930 1200  374.0  1   646736.6 149283.0  2685.9   3  -252   900   1  -2268   1   1    56    45    34   0  vaw
      84251   19840921 1200   19850930 1200  374.0  1   646567.8 149441.6  2700.1   3  -231   900   1  -2079   1   1    54    45    31   0  vaw
      83651   19841011 1200   19851002 1200  356.0  1   648020.5 141755.2  2176.9   3  -555   900   1  -4995   1   1    87    45    74   0  vaw
      84650   19841011 1200   19851002 1200  356.0  1   648103.2 141892.7  2186.3   3  -604   900   1  -5436   1   1    93    45    81   0  vaw
         P3   19850928 1200   19860928 1200  365.0  1   641831.4 154819.2  3348.4   4   428   585   2   2503   1   1   128    29   125   0  glrep
         P5   19850928 1200   19860928 1200  365.0  1   642625.8 155475.0  3505.0   4   555   573   2   3180   1   1   161    28   159   0  glrep
         P9   19850929 1200   19860930 1200  366.0  1   643586.3 152784.3  2935.0   4  -125   650   4   -812   1   1   102    32    97   0  glrep
         P3   19860928 1200   19870928 1200  365.0  1   641831.4 154819.2  3346.9   4   555   539   6   2991   1   1   359    26   358   0  glrep
         P5   19860928 1200   19870928 1200  365.0  1   642625.8 155475.0  3505.0   4   675   539   6   3638   1   1   437    26   436   0  glrep
         P3   19871010 1200   19881004 1200  360.0  1   641831.4 154819.2  3350.0   4   407   539   6   2193   1   1   264    26   263   0  glrep
         P5   19871010 1200   19881004 1200  360.0  1   642625.8 155475.0  3505.0   4   527   539   6   2840   1   1   341    26   340   0  glrep
         P3   19881005 1200   19891005 1200  365.0  1   641831.4 154819.2  3350.0   4   480   539   6   2587   1   1   311    26   310   0  glrep
         P5   19881005 1200   19891005 1200  365.0  1   642625.8 155475.0  3505.0   4   600   539   6   3234   1   1   389    26   388   0  glrep
         P3   19891006 1200   19901011 1200  370.0  1   641831.4 154819.2  3350.0   4   326   539   6   1757   1   1   212    26   210   0  glrep
         P5   19891006 1200   19901011 1200  370.0  1   642625.8 155475.0  3505.0   4   432   539   6   2328   1   1   280    26   279   0  glrep
         P3   19901012 1200   19910925 1200  348.0  1   641831.4 154819.2  3350.0   4   302   539   6   1627   1   1   197    26   195   0  glrep
         P5   19901012 1200   19910925 1200  348.0  1   642625.8 155475.0  3505.0   4   437   539   6   2355   1   1   283    26   282   0  glrep
         P3   19911009 1200   19921008 1200  365.0  1   641831.4 154819.2  3350.0   4   330   539   6   1778   1   1   215    26   213   0  vaw
       95PN   19951012 1200   19961011 1200  365.0  1   647328.0 140403.0  1950.0   4 -1035   900   1  -9315   1   1   146    45   139   0  pn
         P3   19960930 1200   19970831 1200  335.0  1   641817.7 154844.9  3350.3   4   440   539   6   2371   2   1   305   111   284   0  pk
         P3   19960930 1200   19970919 1200  354.0  1   641831.4 154819.2  3350.0   4   520   539   6   2802   1   1   337    26   336   0  vaw
       96PN   19961011 1200   19971009 1200  363.0  1   647328.0 140403.0  1950.0   4 -1302   900   1 -11718   1   1   181    45   175   0  PN
         P3   19970919 1200   19981003 1200  379.0  1   641831.4 154819.2  3350.0   4   370   539   6   1994   1   1   240    26   239   0  vaw
       97PN   19971009 1200   19981005 1200  361.0  1   647328.0 140403.0  1950.0   4 -1160   900   1 -10440   1   1   162    45   156   0  pn
         P3   19970831 1200   19981102 1200  428.0  1   641817.7 154844.9  3350.3   4   410   539   6   2209   2   1   287   111   265   0  ab
         P3   19981122 1200   19990823 1200  274.0  1   641831.4 154819.2  3350.0   4   240   539   6   1293   1   1   157    26   155   0  vaw
       98PN   19981005 1200   19991012 1200  372.0  1   647328.0 140403.0  1950.0   4 -1087   900   1  -9783   1   1   153    45   146   0  pn
       99PN   19991012 1200   20001007 1200  361.0  1   647328.0 140403.0  1950.0   4 -1040   900   1  -9360   1   1   147    45   140   0  pn
       00PN   20001007 1200   20011012 1200  370.0  1   647328.0 140403.0  1950.0   4 -1158   900   1 -10422   1   1   162    45   156   0  pn
         P3   20011008 1200   20020927 1200  354.0  1   641831.4 154819.2  3350.0   4   510   539   6   2748   1   1   330    26   329   0  glrep
       01PN   20011012 1200   20021010 1200  363.0  1   647328.0 140403.0  1950.0   4 -1191   900   1 -10719   1   1   166    45   160   0  pn
         P3   20020927 1200   20030916 1200  354.0  1   641831.4 154819.2  3350.0   4   155   600   2    930   1   1    55    30    46   0  glrep
       02PN   20021010 1200   20031014 1200  369.0  1   647328.0 140403.0  1950.0   4 -1332   900   1 -11988   1   1   185    45   179   0  pn
         P3   20030916 1200   20040916 1200  366.0  1   641817.7 154844.9  3350.3   4   455   539   6   2452   2   1   314   111   294   0  ab
         P3   20030916 1200   20040916 1200  366.0  1   641831.4 154819.2  3350.0   4   455   600   2   2730   1   1   139    30   136   0  glrep
       03PN   20031014 1200   20041013 1200  365.0  1   647328.0 140403.0  1950.0   4 -1165   900   1 -10485   1   1   163    45   157   0  pn
       04P3   20040916 0818   20051009 1045  388.0  1   641830.8 154791.0  3341.1   1   480   580   2   2784   1   3     0     0     0   1  ab
       04PN   20041013 1200   20051011 1200  363.0  1   647328.0 140403.0  1950.0   4 -1072   900   1  -9648   1   1   151    45   144   0  pn
       05P3   20051009 1049   20061011 1145  367.0  1   641829.6 154792.6  3342.3   1   300   565   2   1695   1   3     0     0     0   1  ab
       05PN   20051011 1200   20061011 1200  365.0  1   647328.0 140403.0  1950.0   4 -1081   900   1  -9729   1   1   152    45   145   0  PN
       06PN   20061011 1200   20071016 1200  370.0  1   647328.0 140403.0  1950.0   4 -1045   900   1  -9405   1   1   148    45   141   0  pn
       07P3   20071007 1145   20081010 1151  369.0  1   641831.9 154794.1  3341.4   1   217   515   2   1117   1   3     0     0     0   1  ab
       07PN   20071016 1200   20081014 1200  364.0  1   647328.0 140403.0  1950.0   4  -960   900   1  -8640   1   1   137    45   129   0  PN
       08P3   20081010 1155   20091006 1047  361.0  1   641831.7 154794.7  3340.8   1   262   552   2   1446   1   3     0     0     0   1  ab
       08PN   20081014 1200   20091013 1200  364.0  1   647328.0 140403.0  1950.0   4 -1094   900   1  -9846   1   1   154    45   147   0  pn
       09P3   20091006 1051   20100921 1021  350.0  1   641827.3 154804.1  3341.3   1   356   570   2   2029   1   3     0     0     0   1  ab
       09PN   20091013 1200   20101015 1200  367.0  1   647328.0 140403.0  1950.0   4  -999   900   1  -8991   1   1   142    45   134   0  pn
       10P3   20100921 1053   20111017 1051  391.0  1   641827.9 154802.3  3341.4   1   290   560   2   1624   1   3     0     0     0   1  ab
       10PN   20101015 1200   20111013 1200  363.0  1   647328.0 140403.0  1950.0   4 -1101   900   1  -9909   1   1   155    45   148   0  pn
       11P3   20111017 1058   20121013 1050  362.0  1   641831.4 154795.0  3340.3   1   305   490   2   1494   1   3     0     0     0   1  ab
       11PN   20111013 1200   20121006 1200  359.0  1   647328.0 140403.0  1950.0   4 -1107   900   1  -9963   1   1   156    45   149   0  pn
       12P3   20121013 1055   20131022 1022  374.0  1   641831.6 154793.9  3340.1   1   425   567   2   2409   1   3     0     0     0   1  ab
       12PN   20121006 1200   20131018 1200  377.0  1   647328.0 140403.0  1950.0   4 -1002   900   1  -9018   1   1   142    45   135   0  pn
       13P3   20131022 1037   20140929 1022  342.0  1   641831.3 154795.3  3340.6   1   399   565   2   2254   1   3     0     0     0   1  ab
       13PN   20131018 1200   20141017 1200  364.0  1   647328.0 140403.0  1950.0   4  -933   900   1  -8397   1   1   133    45   125   0  PN
       14P3   20140929 1024   20150929 1026  365.0  1   641831.7 154792.9  3339.6   1   365   560   2   2044   1   3     0     0     0   1  ab
       14PN   20141017 1200   20151014 1200  362.0  1   647328.0 140403.0  1950.0   4 -1104   900   1  -9936   1   1   155    45   149   0  PN
       15P3   20150929 1034   20160929 1028  366.0  1   641825.0 154810.1  3340.2   1   399   585   2   2334   1   3     0     0     0   1  ab
       15PN   20151014 1200   20161013 1200  365.0  1   647328.0 140403.0  1980.0   4 -1082   900   1  -9738   1   1   152    45   146   0  PN
       16PN   20161013 1200   20171005 1200  357.0  1   647303.0 140366.0  1975.0   2 -1143   900   1 -10287   1   1   160    45   154   0  PN
       16P3   20160929 1044   20171012 1015  378.0  1   641831.3 154794.9  3339.4   1   189   530   2   1001   1   3     0     0     0   1  ab
       17P3   20171012 1021   20180927 0926  350.0  1   641830.8 154795.9  3337.8   1   160   575   2    920   1   3     0     0     0   1  ab
       17PN   20171005 1200   20181019 1200  379.0  1   647260.0 140320.0  1980.0   2 -1275   900   1 -11475   1   1   177    45   172   0  PN
       18P3   20180927 0931   20191003 1043  371.0  1   641830.9 154795.8  3336.5   1   149   530   2    789   1   3     0     0     0   1  ab
       18PN   20181019 1200   20191011 1200  357.0  1   647319.0 140491.0  1924.0   2 -1153   900   1 -10377   1   1   162    45   155   0  PN
       19P3   20191003 1050   20200918 0844  351.0  1   641831.1 154795.9  3335.3   1    95   516   2    490   1   3     0     0     0   1  ab
       19PN   20191011 1200   20201008 1200  363.0  1   647366.0 140595.0  1956.0   2 -1242   900   1 -11178   1   1   173    45   167   0  PN
       2419   20191003 1200   20200918 1200  351.0  1   648420.0 147185.0  2426.0   2  -611   900   1  -5499   1   1    93    45    82   0  mh
       2619   20191003 1200   20200918 1200  351.0  1   649253.0 144745.0  2297.0   2  -650   900   1  -5850   1   1    98    45    87   0  mh
       2719   20191003 1200   20200918 1200  351.0  1   649520.0 143636.0  2231.0   2  -823   900   1  -7407   1   1   119    45   111   0  mh
       2919   20191011 1200   20201008 1200  363.0  1   647319.0 140491.0  1924.0   2 -1242   900   1 -11178   1   1   173    45   167   0  pn
        920   20200918 1200   20210924 1200  371.0  1   643804.0 152586.0  2861.0   2   -91   900   1   -819   1   1    46    45    12   0  mh
       2120   20200918 1200   20210924 1200  371.0  1   646409.0 149642.0  2639.0   2  -271   900   1  -2439   1   1    57    45    36   0  mh
       2419   20200918 1200   20210924 1200  371.0  1   648420.0 147185.0  2426.0   2  -412   900   1  -3708   1   1    71    45    55   0  mh
       2719   20200918 1200   20210924 1200  371.0  1   649189.0 143678.0  2206.0   2  -628   900   1  -5652   1   1    95    45    84   0  mh
        320   20200918 1036   20210930 1129  377.0  1   641825.0 154810.0  3335.5   1   387   598   2   2314   1   3   119    29   115   0  ab
       2920   20201008 1200   20211013 1200  370.0  1   647465.0 140845.0  2002.0   2 -1068   900   1  -9612   1   1   151    45   144   0  pn
       20P3   20200918 1036   20210930 1129  377.0  1   641831.0 154795.4  3335.3   1   387   598   2   2314   1   3     0     0     0   1  ab
       20PN   20201008 1200   20211013 1200  370.0  1   647465.0 140845.0  2002.0   2 -1068   900   1  -9612   1   1   151    45   144   0  PN
        920   20210924 1200   20220921 1200  362.0  1   643881.0 152535.0  2847.0   2  -457   900   1  -4113   1   1    76    45    61   0  mh
       2021   20210924 1200   20220921 1200  362.0  1   645162.0 151411.0  2733.0   2  -556   900   1  -5004   1   1    87    45    75   0  mh
       2121   20210924 1200   20220921 1200  362.0  1   646284.0 149776.0  2642.0   2  -600   900   1  -5400   3   1   371   362    80   0  mh
       2221   20210924 1200   20220921 1200  362.0  1   647617.0 148909.0  2553.0   2  -643   900   1  -5787   1   1    97    45    86   0  mh
       2421   20210924 1200   20220921 1200  362.0  1   648532.0 147016.0  2415.0   2  -711   900   1  -6399   1   1   106    45    95   0  mh
       2721   20210924 1200   20220921 1200  362.0  1   649270.0 143942.0  2261.0   2  -867   900   1  -7803   1   1   125    45   117   0  mh
       21P3   20210930 1213   20221004 0950  369.0  1   641830.3 154795.9  3334.2   1  -141   650   2   -916   1   3    67    30    60   1  ab
       21PN   20211013 1200   20221018 1200  370.0  1   647469.0 140938.0  2014.0   2 -1285   900   1 -11565   1   1   179    45   173   0  PN
       22P3   20221004 0932   20230928 0902  359.0  1   641825.2 154811.1  3333.1   1   162   573   2    928   1   3    35    11    34   1  ab
       22PN   20221018 1200   20231017 1200  364.0  1   647463.0 140900.0  2010.0   2 -1259   900   1 -11331   1   1   175    45   169   0  PN
        922   20220921 1200   20230920 1200  364.0  1   643810.0 152578.0  2851.0   2  -291   900   1  -2619   1   1    59    45    39   0  mh
       2021   20220921 1200   20230920 1200  364.0  1   645197.0 151360.0  2717.0   2  -343   900   1  -3087   1   3    64    45    46   0  mh
       2122   20220921 1200   20230920 1200  364.0  1   646280.0 149800.0  2635.0   2  -471   900   1  -4239   1   1    77    45    63   0  mh
       2222   20220921 1200   20230920 1200  364.0  1   647508.0 148366.0  2518.0   2  -635   900   1  -5715   1   1    96    45    85   0  mh
       2422   20220921 1200   20230920 1200  364.0  1   648519.0 147066.0  2412.0   2  -617   900   1  -5553   1   1    94    45    83   0  mh
       2722   20220921 1200   20230920 1200  364.0  1   649255.0 143928.0  2249.0   2  -876   900   1  -7884   1   1   126    45   118   0  mh
