survey_id,date,elevation_date,latitude,longitude,elevation,thickness,thickness_uncertainty,flag,rgi_id,x_proj,y_proj,i_grid,j_grid,ij_grid
116,2007-07-29,2007-01-01,46.5832531,8.387138,2354.0,138,,,RGI60-11.01238,-717.2667260170984,5158854.274872563,100,198,0100_0198
116,2007-07-29,2007-01-01,46.582493,8.3865593,2345.0,120,,,RGI60-11.01238,-761.6142910613706,5158769.8193259,100,200,0100_0200
116,2007-07-29,2007-01-01,46.5819915,8.3860556,2337.0,119,,,RGI60-11.01238,-800.213028169269,5158714.098523082,99,201,0099_0201
116,2007-07-29,2007-01-01,46.5841556,8.3873871,2369.0,124,,,RGI60-11.01238,-698.1704208876902,5158954.556860659,101,197,0101_0197
116,2007-07-29,2007-01-01,46.5829173,8.388626,2359.0,99,,,RGI60-11.01238,-603.2677923752074,5158816.948911909,102,199,0102_0199
116,2007-07-29,2007-01-01,46.583593,8.3857425,2352.0,87,,,RGI60-11.01238,-824.177374644136,5158892.05760015,99,198,0099_0198
116,2007-07-29,2007-01-01,46.5851816,8.3874619,2389.0,135,,,RGI60-11.01238,-692.4266737472298,5159068.5635479065,101,195,0101_0195
116,2007-07-29,2007-01-01,46.5815791,8.3848895,2325.0,103,,,RGI60-11.01238,-889.5622353003075,5158668.285861094,98,201,0098_0201
273,2003-04-26,2003-04-26,46.638179,8.390007,3020.0,130,,,RGI60-11.01238,-496.9565555842238,5164957.55177127,104,106,0104_0106
273,2003-04-26,2003-04-26,46.638201,8.390172,3019.0,132,,,RGI60-11.01238,-484.32770817973136,5164959.995368962,104,106,0104_0106
273,2003-04-26,2003-04-26,46.638222,8.390354,3019.0,134,,,RGI60-11.01238,-470.3977469813214,5164962.327772175,104,106,0104_0106
273,2003-04-26,2003-04-26,46.638247,8.390499,3019.0,135,,,RGI60-11.01238,-459.2996387157631,5164965.10489981,104,106,0104_0106
273,2003-04-26,2003-04-26,46.638264,8.390693,3019.0,134,,,RGI60-11.01238,-444.4512859079243,5164966.992815824,104,106,0104_0106
273,2003-04-26,2003-04-26,46.638289,8.390879,3018.0,134,,,RGI60-11.01238,-430.2151760801453,5164969.769766581,105,106,0105_0106
273,2003-04-26,2003-04-26,46.638288,8.391044,3018.0,135,,,RGI60-11.01238,-417.5865582543289,5164969.65775974,105,106,0105_0106
273,2003-04-26,2003-04-26,46.638306,8.391228,3018.0,134,,,RGI60-11.01238,-403.50359330906485,5164971.656948922,105,106,0105_0106
273,2003-04-26,2003-04-26,46.638318,8.391402,3017.0,134,,,RGI60-11.01238,-390.1860515828325,5164972.989504544,105,106,0105_0106
273,2003-04-26,2003-04-26,46.638329,8.391578,3017.0,133,,,RGI60-11.01238,-376.7154485514208,5164974.210960693,105,106,0105_0106
273,2003-04-26,2003-04-26,46.638341,8.391755,3016.0,135,,,RGI60-11.01238,-363.1683072364698,5164975.543561636,106,106,0106_0106
273,2003-04-26,2003-04-26,46.638352,8.391931,3016.0,135,,,RGI60-11.01238,-349.69771538754026,5164976.765078128,106,106,0106_0106
273,2003-04-26,2003-04-26,46.638356,8.392108,3016.0,135,,,RGI60-11.01238,-336.15063532721206,5164977.208785204,106,106,0106_0106
273,2003-04-26,2003-04-26,46.638364,8.392271,3016.0,136,,,RGI60-11.01238,-323.6750517512139,5164978.09705739,106,106,0106_0106
273,2003-04-26,2003-04-26,46.638363,8.392459,3015.0,134,,,RGI60-11.01238,-309.28609794936864,5164977.985183086,106,106,0106_0106
273,2003-04-26,2003-04-26,46.638342,8.392622,3016.0,136,,,RGI60-11.01238,-296.81067851363963,5164975.65105058,107,106,0107_0106
273,2003-04-26,2003-04-26,46.638326,8.392802,3017.0,136,,,RGI60-11.01238,-283.0340930065282,5164973.872479285,107,106,0107_0106
273,2003-04-26,2003-04-26,46.638313,8.392961,3018.0,136,,,RGI60-11.01238,-270.86476339735503,5164972.427369378,107,106,0107_0106
273,2003-04-26,2003-04-26,46.638298,8.393111,3020.0,136,,,RGI60-11.01238,-259.38427149588495,5164970.760074974,107,106,0107_0106
273,2003-04-26,2003-04-26,46.638274,8.393277,3022.0,135,,,RGI60-11.01238,-246.67922002410168,5164968.092678363,107,106,0107_0106
273,2003-04-26,2003-04-26,46.649052,8.397558,3283.0,43,,,RGI60-11.01238,80.96022003559291,5166165.733316105,112,88,0112_0088
273,2003-04-26,2003-04-26,46.649051,8.397712,3282.0,45,,,RGI60-11.01238,92.74460159880543,5166165.622366327,113,88,0113_0088
273,2003-04-26,2003-04-26,46.648961,8.397881,3281.0,46,,,RGI60-11.01238,105.6769861785411,5166155.6218216885,113,88,0113_0088
273,2003-04-26,2003-04-26,46.648872,8.398024,3280.0,47,,,RGI60-11.01238,116.61983424749532,5166145.73238566,113,88,0113_0088
273,2003-04-26,2003-04-26,46.648777,8.398167,3280.0,46,,,RGI60-11.01238,127.56273231838975,5166135.17625251,113,88,0113_0088
273,2003-04-26,2003-04-26,46.6487,8.398299,3279.0,46,,,RGI60-11.01238,137.6638758805609,5166126.620271495,113,88,0113_0088
273,2003-04-26,2003-04-26,46.648614,8.398427,3278.0,47,,,RGI60-11.01238,147.45898235973968,5166117.0642243475,113,88,0113_0088
273,2003-04-26,2003-04-26,46.648527,8.398573,3277.0,47,,,RGI60-11.01238,158.63153115936106,5166107.39710982,114,89,0114_0089
273,2003-04-26,2003-04-26,46.648426,8.398698,3276.0,51,,,RGI60-11.01238,168.1971801668688,5166096.174297878,114,89,0114_0089
273,2003-04-26,2003-04-26,46.648336,8.398841,3274.0,52,,,RGI60-11.01238,179.1402419696617,5166086.173856728,114,89,0114_0089
273,2003-04-26,2003-04-26,46.648246,8.398999,3273.0,50,,,RGI60-11.01238,191.2311863280836,5166076.17347189,114,89,0114_0089
273,2003-04-26,2003-04-26,46.64815,8.399149,3271.0,50,,,RGI60-11.01238,202.7100075221071,5166065.506373781,114,89,0114_0089
273,2003-04-26,2003-04-26,46.648057,8.399282,3270.0,49,,,RGI60-11.01238,212.8879605336614,5166055.172610158,114,89,0114_0089
273,2003-04-26,2003-04-26,46.647965,8.399393,3268.0,47,,,RGI60-11.01238,221.38242775928418,5166044.949921343,114,90,0114_0090
273,2003-04-26,2003-04-26,46.647867,8.399531,3266.0,47,,,RGI60-11.01238,231.9430868974518,5166034.060606753,115,90,0115_0090
273,2003-04-26,2003-04-26,46.647768,8.399675,3264.0,51,,,RGI60-11.01238,242.96293119495445,5166023.0602098275,115,90,0115_0090
273,2003-04-26,2003-04-26,46.647669,8.399762,3262.0,61,,,RGI60-11.01238,249.6209535446835,5166012.05965108,115,90,0115_0090
273,2003-04-26,2003-04-26,46.647571,8.399876,3260.0,75,,,RGI60-11.01238,258.3451444262571,5166001.170307543,115,90,0115_0090
273,2003-04-26,2003-04-26,46.647471,8.399992,3258.0,101,,,RGI60-11.01238,267.2224250138248,5165990.058744603,115,90,0115_0090
273,2003-04-26,2003-04-26,46.647385,8.400111,3256.0,103,,,RGI60-11.01238,276.32923997868187,5165980.502878374,115,90,0115_0090
273,2003-04-26,2003-04-26,46.647295,8.400228,3254.0,108,,,RGI60-11.01238,285.283055997833,5165970.502540824,115,91,0115_0091
273,2003-04-26,2003-04-26,46.647174,8.400325,3252.0,116,,,RGI60-11.01238,292.70657789579315,5165957.057438002,116,91,0116_0091
273,2003-04-26,2003-04-26,46.647053,8.400447,3250.0,131,,,RGI60-11.01238,302.0432520496408,5165943.612440131,116,91,0116_0091
273,2003-04-26,2003-04-26,46.646957,8.400541,3248.0,139,,,RGI60-11.01238,309.2371271406209,5165932.945333901,116,91,0116_0091
273,2003-04-26,2003-04-26,46.646853,8.400636,3247.0,152,,,RGI60-11.01238,316.5075993800163,5165921.389284569,116,91,0116_0091
273,2003-04-26,2003-04-26,46.646745,8.400775,3245.0,168,,,RGI60-11.01238,327.1452321721873,5165909.38894802,116,92,0116_0092
273,2003-04-26,2003-04-26,46.646681,8.400883,3244.0,175,,,RGI60-11.01238,335.4103494057948,5165902.27775521,116,92,0116_0092
273,2003-04-26,2003-04-26,46.646587,8.401013,3243.0,181,,,RGI60-11.01238,345.35923544302483,5165891.833085595,116,92,0116_0092
273,2003-04-26,2003-04-26,46.646502,8.40113,3242.0,189,,,RGI60-11.01238,354.31326495517686,5165882.388449331,116,92,0116_0092
273,2003-04-26,2003-04-26,46.646428,8.401252,3242.0,192,,,RGI60-11.01238,363.6498771165952,5165874.166163808,117,92,0117_0092
273,2003-04-26,2003-04-26,46.64635,8.401383,3241.0,196,,,RGI60-11.01238,373.6752740508417,5165865.4994575875,117,92,0117_0092
273,2003-04-26,2003-04-26,46.646274,8.401509,3239.0,196,,,RGI60-11.01238,383.31805633831874,5165857.054982765,117,92,0117_0092
273,2003-04-26,2003-04-26,46.646189,8.40163,3238.0,195,,,RGI60-11.01238,392.5783008821483,5165847.6104232995,117,93,0117_0093
273,2003-04-26,2003-04-26,46.64611,8.401768,3237.0,191,,,RGI60-11.01238,403.1394736347253,5165838.832681853,117,93,0117_0093
273,2003-04-26,2003-04-26,46.646018,8.401885,3236.0,189,,,RGI60-11.01238,412.0937254996244,5165828.610295888,117,93,0117_0093
273,2003-04-26,2003-04-26,46.645938,8.402006,3234.0,187,,,RGI60-11.01238,421.3540199697922,5165819.72137837,117,93,0117_0093
273,2003-04-26,2003-04-26,46.645847,8.402136,3233.0,183,,,RGI60-11.01238,431.30316722816013,5165809.6102102995,118,93,0118_0093
273,2003-04-26,2003-04-26,46.645764,8.402264,3231.0,178,,,RGI60-11.01238,441.0992296335833,5165800.388003312,118,93,0118_0093
273,2003-04-26,2003-04-26,46.645681,8.40239,3230.0,173,,,RGI60-11.01238,450.7422685996553,5165791.16580093,118,93,0118_0093
273,2003-04-26,2003-04-26,46.645598,8.402534,3228.0,168,,,RGI60-11.01238,461.76281978348334,5165781.943719424,118,93,0118_0093
273,2003-04-26,2003-04-26,46.645519,8.402654,3227.0,158,,,RGI60-11.01238,470.94672352177565,5165773.165992309,118,94,0118_0094
273,2003-04-26,2003-04-26,46.645427,8.402776,3225.0,151,,,RGI60-11.01238,480.2838231308529,5165762.943738546,118,94,0118_0094
273,2003-04-26,2003-04-26,46.645342,8.4029,3224.0,143,,,RGI60-11.01238,489.77394559636275,5165753.499348019,119,94,0119_0094
273,2003-04-26,2003-04-26,46.645252,8.40303,3223.0,133,,,RGI60-11.01238,499.7233076220189,5165743.499413331,119,94,0119_0094
273,2003-04-26,2003-04-26,46.645171,8.40315,3221.0,124,,,RGI60-11.01238,508.9073439177066,5165734.499505651,119,94,0119_0094
273,2003-04-26,2003-04-26,46.645076,8.403278,3220.0,121,,,RGI60-11.01238,518.7037617142375,5165723.943992407,119,94,0119_0094
273,2003-04-26,2003-04-26,46.644994,8.403402,3218.0,121,,,RGI60-11.01238,528.1939765236814,5165714.833021264,119,95,0119_0095
273,2003-04-26,2003-04-26,46.644912,8.403531,3217.0,120,,,RGI60-11.01238,538.0668589358096,5165705.7220993135,119,95,0119_0095
273,2003-04-26,2003-04-26,46.644822,8.403675,3216.0,120,,,RGI60-11.01238,549.0877706380807,5165695.722342507,119,95,0119_0095
273,2003-04-26,2003-04-26,46.644751,8.403798,3215.0,120,,,RGI60-11.01238,558.5014345321015,5165687.8337263735,120,95,0120_0095
273,2003-04-26,2003-04-26,46.644657,8.40392,3214.0,121,,,RGI60-11.01238,567.8388355997467,5165677.389370652,120,95,0120_0095
273,2003-04-26,2003-04-26,46.644576,8.404053,3213.0,119,,,RGI60-11.01238,578.0179415997743,5165668.389662912,120,95,0120_0095
273,2003-04-26,2003-04-26,46.644494,8.404179,3213.0,117,,,RGI60-11.01238,587.6613901966626,5165659.278800813,120,95,0120_0095
273,2003-04-26,2003-04-26,46.64441,8.404301,3213.0,113,,,RGI60-11.01238,596.9987759710992,5165649.945685077,120,95,0120_0095
273,2003-04-26,2003-04-26,46.64433,8.404425,3213.0,109,,,RGI60-11.01238,606.4892031680747,5165641.057077068,120,96,0120_0096
273,2003-04-26,2003-04-26,46.64425,8.404547,3214.0,106,,,RGI60-11.01238,615.8266009035908,5165632.1684684865,120,96,0120_0096
273,2003-04-26,2003-04-26,46.644148,8.404667,3215.0,107,,,RGI60-11.01238,625.0112218667206,5165620.835231107,121,96,0121_0096
273,2003-04-26,2003-04-26,46.644063,8.404758,3217.0,106,,,RGI60-11.01238,631.9763381943753,5165611.390805243,121,96,0121_0096
273,2003-04-26,2003-04-26,46.643949,8.40488,3221.0,103,,,RGI60-11.01238,641.3142212029632,5165598.724175959,121,96,0121_0096
273,2003-04-26,2003-04-26,46.64383,8.404952,3224.0,100,,,RGI60-11.01238,646.825737822388,5165585.501552623,121,96,0121_0096
273,2003-04-26,2003-04-26,46.643716,8.405027,3226.0,96,,,RGI60-11.01238,652.5668069187819,5165572.8345565535,121,97,0121_0097
273,2003-04-26,2003-04-26,46.643614,8.405108,3229.0,95,,,RGI60-11.01238,658.7669322603936,5165561.501049403,121,97,0121_0097
273,2003-04-26,2003-04-26,46.643508,8.40522,3233.0,94,,,RGI60-11.01238,667.3395526319747,5165549.723333211,121,97,0121_0097
273,2003-04-26,2003-04-26,46.643418,8.405334,3236.0,94,,,RGI60-11.01238,676.0650669993004,5165539.723557262,121,97,0121_0097
273,2003-04-26,2003-04-26,46.643324,8.405451,3239.0,93,,,RGI60-11.01238,685.0202508458217,5165529.279342504,121,97,0121_0097
273,2003-04-26,2003-04-26,46.643218,8.405558,3240.0,97,,,RGI60-11.01238,693.2103174103754,5165517.501620227,122,98,0122_0098
273,2003-04-26,2003-04-26,46.643134,8.405689,3242.0,101,,,RGI60-11.01238,703.2368586584075,5165508.1687502535,122,98,0122_0098
273,2003-04-26,2003-04-26,46.64304,8.405822,3243.0,105,,,RGI60-11.01238,713.4166232118778,5165497.7247210825,122,98,0122_0098
273,2003-04-26,2003-04-26,46.642947,8.405933,3244.0,109,,,RGI60-11.01238,721.9127374517464,5165487.391626894,122,98,0122_0098
273,2003-04-26,2003-04-26,46.64286,8.406073,3245.0,120,,,RGI60-11.01238,732.6281897428872,5165477.725530489,122,98,0122_0098
273,2003-04-26,2003-04-26,46.642762,8.406231,3245.0,136,,,RGI60-11.01238,744.7213817512194,5165466.837309765,122,98,0122_0098
273,2003-04-26,2003-04-26,46.642696,8.406357,3245.0,145,,,RGI60-11.01238,754.3651820729381,5165459.504627552,123,98,0123_0098
273,2003-04-26,2003-04-26,46.642614,8.406499,3244.0,148,,,RGI60-11.01238,765.233727493279,5165450.394205656,123,99,0123_0099
273,2003-04-26,2003-04-26,46.64254,8.40664,3244.0,151,,,RGI60-11.01238,776.0256602209976,5165442.172748829,123,99,0123_0099
273,2003-04-26,2003-04-26,46.642462,8.406779,3243.0,150,,,RGI60-11.01238,786.6646178823016,5165433.506813854,123,99,0123_0099
273,2003-04-26,2003-04-26,46.642379,8.406913,3242.0,146,,,RGI60-11.01238,796.9210227848497,5165424.285250198,123,99,0123_0099
273,2003-04-26,2003-04-26,46.642306,8.407064,3242.0,137,,,RGI60-11.01238,808.4783451504603,5165416.175072348,123,99,0123_0099
273,2003-04-26,2003-04-26,46.642244,8.407212,3241.0,124,,,RGI60-11.01238,819.805937757392,5165409.287198876,124,99,0124_0099
273,2003-04-26,2003-04-26,46.642174,8.407352,3241.0,115,,,RGI60-11.01238,830.5214255806873,5165401.510307256,124,99,0124_0099
273,2003-04-26,2003-04-26,46.642118,8.407509,3241.0,105,,,RGI60-11.01238,842.537763371743,5165395.289287882,124,99,0124_0099
273,2003-04-26,2003-04-26,46.642055,8.407667,3241.0,95,,,RGI60-11.01238,854.630767986948,5165388.290467612,124,99,0124_0099
273,2003-04-26,2003-04-26,46.641919,8.407743,3238.0,90,,,RGI60-11.01238,860.4493419560852,5165373.179057621,124,100,0124_0100
273,2003-04-26,2003-04-26,46.641789,8.407794,3236.0,88,,,RGI60-11.01238,864.3545445768965,5165358.7340954,124,100,0124_0100
273,2003-04-26,2003-04-26,46.641681,8.407891,3234.0,88,,,RGI60-11.01238,871.779901651951,5165346.734270335,124,100,0124_0100
273,2003-04-26,2003-04-26,46.641583,8.407965,3231.0,85,,,RGI60-11.01238,877.4448792469306,5165335.845392105,124,100,0124_0100
273,2003-04-26,2003-04-26,46.641478,8.408051,3229.0,82,,,RGI60-11.01238,884.0283827194472,5165324.178818266,125,100,0125_0100
273,2003-04-26,2003-04-26,46.641367,8.408123,3227.0,78,,,RGI60-11.01238,889.5405511311519,5165311.845377431,125,101,0125_0101
273,2003-04-26,2003-04-26,46.641255,8.408195,3226.0,76,,,RGI60-11.01238,895.0527585688652,5165299.400822494,125,101,0125_0101
273,2003-04-26,2003-04-26,46.641144,8.408268,3224.0,74,,,RGI60-11.01238,900.6415052512318,5165287.0674036415,125,101,0125_0101
273,2003-04-26,2003-04-26,46.641032,8.40834,3223.0,70,,,RGI60-11.01238,906.1537582219628,5165274.622859333,125,101,0125_0101
273,2003-04-26,2003-04-26,46.640934,8.408414,3222.0,71,,,RGI60-11.01238,911.818865565621,5165263.734014613,125,101,0125_0101
273,2003-04-26,2003-04-26,46.640823,8.408479,3222.0,71,,,RGI60-11.01238,916.7954111474089,5165251.400518879,125,102,0125_0102
273,2003-04-26,2003-04-26,46.640726,8.408556,3221.0,71,,,RGI60-11.01238,922.6901435698466,5165240.622839037,125,102,0125_0102
273,2003-04-26,2003-04-26,46.640618,8.408628,3221.0,71,,,RGI60-11.01238,928.2024160425243,5165228.622793234,125,102,0125_0102
273,2003-04-26,2003-04-26,46.640501,8.408684,3221.0,70,,,RGI60-11.01238,932.4903211812247,5165215.622488993,125,102,0125_0102
273,2003-04-26,2003-04-26,46.640381,8.40875,3222.0,71,,,RGI60-11.01238,937.5436383155636,5165202.288948912,125,102,0125_0102
273,2003-04-26,2003-04-26,46.640274,8.40881,3225.0,70,,,RGI60-11.01238,942.1375460678594,5165190.399893227,125,102,0125_0102
273,2003-04-26,2003-04-26,46.640141,8.408828,3227.0,69,,,RGI60-11.01238,943.5174758806597,5165175.62123434,125,103,0125_0103
273,2003-04-26,2003-04-26,46.640032,8.408871,3230.0,67,,,RGI60-11.01238,946.8103613016804,5165163.509740609,125,103,0125_0103
273,2003-04-26,2003-04-26,46.639908,8.408892,3233.0,70,,,RGI60-11.01238,948.4197559899367,5165149.73119366,125,103,0125_0103
273,2003-04-26,2003-04-26,46.639792,8.4089,3235.0,68,,,RGI60-11.01238,949.0340629291873,5165136.841445577,125,103,0125_0103
273,2003-04-26,2003-04-26,46.63966,8.408934,3237.0,66,,,RGI60-11.01238,951.638567383533,5165122.174101948,126,103,0126_0103
273,2003-04-26,2003-04-26,46.63955,8.408979,3239.0,70,,,RGI60-11.01238,955.0845865303086,5165109.951518564,126,104,0126_0104
273,2003-04-26,2003-04-26,46.63944,8.409032,3242.0,71,,,RGI60-11.01238,959.1429036435802,5165097.729034716,126,104,0126_0104
273,2003-04-26,2003-04-26,46.639328,8.409092,3243.0,67,,,RGI60-11.01238,963.7370222995232,5165085.28440074,126,104,0126_0104
273,2003-04-26,2003-04-26,46.639213,8.409173,3245.0,67,,,RGI60-11.01238,969.9384656714669,5165072.506670748,126,104,0126_0104
273,2003-04-26,2003-04-26,46.639098,8.409233,3245.0,64,,,RGI60-11.01238,974.532679653282,5165059.728687483,126,104,0126_0104
273,2003-04-26,2003-04-26,46.638976,8.409307,3245.0,62,,,RGI60-11.01238,980.1985455367201,5165046.173046691,126,105,0126_0105
273,2003-04-26,2003-04-26,46.638865,8.409361,3246.0,58,,,RGI60-11.01238,984.3335108457147,5165033.839474122,126,105,0126_0105
273,2003-04-26,2003-04-26,46.638744,8.409403,3249.0,55,,,RGI60-11.01238,987.5502373655071,5165020.3945609145,126,105,0126_0105
273,2003-04-26,2003-04-26,46.638632,8.409447,3252.0,53,,,RGI60-11.01238,990.9198872197787,5165007.949748772,126,105,0126_0105
273,2003-04-26,2003-04-26,46.63852,8.409465,3254.0,52,,,RGI60-11.01238,992.2995942049447,5164995.504611046,126,105,0126_0105
273,2003-04-26,2003-04-26,46.638402,8.40953,3258.0,50,,,RGI60-11.01238,997.2766540602702,5164982.3933516545,126,106,0126_0106
273,2003-04-26,2003-04-26,46.638295,8.409586,3261.0,46,,,RGI60-11.01238,1001.564698393979,5164970.504294713,126,106,0126_0106
273,2003-04-26,2003-04-26,46.638174,8.409631,3264.0,45,,,RGI60-11.01238,1005.0111088951822,5164957.0594302835,126,106,0126_0106
273,2003-04-26,2003-04-26,46.638065,8.409661,3267.0,48,,,RGI60-11.01238,1007.3092502070301,5164944.947808029,126,106,0126_0106
273,2003-04-26,2003-04-26,46.637954,8.409706,3269.0,48,,,RGI60-11.01238,1010.7555018843505,5164932.614140532,126,106,0126_0106
273,2003-04-26,2003-04-26,46.637829,8.409725,3273.0,46,,,RGI60-11.01238,1012.2120471234867,5164918.724470645,126,107,0126_0107
273,2003-04-26,2003-04-26,46.637716,8.409723,3275.0,45,,,RGI60-11.01238,1012.0610783916343,5164906.167963195,126,107,0126_0107
273,2003-04-26,2003-04-26,46.637599,8.409777,3279.0,45,,,RGI60-11.01238,1016.1963170255891,5164893.167699349,127,107,0127_0107
273,2003-04-26,2003-04-26,46.637483,8.40982,3281.0,47,,,RGI60-11.01238,1019.4896338072382,5164880.278415547,127,107,0127_0107
273,2003-04-26,2003-04-26,46.637368,8.409859,3284.0,48,,,RGI60-11.01238,1022.4767921178307,5164867.500201199,127,107,0127_0107
273,2003-04-26,2003-04-26,46.637252,8.409924,3286.0,50,,,RGI60-11.01238,1027.4539852096593,5164854.6112079285,127,108,0127_0108
273,2003-04-26,2003-04-26,46.637132,8.409961,3288.0,48,,,RGI60-11.01238,1030.2881904791486,5164841.277375414,127,108,0127_0108
273,2003-04-26,2003-04-26,46.637011,8.410026,3290.0,49,,,RGI60-11.01238,1035.26551723128,5164827.832792655,127,108,0127_0108
273,2003-04-26,2003-04-26,46.636196,8.406743,3201.0,43,,,RGI60-11.01238,783.9999928139955,5164737.232682633,123,109,0123_0109
273,2003-04-26,2003-04-26,46.636265,8.406686,3199.0,42,,,RGI60-11.01238,779.6362175487374,5164744.899347335,123,109,0123_0109
273,2003-04-26,2003-04-26,46.636445,8.406598,3196.0,47,,,RGI60-11.01238,772.8981366707894,5164764.899950962,123,109,0123_0109
273,2003-04-26,2003-04-26,46.636564,8.406498,3193.0,49,,,RGI60-11.01238,765.2424867146025,5164778.1221697815,123,109,0123_0109
273,2003-04-26,2003-04-26,46.636661,8.406407,3190.0,52,,,RGI60-11.01238,758.276032119539,5164788.899860847,123,109,0123_0109
273,2003-04-26,2003-04-26,46.636768,8.406301,3188.0,54,,,RGI60-11.01238,750.1613749774118,5164800.7886101315,122,108,0122_0108
273,2003-04-26,2003-04-26,46.636854,8.40622,3186.0,53,,,RGI60-11.01238,743.9605155711931,5164810.344101159,122,108,0122_0108
273,2003-04-26,2003-04-26,46.636973,8.406118,3183.0,54,,,RGI60-11.01238,736.151908734735,5164823.566338956,122,108,0122_0108
273,2003-04-26,2003-04-26,46.63707,8.406033,3181.0,54,,,RGI60-11.01238,729.6447916382384,5164834.344119915,122,108,0122_0108
273,2003-04-26,2003-04-26,46.637172,8.405942,3179.0,55,,,RGI60-11.01238,722.6783989866549,5164845.677449517,122,108,0122_0108
273,2003-04-26,2003-04-26,46.637278,8.405793,3175.0,59,,,RGI60-11.01238,711.2727438788593,5164857.454739458,122,108,0122_0108
273,2003-04-26,2003-04-26,46.637355,8.405698,3173.0,63,,,RGI60-11.01238,704.0005830292398,5164866.010072448,122,107,0122_0107
273,2003-04-26,2003-04-26,46.637447,8.405577,3170.0,68,,,RGI60-11.01238,694.7382541795408,5164876.231974308,122,107,0122_0107
273,2003-04-26,2003-04-26,46.637531,8.405467,3168.0,76,,,RGI60-11.01238,686.31797786697,5164885.565031864,122,107,0122_0107
273,2003-04-26,2003-04-26,46.63762,8.405355,3166.0,82,,,RGI60-11.01238,677.7445890325462,5164895.453680632,121,107,0121_0107
273,2003-04-26,2003-04-26,46.63771,8.405234,3164.0,86,,,RGI60-11.01238,668.4823745119736,5164905.453384662,121,107,0121_0107
273,2003-04-26,2003-04-26,46.637798,8.405123,3162.0,93,,,RGI60-11.01238,659.9855931542098,5164915.230948152,121,107,0121_0107
273,2003-04-26,2003-04-26,46.637888,8.405015,3162.0,102,,,RGI60-11.01238,651.7184284058916,5164925.23078718,121,106,0121_0106
273,2003-04-26,2003-04-26,46.637976,8.404905,3161.0,117,,,RGI60-11.01238,643.298239642493,5164935.008382749,121,106,0121_0106
273,2003-04-26,2003-04-26,46.638058,8.404779,3162.0,128,,,RGI60-11.01238,633.6535491501945,5164944.119145565,121,106,0121_0106
273,2003-04-26,2003-04-26,46.638134,8.404645,3162.0,138,,,RGI60-11.01238,623.3966580243446,5164952.563144729,121,106,0121_0106
273,2003-04-26,2003-04-26,46.638211,8.404524,3162.0,147,,,RGI60-11.01238,614.1347683666179,5164961.118381986,120,106,0120_0106
273,2003-04-26,2003-04-26,46.6383,8.404399,3162.0,155,,,RGI60-11.01238,604.5666228267579,5164971.007034699,120,106,0120_0106
273,2003-04-26,2003-04-26,46.638386,8.404278,3162.0,161,,,RGI60-11.01238,595.3046894925753,5164980.56237499,120,106,0120_0106
273,2003-04-26,2003-04-26,46.638471,8.404157,3162.0,170,,,RGI60-11.01238,586.042796298481,5164990.006610325,120,105,0120_0105
273,2003-04-26,2003-04-26,46.638558,8.404033,3162.0,173,,,RGI60-11.01238,576.551300619962,5164999.673076714,120,105,0120_0105
273,2003-04-26,2003-04-26,46.638652,8.403909,3161.0,176,,,RGI60-11.01238,567.0597622348731,5165010.117393456,120,105,0120_0105
273,2003-04-26,2003-04-26,46.63873,8.403789,3161.0,175,,,RGI60-11.01238,557.8745670800888,5165018.78384439,120,105,0120_0105
273,2003-04-26,2003-04-26,46.638807,8.403662,3161.0,172,,,RGI60-11.01238,548.1536536704774,5165027.339141384,119,105,0119_0105
273,2003-04-26,2003-04-26,46.638895,8.403512,3161.0,165,,,RGI60-11.01238,536.6723245150796,5165037.116609897,119,105,0119_0105
273,2003-04-26,2003-04-26,46.638967,8.40338,3161.0,156,,,RGI60-11.01238,526.5688384227079,5165045.116311229,119,105,0119_0105
273,2003-04-26,2003-04-26,46.639047,8.403234,3162.0,145,,,RGI60-11.01238,515.3937982342846,5165054.004892588,119,105,0119_0105
273,2003-04-26,2003-04-26,46.639113,8.403104,3163.0,137,,,RGI60-11.01238,505.44349643259574,5165061.337926596,119,104,0119_0104
273,2003-04-26,2003-04-26,46.639195,8.402951,3164.0,126,,,RGI60-11.01238,493.7327482915226,5165070.448742111,119,104,0119_0104
273,2003-04-26,2003-04-26,46.639259,8.402821,3164.0,122,,,RGI60-11.01238,483.782517778947,5165077.559573365,118,104,0118_0104
273,2003-04-26,2003-04-26,46.639355,8.402689,3164.0,118,,,RGI60-11.01238,473.67896014180087,5165088.226227913,118,104,0118_0104
273,2003-04-26,2003-04-26,46.639451,8.402575,3165.0,115,,,RGI60-11.01238,464.9530769853497,5165098.8930056095,118,104,0118_0104
273,2003-04-26,2003-04-26,46.639547,8.402461,3165.0,110,,,RGI60-11.01238,456.2272246902037,5165109.559796106,118,104,0118_0104
273,2003-04-26,2003-04-26,46.639652,8.402345,3164.0,106,,,RGI60-11.01238,447.3482586510703,5165121.226662148,118,104,0118_0104
273,2003-04-26,2003-04-26,46.639756,8.40226,3164.0,101,,,RGI60-11.01238,440.8419217684465,5165132.782595077,118,103,0118_0103
273,2003-04-26,2003-04-26,46.639873,8.402178,3163.0,99,,,RGI60-11.01238,434.56511046023815,5165145.783103302,118,103,0118_0103
273,2003-04-26,2003-04-26,46.63999,8.402106,3162.0,98,,,RGI60-11.01238,429.05367346518875,5165158.783672722,118,103,0118_0103
273,2003-04-26,2003-04-26,46.640083,8.402047,3161.0,95,,,RGI60-11.01238,424.5373972339677,5165169.117452922,118,103,0118_0103
273,2003-04-26,2003-04-26,46.640198,8.401936,3160.0,97,,,RGI60-11.01238,416.0411757356905,5165181.895586639,117,103,0117_0103
273,2003-04-26,2003-04-26,46.640278,8.401827,3158.0,97,,,RGI60-11.01238,407.69832167296073,5165190.78456543,117,102,0117_0102
273,2003-04-26,2003-04-26,46.640369,8.401716,3157.0,103,,,RGI60-11.01238,399.20234288305795,5165200.895858692,117,102,0117_0102
273,2003-04-26,2003-04-26,46.640478,8.401623,3156.0,112,,,RGI60-11.01238,392.08387568825975,5165213.007401968,117,102,0117_0102
273,2003-04-26,2003-04-26,46.640583,8.401547,3155.0,126,,,RGI60-11.01238,386.2665415754477,5165224.674559614,117,102,0117_0102
273,2003-04-26,2003-04-26,46.640688,8.401441,3154.0,137,,,RGI60-11.01238,378.15321771526914,5165236.341578687,117,102,0117_0102
273,2003-04-26,2003-04-26,46.64079,8.401355,3154.0,147,,,RGI60-11.01238,371.5706176520332,5165247.6753448965,117,102,0117_0102
273,2003-04-26,2003-04-26,46.640899,8.40127,3154.0,149,,,RGI60-11.01238,365.0645286975396,5165259.786958703,117,101,0117_0101
273,2003-04-26,2003-04-26,46.640996,8.401167,3154.0,147,,,RGI60-11.01238,357.18094561155215,5165270.565065568,117,101,0117_0101
273,2003-04-26,2003-04-26,46.641076,8.401059,3155.0,145,,,RGI60-11.01238,348.9148341324452,5165279.454131438,116,101,0116_0101
273,2003-04-26,2003-04-26,46.641161,8.400925,3157.0,144,,,RGI60-11.01238,338.6588556945072,5165288.898693566,116,101,0116_0101
273,2003-04-26,2003-04-26,46.641213,8.400776,3157.0,138,,,RGI60-11.01238,327.2551140273755,5165294.676271492,116,101,0116_0101
273,2003-04-26,2003-04-26,46.641287,8.400634,3158.0,135,,,RGI60-11.01238,316.3869964629928,5165302.898525386,116,101,0116_0101
273,2003-04-26,2003-04-26,46.64133,8.400481,3159.0,133,,,RGI60-11.01238,304.6772218317302,5165307.676055681,116,101,0116_0101
273,2003-04-26,2003-04-26,46.641401,8.400333,3159.0,129,,,RGI60-11.01238,293.34997829765877,5165315.564969939,116,101,0116_0101
273,2003-04-26,2003-04-26,46.641478,8.400197,3160.0,124,,,RGI60-11.01238,282.9411247530198,5165324.120664864,115,100,0115_0100
273,2003-04-26,2003-04-26,46.641552,8.400046,3160.0,120,,,RGI60-11.01238,271.3843279536182,5165332.342967956,115,100,0115_0100
273,2003-04-26,2003-04-26,46.641628,8.399917,3160.0,114,,,RGI60-11.01238,261.5112662487101,5165340.787604839,115,100,0115_0100
273,2003-04-26,2003-04-26,46.641707,8.399784,3160.0,106,,,RGI60-11.01238,251.33208906382788,5165349.565603385,115,100,0115_0100
273,2003-04-26,2003-04-26,46.641779,8.399644,3160.0,102,,,RGI60-11.01238,240.61724718917344,5165357.565762131,115,100,0115_0100
273,2003-04-26,2003-04-26,46.641856,8.399514,3160.0,102,,,RGI60-11.01238,230.6677335091109,5165366.121566174,115,100,0115_0100
273,2003-04-26,2003-04-26,46.641939,8.399361,3160.0,103,,,RGI60-11.01238,218.9579881716458,5165375.344038917,114,100,0114_0100
273,2003-04-26,2003-04-26,46.642026,8.39921,3160.0,106,,,RGI60-11.01238,207.40132708292177,5165385.011017353,114,100,0114_0100
273,2003-04-26,2003-04-26,46.642096,8.399061,3160.0,109,,,RGI60-11.01238,195.99782789854376,5165392.788993387,114,99,0114_0099
273,2003-04-26,2003-04-26,46.642184,8.39893,3160.0,109,,,RGI60-11.01238,185.9718662875218,5165402.567182482,114,99,0114_0099
273,2003-04-26,2003-04-26,46.642266,8.398786,3160.0,108,,,RGI60-11.01238,174.951046922516,5165411.67864308,114,99,0114_0099
273,2003-04-26,2003-04-26,46.642359,8.398653,3157.0,104,,,RGI60-11.01238,164.77207287302983,5165422.012460258,114,99,0114_0099
273,2003-04-26,2003-04-26,46.642423,8.398511,3158.0,104,,,RGI60-11.01238,153.90443465340718,5165429.1238146005,113,99,0113_0099
273,2003-04-26,2003-04-26,46.642487,8.398329,3158.0,101,,,RGI60-11.01238,139.97557386558782,5165436.23511678,113,99,0113_0099
273,2003-04-26,2003-04-26,46.642543,8.398173,3159.0,99,,,RGI60-11.01238,128.0365737823664,5165442.457537914,113,99,0113_0099
273,2003-04-26,2003-04-26,46.642598,8.397978,3159.0,94,,,RGI60-11.01238,113.11288958670696,5165448.568806625,113,99,0113_0099
273,2003-04-26,2003-04-26,46.642645,8.397809,3159.0,92,,,RGI60-11.01238,100.17905564728804,5165453.791189823,113,98,0113_0098
273,2003-04-26,2003-04-26,46.642682,8.397601,3159.0,89,,,RGI60-11.01238,84.26055391435713,5165457.902364328,112,98,0112_0098
273,2003-04-26,2003-04-26,46.642702,8.397405,3157.0,83,,,RGI60-11.01238,69.26046611415849,5165460.124561481,112,98,0112_0098
273,2003-04-26,2003-04-26,46.642721,8.397249,3158.0,82,,,RGI60-11.01238,57.3216253687817,5165462.235704867,112,98,0112_0098
273,2003-04-26,2003-04-26,46.642759,8.397054,3161.0,79,,,RGI60-11.01238,42.39807505977851,5165466.458118864,112,98,0112_0098
273,2003-04-26,2003-04-26,46.642769,8.396897,3162.0,77,,,RGI60-11.01238,30.38273050050966,5165467.5692404155,112,98,0112_0098
273,2003-04-26,2003-04-26,46.64278,8.396688,3161.0,68,,,RGI60-11.01238,14.387788857416533,5165468.791494505,111,98,0111_0098
273,2003-04-26,2003-04-26,46.642799,8.396519,3161.0,62,,,RGI60-11.01238,1.4540845349643912,5165470.902746225,111,98,0111_0098
273,2003-04-26,2003-04-26,46.634105,8.387131,2985.0,61,,,RGI60-11.01238,-717.1315883286397,5164504.873993574,100,113,0100_0113
273,2003-04-26,2003-04-26,46.634103,8.387301,2984.0,70,,,RGI60-11.01238,-704.1193002584572,5164504.65022228,100,113,0100_0113
273,2003-04-26,2003-04-26,46.634093,8.387477,2981.0,77,,,RGI60-11.01238,-690.6478548265862,5164503.537472569,101,113,0101_0113
273,2003-04-26,2003-04-26,46.634085,8.387627,2979.0,80,,,RGI60-11.01238,-679.1664988312607,5164502.647215141,101,113,0101_0113
273,2003-04-26,2003-04-26,46.634081,8.387815,2978.0,87,,,RGI60-11.01238,-664.7764540747795,5164502.201135282,101,113,0101_0113
273,2003-04-26,2003-04-26,46.634076,8.387992,2977.0,92,,,RGI60-11.01238,-651.2283928867445,5164501.64406135,101,113,0101_0113
273,2003-04-26,2003-04-26,46.634062,8.388159,2977.0,97,,,RGI60-11.01238,-638.445865758565,5164500.087025682,101,113,0101_0113
273,2003-04-26,2003-04-26,46.634048,8.388321,2976.0,101,,,RGI60-11.01238,-626.0460475571872,5164498.530056811,102,113,0102_0113
273,2003-04-26,2003-04-26,46.634031,8.388497,2976.0,107,,,RGI60-11.01238,-612.5746530787848,5164496.639646817,102,113,0102_0113
273,2003-04-26,2003-04-26,46.634026,8.388661,2976.0,114,,,RGI60-11.01238,-600.0216353586667,5164496.082789014,102,113,0102_0113
273,2003-04-26,2003-04-26,46.634014,8.388832,2976.0,118,,,RGI60-11.01238,-586.9328890100222,5164494.748070539,102,113,0102_0113
273,2003-04-26,2003-04-26,46.634001,8.389011,2976.0,122,,,RGI60-11.01238,-573.2318020831171,5164493.302203013,102,113,0102_0113
273,2003-04-26,2003-04-26,46.63399,8.389188,2975.0,124,,,RGI60-11.01238,-559.6837743525782,5164492.078619277,103,113,0103_0113
273,2003-04-26,2003-04-26,46.63398,8.389364,2974.0,127,,,RGI60-11.01238,-546.2122742718922,5164490.966192135,103,113,0103_0113
273,2003-04-26,2003-04-26,46.633963,8.389525,2974.0,131,,,RGI60-11.01238,-533.8889862758401,5164489.076061945,103,113,0103_0113
273,2003-04-26,2003-04-26,46.633944,8.389693,2974.0,135,,,RGI60-11.01238,-521.0299070218161,5164486.9636721695,103,113,0103_0113
273,2003-04-26,2003-04-26,46.633924,8.389853,2973.0,139,,,RGI60-11.01238,-508.78317435720834,5164484.740242193,103,113,0103_0113
273,2003-04-26,2003-04-26,46.633908,8.390027,2972.0,143,,,RGI60-11.01238,-495.4647898657268,5164482.961225907,104,113,0104_0113
273,2003-04-26,2003-04-26,46.633898,8.390188,2972.0,147,,,RGI60-11.01238,-483.1414073386703,5164481.849034036,104,113,0104_0113
273,2003-04-26,2003-04-26,46.63389,8.390327,2972.0,152,,,RGI60-11.01238,-472.5019561153904,5164480.959237464,104,113,0104_0113
273,2003-04-26,2003-04-26,46.633874,8.39052,2972.0,162,,,RGI60-11.01238,-457.7292289524455,5164479.180190766,104,113,0104_0113
273,2003-04-26,2003-04-26,46.633859,8.390687,2972.0,169,,,RGI60-11.01238,-444.94661255459744,5164477.51244594,104,113,0104_0113
273,2003-04-26,2003-04-26,46.633864,8.390822,2972.0,175,,,RGI60-11.01238,-434.6132175156357,5164478.0672887955,105,113,0105_0113
273,2003-04-26,2003-04-26,46.633868,8.390983,2972.0,180,,,RGI60-11.01238,-422.2897048928917,5164478.510890479,105,113,0105_0113
273,2003-04-26,2003-04-26,46.633856,8.391152,2971.0,187,,,RGI60-11.01238,-409.35396791151044,5164477.176568051,105,113,0105_0113
273,2003-04-26,2003-04-26,46.633852,8.39132,2971.0,194,,,RGI60-11.01238,-396.4947101766216,5164476.7312322445,105,113,0105_0113
273,2003-04-26,2003-04-26,46.633842,8.391491,2970.0,199,,,RGI60-11.01238,-383.4058627618909,5164475.619193866,105,113,0105_0113
273,2003-04-26,2003-04-26,46.633832,8.39167,2970.0,203,,,RGI60-11.01238,-369.70466325685,5164474.507146327,106,113,0106_0113
273,2003-04-26,2003-04-26,46.633809,8.391826,2971.0,210,,,RGI60-11.01238,-357.7640430931964,5164471.95068406,106,113,0106_0113
273,2003-04-26,2003-04-26,46.633809,8.391999,2970.0,213,,,RGI60-11.01238,-344.5220278069329,5164471.949913281,106,113,0106_0113
273,2003-04-26,2003-04-26,46.633795,8.392167,2970.0,286,,,RGI60-11.01238,-331.6628152527266,5164470.393523374,106,113,0106_0113
273,2003-04-26,2003-04-26,46.633794,8.39233,2970.0,289,,,RGI60-11.01238,-319.1862370377592,5164470.281731109,106,113,0106_0113
273,2003-04-26,2003-04-26,46.633786,8.392518,2969.0,293,,,RGI60-11.01238,-304.7961110744183,5164469.392033051,106,113,0106_0113
273,2003-04-26,2003-04-26,46.633787,8.392693,2967.0,296,,,RGI60-11.01238,-291.4009978633399,5164469.502490372,107,113,0107_0113
273,2003-04-26,2003-04-26,46.63377,8.392869,2969.0,300,,,RGI60-11.01238,-277.9294338232971,5164467.612827772,107,113,0107_0113
273,2003-04-26,2003-04-26,46.633762,8.39303,2968.0,302,,,RGI60-11.01238,-265.60597011375387,5164466.72331877,107,113,0107_0113
273,2003-04-26,2003-04-26,46.633749,8.393201,2968.0,304,,,RGI60-11.01238,-252.51709084339643,5164465.278206707,107,113,0107_0113
273,2003-04-26,2003-04-26,46.633733,8.393375,2969.0,303,,,RGI60-11.01238,-239.19858789057074,5164463.4997562505,107,113,0107_0113
273,2003-04-26,2003-04-26,46.633737,8.393546,2968.0,301,,,RGI60-11.01238,-226.1096245024537,5164463.943728381,108,113,0108_0113
273,2003-04-26,2003-04-26,46.633737,8.393718,2968.0,297,,,RGI60-11.01238,-212.944135195563,5164463.943249294,108,113,0108_0113
273,2003-04-26,2003-04-26,46.633725,8.393877,2969.0,297,,,RGI60-11.01238,-200.77375631879286,5164462.609401222,108,113,0108_0113
273,2003-04-26,2003-04-26,46.633719,8.394043,2969.0,293,,,RGI60-11.01238,-188.0675462428236,5164461.942276355,108,113,0108_0113
273,2003-04-26,2003-04-26,46.633722,8.394212,2970.0,290,,,RGI60-11.01238,-175.13167359667847,5164462.2752446355,108,113,0108_0113
273,2003-04-26,2003-04-26,46.633715,8.394389,2970.0,284,,,RGI60-11.01238,-161.58348366762488,5164461.497031936,109,114,0109_0114
273,2003-04-26,2003-04-26,46.633702,8.394552,2971.0,278,,,RGI60-11.01238,-149.10691689109169,5164460.052160685,109,114,0109_0114
273,2003-04-26,2003-04-26,46.633698,8.394717,2970.0,271,,,RGI60-11.01238,-136.47723429422845,5164459.607384832,109,114,0109_0114
273,2003-04-26,2003-04-26,46.633686,8.394877,2970.0,265,,,RGI60-11.01238,-124.23028615798036,5164458.273689459,109,114,0109_0114
273,2003-04-26,2003-04-26,46.633677,8.395048,2971.0,258,,,RGI60-11.01238,-111.14134652168727,5164457.273361067,109,114,0109_0114
273,2003-04-26,2003-04-26,46.633685,8.395236,2968.0,248,,,RGI60-11.01238,-96.75113037363629,5164458.162066941,110,114,0110_0114
273,2003-04-26,2003-04-26,46.633675,8.39537,2969.0,243,,,RGI60-11.01238,-86.49430178821648,5164457.050718883,110,114,0110_0114
273,2003-04-26,2003-04-26,46.633673,8.395563,2970.0,233,,,RGI60-11.01238,-71.72138385956879,5164456.8282867065,110,114,0110_0114
273,2003-04-26,2003-04-26,46.633667,8.39572,2971.0,227,,,RGI60-11.01238,-59.70404012059567,5164456.161440438,110,114,0110_0114
273,2003-04-26,2003-04-26,46.633663,8.395882,2972.0,222,,,RGI60-11.01238,-47.30397373470491,5164455.716853551,110,114,0110_0114
273,2003-04-26,2003-04-26,46.633652,8.396047,2972.0,214,,,RGI60-11.01238,-34.67427903504012,5164454.494456235,111,114,0111_0114
273,2003-04-26,2003-04-26,46.633644,8.396217,2973.0,205,,,RGI60-11.01238,-21.661859631058757,5164453.605441658,111,114,0111_0114
273,2003-04-26,2003-04-26,46.63364,8.396387,2972.0,197,,,RGI60-11.01238,-8.649435754990122,5164453.1609320585,111,114,0111_0114
273,2003-04-26,2003-04-26,46.633628,8.396552,2972.0,188,,,RGI60-11.01238,3.980272200573021,5164451.827496447,111,114,0111_0114
273,2003-04-26,2003-04-26,46.633616,8.396714,2975.0,179,,,RGI60-11.01238,16.38035460014078,5164450.494086649,111,114,0111_0114
273,2003-04-26,2003-04-26,46.633605,8.396886,2975.0,168,,,RGI60-11.01238,29.545879237307833,5164449.271825272,112,114,0112_0114
273,2003-04-26,2003-04-26,46.6336,8.397039,2977.0,163,,,RGI60-11.01238,41.25707351179803,5164448.716297863,112,114,0112_0114
273,2003-04-26,2003-04-26,46.633594,8.397194,2978.0,161,,,RGI60-11.01238,53.121358407509284,5164448.04967531,112,114,0112_0114
273,2003-04-26,2003-04-26,46.623967,8.406353,2869.0,136,,,RGI60-11.01238,754.3192352892806,5163378.352697762,123,130,0123_0130
273,2003-04-26,2003-04-26,46.623951,8.406185,2867.0,150,,,RGI60-11.01238,741.4578246382293,5163376.573199199,122,130,0122_0130
273,2003-04-26,2003-04-26,46.623946,8.406003,2866.0,163,,,RGI60-11.01238,727.5244559950019,5163376.015908159,122,130,0122_0130
273,2003-04-26,2003-04-26,46.623929,8.405823,2864.0,180,,,RGI60-11.01238,713.7443571994323,5163374.125238946,122,130,0122_0130
273,2003-04-26,2003-04-26,46.623925,8.40568,2863.0,194,,,RGI60-11.01238,702.7967051085633,5163373.679477911,122,130,0122_0130
273,2003-04-26,2003-04-26,46.623918,8.405493,2862.0,207,,,RGI60-11.01238,688.4805646771264,5163372.899994381,122,130,0122_0130
273,2003-04-26,2003-04-26,46.623913,8.405341,2861.0,213,,,RGI60-11.01238,676.843904453542,5163372.343082824,121,130,0121_0130
273,2003-04-26,2003-04-26,46.623913,8.405131,2860.0,226,,,RGI60-11.01238,660.766852098119,5163372.341301068,121,130,0121_0130
273,2003-04-26,2003-04-26,46.623912,8.404965,2860.0,240,,,RGI60-11.01238,648.0583369304541,5163372.228803905,121,130,0121_0130
273,2003-04-26,2003-04-26,46.623914,8.404783,2860.0,255,,,RGI60-11.01238,634.1248679457228,5163372.449561779,121,130,0121_0130
273,2003-04-26,2003-04-26,46.623913,8.404614,2861.0,266,,,RGI60-11.01238,621.1866803445357,5163372.337097078,121,130,0121_0130
273,2003-04-26,2003-04-26,46.623914,8.404432,2862.0,279,,,RGI60-11.01238,607.2532237867812,5163372.446797957,120,130,0120_0130
273,2003-04-26,2003-04-26,46.623915,8.40426,2863.0,289,,,RGI60-11.01238,594.0853416355159,5163372.556606325,120,130,0120_0130
273,2003-04-26,2003-04-26,46.623916,8.40407,2864.0,300,,,RGI60-11.01238,579.5394269857695,5163372.666310933,120,130,0120_0130
273,2003-04-26,2003-04-26,46.623917,8.403897,2864.0,311,,,RGI60-11.01238,566.2949884425133,5163372.776172588,120,130,0120_0130
273,2003-04-26,2003-04-26,46.623918,8.40371,2865.0,326,,,RGI60-11.01238,551.9787469947096,5163372.885965182,119,130,0119_0130
273,2003-04-26,2003-04-26,46.623924,8.403538,2866.0,336,,,RGI60-11.01238,538.8108172234699,5163373.551489348,119,130,0119_0130
273,2003-04-26,2003-04-26,46.623905,8.403349,2867.0,348,,,RGI60-11.01238,524.3416564726726,5163371.4389530895,119,130,0119_0130
273,2003-04-26,2003-04-26,46.623893,8.403179,2868.0,358,,,RGI60-11.01238,511.32701086553317,5163370.104407863,119,130,0119_0130
273,2003-04-26,2003-04-26,46.623881,8.402993,2869.0,371,,,RGI60-11.01238,497.08744051001185,5163368.769789685,119,130,0119_0130
273,2003-04-26,2003-04-26,46.62387,8.402817,2869.0,381,,,RGI60-11.01238,483.6134294987021,5163367.546385448,118,130,0118_0130
273,2003-04-26,2003-04-26,46.623857,8.402637,2870.0,391,,,RGI60-11.01238,469.83320045777754,5163366.100749377,118,130,0118_0130
273,2003-04-26,2003-04-26,46.62384,8.402456,2870.0,398,,,RGI60-11.01238,455.97644091398166,5163364.210662848,118,130,0118_0130
273,2003-04-26,2003-04-26,46.623827,8.402265,2871.0,408,,,RGI60-11.01238,441.3540649969585,5163362.765028245,118,130,0118_0130
273,2003-04-26,2003-04-26,46.623795,8.402093,2870.0,414,,,RGI60-11.01238,428.18642498385634,5163359.20827044,118,130,0118_0130
273,2003-04-26,2003-04-26,46.623769,8.401894,2870.0,423,,,RGI60-11.01238,412.9516685317883,5163356.3181137955,117,130,0117_0130
273,2003-04-26,2003-04-26,46.623749,8.401737,2869.0,433,,,RGI60-11.01238,400.93227373499764,5163354.094922595,117,130,0117_0130
273,2003-04-26,2003-04-26,46.623724,8.401538,2869.0,438,,,RGI60-11.01238,385.69748422844486,5163351.315953811,117,130,0117_0130
273,2003-04-26,2003-04-26,46.623709,8.401375,2868.0,446,,,RGI60-11.01238,373.21868895355095,5163349.648383652,117,130,0117_0130
273,2003-04-26,2003-04-26,46.623689,8.401174,2869.0,450,,,RGI60-11.01238,357.8307270940002,5163347.425070937,117,130,0117_0130
273,2003-04-26,2003-04-26,46.623682,8.401011,2867.0,451,,,RGI60-11.01238,345.3518652079281,5163346.646510676,116,130,0116_0130
273,2003-04-26,2003-04-26,46.623655,8.400818,2866.0,451,,,RGI60-11.01238,330.5763900120294,5163343.645469319,116,130,0116_0130
273,2003-04-26,2003-04-26,46.623635,8.400659,2866.0,450,,,RGI60-11.01238,318.40382407970776,5163341.422434153,116,130,0116_0130
273,2003-04-26,2003-04-26,46.623617,8.400459,2866.0,449,,,RGI60-11.01238,303.0923677160918,5163339.421503147,116,131,0116_0131
273,2003-04-26,2003-04-26,46.623595,8.400296,2866.0,447,,,RGI60-11.01238,290.6135624963433,5163336.976270615,116,131,0116_0131
273,2003-04-26,2003-04-26,46.623573,8.400108,2865.0,445,,,RGI60-11.01238,276.22080037877583,5163334.53097599,115,131,0115_0131
273,2003-04-26,2003-04-26,46.623561,8.399936,2865.0,444,,,RGI60-11.01238,263.0529046045603,5163333.196959275,115,131,0115_0131
273,2003-04-26,2003-04-26,46.623552,8.399739,2865.0,443,,,RGI60-11.01238,247.97104168017614,5163332.1962494375,115,131,0115_0131
273,2003-04-26,2003-04-26,46.623544,8.399571,2865.0,441,,,RGI60-11.01238,235.109348927653,5163331.306782411,115,131,0115_0131
273,2003-04-26,2003-04-26,46.62354,8.399379,2866.0,438,,,RGI60-11.01238,220.41024598446464,5163330.861751531,114,131,0114_0131
273,2003-04-26,2003-04-26,46.62353,8.399211,2866.0,433,,,RGI60-11.01238,207.54855397330556,5163329.750105186,114,131,0114_0131
273,2003-04-26,2003-04-26,46.623522,8.399016,2867.0,430,,,RGI60-11.01238,192.61978558441197,5163328.860657984,114,131,0114_0131
273,2003-04-26,2003-04-26,46.623513,8.39885,2868.0,429,,,RGI60-11.01238,179.9111967954293,5163327.860194464,114,131,0114_0131
273,2003-04-26,2003-04-26,46.623508,8.39866,2869.0,423,,,RGI60-11.01238,165.3652003643079,5163327.304183199,114,131,0114_0131
273,2003-04-26,2003-04-26,46.623497,8.398489,2869.0,420,,,RGI60-11.01238,152.27381951103453,5163326.081529346,113,131,0113_0131
273,2003-04-26,2003-04-26,46.623492,8.398296,2870.0,414,,,RGI60-11.01238,137.4981422930545,5163325.52557946,113,131,0113_0131
273,2003-04-26,2003-04-26,46.623489,8.398138,2871.0,406,,,RGI60-11.01238,125.40198748174082,5163325.191958895,113,131,0113_0131
273,2003-04-26,2003-04-26,46.623486,8.397939,2872.0,403,,,RGI60-11.01238,110.16695357424953,5163324.858304458,113,131,0113_0131
273,2003-04-26,2003-04-26,46.623478,8.397775,2873.0,399,,,RGI60-11.01238,97.61145691307242,5163323.9691360835,113,131,0113_0131
273,2003-04-26,2003-04-26,46.623472,8.397574,2873.0,393,,,RGI60-11.01238,82.22330690733615,5163323.302192631,112,131,0112_0131
273,2003-04-26,2003-04-26,46.623467,8.397415,2874.0,388,,,RGI60-11.01238,70.05058914960429,5163322.746443913,112,131,0112_0131
273,2003-04-26,2003-04-26,46.623456,8.39721,2875.0,383,,,RGI60-11.01238,54.35620586866041,5163321.52397283,112,131,0112_0131
273,2003-04-26,2003-04-26,46.623446,8.397053,2875.0,378,,,RGI60-11.01238,42.33660194390504,5163320.412686256,112,131,0112_0131
273,2003-04-26,2003-04-26,46.623431,8.396849,2876.0,374,,,RGI60-11.01238,26.718767015033315,5163318.745811475,112,131,0112_0131
273,2003-04-26,2003-04-26,46.62342,8.39669,2876.0,370,,,RGI60-11.01238,14.546036564634383,5163317.523460554,111,131,0111_0131
273,2003-04-26,2003-04-26,46.623406,8.396488,2876.0,364,,,RGI60-11.01238,-0.9186972829947184,5163315.967776706,111,131,0111_0131
273,2003-04-26,2003-04-26,46.623396,8.396329,2877.0,360,,,RGI60-11.01238,-13.091438693493005,5163314.856600561,111,131,0111_0131
273,2003-04-26,2003-04-26,46.623384,8.396123,2877.0,354,,,RGI60-11.01238,-28.862417999776763,5163313.523227056,111,131,0111_0131
273,2003-04-26,2003-04-26,46.623378,8.395968,2877.0,348,,,RGI60-11.01238,-40.72893387851302,5163312.856581314,110,131,0110_0131
273,2003-04-26,2003-04-26,46.623371,8.395761,2878.0,338,,,RGI60-11.01238,-56.576477473076565,5163312.078875886,110,131,0110_0131
273,2003-04-26,2003-04-26,46.623365,8.395601,2878.0,331,,,RGI60-11.01238,-68.82579007761993,5163311.412288994,110,131,0110_0131
273,2003-04-26,2003-04-26,46.623357,8.395398,2879.0,322,,,RGI60-11.01238,-84.36710994190214,5163310.523534036,110,131,0110_0131
273,2003-04-26,2003-04-26,46.62335,8.395237,2879.0,316,,,RGI60-11.01238,-96.69298873913677,5163309.745885755,110,131,0110_0131
273,2003-04-26,2003-04-26,46.623342,8.395037,2879.0,307,,,RGI60-11.01238,-112.004642409169,5163308.857198299,109,131,0109_0131
273,2003-04-26,2003-04-26,46.623334,8.394877,2880.0,299,,,RGI60-11.01238,-124.25397225375407,5163307.968485864,109,131,0109_0131
273,2003-04-26,2003-04-26,46.623322,8.394675,2880.0,290,,,RGI60-11.01238,-139.71876122433403,5163306.635395776,109,131,0109_0131
273,2003-04-26,2003-04-26,46.623309,8.39451,2881.0,283,,,RGI60-11.01238,-152.3509048709511,5163305.191154119,109,131,0109_0131
273,2003-04-26,2003-04-26,46.623297,8.394313,2881.0,273,,,RGI60-11.01238,-167.43291586533277,5163303.858125407,109,131,0109_0131
273,2003-04-26,2003-04-26,46.623286,8.394146,2882.0,267,,,RGI60-11.01238,-180.21818188181044,5163302.636184388,108,131,0108_0131
273,2003-04-26,2003-04-26,46.623269,8.393972,2881.0,255,,,RGI60-11.01238,-193.539382499772,5163300.7475734735,108,131,0108_0131
273,2003-04-26,2003-04-26,46.623265,8.393782,2882.0,244,,,RGI60-11.01238,-208.08547483237953,5163300.3035814,108,131,0108_0131
273,2003-04-26,2003-04-26,46.62326,8.393592,2883.0,235,,,RGI60-11.01238,-222.63157340693223,5163299.748505365,108,131,0108_0131
273,2003-04-26,2003-04-26,46.623259,8.393418,2883.0,222,,,RGI60-11.01238,-235.95272416505878,5163299.637892469,108,131,0108_0131
273,2003-04-26,2003-04-26,46.623257,8.393226,2884.0,208,,,RGI60-11.01238,-250.65192970864868,5163299.416247034,107,131,0107_0131
273,2003-04-26,2003-04-26,46.623257,8.393054,2885.0,191,,,RGI60-11.01238,-263.8199602239047,5163299.416808321,107,131,0107_0131
273,2003-04-26,2003-04-26,46.62325,8.392863,2885.0,176,,,RGI60-11.01238,-278.44263464946636,5163298.639632107,107,131,0107_0131
273,2003-04-26,2003-04-26,46.623236,8.392696,2886.0,159,,,RGI60-11.01238,-291.2279503000767,5163297.0845692055,107,131,0107_0131
273,2003-04-26,2003-04-26,46.623204,8.392503,2887.0,133,,,RGI60-11.01238,-306.00389148459647,5163293.529491573,106,131,0106_0131
273,2003-04-26,2003-04-26,46.623172,8.392351,2888.0,110,,,RGI60-11.01238,-317.6409541733436,5163289.974284105,106,131,0106_0131
273,2003-04-26,2003-04-26,46.623148,8.392153,2889.0,82,,,RGI60-11.01238,-332.79967171916695,5163287.308244457,106,131,0106_0131
273,2003-04-26,2003-04-26,46.623129,8.391997,2891.0,44,,,RGI60-11.01238,-344.7429137377421,5163285.197653465,106,131,0106_0131
273,2003-04-26,2003-04-26,46.623115,8.391807,2893.0,28,,,RGI60-11.01238,-359.28912085664757,5163283.642835635,106,131,0106_0131
273,2003-04-26,2003-04-26,46.618075,8.393015,2825.0,35,,,RGI60-11.01238,-266.8311908165769,5162723.598416195,107,140,0107_0140
273,2003-04-26,2003-04-26,46.61803,8.393191,2824.0,49,,,RGI60-11.01238,-253.3558513254659,5162718.597483988,107,140,0107_0140
273,2003-04-26,2003-04-26,46.617976,8.393351,2823.0,60,,,RGI60-11.01238,-241.10558142771848,5162712.596560423,107,140,0107_0140
273,2003-04-26,2003-04-26,46.617924,8.393517,2824.0,69,,,RGI60-11.01238,-228.39588374098597,5162706.8178822175,108,140,0108_0140
273,2003-04-26,2003-04-26,46.617868,8.393681,2824.0,87,,,RGI60-11.01238,-215.83930942875887,5162700.594760624,108,140,0108_0140
273,2003-04-26,2003-04-26,46.617815,8.393841,2824.0,106,,,RGI60-11.01238,-203.58896195103063,5162694.70503229,108,140,0108_0140
273,2003-04-26,2003-04-26,46.61777,8.394013,2825.0,121,,,RGI60-11.01238,-190.41976977177666,5162689.704251159,108,140,0108_0140
273,2003-04-26,2003-04-26,46.617719,8.394173,2825.0,132,,,RGI60-11.01238,-178.16936883012076,5162684.036812352,108,140,0108_0140
273,2003-04-26,2003-04-26,46.617667,8.394344,2826.0,144,,,RGI60-11.01238,-165.07671977721748,5162678.25825645,109,141,0109_0141
273,2003-04-26,2003-04-26,46.617616,8.394503,2826.0,158,,,RGI60-11.01238,-152.90283808063285,5162672.590871121,109,141,0109_0141
273,2003-04-26,2003-04-26,46.617556,8.394668,2827.0,173,,,RGI60-11.01238,-140.2695587223357,5162665.92342948,109,141,0109_0141
273,2003-04-26,2003-04-26,46.617508,8.394828,2827.0,186,,,RGI60-11.01238,-128.01905536269328,5162660.589449408,109,141,0109_0141
273,2003-04-26,2003-04-26,46.61746,8.395003,2827.0,192,,,RGI60-11.01238,-114.62003302761704,5162655.255472324,109,141,0109_0141
273,2003-04-26,2003-04-26,46.617414,8.395164,2827.0,202,,,RGI60-11.01238,-102.29291503039143,5162650.143780922,110,141,0110_0141
273,2003-04-26,2003-04-26,46.617364,8.395333,2826.0,208,,,RGI60-11.01238,-89.35324979052596,5162644.58763,110,141,0110_0141
273,2003-04-26,2003-04-26,46.617312,8.395497,2826.0,218,,,RGI60-11.01238,-76.79639702797813,5162638.809273906,110,141,0110_0141
273,2003-04-26,2003-04-26,46.617268,8.395663,2826.0,232,,,RGI60-11.01238,-64.08637724608383,5162633.9198936215,110,141,0110_0141
273,2003-04-26,2003-04-26,46.617228,8.395829,2825.0,242,,,RGI60-11.01238,-51.37633309069063,5162629.475015764,110,141,0110_0141
273,2003-04-26,2003-04-26,46.617181,8.396,2825.0,248,,,RGI60-11.01238,-38.28344079169414,5162624.25232992,111,141,0111_0141
273,2003-04-26,2003-04-26,46.617138,8.396162,2824.0,256,,,RGI60-11.01238,-25.879626461024333,5162619.474151053,111,141,0111_0141
273,2003-04-26,2003-04-26,46.617093,8.396337,2824.0,266,,,RGI60-11.01238,-12.48042191606594,5162614.4737577615,111,141,0111_0141
273,2003-04-26,2003-04-26,46.61705,8.396497,2823.0,275,,,RGI60-11.01238,-0.2297011987443271,5162609.695631997,111,142,0111_0142
273,2003-04-26,2003-04-26,46.617006,8.396673,2823.0,287,,,RGI60-11.01238,13.246113186891241,5162604.806414793,111,142,0111_0142
273,2003-04-26,2003-04-26,46.616956,8.396829,2822.0,296,,,RGI60-11.01238,25.190608379921894,5162599.250507716,111,142,0111_0142
273,2003-04-26,2003-04-26,46.616906,8.397005,2822.0,309,,,RGI60-11.01238,38.666470945156625,5162593.694633937,112,142,0112_0142
273,2003-04-26,2003-04-26,46.616865,8.397162,2821.0,321,,,RGI60-11.01238,50.68757046610577,5162589.138848,112,142,0112_0142
273,2003-04-26,2003-04-26,46.616814,8.397338,2821.0,333,,,RGI60-11.01238,64.16348025528123,5162583.471912336,112,142,0112_0142
273,2003-04-26,2003-04-26,46.61676,8.397494,2820.0,342,,,RGI60-11.01238,76.10807013580286,5162577.4716306105,112,142,0112_0142
273,2003-04-26,2003-04-26,46.616714,8.397643,2819.0,348,,,RGI60-11.01238,87.51669801742327,5162572.360315957,112,142,0112_0142
273,2003-04-26,2003-04-26,46.61665,8.397817,2818.0,356,,,RGI60-11.01238,100.83956875035696,5162565.248914457,113,142,0113_0142
273,2003-04-26,2003-04-26,46.616613,8.397984,2818.0,366,,,RGI60-11.01238,113.62644035812146,5162561.137742485,113,142,0113_0142
273,2003-04-26,2003-04-26,46.616571,8.398158,2817.0,372,,,RGI60-11.01238,126.9493152094746,5162556.471014405,113,142,0113_0142
273,2003-04-26,2003-04-26,46.616524,8.398318,2817.0,380,,,RGI60-11.01238,139.20027426603775,5162551.24869648,113,142,0113_0142
273,2003-04-26,2003-04-26,46.61647,8.398482,2816.0,385,,,RGI60-11.01238,151.75754557208586,5162545.248578913,113,143,0113_0143
273,2003-04-26,2003-04-26,46.616425,8.398649,2815.0,393,,,RGI60-11.01238,164.5445184614918,5162540.248563799,114,143,0114_0143
273,2003-04-26,2003-04-26,46.616374,8.398818,2815.0,401,,,RGI60-11.01238,177.48466815981917,5162534.581866972,114,143,0114_0143
273,2003-04-26,2003-04-26,46.616331,8.39898,2815.0,408,,,RGI60-11.01238,189.88883755386792,5162529.804132164,114,143,0114_0143
273,2003-04-26,2003-04-26,46.616278,8.399149,2814.0,410,,,RGI60-11.01238,202.82904090394533,5162523.915251984,114,143,0114_0143
273,2003-04-26,2003-04-26,46.616225,8.399302,2814.0,414,,,RGI60-11.01238,214.54417783853546,5162518.02635593,114,143,0114_0143
273,2003-04-26,2003-04-26,46.616164,8.399475,2814.0,419,,,RGI60-11.01238,227.79073725300069,5162511.248589171,115,143,0115_0143
273,2003-04-26,2003-04-26,46.616114,8.399627,2814.0,423,,,RGI60-11.01238,239.42934151224412,5162505.693095297,115,143,0115_0143
273,2003-04-26,2003-04-26,46.616058,8.399797,2815.0,427,,,RGI60-11.01238,252.44622728557903,5162499.470968087,115,143,0115_0143
273,2003-04-26,2003-04-26,46.61601,8.399953,2815.0,428,,,RGI60-11.01238,264.3911413524699,5162494.137773027,115,143,0115_0143
273,2003-04-26,2003-04-26,46.615956,8.400123,2815.0,426,,,RGI60-11.01238,277.4080675632354,5162488.13793752,115,143,0115_0143
273,2003-04-26,2003-04-26,46.615898,8.400274,2815.0,424,,,RGI60-11.01238,288.97023592713634,5162481.693584796,115,143,0115_0143
273,2003-04-26,2003-04-26,46.615836,8.400437,2815.0,420,,,RGI60-11.01238,301.4512764361982,5162474.80482458,116,144,0116_0144
273,2003-04-26,2003-04-26,46.615785,8.400603,2815.0,414,,,RGI60-11.01238,314.16198841343015,5162469.138409859,116,144,0116_0144
273,2003-04-26,2003-04-26,46.615725,8.400761,2814.0,410,,,RGI60-11.01238,326.260226938504,5162462.471918915,116,144,0116_0144
273,2003-04-26,2003-04-26,46.615671,8.400923,2814.0,404,,,RGI60-11.01238,338.6647308557888,5162456.472182721,116,144,0116_0144
273,2003-04-26,2003-04-26,46.61562,8.401086,2813.0,400,,,RGI60-11.01238,351.1458091270947,5162450.805833153,116,144,0116_0144
273,2003-04-26,2003-04-26,46.615563,8.401246,2812.0,394,,,RGI60-11.01238,363.3972435072449,5162444.472782361,117,144,0117_0144
273,2003-04-26,2003-04-26,46.61551,8.401408,2811.0,388,,,RGI60-11.01238,375.80181440972535,5162438.584241522,117,144,0117_0144
273,2003-04-26,2003-04-26,46.61546,8.401564,2811.0,380,,,RGI60-11.01238,387.74697223331765,5162433.029053316,117,144,0117_0144
273,2003-04-26,2003-04-26,46.615411,8.401739,2810.0,369,,,RGI60-11.01238,401.1469628376175,5162427.585104167,117,144,0117_0144
273,2003-04-26,2003-04-26,46.615359,8.401903,2809.0,359,,,RGI60-11.01238,413.7047365605277,5162421.807770418,117,144,0117_0144
273,2003-04-26,2003-04-26,46.615301,8.402061,2809.0,347,,,RGI60-11.01238,425.8031642130668,5162415.363717203,118,145,0118_0145
273,2003-04-26,2003-04-26,46.61524,8.402219,2809.0,336,,,RGI60-11.01238,437.90164188016456,5162408.586331698,118,145,0118_0145
273,2003-04-26,2003-04-26,46.615192,8.402381,2809.0,324,,,RGI60-11.01238,450.3063177709327,5162403.253538619,118,145,0118_0145
273,2003-04-26,2003-04-26,46.615128,8.402539,2809.0,313,,,RGI60-11.01238,462.404872758462,5162396.142845749,118,145,0118_0145
273,2003-04-26,2003-04-26,46.615075,8.402699,2809.0,303,,,RGI60-11.01238,474.6564998712768,5162390.254496757,118,145,0118_0145
273,2003-04-26,2003-04-26,46.615018,8.402858,2809.0,293,,,RGI60-11.01238,486.83161680879425,5162383.921691054,118,145,0118_0145
273,2003-04-26,2003-04-26,46.614957,8.403016,2809.0,281,,,RGI60-11.01238,498.93022601886656,5162377.144428188,119,145,0119_0145
273,2003-04-26,2003-04-26,46.614887,8.403161,2808.0,270,,,RGI60-11.01238,510.0335355638556,5162369.367035706,119,145,0119_0145
273,2003-04-26,2003-04-26,46.61483,8.403328,2808.0,254,,,RGI60-11.01238,522.8212933092583,5162363.034354576,119,145,0119_0145
273,2003-04-26,2003-04-26,46.614771,8.403482,2807.0,239,,,RGI60-11.01238,534.6136839861919,5162356.479374645,119,145,0119_0145
273,2003-04-26,2003-04-26,46.614716,8.403641,2806.0,221,,,RGI60-11.01238,546.7889118231958,5162350.368927911,119,145,0119_0145
273,2003-04-26,2003-04-26,46.614663,8.403808,2806.0,203,,,RGI60-11.01238,559.5767071776708,5162344.480800256,120,146,0120_0146
273,2003-04-26,2003-04-26,46.614597,8.403961,2806.0,184,,,RGI60-11.01238,571.2926771141471,5162337.148053074,120,146,0120_0146
273,2003-04-26,2003-04-26,46.614541,8.40412,2806.0,171,,,RGI60-11.01238,583.4679918146181,5162330.926561645,120,146,0120_0146
273,2003-04-26,2003-04-26,46.614489,8.404277,2807.0,156,,,RGI60-11.01238,595.4901464057587,5162325.149555135,120,146,0120_0146
273,2003-04-26,2003-04-26,46.614431,8.404424,2809.0,140,,,RGI60-11.01238,606.7466835287354,5162318.7057824945,120,146,0120_0146
273,2003-04-26,2003-04-26,46.61437,8.404578,2812.0,120,,,RGI60-11.01238,618.5392747169456,5162311.92872925,120,146,0120_0146
273,2003-04-26,2003-04-26,46.614326,8.404731,2815.0,101,,,RGI60-11.01238,630.2551242357946,5162307.040711569,121,146,0121_0146
273,2003-04-26,2003-04-26,46.614285,8.404902,2819.0,82,,,RGI60-11.01238,643.3492346213778,5162302.486219938,121,146,0121_0146
273,2003-04-26,2003-04-26,46.614246,8.405054,2822.0,81,,,RGI60-11.01238,654.9884912546246,5162298.1538364105,121,146,0121_0146
273,2003-04-26,2003-04-26,46.614213,8.40523,2826.0,79,,,RGI60-11.01238,668.465396530837,5162294.488391655,121,146,0121_0146
273,2003-04-26,2003-04-26,46.610058,8.378285,2620.0,52,,,RGI60-11.01238,-1394.8486136296106,5161832.91385826,90,153,0090_0153
273,2003-04-26,2003-04-26,46.610016,8.378437,2618.0,53,,,RGI60-11.01238,-1383.2099908718055,5161828.244192234,90,153,0090_0153
273,2003-04-26,2003-04-26,46.609944,8.378594,2617.0,60,,,RGI60-11.01238,-1371.1892219930603,5161820.240898771,90,154,0090_0154
273,2003-04-26,2003-04-26,46.609872,8.378711,2617.0,68,,,RGI60-11.01238,-1362.2315085641408,5161812.238319666,90,154,0090_0154
273,2003-04-26,2003-04-26,46.609783,8.378849,2618.0,75,,,RGI60-11.01238,-1351.6660713125314,5161802.346374787,91,154,0091_0154
273,2003-04-26,2003-04-26,46.609701,8.378968,2618.0,79,,,RGI60-11.01238,-1342.555397720168,5161793.23260323,91,154,0091_0154
273,2003-04-26,2003-04-26,46.609608,8.379097,2619.0,85,,,RGI60-11.01238,-1332.679191018692,5161782.8963701455,91,154,0091_0154
273,2003-04-26,2003-04-26,46.609522,8.379215,2620.0,90,,,RGI60-11.01238,-1323.6451345218015,5161773.338169292,91,154,0091_0154
273,2003-04-26,2003-04-26,46.609426,8.379345,2620.0,95,,,RGI60-11.01238,-1313.6923576200072,5161762.6685945485,91,154,0091_0154
273,2003-04-26,2003-04-26,46.609338,8.379463,2621.0,99,,,RGI60-11.01238,-1304.658288812693,5161752.888184917,91,155,0091_0155
273,2003-04-26,2003-04-26,46.60925,8.379581,2621.0,105,,,RGI60-11.01238,-1295.6241907329397,5161743.107788959,91,155,0091_0155
273,2003-04-26,2003-04-26,46.609146,8.379709,2621.0,112,,,RGI60-11.01238,-1285.8246601689636,5161731.549343558,92,155,0092_0155
273,2003-04-26,2003-04-26,46.609059,8.379833,2622.0,119,,,RGI60-11.01238,-1276.3310061734808,5161721.879997725,92,155,0092_0155
273,2003-04-26,2003-04-26,46.608969,8.379967,2622.0,126,,,RGI60-11.01238,-1266.0716071550248,5161711.877150112,92,155,0092_0155
273,2003-04-26,2003-04-26,46.608886,8.380088,2622.0,129,,,RGI60-11.01238,-1256.8075338031592,5161702.65235844,92,155,0092_0155
273,2003-04-26,2003-04-26,46.608788,8.380219,2623.0,132,,,RGI60-11.01238,-1246.7779894216849,5161691.760641814,92,155,0092_0155
273,2003-04-26,2003-04-26,46.608705,8.380341,2623.0,139,,,RGI60-11.01238,-1237.4372768932078,5161682.535864355,92,156,0092_0156
273,2003-04-26,2003-04-26,46.608613,8.380463,2623.0,147,,,RGI60-11.01238,-1228.0967392303025,5161672.311032838,93,156,0093_0156
273,2003-04-26,2003-04-26,46.60853,8.380577,2623.0,150,,,RGI60-11.01238,-1219.3686006592352,5161663.086408265,93,156,0093_0156
273,2003-04-26,2003-04-26,46.60843,8.380694,2623.0,156,,,RGI60-11.01238,-1210.4110765255753,5161651.972731887,93,156,0093_0156
273,2003-04-26,2003-04-26,46.608344,8.380809,2624.0,161,,,RGI60-11.01238,-1201.6063685347924,5161642.414761746,93,156,0093_0156
273,2003-04-26,2003-04-26,46.608249,8.38092,2624.0,166,,,RGI60-11.01238,-1193.1081481075641,5161631.856796527,93,156,0093_0156
273,2003-04-26,2003-04-26,46.608159,8.381046,2625.0,173,,,RGI60-11.01238,-1183.461094995941,5161621.8542118445,93,157,0093_0157
273,2003-04-26,2003-04-26,46.608059,8.381166,2625.0,180,,,RGI60-11.01238,-1174.2737043633906,5161610.740544802,93,157,0093_0157
273,2003-04-26,2003-04-26,46.607975,8.381279,2625.0,187,,,RGI60-11.01238,-1165.621995842541,5161601.404895017,93,157,0093_0157
273,2003-04-26,2003-04-26,46.607875,8.381397,2625.0,191,,,RGI60-11.01238,-1156.5877012436376,5161590.291284822,94,157,0094_0157
273,2003-04-26,2003-04-26,46.607793,8.381503,2625.0,197,,,RGI60-11.01238,-1148.4719546083477,5161581.178000071,94,157,0094_0157
273,2003-04-26,2003-04-26,46.607683,8.381631,2626.0,202,,,RGI60-11.01238,-1138.672005177224,5161568.953084233,94,157,0094_0157
273,2003-04-26,2003-04-26,46.607583,8.381734,2627.0,207,,,RGI60-11.01238,-1130.7863185346785,5161557.839729962,94,157,0094_0157
273,2003-04-26,2003-04-26,46.60749,8.381845,2627.0,216,,,RGI60-11.01238,-1122.2878138872502,5161547.504103306,94,158,0094_0158
273,2003-04-26,2003-04-26,46.607396,8.381947,2626.0,223,,,RGI60-11.01238,-1114.4785266888618,5161537.057497241,94,158,0094_0158
273,2003-04-26,2003-04-26,46.607298,8.38208,2627.0,230,,,RGI60-11.01238,-1104.2952887991153,5161526.165991966,94,158,0094_0158
273,2003-04-26,2003-04-26,46.607231,8.382221,2627.0,235,,,RGI60-11.01238,-1093.4987427644346,5161518.719073134,95,158,0095_0158
273,2003-04-26,2003-04-26,46.607156,8.382379,2627.0,242,,,RGI60-11.01238,-1081.4004523148926,5161510.382990721,95,158,0095_0158
273,2003-04-26,2003-04-26,46.607091,8.382521,2628.0,246,,,RGI60-11.01238,-1070.5272293220664,5161503.15833686,95,158,0095_0158
273,2003-04-26,2003-04-26,46.607014,8.382693,2628.0,250,,,RGI60-11.01238,-1057.3567779910563,5161494.599875437,95,158,0095_0158
273,2003-04-26,2003-04-26,46.606957,8.382821,2628.0,254,,,RGI60-11.01238,-1047.5554818281623,5161488.264400617,95,159,0095_0159
273,2003-04-26,2003-04-26,46.606886,8.382975,2628.0,259,,,RGI60-11.01238,-1035.7633162883694,5161480.372938032,95,159,0095_0159
273,2003-04-26,2003-04-26,46.606828,8.383111,2629.0,263,,,RGI60-11.01238,-1025.3493414773116,5161473.926275644,96,159,0096_0159
273,2003-04-26,2003-04-26,46.606757,8.383276,2629.0,270,,,RGI60-11.01238,-1012.7147216180159,5161466.0347152725,96,159,0096_0159
273,2003-04-26,2003-04-26,46.6067,8.3834,2630.0,275,,,RGI60-11.01238,-1003.2196588716896,5161459.699364101,96,159,0096_0159
273,2003-04-26,2003-04-26,46.606619,8.383577,2630.0,283,,,RGI60-11.01238,-989.6661814073498,5161450.696512534,96,159,0096_0159
273,2003-04-26,2003-04-26,46.606551,8.383717,2631.0,290,,,RGI60-11.01238,-978.9459589602317,5161443.138693309,96,159,0096_0159
273,2003-04-26,2003-04-26,46.606475,8.383869,2631.0,296,,,RGI60-11.01238,-967.3068685728821,5161434.69179635,96,159,0096_0159
273,2003-04-26,2003-04-26,46.606404,8.384004,2631.0,303,,,RGI60-11.01238,-956.9695528906441,5161426.800721604,97,159,0097_0159
273,2003-04-26,2003-04-26,46.606333,8.384157,2632.0,309,,,RGI60-11.01238,-945.2537311221673,5161418.909448714,97,160,0097_0160
273,2003-04-26,2003-04-26,46.60626,8.384289,2632.0,316,,,RGI60-11.01238,-935.1461408326813,5161410.796210115,97,160,0097_0160
273,2003-04-26,2003-04-26,46.606182,8.384441,2633.0,326,,,RGI60-11.01238,-923.5069608283375,5161402.127160648,97,160,0097_0160
273,2003-04-26,2003-04-26,46.606115,8.384577,2635.0,331,,,RGI60-11.01238,-913.0928824695119,5161394.680624486,97,160,0097_0160
273,2003-04-26,2003-04-26,46.606035,8.38473,2636.0,335,,,RGI60-11.01238,-901.3770903301073,5161385.789368945,97,160,0097_0160
273,2003-04-26,2003-04-26,46.605958,8.384856,2636.0,341,,,RGI60-11.01238,-891.7289474484694,5161377.231797324,98,160,0098_0160
273,2003-04-26,2003-04-26,46.605882,8.384995,2638.0,344,,,RGI60-11.01238,-881.0851845093688,5161368.785214573,98,160,0098_0160
273,2003-04-26,2003-04-26,46.605813,8.385143,2639.0,346,,,RGI60-11.01238,-869.7520335416984,5161361.116382172,98,160,0098_0160
273,2003-04-26,2003-04-26,46.605749,8.385278,2640.0,346,,,RGI60-11.01238,-859.4143537244997,5161354.003306167,98,161,0098_0161
273,2003-04-26,2003-04-26,46.605668,8.385417,2641.0,346,,,RGI60-11.01238,-848.7705827361499,5161345.00118729,98,161,0098_0161
273,2003-04-26,2003-04-26,46.605591,8.385556,2642.0,344,,,RGI60-11.01238,-838.126718321664,5161336.443562024,98,161,0098_0161
273,2003-04-26,2003-04-26,46.605516,8.385703,2642.0,343,,,RGI60-11.01238,-826.8701267105517,5161328.108109074,99,161,0099_0161
273,2003-04-26,2003-04-26,46.605437,8.385841,2642.0,341,,,RGI60-11.01238,-816.3028149562872,5161319.328295646,99,161,0099_0161
273,2003-04-26,2003-04-26,46.605362,8.385983,2642.0,336,,,RGI60-11.01238,-805.4290790114646,5161310.992934671,99,161,0099_0161
273,2003-04-26,2003-04-26,46.605281,8.386124,2641.0,332,,,RGI60-11.01238,-794.6319844259774,5161301.990891424,99,161,0099_0161
273,2003-04-26,2003-04-26,46.605198,8.386268,2641.0,324,,,RGI60-11.01238,-783.6051351860502,5161292.766600452,99,162,0099_0162
273,2003-04-26,2003-04-26,46.605117,8.386406,2641.0,318,,,RGI60-11.01238,-773.0377271301888,5161283.7646259,99,162,0099_0162
273,2003-04-26,2003-04-26,46.605035,8.386548,2640.0,311,,,RGI60-11.01238,-762.163965599216,5161274.651512632,100,162,0100_0162
273,2003-04-26,2003-04-26,46.604959,8.386679,2640.0,301,,,RGI60-11.01238,-752.1325134763381,5161266.20523595,100,162,0100_0162
273,2003-04-26,2003-04-26,46.604874,8.386827,2639.0,291,,,RGI60-11.01238,-740.799224337538,5161256.758748202,100,162,0100_0162
273,2003-04-26,2003-04-26,46.604797,8.386946,2639.0,286,,,RGI60-11.01238,-731.686738076584,5161248.201499874,100,162,0100_0162
273,2003-04-26,2003-04-26,46.604705,8.387084,2638.0,277,,,RGI60-11.01238,-721.1193205979537,5161237.977311539,100,162,0100_0162
273,2003-04-26,2003-04-26,46.604624,8.3872,2637.0,270,,,RGI60-11.01238,-712.2365842484948,5161228.975645618,100,162,0100_0162
273,2003-04-26,2003-04-26,46.604535,8.387333,2635.0,258,,,RGI60-11.01238,-702.0519849796315,5161219.084892121,100,163,0100_0163
273,2003-04-26,2003-04-26,46.60445,8.387452,2634.0,251,,,RGI60-11.01238,-692.9394889614791,5161209.638753521,101,163,0101_0163
273,2003-04-26,2003-04-26,46.604364,8.387583,2634.0,246,,,RGI60-11.01238,-682.9079576723414,5161200.081406164,101,163,0101_0163
273,2003-04-26,2003-04-26,46.604277,8.387709,2633.0,238,,,RGI60-11.01238,-673.2593323499505,5161190.412999645,101,163,0101_0163
273,2003-04-26,2003-04-26,46.604186,8.387835,2633.0,229,,,RGI60-11.01238,-663.6107249733034,5161180.300134081,101,163,0101_0163
273,2003-04-26,2003-04-26,46.604103,8.387956,2632.0,220,,,RGI60-11.01238,-654.3449155790945,5161171.076274786,101,163,0101_0163
273,2003-04-26,2003-04-26,46.604012,8.388084,2631.0,213,,,RGI60-11.01238,-644.5430747463012,5161160.963423408,101,164,0101_0164
273,2003-04-26,2003-04-26,46.603932,8.38821,2630.0,206,,,RGI60-11.01238,-634.8942437170207,5161152.072909326,101,164,0101_0164
273,2003-04-26,2003-04-26,46.603845,8.388342,2629.0,198,,,RGI60-11.01238,-624.7859507496487,5161142.404532711,102,164,0102_0164
273,2003-04-26,2003-04-26,46.603761,8.388467,2628.0,189,,,RGI60-11.01238,-615.2136920488718,5161133.069583688,102,164,0102_0164
273,2003-04-26,2003-04-26,46.60367,8.388594,2628.0,176,,,RGI60-11.01238,-605.4883099143404,5161122.956804123,102,164,0102_0164
273,2003-04-26,2003-04-26,46.603585,8.388712,2627.0,164,,,RGI60-11.01238,-596.452103821134,5161113.510820265,102,164,0102_0164
273,2003-04-26,2003-04-26,46.603493,8.388841,2626.0,153,,,RGI60-11.01238,-586.5734972174132,5161103.286937714,102,164,0102_0164
273,2003-04-26,2003-04-26,46.603405,8.388959,2625.0,145,,,RGI60-11.01238,-577.5372639830374,5161093.507626545,102,165,0102_0165
273,2003-04-26,2003-04-26,46.603314,8.389074,2625.0,138,,,RGI60-11.01238,-568.7307921370779,5161083.394994779,102,165,0102_0165
273,2003-04-26,2003-04-26,46.603228,8.389198,2625.0,130,,,RGI60-11.01238,-559.2349603670353,5161073.8379053185,103,165,0103_0165
273,2003-04-26,2003-04-26,46.60313,8.389315,2623.0,121,,,RGI60-11.01238,-550.2753267119152,5161062.947456179,103,165,0103_0165
273,2003-04-26,2003-04-26,46.603051,8.389412,2621.0,113,,,RGI60-11.01238,-542.8472074101481,5161054.168411984,103,165,0103_0165
273,2003-04-26,2003-04-26,46.597977,8.38742,2528.0,87,,,RGI60-11.01238,-695.473025105199,5160490.368373759,101,174,0101_0174
273,2003-04-26,2003-04-26,46.597965,8.387246,2528.0,94,,,RGI60-11.01238,-708.8005280887064,5160489.0365006095,100,174,0100_0174
273,2003-04-26,2003-04-26,46.597978,8.387054,2528.0,103,,,RGI60-11.01238,-723.5063958333002,5160490.482785128,100,174,0100_0174
273,2003-04-26,2003-04-26,46.597982,8.386852,2528.0,111,,,RGI60-11.01238,-738.9783181523234,5160490.929132332,100,174,0100_0174
273,2003-04-26,2003-04-26,46.597992,8.386673,2529.0,121,,,RGI60-11.01238,-752.6884946590159,5160492.042010572,100,174,0100_0174
273,2003-04-26,2003-04-26,46.597996,8.386506,2530.0,127,,,RGI60-11.01238,-765.4796236909923,5160492.488092193,100,174,0100_0174
273,2003-04-26,2003-04-26,46.597995,8.386316,2531.0,133,,,RGI60-11.01238,-780.0324825895451,5160492.378835488,99,174,0099_0174
273,2003-04-26,2003-04-26,46.598002,8.386131,2531.0,142,,,RGI60-11.01238,-794.202255531144,5160493.158511732,99,174,0099_0174
273,2003-04-26,2003-04-26,46.598011,8.38593,2531.0,151,,,RGI60-11.01238,-809.597497440882,5160494.160622417,99,174,0099_0174
273,2003-04-26,2003-04-26,46.598016,8.385723,2531.0,160,,,RGI60-11.01238,-825.4523583029869,5160494.718361002,99,174,0099_0174
273,2003-04-26,2003-04-26,46.598016,8.385527,2531.0,169,,,RGI60-11.01238,-840.464760838152,5160494.720431253,98,174,0098_0174
273,2003-04-26,2003-04-26,46.598018,8.385332,2531.0,178,,,RGI60-11.01238,-855.4005380094484,5160494.944765032,98,174,0098_0174
273,2003-04-26,2003-04-26,46.598023,8.385125,2530.0,188,,,RGI60-11.01238,-871.2553926150015,5160495.502623847,98,174,0098_0174
273,2003-04-26,2003-04-26,46.598023,8.384942,2530.0,194,,,RGI60-11.01238,-885.2720727672797,5160495.504661919,98,174,0098_0174
273,2003-04-26,2003-04-26,46.598025,8.384747,2529.0,201,,,RGI60-11.01238,-900.207846364961,5160495.729106495,97,174,0097_0174
273,2003-04-26,2003-04-26,46.598017,8.384547,2528.0,209,,,RGI60-11.01238,-915.5267566631521,5160494.842460718,97,174,0097_0174
273,2003-04-26,2003-04-26,46.598013,8.38436,2528.0,213,,,RGI60-11.01238,-929.8498823412488,5160494.400174554,97,174,0097_0174
273,2003-04-26,2003-04-26,46.598011,8.384157,2527.0,217,,,RGI60-11.01238,-945.3984777478851,5160494.180351106,97,174,0097_0174
273,2003-04-26,2003-04-26,46.598012,8.383967,2526.0,218,,,RGI60-11.01238,-959.9513006144884,5160494.293764951,97,174,0097_0174
273,2003-04-26,2003-04-26,46.598011,8.383763,2525.0,221,,,RGI60-11.01238,-975.5764733651881,5160494.185149892,96,174,0096_0174
273,2003-04-26,2003-04-26,46.59801,8.383581,2524.0,224,,,RGI60-11.01238,-989.5165809141573,5160494.076298968,96,174,0096_0174
273,2003-04-26,2003-04-26,46.598003,8.383378,2524.0,230,,,RGI60-11.01238,-1005.0652718201986,5160493.301036455,96,174,0096_0174
273,2003-04-26,2003-04-26,46.598001,8.383193,2523.0,237,,,RGI60-11.01238,-1019.2351824429267,5160493.081173824,96,174,0096_0174
273,2003-04-26,2003-04-26,46.597996,8.382993,2523.0,246,,,RGI60-11.01238,-1034.5540599202368,5160492.528185516,95,174,0095_0174
273,2003-04-26,2003-04-26,46.597984,8.382809,2522.0,246,,,RGI60-11.01238,-1048.6475724445868,5160491.197193452,95,174,0095_0174
273,2003-04-26,2003-04-26,46.597973,8.382618,2523.0,249,,,RGI60-11.01238,-1063.277229297126,5160489.977447164,95,174,0095_0174
273,2003-04-26,2003-04-26,46.597979,8.382443,2523.0,254,,,RGI60-11.01238,-1076.6810518837685,5160490.646532766,95,174,0095_0174
273,2003-04-26,2003-04-26,46.597969,8.382246,2524.0,259,,,RGI60-11.01238,-1091.770259417229,5160489.538055956,95,174,0095_0174
273,2003-04-26,2003-04-26,46.597951,8.382068,2525.0,255,,,RGI60-11.01238,-1105.40434974202,5160487.540402094,94,174,0094_0174
273,2003-04-26,2003-04-26,46.597935,8.381867,2526.0,256,,,RGI60-11.01238,-1120.8000700274142,5160485.765342701,94,174,0094_0174
273,2003-04-26,2003-04-26,46.597924,8.381702,2526.0,252,,,RGI60-11.01238,-1133.4383101432131,5160484.545397156,94,174,0094_0174
273,2003-04-26,2003-04-26,46.597908,8.381513,2527.0,245,,,RGI60-11.01238,-1147.9149178143673,5160482.77023448,94,174,0094_0174
273,2003-04-26,2003-04-26,46.597894,8.381332,2527.0,238,,,RGI60-11.01238,-1161.7787387404544,5160481.217225672,94,174,0094_0174
273,2003-04-26,2003-04-26,46.597881,8.38114,2528.0,232,,,RGI60-11.01238,-1176.4850800662125,5160479.775531266,93,174,0093_0174
273,2003-04-26,2003-04-26,46.597866,8.380969,2528.0,225,,,RGI60-11.01238,-1189.5829961155514,5160478.111318615,93,174,0093_0174
273,2003-04-26,2003-04-26,46.597857,8.380775,2528.0,220,,,RGI60-11.01238,-1204.4424512748144,5160477.114196568,93,174,0093_0174
273,2003-04-26,2003-04-26,46.597853,8.380575,2529.0,215,,,RGI60-11.01238,-1219.7613639202475,5160476.672796505,93,174,0093_0174
273,2003-04-26,2003-04-26,46.597841,8.380376,2529.0,207,,,RGI60-11.01238,-1235.003866450716,5160475.342471406,92,174,0092_0174
273,2003-04-26,2003-04-26,46.59783,8.380184,2529.0,201,,,RGI60-11.01238,-1249.7101936426795,5160474.123192347,92,174,0092_0174
273,2003-04-26,2003-04-26,46.597816,8.37998,2529.0,196,,,RGI60-11.01238,-1265.3357266341889,5160472.570785984,92,174,0092_0174
273,2003-04-26,2003-04-26,46.597814,8.379811,2530.0,190,,,RGI60-11.01238,-1278.2801887669625,5160472.351274454,92,174,0092_0174
273,2003-04-26,2003-04-26,46.597808,8.379618,2530.0,185,,,RGI60-11.01238,-1293.063007270379,5160471.687709798,92,174,0092_0174
273,2003-04-26,2003-04-26,46.597794,8.379457,2531.0,181,,,RGI60-11.01238,-1305.3950070115097,5160470.1347028995,91,174,0091_0174
273,2003-04-26,2003-04-26,46.597777,8.379279,2531.0,175,,,RGI60-11.01238,-1319.029187689467,5160468.248649805,91,174,0091_0174
273,2003-04-26,2003-04-26,46.59776,8.379102,2532.0,166,,,RGI60-11.01238,-1332.5867826433193,5160466.362610589,91,174,0091_0174
273,2003-04-26,2003-04-26,46.597747,8.378931,2532.0,159,,,RGI60-11.01238,-1345.684721402851,5160464.920973513,91,174,0091_0174
273,2003-04-26,2003-04-26,46.597747,8.378742,2533.0,151,,,RGI60-11.01238,-1360.161038319329,5160464.924215985,91,174,0091_0174
273,2003-04-26,2003-04-26,46.597733,8.378557,2534.0,141,,,RGI60-11.01238,-1374.3313321148426,5160463.371764067,90,174,0090_0174
273,2003-04-26,2003-04-26,46.597715,8.378353,2534.0,125,,,RGI60-11.01238,-1389.9570273568686,5160461.375205999,90,174,0090_0174
273,2003-04-26,2003-04-26,46.597709,8.378162,2535.0,115,,,RGI60-11.01238,-1404.5866964571903,5160460.711879039,90,174,0090_0174
273,2003-04-26,2003-04-26,46.597701,8.37797,2535.0,106,,,RGI60-11.01238,-1419.2930153371806,5160459.8263684595,90,174,0090_0174
273,2003-04-26,2003-04-26,46.597685,8.37777,2536.0,101,,,RGI60-11.01238,-1434.6123044411947,5160458.052090988,89,174,0089_0174
273,2003-04-26,2003-04-26,46.597668,8.37759,2536.0,93,,,RGI60-11.01238,-1448.399741621668,5160456.166366317,89,174,0089_0174
273,2003-04-26,2003-04-26,46.597648,8.377375,2537.0,81,,,RGI60-11.01238,-1464.8680724312733,5160453.947967096,89,174,0089_0174
273,2003-04-26,2003-04-26,46.597624,8.377197,2538.0,72,,,RGI60-11.01238,-1478.502529982768,5160451.284444328,89,174,0089_0174
273,2003-04-26,2003-04-26,46.597592,8.377002,2539.0,64,,,RGI60-11.01238,-1493.439325462221,5160447.732325959,88,174,0088_0174
273,2003-04-26,2003-04-26,46.597569,8.376824,2540.0,52,,,RGI60-11.01238,-1507.0737819462502,5160445.179986228,88,174,0088_0174
273,2003-04-26,2003-04-26,46.597541,8.376623,2540.0,43,,,RGI60-11.01238,-1522.470064713952,5160442.072528447,88,174,0088_0174
273,2003-04-26,2003-04-26,46.597513,8.376467,2541.0,38,,,RGI60-11.01238,-1534.4196063830727,5160438.9642333565,88,174,0088_0174
273,2008-05-03,2008-05-03,46.609303,8.39834,2746.0,75,,,RGI60-11.01238,140.90349237630318,5161748.859716407,113,155,0113_0155
273,2008-05-03,2008-05-03,46.609363,8.398255,2746.0,83,,,RGI60-11.01238,134.3942152504259,5161755.526693186,113,155,0113_0155
273,2008-05-03,2008-05-03,46.609402,8.398201,2746.0,90,,,RGI60-11.01238,130.2589151339318,5161759.860233958,113,154,0113_0154
273,2008-05-03,2008-05-03,46.609457,8.398124,2747.0,103,,,RGI60-11.01238,124.3622951519362,5161765.971641139,113,154,0113_0154
273,2008-05-03,2008-05-03,46.609584,8.397947,2748.0,128,,,RGI60-11.01238,110.80777123333702,5161780.083459255,113,154,0113_0154
273,2008-05-03,2008-05-03,46.609723,8.397755,2749.0,150,,,RGI60-11.01238,96.10462830072028,5161795.528714844,113,154,0113_0154
273,2008-05-03,2008-05-03,46.609872,8.397547,2750.0,170,,,RGI60-11.01238,80.17631068149475,5161812.085177853,112,154,0112_0154
273,2008-05-03,2008-05-03,46.609955,8.397431,2751.0,179,,,RGI60-11.01238,71.29324854067899,5161821.307923859,112,154,0112_0154
273,2008-05-03,2008-05-03,46.610026,8.397331,2751.0,186,,,RGI60-11.01238,63.63545877782825,5161829.197270659,112,153,0112_0153
273,2008-05-03,2008-05-03,46.610165,8.397138,2752.0,212,,,RGI60-11.01238,48.85597934903537,5161844.642641699,112,153,0112_0153
273,2008-05-03,2008-05-03,46.610281,8.396976,2752.0,228,,,RGI60-11.01238,36.4504647679091,5161857.53233141,112,153,0112_0153
273,2008-05-03,2008-05-03,46.610374,8.396845,2753.0,242,,,RGI60-11.01238,26.418884077111816,5161867.866325004,112,153,0112_0153
273,2008-05-03,2008-05-03,46.610518,8.396645,2754.0,272,,,RGI60-11.01238,11.103559532549395,5161883.867380959,111,153,0111_0153
273,2008-05-03,2008-05-03,46.610667,8.396437,2755.0,289,,,RGI60-11.01238,-4.824291946559578,5161900.424070518,111,152,0111_0152
273,2008-05-03,2008-05-03,46.610794,8.39626,2756.0,307,,,RGI60-11.01238,-18.378212077345925,5161914.5361816455,111,152,0111_0152
273,2008-05-03,2008-05-03,46.61096,8.396029,2757.0,321,,,RGI60-11.01238,-36.067131009347634,5161932.981979386,111,152,0111_0152
273,2008-05-03,2008-05-03,46.611192,8.395705,2756.0,334,,,RGI60-11.01238,-60.877381568704514,5161958.761737144,110,151,0110_0151
273,2008-05-03,2008-05-03,46.611374,8.395451,2756.0,342,,,RGI60-11.01238,-80.32724446671213,5161978.985584549,110,151,0110_0151
273,2008-05-03,2008-05-03,46.61154,8.39522,2755.0,349,,,RGI60-11.01238,-98.01578529925436,5161997.431565671,110,151,0110_0151
273,2008-05-03,2008-05-03,46.611667,8.395042,2755.0,351,,,RGI60-11.01238,-111.64584447297777,5162011.54388959,109,151,0109_0151
273,2008-05-03,2008-05-03,46.611894,8.394727,2755.0,352,,,RGI60-11.01238,-135.76629301729446,5162036.768351585,109,150,0109_0150
273,2008-05-03,2008-05-03,46.612009,8.394565,2755.0,348,,,RGI60-11.01238,-148.17102139434573,5162049.547305753,109,150,0109_0150
273,2008-05-03,2008-05-03,46.612131,8.394395,2756.0,343,,,RGI60-11.01238,-161.1882685630044,5162063.104133644,109,150,0109_0150
273,2008-05-03,2008-05-03,46.612219,8.394272,2757.0,335,,,RGI60-11.01238,-170.60659414719163,5162072.882847596,109,150,0109_0150
273,2008-05-03,2008-05-03,46.612335,8.39411,2757.0,328,,,RGI60-11.01238,-183.01117120288492,5162085.772992895,108,149,0108_0149
273,2008-05-03,2008-05-03,46.612518,8.393856,2759.0,307,,,RGI60-11.01238,-202.46021205838568,5162106.108356649,108,149,0108_0149
273,2008-05-03,2008-05-03,46.612634,8.393694,2760.0,291,,,RGI60-11.01238,-214.86465283116462,5162118.9985680785,108,149,0108_0149
273,2008-05-03,2008-05-03,46.612799,8.393463,2761.0,271,,,RGI60-11.01238,-232.5523766493604,5162137.333828654,108,149,0108_0149
273,2008-05-03,2008-05-03,46.612932,8.393278,2762.0,254,,,RGI60-11.01238,-246.71778837934158,5162152.113194262,107,148,0107_0148
273,2008-05-03,2008-05-03,46.613037,8.393131,2763.0,240,,,RGI60-11.01238,-257.97350175228433,5162163.781141301,107,148,0107_0148
273,2008-05-03,2008-05-03,46.613153,8.39297,2763.0,223,,,RGI60-11.01238,-270.30113292970515,5162176.671464547,107,148,0107_0148
273,2008-05-03,2008-05-03,46.613269,8.392808,2764.0,206,,,RGI60-11.01238,-282.7052838566884,5162189.561816815,107,148,0107_0148
273,2008-05-03,2008-05-03,46.61339,8.392638,2764.0,190,,,RGI60-11.01238,-295.7219324501955,5162203.007818972,107,148,0107_0148
273,2008-05-03,2008-05-03,46.613473,8.392523,2765.0,174,,,RGI60-11.01238,-304.5272730713642,5162212.231119875,106,148,0106_0148
273,2008-05-03,2008-05-03,46.613562,8.392399,2765.0,161,,,RGI60-11.01238,-314.0217000239312,5162222.121182579,106,147,0106_0147
273,2008-05-03,2008-05-03,46.613705,8.392199,2766.0,135,,,RGI60-11.01238,-329.3352296530742,5162238.011992273,106,147,0106_0147
273,2008-05-03,2008-05-03,46.613816,8.392045,2765.0,119,,,RGI60-11.01238,-341.12658693973,5162250.346838251,106,147,0106_0147
273,2008-05-03,2008-05-03,46.613893,8.391937,2765.0,104,,,RGI60-11.01238,-349.3958271737943,5162258.90346198,106,147,0106_0147
273,2008-05-03,2008-05-03,46.61211,8.384761,2649.0,154,,,RGI60-11.01238,-898.902525094688,5162060.835407239,97,150,0097_0150
273,2008-05-03,2008-05-03,46.611941,8.384776,2651.0,165,,,RGI60-11.01238,-897.756707166761,5162042.05615823,98,150,0098_0150
273,2008-05-03,2008-05-03,46.611798,8.384789,2652.0,171,,,RGI60-11.01238,-896.7636019578964,5162026.166021559,98,150,0098_0150
273,2008-05-03,2008-05-03,46.611629,8.384805,2654.0,176,,,RGI60-11.01238,-895.5411960434911,5162007.386762627,98,151,0098_0151
273,2008-05-03,2008-05-03,46.611468,8.384819,2654.0,181,,,RGI60-11.01238,-894.4718006857746,5161989.496477545,98,151,0098_0151
273,2008-05-03,2008-05-03,46.611229,8.384841,2655.0,183,,,RGI60-11.01238,-892.7910793694148,5161962.938836878,98,151,0098_0151
273,2008-05-03,2008-05-03,46.611082,8.384854,2656.0,183,,,RGI60-11.01238,-891.7980136409745,5161946.604227867,98,152,0098_0152
273,2008-05-03,2008-05-03,46.610931,8.384868,2656.0,182,,,RGI60-11.01238,-890.7284324102784,5161929.825133007,98,152,0098_0152
273,2008-05-03,2008-05-03,46.610679,8.384891,2656.0,176,,,RGI60-11.01238,-888.9713145723744,5161901.822940485,98,152,0098_0152
273,2008-05-03,2008-05-03,46.610431,8.384913,2657.0,165,,,RGI60-11.01238,-887.2906914598938,5161874.265236065,98,153,0098_0153
273,2008-05-03,2008-05-03,46.610247,8.38493,2657.0,161,,,RGI60-11.01238,-885.991893080989,5161853.819190769,98,153,0098_0153
273,2008-05-03,2008-05-03,46.610032,8.38495,2657.0,157,,,RGI60-11.01238,-884.4638597505356,5161829.928430988,98,153,0098_0153
273,2008-05-03,2008-05-03,46.609867,8.384965,2657.0,156,,,RGI60-11.01238,-883.3178877530781,5161811.593666637,98,154,0098_0154
273,2008-05-03,2008-05-03,46.609701,8.38498,2657.0,153,,,RGI60-11.01238,-882.1719250075555,5161793.147784275,98,154,0098_0154
273,2008-05-03,2008-05-03,46.609458,8.385002,2657.0,148,,,RGI60-11.01238,-880.4911593762876,5161766.145680264,98,154,0098_0154
273,2008-05-03,2008-05-03,46.609288,8.385017,2656.0,146,,,RGI60-11.01238,-879.3452440433086,5161747.255324759,98,155,0098_0155
273,2008-05-03,2008-05-03,46.6091,8.385034,2656.0,143,,,RGI60-11.01238,-878.0464558907486,5161726.364810289,98,155,0098_0155
273,2008-05-03,2008-05-03,46.608908,8.385052,2656.0,150,,,RGI60-11.01238,-876.6711447197276,5161705.029810693,98,155,0098_0155
273,2008-05-03,2008-05-03,46.60883,8.385059,2655.0,152,,,RGI60-11.01238,-876.1363525998509,5161696.362470875,98,155,0098_0155
273,2008-05-03,2008-05-03,46.601088,8.374739,2569.0,55,,,RGI60-11.01238,-1666.6654524319486,5160836.248145971,86,168,0086_0168
273,2008-05-03,2008-05-03,46.601082,8.374941,2567.0,70,,,RGI60-11.01238,-1651.1945432829907,5160835.577184854,86,168,0086_0168
273,2008-05-03,2008-05-03,46.601077,8.375143,2566.0,81,,,RGI60-11.01238,-1635.7236006221765,5160835.017381959,86,168,0086_0168
273,2008-05-03,2008-05-03,46.601071,8.375361,2565.0,95,,,RGI60-11.01238,-1619.0272515562813,5160834.346171478,87,168,0087_0168
273,2008-05-03,2008-05-03,46.601065,8.375594,2564.0,106,,,RGI60-11.01238,-1601.182054893703,5160833.674702468,87,168,0087_0168
273,2008-05-03,2008-05-03,46.601059,8.375812,2565.0,119,,,RGI60-11.01238,-1584.485698325622,5160833.003587481,87,168,0087_0168
273,2008-05-03,2008-05-03,46.601053,8.37603,2565.0,128,,,RGI60-11.01238,-1567.7893380701062,5160832.33251865,87,168,0087_0168
273,2008-05-03,2008-05-03,46.601046,8.376263,2563.0,134,,,RGI60-11.01238,-1549.944158353839,5160831.550082449,88,169,0088_0169
273,2008-05-03,2008-05-03,46.60104,8.376496,2564.0,143,,,RGI60-11.01238,-1532.0989458511565,5160830.8788175685,88,169,0088_0169
273,2008-05-03,2008-05-03,46.601034,8.376714,2564.0,149,,,RGI60-11.01238,-1515.4025739720519,5160830.207893567,88,169,0088_0169
273,2008-05-03,2008-05-03,46.601028,8.376947,2564.0,158,,,RGI60-11.01238,-1497.5573537137598,5160829.5367307495,88,169,0088_0169
273,2008-05-03,2008-05-03,46.601022,8.37718,2564.0,162,,,RGI60-11.01238,-1479.7121295140491,5160828.865620663,89,169,0089_0169
273,2008-05-03,2008-05-03,46.601016,8.377398,2563.0,166,,,RGI60-11.01238,-1463.0157463186833,5160828.19484149,89,169,0089_0169
273,2008-05-03,2008-05-03,46.60101,8.377616,2563.0,169,,,RGI60-11.01238,-1446.3193594358609,5160827.524108475,89,169,0089_0169
273,2008-05-03,2008-05-03,46.601004,8.377849,2563.0,172,,,RGI60-11.01238,-1428.4741236661707,5160826.853149786,89,169,0089_0169
273,2008-05-03,2008-05-03,46.600998,8.378067,2563.0,174,,,RGI60-11.01238,-1411.7777292815772,5160826.182512265,90,169,0090_0169
273,2008-05-03,2008-05-03,46.600991,8.3783,2562.0,175,,,RGI60-11.01238,-1393.932511402654,5160825.400537051,90,169,0090_0169
273,2008-05-03,2008-05-03,46.600986,8.378518,2562.0,177,,,RGI60-11.01238,-1377.2360838701582,5160824.841113613,90,169,0090_0169
273,2008-05-03,2008-05-03,46.600979,8.378751,2562.0,177,,,RGI60-11.01238,-1359.3908576001077,5160824.059240463,91,169,0091_0169
273,2008-05-03,2008-05-03,46.600975,8.378907,2562.0,177,,,RGI60-11.01238,-1347.442961190681,5160823.612088658,91,169,0091_0169
273,2008-05-03,2008-05-03,46.60097,8.379078,2562.0,181,,,RGI60-11.01238,-1334.346241674619,5160823.053587971,91,169,0091_0169
273,2008-05-03,2008-05-03,46.600964,8.379311,2561.0,182,,,RGI60-11.01238,-1316.5009804030326,5160822.382960143,91,169,0091_0169
273,2008-05-03,2008-05-03,46.600959,8.379513,2561.0,187,,,RGI60-11.01238,-1301.0299733428888,5160821.824014627,91,169,0091_0169
273,2008-05-03,2008-05-03,46.600951,8.379777,2561.0,198,,,RGI60-11.01238,-1280.81046960138,5160820.930744083,92,169,0092_0169
273,2008-05-03,2008-05-03,46.600945,8.380011,2561.0,204,,,RGI60-11.01238,-1262.8886064151695,5160820.260258425,92,169,0092_0169
273,2008-05-03,2008-05-03,46.600935,8.380368,2561.0,212,,,RGI60-11.01238,-1235.54628829139,5160819.143417042,92,169,0092_0169
273,2008-05-03,2008-05-03,46.600929,8.380602,2561.0,215,,,RGI60-11.01238,-1217.6244148296014,5160818.473065706,93,169,0093_0169
273,2008-05-03,2008-05-03,46.60092,8.380944,2561.0,219,,,RGI60-11.01238,-1191.4309054013484,5160817.467774361,93,169,0093_0169
273,2008-05-03,2008-05-03,46.600911,8.381286,2561.0,221,,,RGI60-11.01238,-1165.2373872960347,5160816.4625966195,93,169,0093_0169
273,2008-05-03,2008-05-03,46.600904,8.381519,2561.0,223,,,RGI60-11.01238,-1147.3921090843203,5160815.681349886,94,169,0094_0169
273,2008-05-03,2008-05-03,46.600898,8.381752,2560.0,222,,,RGI60-11.01238,-1129.5468054933851,5160815.01127447,94,169,0094_0169
273,2008-05-03,2008-05-03,46.600892,8.381986,2560.0,222,,,RGI60-11.01238,-1111.6249081235692,5160814.341237687,94,169,0094_0169
273,2008-05-03,2008-05-03,46.600885,8.382219,2559.0,220,,,RGI60-11.01238,-1093.7796167660542,5160813.560149366,95,169,0095_0169
273,2008-05-03,2008-05-03,46.600878,8.382483,2558.0,220,,,RGI60-11.01238,-1073.5600352249364,5160812.778691273,95,169,0095_0169
273,2008-05-03,2008-05-03,46.600873,8.38267,2557.0,217,,,RGI60-11.01238,-1059.2378292937044,5160812.220569472,95,169,0095_0169
273,2008-05-03,2008-05-03,46.600869,8.38281,2557.0,215,,,RGI60-11.01238,-1048.5153254057277,5160811.774224087,95,169,0095_0169
273,2008-05-03,2008-05-03,46.600863,8.383059,2556.0,211,,,RGI60-11.01238,-1029.4445613426037,5160811.104231833,96,169,0096_0169
273,2008-05-03,2008-05-03,46.600854,8.38337,2554.0,208,,,RGI60-11.01238,-1005.6252755664341,5160810.100151507,96,169,0096_0169
273,2008-05-03,2008-05-03,46.600845,8.383696,2552.0,205,,,RGI60-11.01238,-980.6571333381364,5160809.095978474,96,169,0096_0169
273,2008-05-03,2008-05-03,46.600839,8.38393,2551.0,202,,,RGI60-11.01238,-962.735202048376,5160808.426383517,97,169,0097_0169
273,2008-05-03,2008-05-03,46.600836,8.384054,2550.0,199,,,RGI60-11.01238,-953.2381055014116,5160808.09152134,97,169,0097_0169
273,2008-05-03,2008-05-03,46.600826,8.384412,2550.0,197,,,RGI60-11.01238,-925.8190856158756,5160806.976070102,97,169,0097_0169
273,2008-05-03,2008-05-03,46.600816,8.384769,2549.0,192,,,RGI60-11.01238,-898.4766455838185,5160805.860754742,97,169,0097_0169
273,2008-05-03,2008-05-03,46.600807,8.385111,2550.0,187,,,RGI60-11.01238,-872.2830288268634,5160804.856847569,98,169,0098_0169
273,2008-05-03,2008-05-03,46.600797,8.385485,2550.0,178,,,RGI60-11.01238,-843.6385398628036,5160803.741592567,98,169,0098_0169
273,2008-05-03,2008-05-03,46.60079,8.385734,2550.0,170,,,RGI60-11.01238,-824.5677430805497,5160802.961128667,99,169,0099_0169
273,2008-05-03,2008-05-03,46.600785,8.385936,2551.0,163,,,RGI60-11.01238,-809.0966412150764,5160802.403443323,99,169,0099_0169
273,2008-05-03,2008-05-03,46.600778,8.386184,2551.0,156,,,RGI60-11.01238,-790.1024257707136,5160801.623098515,99,169,0099_0169
273,2008-05-03,2008-05-03,46.600772,8.386402,2551.0,150,,,RGI60-11.01238,-773.4058914570419,5160800.954225825,99,169,0099_0169
273,2008-05-03,2008-05-03,46.600764,8.386713,2548.0,133,,,RGI60-11.01238,-749.5865095979862,5160800.062273893,100,169,0100_0169
273,2008-05-03,2008-05-03,46.600758,8.3869,2548.0,123,,,RGI60-11.01238,-735.2642573394218,5160799.393801791,100,169,0100_0169
273,2008-05-03,2008-05-03,46.600753,8.387118,2549.0,114,,,RGI60-11.01238,-718.5676976060835,5160798.836199291,100,169,0100_0169
273,2008-05-03,2008-05-03,46.600747,8.387304,2552.0,105,,,RGI60-11.01238,-704.3220290659336,5160798.167809681,100,169,0100_0169
273,2008-05-03,2008-05-03,46.600742,8.387522,2554.0,93,,,RGI60-11.01238,-687.6254631059071,5160797.6102927225,101,169,0101_0169
274,2008-07-23,2008-07-23,46.581679,8.384021,2262.0,74,,,RGI60-11.01238,-956.1023852670157,5158679.39673107,97,201,0097_0201
274,2008-07-23,2008-07-23,46.581687,8.384058,2263.0,75,,,RGI60-11.01238,-953.267419488078,5158680.285228972,97,201,0097_0201
274,2008-07-23,2008-07-23,46.581695,8.384096,2263.0,76,,,RGI60-11.01238,-950.3558376583552,5158681.173716157,97,201,0097_0201
274,2008-07-23,2008-07-23,46.581702,8.384133,2263.0,77,,,RGI60-11.01238,-947.5208909793562,5158681.951098543,97,201,0097_0201
274,2008-07-23,2008-07-23,46.58171,8.384171,2264.0,78,,,RGI60-11.01238,-944.6093107977076,5158682.839588498,97,201,0097_0201
274,2008-07-23,2008-07-23,46.581717,8.384208,2264.0,79,,,RGI60-11.01238,-941.7743656401286,5158683.616973581,97,201,0097_0201
274,2008-07-23,2008-07-23,46.581725,8.384246,2264.0,79,,,RGI60-11.01238,-938.8627871065547,5158684.505466307,97,201,0097_0201
274,2008-07-23,2008-07-23,46.581731,8.384284,2265.0,80,,,RGI60-11.01238,-935.9512438461286,5158685.1717240065,97,201,0097_0201
274,2008-07-23,2008-07-23,46.581738,8.384322,2265.0,81,,,RGI60-11.01238,-933.0396840732607,5158685.949101326,97,201,0097_0201
274,2008-07-23,2008-07-23,46.581744,8.38436,2265.0,81,,,RGI60-11.01238,-930.1281421510126,5158686.615361832,97,201,0097_0201
274,2008-07-23,2008-07-23,46.581749,8.384398,2266.0,82,,,RGI60-11.01238,-927.2166179190443,5158687.170505529,97,201,0097_0201
274,2008-07-23,2008-07-23,46.581754,8.384437,2266.0,83,,,RGI60-11.01238,-924.228477420648,5158687.72563891,97,201,0097_0201
274,2008-07-23,2008-07-23,46.581759,8.384476,2266.0,84,,,RGI60-11.01238,-921.2403374717286,5158688.28077377,97,201,0097_0201
274,2008-07-23,2008-07-23,46.581762,8.384514,2266.0,85,,,RGI60-11.01238,-918.3288486285123,5158688.61368532,97,201,0097_0201
274,2008-07-23,2008-07-23,46.581765,8.384553,2267.0,86,,,RGI60-11.01238,-915.3407433202478,5158688.946586667,97,201,0097_0201
274,2008-07-23,2008-07-23,46.581768,8.384592,2267.0,87,,,RGI60-11.01238,-912.3526383418324,5158689.279489493,97,201,0097_0201
274,2008-07-23,2008-07-23,46.58177,8.384631,2267.0,88,,,RGI60-11.01238,-909.3645504123957,5158689.50127558,97,201,0097_0201
274,2008-07-23,2008-07-23,46.581771,8.38467,2267.0,89,,,RGI60-11.01238,-906.3764793676104,5158689.611944931,97,201,0097_0201
274,2008-07-23,2008-07-23,46.581772,8.384709,2267.0,89,,,RGI60-11.01238,-903.388408432436,5158689.722615758,97,201,0097_0201
274,2008-07-23,2008-07-23,46.581772,8.384749,2267.0,90,,,RGI60-11.01238,-900.323737385937,5158689.722158435,97,201,0097_0201
274,2008-07-23,2008-07-23,46.581772,8.384788,2267.0,91,,,RGI60-11.01238,-897.3356831155168,5158689.721714039,98,201,0098_0201
274,2008-07-23,2008-07-23,46.581772,8.384827,2268.0,92,,,RGI60-11.01238,-894.347628845074,5158689.721271122,98,201,0098_0201
274,2008-07-23,2008-07-23,46.581771,8.384866,2268.0,93,,,RGI60-11.01238,-891.3595909630643,5158689.609711467,98,201,0098_0201
274,2008-07-23,2008-07-23,46.581768,8.384925,2268.0,94,,,RGI60-11.01238,-886.839250002554,5158689.27569181,98,201,0098_0201
274,2008-07-23,2008-07-23,46.581766,8.384964,2269.0,95,,,RGI60-11.01238,-883.8512280133295,5158689.0530176535,98,201,0098_0201
274,2008-07-23,2008-07-23,46.581764,8.385003,2269.0,96,,,RGI60-11.01238,-880.8632058044504,5158688.830344974,98,201,0098_0201
274,2008-07-23,2008-07-23,46.581762,8.385042,2269.0,96,,,RGI60-11.01238,-877.8751833755504,5158688.607673771,98,201,0098_0201
274,2008-07-23,2008-07-23,46.581759,8.385081,2269.0,97,,,RGI60-11.01238,-874.8871768128244,5158688.27388583,98,201,0098_0201
274,2008-07-23,2008-07-23,46.581756,8.385119,2270.0,99,,,RGI60-11.01238,-871.9757867189676,5158687.940110422,98,201,0098_0201
274,2008-07-23,2008-07-23,46.581753,8.385158,2270.0,101,,,RGI60-11.01238,-868.9877795009146,5158687.606325398,98,201,0098_0201
274,2008-07-23,2008-07-23,46.58175,8.385197,2271.0,103,,,RGI60-11.01238,-865.9997719534502,5158687.272541854,98,201,0098_0201
274,2008-07-23,2008-07-23,46.581746,8.385236,2271.0,106,,,RGI60-11.01238,-863.011779943446,5158686.827641571,98,201,0098_0201
274,2008-07-23,2008-07-23,46.581743,8.385275,2271.0,109,,,RGI60-11.01238,-860.0237716817333,5158686.4938609805,98,201,0098_0201
274,2008-07-23,2008-07-23,46.581739,8.385313,2272.0,111,,,RGI60-11.01238,-857.11239567032,5158686.048974518,98,201,0098_0201
274,2008-07-23,2008-07-23,46.581735,8.385352,2272.0,113,,,RGI60-11.01238,-854.1244024025341,5158685.604078631,98,201,0098_0201
274,2008-07-23,2008-07-23,46.581731,8.385391,2273.0,114,,,RGI60-11.01238,-851.1364086949718,5158685.159184222,98,201,0098_0201
274,2008-07-23,2008-07-23,46.581728,8.38543,2273.0,115,,,RGI60-11.01238,-848.1483989539277,5158684.825409504,98,201,0098_0201
274,2008-07-23,2008-07-23,46.581724,8.385469,2273.0,115,,,RGI60-11.01238,-845.1604044223606,5158684.380518048,98,201,0098_0201
274,2008-07-23,2008-07-23,46.581721,8.385507,2274.0,116,,,RGI60-11.01238,-842.2490108150241,5158684.046756963,98,201,0098_0201
274,2008-07-23,2008-07-23,46.581718,8.385546,2274.0,116,,,RGI60-11.01238,-839.2610000344273,5158683.71298664,98,201,0098_0201
274,2008-07-23,2008-07-23,46.581716,8.385566,2274.0,116,,,RGI60-11.01238,-837.7286937944218,5158683.4905376155,98,201,0098_0201
274,2008-07-23,2008-07-23,46.581694,8.386915,2284.0,93,,,RGI60-11.01238,-734.3728533516479,5158681.032494135,100,201,0100_0201
274,2008-07-23,2008-07-23,46.581694,8.386954,2284.0,92,,,RGI60-11.01238,-731.3847947950223,5158681.032131789,100,201,0100_0201
274,2008-07-23,2008-07-23,46.581694,8.386993,2284.0,92,,,RGI60-11.01238,-728.396736238135,5158681.031770921,100,201,0100_0201
274,2008-07-23,2008-07-23,46.581694,8.387032,2284.0,92,,,RGI60-11.01238,-725.4086776813513,5158681.0314115295,100,201,0100_0201
274,2008-07-23,2008-07-23,46.581694,8.387072,2285.0,92,,,RGI60-11.01238,-722.3440022385399,5158681.031044458,100,201,0100_0201
274,2008-07-23,2008-07-23,46.581694,8.387111,2285.0,93,,,RGI60-11.01238,-719.3559436815981,5158681.03068806,100,201,0100_0201
274,2008-07-23,2008-07-23,46.581693,8.38715,2285.0,93,,,RGI60-11.01238,-716.3678982960174,5158680.919214927,100,201,0100_0201
274,2008-07-23,2008-07-23,46.581693,8.387189,2286.0,93,,,RGI60-11.01238,-713.3798396842232,5158680.918861483,100,201,0100_0201
274,2008-07-23,2008-07-23,46.581693,8.387228,2286.0,94,,,RGI60-11.01238,-710.3917810722891,5158680.918509516,100,201,0100_0201
274,2008-07-23,2008-07-23,46.581692,8.387267,2286.0,94,,,RGI60-11.01238,-707.4037354669016,5158680.807040813,100,201,0100_0201
274,2008-07-23,2008-07-23,46.581692,8.387306,2286.0,94,,,RGI60-11.01238,-704.4156767999942,5158680.806691801,100,201,0100_0201
274,2008-07-23,2008-07-23,46.581691,8.387345,2287.0,91,,,RGI60-11.01238,-701.427631029756,5158680.695226054,100,201,0100_0201
274,2008-07-23,2008-07-23,46.58169,8.387385,2287.0,89,,,RGI60-11.01238,-698.3629682577313,5158680.583752929,101,201,0101_0201
274,2008-07-23,2008-07-23,46.58169,8.387424,2287.0,87,,,RGI60-11.01238,-695.3749094810161,5158680.583408386,101,201,0101_0201
274,2008-07-23,2008-07-23,46.581689,8.387463,2287.0,85,,,RGI60-11.01238,-692.3868634345024,5158680.471947109,101,201,0101_0201
274,2008-07-23,2008-07-23,46.581689,8.387502,2287.0,84,,,RGI60-11.01238,-689.398804602814,5158680.471605522,101,201,0101_0201
274,2008-07-23,2008-07-23,46.581688,8.387541,2288.0,83,,,RGI60-11.01238,-686.4107583913285,5158680.360147199,101,201,0101_0201
274,2008-07-23,2008-07-23,46.581688,8.38758,2288.0,82,,,RGI60-11.01238,-683.4226995047893,5158680.359808566,101,201,0101_0201
274,2008-07-23,2008-07-23,46.581687,8.387619,2288.0,82,,,RGI60-11.01238,-680.4346531284542,5158680.248353197,101,201,0101_0201
274,2008-07-23,2008-07-23,46.581686,8.387659,2288.0,81,,,RGI60-11.01238,-677.3699897451831,5158680.136890719,101,201,0101_0201
274,2008-07-23,2008-07-23,46.581686,8.387698,2288.0,80,,,RGI60-11.01238,-674.3819307484724,5158680.1365565555,101,201,0101_0201
274,2008-07-23,2008-07-23,46.581685,8.387737,2289.0,79,,,RGI60-11.01238,-671.3938840961068,5158680.025105658,101,201,0101_0201
274,2008-07-23,2008-07-23,46.581684,8.387776,2289.0,78,,,RGI60-11.01238,-668.4058373338476,5158679.913656236,101,201,0101_0201
274,2008-07-23,2008-07-23,46.581683,8.387815,2289.0,77,,,RGI60-11.01238,-665.4177904616947,5158679.802208292,101,201,0101_0201
274,2008-07-23,2008-07-23,46.581683,8.387854,2289.0,76,,,RGI60-11.01238,-662.4297313002238,5158679.801880038,101,201,0101_0201
274,2008-07-23,2008-07-23,46.581682,8.387893,2289.0,75,,,RGI60-11.01238,-659.4416842632224,5158679.690435049,101,201,0101_0201
274,2008-07-23,2008-07-23,46.581681,8.387932,2290.0,74,,,RGI60-11.01238,-656.4536371163277,5158679.578991537,101,201,0101_0201
274,2008-07-23,2008-07-23,46.58168,8.387971,2290.0,73,,,RGI60-11.01238,-653.4655898595398,5158679.467549503,101,201,0101_0201
274,2008-07-23,2008-07-23,46.581679,8.388011,2290.0,72,,,RGI60-11.01238,-650.400925585586,5158679.356100699,101,201,0101_0201
274,2008-07-23,2008-07-23,46.581677,8.38805,2290.0,71,,,RGI60-11.01238,-647.4128900109251,5158679.133543446,101,201,0101_0201
274,2008-07-23,2008-07-23,46.581676,8.388089,2291.0,70,,,RGI60-11.01238,-644.4248423681096,5158679.022105882,101,201,0101_0201
274,2008-07-23,2008-07-23,46.581674,8.388128,2291.0,70,,,RGI60-11.01238,-641.4368064088465,5158678.79955158,101,201,0101_0201
274,2008-07-23,2008-07-23,46.581673,8.388167,2291.0,69,,,RGI60-11.01238,-638.448758491428,5158678.688116971,101,201,0101_0201
274,2008-07-23,2008-07-23,46.581671,8.388206,2291.0,68,,,RGI60-11.01238,-635.4607221474412,5158678.465565626,101,201,0101_0201
274,2008-07-23,2008-07-23,46.581669,8.388245,2292.0,67,,,RGI60-11.01238,-632.4726855838059,5158678.243015757,102,201,0102_0201
274,2008-07-23,2008-07-23,46.581667,8.388284,2292.0,66,,,RGI60-11.01238,-629.4846488004004,5158678.020467367,102,201,0102_0201
274,2008-07-23,2008-07-23,46.581665,8.388323,2292.0,66,,,RGI60-11.01238,-626.4966117972248,5158677.797920453,102,201,0102_0201
274,2008-07-23,2008-07-23,46.581663,8.388362,2292.0,65,,,RGI60-11.01238,-623.5085745742795,5158677.575375017,102,201,0102_0201
274,2008-07-23,2008-07-23,46.581661,8.388401,2293.0,65,,,RGI60-11.01238,-620.520537131564,5158677.352831058,102,201,0102_0201
274,2008-07-23,2008-07-23,46.581659,8.38844,2293.0,64,,,RGI60-11.01238,-617.5324994692007,5158677.130288578,102,201,0102_0201
274,2008-07-23,2008-07-23,46.581658,8.388479,2293.0,63,,,RGI60-11.01238,-614.5444502878278,5158677.0188657865,102,201,0102_0201
274,2008-07-23,2008-07-23,46.581656,8.388518,2294.0,62,,,RGI60-11.01238,-611.5564122407421,5158676.796326261,102,201,0102_0201
274,2008-07-23,2008-07-23,46.581655,8.388557,2294.0,61,,,RGI60-11.01238,-608.568362784768,5158676.684906424,102,201,0102_0201
274,2008-07-23,2008-07-23,46.581654,8.388577,2294.0,60,,,RGI60-11.01238,-607.0360351252097,5158676.573634105,102,201,0102_0201
274,2008-07-23,2008-07-23,46.581653,8.388655,2294.0,59,,,RGI60-11.01238,-601.0599246662769,5158676.461918594,102,201,0102_0201
274,2008-07-23,2008-07-23,46.581653,8.388694,2295.0,58,,,RGI60-11.01238,-598.0718638563156,5158676.461622161,102,201,0102_0201
274,2008-07-23,2008-07-23,46.581653,8.388733,2295.0,57,,,RGI60-11.01238,-595.0838030462173,5158676.4613272045,102,201,0102_0201
274,2008-07-23,2008-07-23,46.581654,8.388773,2295.0,56,,,RGI60-11.01238,-592.0191144075981,5158676.572144431,102,201,0102_0201
274,2008-07-23,2008-07-23,46.581655,8.388812,2295.0,55,,,RGI60-11.01238,-589.0310428226239,5158676.68297068,102,201,0102_0201
274,2008-07-23,2008-07-23,46.581656,8.388851,2295.0,54,,,RGI60-11.01238,-586.0429713473897,5158676.793798407,102,201,0102_0201
274,2008-07-23,2008-07-23,46.581658,8.38889,2296.0,53,,,RGI60-11.01238,-583.0548892622313,5158677.015745823,102,201,0102_0201
274,2008-07-23,2008-07-23,46.58166,8.388929,2296.0,51,,,RGI60-11.01238,-580.0668073966889,5158677.237694717,102,201,0102_0201
274,2008-07-23,2008-07-23,46.581662,8.388968,2296.0,50,,,RGI60-11.01238,-577.0787257508855,5158677.459645088,102,201,0102_0201
274,2008-07-23,2008-07-23,46.581664,8.389007,2296.0,48,,,RGI60-11.01238,-574.0906443248202,5158677.6815969385,102,201,0102_0201
274,2008-07-23,2008-07-23,46.581667,8.389046,2296.0,46,,,RGI60-11.01238,-571.1025526180937,5158678.014668477,102,201,0102_0201
274,2008-07-23,2008-07-23,46.58167,8.389085,2297.0,44,,,RGI60-11.01238,-568.1144612412255,5158678.347741493,103,201,0103_0201
274,2008-07-23,2008-07-23,46.581673,8.389124,2297.0,42,,,RGI60-11.01238,-565.1263701937285,5158678.680815988,103,201,0103_0201
274,2008-07-23,2008-07-23,46.581675,8.389143,2297.0,41,,,RGI60-11.01238,-563.6706280686994,5158678.902916468,103,201,0103_0201
274,2008-07-23,2008-07-23,46.585228,8.384869,2328.0,41,,,RGI60-11.01238,-891.073098296198,5159073.745463265,98,195,0098_0195
274,2008-07-23,2008-07-23,46.585227,8.384908,2328.0,45,,,RGI60-11.01238,-888.08525022912,5159073.633905136,98,195,0098_0195
274,2008-07-23,2008-07-23,46.585227,8.384947,2329.0,48,,,RGI60-11.01238,-885.09738577648,5159073.633466767,98,195,0098_0195
274,2008-07-23,2008-07-23,46.585227,8.384986,2329.0,51,,,RGI60-11.01238,-882.10952132394,5159073.633029875,98,195,0098_0195
274,2008-07-23,2008-07-23,46.585228,8.385025,2330.0,54,,,RGI60-11.01238,-879.1216407058487,5159073.743712744,98,195,0098_0195
274,2008-07-23,2008-07-23,46.585229,8.385064,2330.0,58,,,RGI60-11.01238,-876.1337601976189,5159073.854397088,98,195,0098_0195
274,2008-07-23,2008-07-23,46.585231,8.385103,2330.0,61,,,RGI60-11.01238,-873.1458637434814,5159074.076201194,98,195,0098_0195
274,2008-07-23,2008-07-23,46.585234,8.385142,2330.0,63,,,RGI60-11.01238,-870.1579515086257,5159074.409125061,98,195,0098_0195
274,2008-07-23,2008-07-23,46.585237,8.385181,2331.0,66,,,RGI60-11.01238,-867.1700396032745,5159074.742050402,98,195,0098_0195
274,2008-07-23,2008-07-23,46.58524,8.38522,2331.0,68,,,RGI60-11.01238,-864.182128027549,5159075.074977222,98,195,0098_0195
274,2008-07-23,2008-07-23,46.585244,8.385259,2331.0,71,,,RGI60-11.01238,-861.1942009455666,5159075.519023803,98,195,0098_0195
274,2008-07-23,2008-07-23,46.585248,8.385297,2331.0,73,,,RGI60-11.01238,-858.2828861826112,5159075.963082743,98,195,0098_0195
274,2008-07-23,2008-07-23,46.585252,8.385336,2331.0,75,,,RGI60-11.01238,-855.2949599738879,5159076.40713224,98,195,0098_0195
274,2008-07-23,2008-07-23,46.585256,8.385375,2332.0,78,,,RGI60-11.01238,-852.3070342047941,5159076.851183217,98,195,0098_0195
274,2008-07-23,2008-07-23,46.585261,8.385413,2332.0,80,,,RGI60-11.01238,-849.3957051188863,5159077.40636472,98,195,0098_0195
274,2008-07-23,2008-07-23,46.585265,8.385452,2332.0,81,,,RGI60-11.01238,-846.4077802779937,5159077.850418613,98,195,0098_0195
274,2008-07-23,2008-07-23,46.58527,8.38549,2332.0,83,,,RGI60-11.01238,-843.4964522162031,5159078.405602961,98,195,0098_0195
274,2008-07-23,2008-07-23,46.585274,8.385529,2332.0,84,,,RGI60-11.01238,-840.5085283037553,5159078.849659771,98,195,0098_0195
274,2008-07-23,2008-07-23,46.585278,8.385568,2333.0,85,,,RGI60-11.01238,-837.5206048309377,5159079.29371806,98,195,0098_0195
274,2008-07-23,2008-07-23,46.585281,8.385607,2333.0,87,,,RGI60-11.01238,-834.5326971430298,5159079.626659541,98,195,0098_0195
274,2008-07-23,2008-07-23,46.585284,8.385646,2333.0,88,,,RGI60-11.01238,-831.5447897848705,5159079.9596025,99,195,0099_0195
274,2008-07-23,2008-07-23,46.585287,8.385685,2333.0,89,,,RGI60-11.01238,-828.5568827563391,5159080.292546938,99,195,0099_0195
274,2008-07-23,2008-07-23,46.585289,8.385723,2333.0,90,,,RGI60-11.01238,-825.6456030598999,5159080.514385037,99,195,0099_0195
274,2008-07-23,2008-07-23,46.585291,8.385763,2333.0,91,,,RGI60-11.01238,-822.5810999399177,5159080.736203678,99,195,0099_0195
274,2008-07-23,2008-07-23,46.585292,8.385802,2333.0,92,,,RGI60-11.01238,-819.5932239322634,5159080.846915981,99,195,0099_0195
274,2008-07-23,2008-07-23,46.585293,8.385841,2333.0,93,,,RGI60-11.01238,-816.6053480344724,5159080.957629761,99,195,0099_0195
274,2008-07-23,2008-07-23,46.585293,8.38588,2333.0,95,,,RGI60-11.01238,-813.6174872075989,5159080.957226734,99,195,0099_0195
274,2008-07-23,2008-07-23,46.585293,8.385919,2333.0,96,,,RGI60-11.01238,-810.6296263807051,5159080.956825183,99,195,0099_0195
274,2008-07-23,2008-07-23,46.585292,8.385958,2333.0,96,,,RGI60-11.01238,-807.6417804049629,5159080.845306829,99,195,0099_0195
274,2008-07-23,2008-07-23,46.585291,8.385997,2333.0,97,,,RGI60-11.01238,-804.6539343193172,5159080.733789949,99,195,0099_0195
274,2008-07-23,2008-07-23,46.585289,8.386036,2333.0,98,,,RGI60-11.01238,-801.6661028649323,5159080.511156267,99,195,0099_0195
274,2008-07-23,2008-07-23,46.585287,8.386075,2333.0,99,,,RGI60-11.01238,-798.6782711910041,5159080.288524058,99,195,0099_0195
274,2008-07-23,2008-07-23,46.585284,8.386114,2333.0,101,,,RGI60-11.01238,-795.6904539285687,5159079.954775045,99,195,0099_0195
274,2008-07-23,2008-07-23,46.585281,8.386153,2333.0,102,,,RGI60-11.01238,-792.7026363364603,5159079.621027509,99,195,0099_0195
274,2008-07-23,2008-07-23,46.585277,8.386192,2333.0,103,,,RGI60-11.01238,-789.7148329361979,5159079.176163167,99,195,0099_0195
274,2008-07-23,2008-07-23,46.585273,8.386231,2333.0,104,,,RGI60-11.01238,-786.7270290962563,5159078.731300303,99,195,0099_0195
274,2008-07-23,2008-07-23,46.585269,8.386269,2333.0,106,,,RGI60-11.01238,-783.8158366668276,5159078.286448854,99,195,0099_0195
274,2008-07-23,2008-07-23,46.585265,8.386308,2334.0,107,,,RGI60-11.01238,-780.828031953529,5159077.841588907,99,195,0099_0195
274,2008-07-23,2008-07-23,46.58526,8.386347,2334.0,108,,,RGI60-11.01238,-777.8402411038289,5159077.285612155,99,195,0099_0195
274,2008-07-23,2008-07-23,46.585256,8.386385,2333.0,108,,,RGI60-11.01238,-774.9290473246159,5159076.840764988,99,195,0099_0195
274,2008-07-23,2008-07-23,46.585251,8.386424,2333.0,109,,,RGI60-11.01238,-771.9412554381402,5159076.284791154,99,195,0099_0195
274,2008-07-23,2008-07-23,46.585247,8.386462,2333.0,110,,,RGI60-11.01238,-769.030060743187,5159075.83994683,99,195,0099_0195
274,2008-07-23,2008-07-23,46.585242,8.386501,2333.0,110,,,RGI60-11.01238,-766.042267819571,5159075.28397591,100,195,0100_0195
274,2008-07-23,2008-07-23,46.585238,8.386539,2333.0,110,,,RGI60-11.01238,-763.1310722089995,5159074.839134429,100,195,0100_0195
274,2008-07-23,2008-07-23,46.585233,8.386578,2333.0,111,,,RGI60-11.01238,-760.1432782486087,5159074.283166429,100,195,0100_0195
274,2008-07-23,2008-07-23,46.585229,8.386617,2333.0,111,,,RGI60-11.01238,-757.1554698161161,5159073.838318191,100,195,0100_0195
274,2008-07-23,2008-07-23,46.585225,8.386655,2333.0,112,,,RGI60-11.01238,-754.2442728557628,5159073.393480992,100,195,0100_0195
274,2008-07-23,2008-07-23,46.585221,8.386694,2333.0,113,,,RGI60-11.01238,-751.256463549672,5159072.948635669,100,195,0100_0195
274,2008-07-23,2008-07-23,46.585218,8.386733,2333.0,113,,,RGI60-11.01238,-748.2686400446621,5159072.614910108,100,195,0100_0195
274,2008-07-23,2008-07-23,46.585215,8.386772,2333.0,114,,,RGI60-11.01238,-745.2808162098596,5159072.281186024,100,195,0100_0195
274,2008-07-23,2008-07-23,46.585212,8.386811,2333.0,115,,,RGI60-11.01238,-742.2929920456302,5159071.947463417,100,195,0100_0195
274,2008-07-23,2008-07-23,46.58521,8.38685,2333.0,115,,,RGI60-11.01238,-739.3051539569497,5159071.72486057,100,195,0100_0195
274,2008-07-23,2008-07-23,46.585208,8.386889,2333.0,116,,,RGI60-11.01238,-736.317315648727,5159071.5022592,100,195,0100_0195
274,2008-07-23,2008-07-23,46.585206,8.386928,2334.0,117,,,RGI60-11.01238,-733.3294771205968,5159071.2796593085,100,195,0100_0195
274,2008-07-23,2008-07-23,46.585205,8.386967,2334.0,118,,,RGI60-11.01238,-730.3416249428482,5159071.168179176,100,195,0100_0195
274,2008-07-23,2008-07-23,46.585204,8.387006,2334.0,118,,,RGI60-11.01238,-727.3537726554416,5159071.056700519,100,195,0100_0195
274,2008-07-23,2008-07-23,46.585204,8.387045,2334.0,119,,,RGI60-11.01238,-724.3659069380625,5159071.056341622,100,195,0100_0195
274,2008-07-23,2008-07-23,46.585203,8.387084,2334.0,120,,,RGI60-11.01238,-721.3780544857943,5159070.944865922,100,195,0100_0195
274,2008-07-23,2008-07-23,46.585203,8.387124,2334.0,121,,,RGI60-11.01238,-718.3135767706221,5159070.944500873,100,195,0100_0195
274,2008-07-23,2008-07-23,46.585204,8.387163,2334.0,122,,,RGI60-11.01238,-715.3256978447755,5159071.055264729,100,195,0100_0195
274,2008-07-23,2008-07-23,46.585205,8.387202,2334.0,123,,,RGI60-11.01238,-712.3378190287937,5159071.166030063,100,195,0100_0195
274,2008-07-23,2008-07-23,46.585205,8.387241,2334.0,125,,,RGI60-11.01238,-709.3499533663881,5159071.165678591,100,195,0100_0195
274,2008-07-23,2008-07-23,46.585207,8.38728,2334.0,126,,,RGI60-11.01238,-706.3620617264268,5159071.387565161,100,195,0100_0195
274,2008-07-23,2008-07-23,46.585208,8.387319,2334.0,127,,,RGI60-11.01238,-703.3741832400415,5159071.498334926,100,195,0100_0195
274,2008-07-23,2008-07-23,46.585209,8.387358,2334.0,129,,,RGI60-11.01238,-700.3863048633998,5159071.609106167,100,195,0100_0195
274,2008-07-23,2008-07-23,46.585211,8.387397,2334.0,129,,,RGI60-11.01238,-697.3984137729224,5159071.83099717,101,195,0101_0195
274,2008-07-23,2008-07-23,46.585212,8.387436,2334.0,130,,,RGI60-11.01238,-694.4105356710753,5159071.941771366,101,195,0101_0195
274,2008-07-23,2008-07-23,46.585214,8.387475,2334.0,131,,,RGI60-11.01238,-691.4226449650316,5159072.1636653235,101,195,0101_0195
274,2008-07-23,2008-07-23,46.585215,8.387515,2334.0,131,,,RGI60-11.01238,-688.3581552118209,5159072.274433746,101,195,0101_0195
274,2008-07-23,2008-07-23,46.585217,8.387554,2334.0,132,,,RGI60-11.01238,-685.3702648931504,5159072.496330697,101,195,0101_0195
274,2008-07-23,2008-07-23,46.585218,8.387593,2334.0,132,,,RGI60-11.01238,-682.3823873420582,5159072.60711084,101,195,0101_0195
274,2008-07-23,2008-07-23,46.585219,8.387632,2334.0,132,,,RGI60-11.01238,-679.3945099008321,5159072.717892463,101,195,0101_0195
274,2008-07-23,2008-07-23,46.58522,8.387671,2334.0,132,,,RGI60-11.01238,-676.406632569594,5159072.8286755625,101,195,0101_0195
274,2008-07-23,2008-07-23,46.58522,8.38771,2334.0,132,,,RGI60-11.01238,-673.4187677309836,5159072.828341856,101,195,0101_0195
274,2008-07-23,2008-07-23,46.58522,8.387749,2334.0,133,,,RGI60-11.01238,-670.4309028924783,5159072.828009628,101,195,0101_0195
274,2008-07-23,2008-07-23,46.58522,8.387788,2334.0,133,,,RGI60-11.01238,-667.4430380539563,5159072.827678876,101,195,0101_0195
274,2008-07-23,2008-07-23,46.58522,8.387828,2334.0,132,,,RGI60-11.01238,-664.3785612964211,5159072.827341179,101,195,0101_0195
274,2008-07-23,2008-07-23,46.585219,8.387867,2333.0,132,,,RGI60-11.01238,-661.3907086196951,5159072.715895138,101,195,0101_0195
274,2008-07-23,2008-07-23,46.585217,8.387906,2333.0,131,,,RGI60-11.01238,-658.4028679400784,5159072.493332292,101,195,0101_0195
274,2008-07-23,2008-07-23,46.585216,8.387945,2333.0,131,,,RGI60-11.01238,-655.4150149884887,5159072.381889206,101,195,0101_0195
274,2008-07-23,2008-07-23,46.585214,8.387984,2333.0,130,,,RGI60-11.01238,-652.4271739242464,5159072.159329315,101,195,0101_0195
274,2008-07-23,2008-07-23,46.585211,8.388023,2333.0,129,,,RGI60-11.01238,-649.4393445820377,5159071.825652619,101,195,0101_0195
274,2008-07-23,2008-07-23,46.585209,8.388062,2333.0,128,,,RGI60-11.01238,-646.4515030231644,5159071.603095682,101,195,0101_0195
274,2008-07-23,2008-07-23,46.585205,8.388101,2333.0,127,,,RGI60-11.01238,-643.4636849088611,5159071.158303659,101,195,0101_0195
274,2008-07-23,2008-07-23,46.585202,8.388139,2332.0,127,,,RGI60-11.01238,-640.5524665220069,5159070.824639516,101,195,0101_0195
274,2008-07-23,2008-07-23,46.585198,8.388178,2332.0,126,,,RGI60-11.01238,-637.5646475892987,5159070.379850411,101,195,0101_0195
274,2008-07-23,2008-07-23,46.585194,8.388217,2332.0,126,,,RGI60-11.01238,-634.5768282169163,5159069.935062782,101,195,0101_0195
274,2008-07-23,2008-07-23,46.58519,8.388256,2332.0,126,,,RGI60-11.01238,-631.5890084048604,5159069.490276633,102,195,0102_0195
274,2008-07-23,2008-07-23,46.585186,8.388294,2332.0,126,,,RGI60-11.01238,-628.6778001202737,5159069.04549993,102,195,0102_0195
274,2008-07-23,2008-07-23,46.585181,8.388333,2332.0,126,,,RGI60-11.01238,-625.6899909402109,5159068.489598415,102,195,0102_0195
274,2008-07-23,2008-07-23,46.585176,8.388371,2332.0,126,,,RGI60-11.01238,-622.7787931916994,5159067.933706273,102,195,0102_0195
274,2008-07-23,2008-07-23,46.585172,8.38841,2332.0,126,,,RGI60-11.01238,-619.7909715228226,5159067.488925958,102,195,0102_0195
274,2008-07-23,2008-07-23,46.585167,8.388448,2332.0,126,,,RGI60-11.01238,-616.8797727501045,5159066.933036658,102,195,0102_0195
274,2008-07-23,2008-07-23,46.585163,8.388487,2332.0,126,,,RGI60-11.01238,-613.8919501529396,5159066.4882592615,102,195,0102_0195
274,2008-07-23,2008-07-23,46.585158,8.388526,2332.0,126,,,RGI60-11.01238,-610.904138349547,5159065.93236506,102,195,0102_0195
274,2008-07-23,2008-07-23,46.585154,8.388564,2332.0,126,,,RGI60-11.01238,-607.9929268303199,5159065.487598325,102,195,0102_0195
274,2008-07-23,2008-07-23,46.58515,8.388603,2332.0,126,,,RGI60-11.01238,-605.0051028651951,5159065.042825322,102,195,0102_0195
274,2008-07-23,2008-07-23,46.585146,8.388642,2332.0,126,,,RGI60-11.01238,-602.0172784605195,5159064.598053796,102,195,0102_0195
274,2008-07-23,2008-07-23,46.585143,8.388681,2332.0,126,,,RGI60-11.01238,-599.0294426012088,5159064.26440203,102,195,0102_0195
274,2008-07-23,2008-07-23,46.585139,8.388719,2332.0,126,,,RGI60-11.01238,-596.1182294054894,5159063.819641017,102,195,0102_0195
274,2008-07-23,2008-07-23,46.585137,8.388758,2332.0,126,,,RGI60-11.01238,-593.1303819295221,5159063.597110449,102,195,0102_0195
274,2008-07-23,2008-07-23,46.585135,8.388797,2332.0,126,,,RGI60-11.01238,-590.1425342336514,5159063.3745813565,102,195,0102_0195
274,2008-07-23,2008-07-23,46.585133,8.388836,2332.0,126,,,RGI60-11.01238,-587.1546863182425,5159063.152053743,102,195,0102_0195
274,2008-07-23,2008-07-23,46.585131,8.388875,2332.0,126,,,RGI60-11.01238,-584.1668381828082,5159062.929527606,102,195,0102_0195
274,2008-07-23,2008-07-23,46.58513,8.388915,2332.0,126,,,RGI60-11.01238,-581.1023670951989,5159062.818113859,102,195,0102_0195
274,2008-07-23,2008-07-23,46.58513,8.388954,2332.0,126,,,RGI60-11.01238,-578.1144973114658,5159062.817827276,102,195,0102_0195
274,2008-07-23,2008-07-23,46.58513,8.388993,2332.0,126,,,RGI60-11.01238,-575.1266275277184,5159062.81754217,102,195,0102_0195
274,2008-07-23,2008-07-23,46.58513,8.389032,2332.0,126,,,RGI60-11.01238,-572.1387577439567,5159062.817258542,102,195,0102_0195
274,2008-07-23,2008-07-23,46.585131,8.389071,2332.0,125,,,RGI60-11.01238,-569.1508774945142,5159062.928094671,102,195,0102_0195
274,2008-07-23,2008-07-23,46.585132,8.38911,2332.0,125,,,RGI60-11.01238,-566.1629973549406,5159063.03893228,103,195,0103_0195
274,2008-07-23,2008-07-23,46.585134,8.389149,2331.0,125,,,RGI60-11.01238,-563.1751069694523,5159063.260889644,103,195,0103_0195
274,2008-07-23,2008-07-23,46.585136,8.389188,2331.0,125,,,RGI60-11.01238,-560.1872168035937,5159063.482848485,103,195,0103_0195
274,2008-07-23,2008-07-23,46.585139,8.389227,2331.0,125,,,RGI60-11.01238,-557.1993166118291,5159063.815927086,103,195,0103_0195
274,2008-07-23,2008-07-23,46.585142,8.389266,2331.0,125,,,RGI60-11.01238,-554.2114167495766,5159064.149007165,103,195,0103_0195
274,2008-07-23,2008-07-23,46.585146,8.389305,2331.0,125,,,RGI60-11.01238,-551.2235070809392,5159064.593207001,103,195,0103_0195
274,2008-07-23,2008-07-23,46.58515,8.389344,2331.0,125,,,RGI60-11.01238,-548.2355978518178,5159065.037408315,103,195,0103_0195
274,2008-07-23,2008-07-23,46.585154,8.389382,2331.0,125,,,RGI60-11.01238,-545.3243010742028,5159065.48161802,103,195,0103_0195
274,2008-07-23,2008-07-23,46.585159,8.389421,2330.0,125,,,RGI60-11.01238,-542.3363827457528,5159066.036940533,103,195,0103_0195
274,2008-07-23,2008-07-23,46.585163,8.389459,2330.0,125,,,RGI60-11.01238,-539.4250868836773,5159066.48115308,103,195,0103_0195
274,2008-07-23,2008-07-23,46.585169,8.389498,2330.0,125,,,RGI60-11.01238,-536.4371597281505,5159067.147596792,103,195,0103_0195
274,2008-07-23,2008-07-23,46.585174,8.389536,2330.0,126,,,RGI60-11.01238,-533.5258550246683,5159067.702930464,103,195,0103_0195
274,2008-07-23,2008-07-23,46.585179,8.389575,2330.0,126,,,RGI60-11.01238,-530.5379388798474,5159068.258258812,103,195,0103_0195
274,2008-07-23,2008-07-23,46.585183,8.389613,2330.0,127,,,RGI60-11.01238,-527.6266449561605,5159068.702477045,103,195,0103_0195
274,2008-07-23,2008-07-23,46.585188,8.389651,2330.0,127,,,RGI60-11.01238,-524.7153418122476,5159069.257814963,103,195,0103_0195
274,2008-07-23,2008-07-23,46.585193,8.38969,2330.0,127,,,RGI60-11.01238,-521.7274272465961,5159069.813147668,103,195,0103_0195
274,2008-07-23,2008-07-23,46.585197,8.389729,2330.0,127,,,RGI60-11.01238,-518.7395227689359,5159070.257363571,103,195,0103_0195
274,2008-07-23,2008-07-23,46.585201,8.389767,2330.0,127,,,RGI60-11.01238,-515.8282306766969,5159070.701587488,103,195,0103_0195
274,2008-07-23,2008-07-23,46.585204,8.389806,2329.0,127,,,RGI60-11.01238,-512.8403365027997,5159071.034688025,103,195,0103_0195
274,2008-07-23,2008-07-23,46.585207,8.389845,2329.0,126,,,RGI60-11.01238,-509.85244265866015,5159071.367790041,103,195,0103_0195
274,2008-07-23,2008-07-23,46.585209,8.389884,2329.0,126,,,RGI60-11.01238,-506.8645584642707,5159071.589775251,103,195,0103_0195
274,2008-07-23,2008-07-23,46.58521,8.389923,2329.0,125,,,RGI60-11.01238,-503.8766837552946,5159071.700643656,103,195,0103_0195
274,2008-07-23,2008-07-23,46.585212,8.389962,2329.0,125,,,RGI60-11.01238,-500.8887999454705,5159071.922631822,104,195,0104_0195
274,2008-07-23,2008-07-23,46.585211,8.390002,2329.0,125,,,RGI60-11.01238,-497.8243318904262,5159071.811260304,104,195,0104_0195
274,2008-07-23,2008-07-23,46.585211,8.390041,2328.0,124,,,RGI60-11.01238,-494.8364665567121,5159071.811014898,104,195,0104_0195
274,2008-07-23,2008-07-23,46.58521,8.39008,2328.0,124,,,RGI60-11.01238,-491.84861026710496,5159071.699652685,104,195,0104_0195
274,2008-07-23,2008-07-23,46.585208,8.390119,2328.0,123,,,RGI60-11.01238,-488.8607628567794,5159071.477173669,104,195,0104_0195
274,2008-07-23,2008-07-23,46.585205,8.390158,2328.0,122,,,RGI60-11.01238,-485.87292416127514,5159071.143577848,104,195,0104_0195
274,2008-07-23,2008-07-23,46.585202,8.390197,2328.0,121,,,RGI60-11.01238,-482.885085135864,5159070.809983502,104,195,0104_0195
274,2008-07-23,2008-07-23,46.585199,8.390236,2328.0,120,,,RGI60-11.01238,-479.8972457810334,5159070.476390637,104,195,0104_0195
274,2008-07-23,2008-07-23,46.585195,8.390274,2328.0,119,,,RGI60-11.01238,-476.98602682006486,5159070.031687014,104,195,0104_0195
274,2008-07-23,2008-07-23,46.585191,8.390313,2328.0,118,,,RGI60-11.01238,-473.99819547094603,5159069.586978783,104,195,0104_0195
274,2008-07-23,2008-07-23,46.585187,8.390352,2327.0,117,,,RGI60-11.01238,-471.01036368252363,5159069.142272028,104,195,0104_0195
274,2008-07-23,2008-07-23,46.585184,8.390391,2327.0,116,,,RGI60-11.01238,-468.0225228483193,5159068.8086850345,104,195,0104_0195
274,2008-07-23,2008-07-23,46.58518,8.390429,2327.0,115,,,RGI60-11.01238,-465.11130221099427,5159068.363987133,104,195,0104_0195
274,2008-07-23,2008-07-23,46.585177,8.390468,2327.0,114,,,RGI60-11.01238,-462.1234606666275,5159068.030403056,104,195,0104_0195
274,2008-07-23,2008-07-23,46.585173,8.390507,2327.0,113,,,RGI60-11.01238,-459.13562723553713,5159067.585702175,104,195,0104_0195
274,2008-07-23,2008-07-23,46.585171,8.390546,2327.0,112,,,RGI60-11.01238,-456.14777658915006,5159067.363239336,104,195,0104_0195
274,2008-07-23,2008-07-23,46.585169,8.390585,2327.0,111,,,RGI60-11.01238,-453.15992572310654,5159067.140777972,104,195,0104_0195
274,2008-07-23,2008-07-23,46.585167,8.390624,2327.0,111,,,RGI60-11.01238,-450.17207463728477,5159066.918318086,104,195,0104_0195
274,2008-07-23,2008-07-23,46.585166,8.390663,2327.0,110,,,RGI60-11.01238,-447.1842151087568,5159066.80697796,104,195,0104_0195
274,2008-07-23,2008-07-23,46.585166,8.390702,2326.0,110,,,RGI60-11.01238,-444.1963473024704,5159066.806757593,104,195,0104_0195
274,2008-07-23,2008-07-23,46.585166,8.390741,2326.0,109,,,RGI60-11.01238,-441.208479495929,5159066.806538701,104,195,0104_0195
274,2008-07-23,2008-07-23,46.585167,8.390781,2326.0,108,,,RGI60-11.01238,-438.1439916377082,5159066.917434013,104,195,0104_0195
274,2008-07-23,2008-07-23,46.585168,8.39082,2326.0,107,,,RGI60-11.01238,-435.15611588457716,5159067.028336396,105,195,0105_0195
274,2008-07-23,2008-07-23,46.585171,8.390859,2326.0,106,,,RGI60-11.01238,-432.16822434745177,5159067.361476819,105,195,0105_0195
274,2008-07-23,2008-07-23,46.585173,8.390898,2326.0,105,,,RGI60-11.01238,-429.1803410320781,5159067.583500437,105,195,0105_0195
274,2008-07-23,2008-07-23,46.585177,8.390936,2326.0,104,,,RGI60-11.01238,-426.2690542419589,5159068.027767503,105,195,0105_0195
274,2008-07-23,2008-07-23,46.585181,8.390975,2325.0,102,,,RGI60-11.01238,-423.2811559062462,5159068.472030601,105,195,0105_0195
274,2008-07-23,2008-07-23,46.585185,8.391014,2325.0,100,,,RGI60-11.01238,-420.2932580100537,5159068.916295178,105,195,0105_0195
274,2008-07-23,2008-07-23,46.585191,8.391052,2325.0,98,,,RGI60-11.01238,-417.3819571661095,5159069.582803086,105,195,0105_0195
274,2008-07-23,2008-07-23,46.585196,8.39109,2325.0,96,,,RGI60-11.01238,-414.47066458605855,5159070.138194117,105,195,0105_0195
274,2008-07-23,2008-07-23,46.585202,8.391128,2325.0,94,,,RGI60-11.01238,-411.55936497334267,5159070.804704832,105,195,0105_0195
274,2008-07-23,2008-07-23,46.585209,8.391166,2325.0,93,,,RGI60-11.01238,-408.6480584888015,5159071.582335234,105,195,0105_0195
274,2008-07-23,2008-07-23,46.585216,8.391204,2324.0,91,,,RGI60-11.01238,-405.73675275358323,5159072.359967038,105,195,0105_0195
274,2008-07-23,2008-07-23,46.585222,8.391242,2324.0,89,,,RGI60-11.01238,-402.8254551751946,5159073.026481964,105,195,0105_0195
274,2008-07-23,2008-07-23,46.585229,8.39128,2324.0,87,,,RGI60-11.01238,-399.91415088533427,5159073.804116573,105,195,0105_0195
274,2008-07-23,2008-07-23,46.585235,8.391318,2324.0,86,,,RGI60-11.01238,-397.00285464523984,5159074.470634307,105,195,0105_0195
274,2008-07-23,2008-07-23,46.58524,8.391357,2324.0,84,,,RGI60-11.01238,-394.0149544033412,5159075.026030163,105,195,0105_0195
274,2008-07-23,2008-07-23,46.585243,8.391396,2324.0,83,,,RGI60-11.01238,-391.02706909147986,5159075.359190932,105,195,0105_0195
274,2008-07-23,2008-07-23,46.585244,8.391435,2324.0,82,,,RGI60-11.01238,-388.0391983800078,5159075.470116613,105,195,0105_0195
274,2008-07-23,2008-07-23,46.585244,8.391474,2324.0,80,,,RGI60-11.01238,-385.0513348587206,5159075.469925488,105,195,0105_0195
274,2008-07-23,2008-07-23,46.585243,8.391513,2324.0,79,,,RGI60-11.01238,-382.06347836315905,5159075.358617559,105,195,0105_0195
274,2008-07-23,2008-07-23,46.585241,8.391552,2325.0,77,,,RGI60-11.01238,-379.0756287280104,5159075.136192823,105,195,0105_0195
274,2008-07-23,2008-07-23,46.58524,8.391591,2324.0,76,,,RGI60-11.01238,-376.08777195772126,5159075.024887848,105,195,0105_0195
274,2008-07-23,2008-07-23,46.585239,8.39163,2324.0,72,,,RGI60-11.01238,-373.09991507741734,5159074.913584349,105,195,0105_0195
274,2008-07-23,2008-07-23,46.585239,8.391669,2324.0,67,,,RGI60-11.01238,-370.1120512813746,5159074.913400611,106,195,0106_0195
274,2008-07-23,2008-07-23,46.585239,8.391709,2324.0,65,,,RGI60-11.01238,-367.04757559330335,5159074.913213695,106,195,0106_0195
274,2008-07-23,2008-07-23,46.58524,8.391748,2324.0,63,,,RGI60-11.01238,-364.0597051029317,5159075.024151234,106,195,0106_0195
274,2008-07-23,2008-07-23,46.58524,8.391787,2324.0,61,,,RGI60-11.01238,-361.07184136180297,5159075.023971966,106,195,0106_0195
274,2008-07-23,2008-07-23,46.58524,8.391826,2324.0,58,,,RGI60-11.01238,-358.0839776209089,5159075.023794174,106,195,0106_0195
274,2008-07-23,2008-07-23,46.58524,8.391865,2325.0,55,,,RGI60-11.01238,-355.0961138798839,5159075.023617861,106,195,0106_0195
274,2008-07-23,2008-07-23,46.58524,8.391885,2325.0,54,,,RGI60-11.01238,-353.56387606387983,5159075.023528017,106,195,0106_0195
274,2008-07-23,2008-07-23,46.58578,8.383855,2328.0,56,,,RGI60-11.01238,-968.7477393731895,5159135.0947126625,96,194,0096_0194
274,2008-07-23,2008-07-23,46.585777,8.383894,2328.0,58,,,RGI60-11.01238,-965.7599585811813,5159134.760879527,96,194,0096_0194
274,2008-07-23,2008-07-23,46.585773,8.383933,2329.0,60,,,RGI60-11.01238,-962.7721951635505,5159134.315929576,97,194,0097_0194
274,2008-07-23,2008-07-23,46.58577,8.383972,2329.0,61,,,RGI60-11.01238,-959.78441365724,5159133.982099394,97,194,0097_0194
274,2008-07-23,2008-07-23,46.585769,8.384011,2329.0,63,,,RGI60-11.01238,-956.7965966329067,5159133.870507278,97,194,0097_0194
274,2008-07-23,2008-07-23,46.585768,8.38405,2330.0,65,,,RGI60-11.01238,-953.8087794986653,5159133.758916636,97,194,0097_0194
274,2008-07-23,2008-07-23,46.585768,8.384089,2330.0,67,,,RGI60-11.01238,-950.8209447702288,5159133.758445767,97,194,0097_0194
274,2008-07-23,2008-07-23,46.585768,8.384128,2331.0,69,,,RGI60-11.01238,-947.8331100417686,5159133.7579763755,97,194,0097_0194
274,2008-07-23,2008-07-23,46.585769,8.384167,2331.0,71,,,RGI60-11.01238,-944.8452579388819,5159133.868626753,97,194,0097_0194
274,2008-07-23,2008-07-23,46.585771,8.384206,2331.0,73,,,RGI60-11.01238,-941.8573886262724,5159134.090396902,97,194,0097_0194
274,2008-07-23,2008-07-23,46.585772,8.384245,2332.0,75,,,RGI60-11.01238,-938.8695367981707,5159134.201050233,97,194,0097_0194
274,2008-07-23,2008-07-23,46.585773,8.384285,2332.0,77,,,RGI60-11.01238,-935.8050739399055,5159134.311693179,97,194,0097_0194
274,2008-07-23,2008-07-23,46.585773,8.384324,2333.0,79,,,RGI60-11.01238,-932.81723948616,5159134.311231211,97,194,0097_0194
274,2008-07-23,2008-07-23,46.585773,8.384363,2333.0,81,,,RGI60-11.01238,-929.8294050321472,5159134.310770721,97,194,0097_0194
274,2008-07-23,2008-07-23,46.585773,8.384402,2333.0,83,,,RGI60-11.01238,-926.8415705782332,5159134.310311708,97,194,0097_0194
274,2008-07-23,2008-07-23,46.585772,8.384441,2334.0,85,,,RGI60-11.01238,-923.8537531126959,5159134.198735879,97,194,0097_0194
274,2008-07-23,2008-07-23,46.58577,8.38448,2334.0,87,,,RGI60-11.01238,-920.8659524707086,5159133.976043233,97,194,0097_0194
274,2008-07-23,2008-07-23,46.585768,8.384519,2335.0,89,,,RGI60-11.01238,-917.8781516090498,5159133.7533520665,97,194,0097_0194
274,2008-07-23,2008-07-23,46.585766,8.384558,2335.0,91,,,RGI60-11.01238,-914.8903505273552,5159133.530662376,97,194,0097_0194
274,2008-07-23,2008-07-23,46.585763,8.384597,2335.0,93,,,RGI60-11.01238,-911.9025659946185,5159133.196855871,97,194,0097_0194
274,2008-07-23,2008-07-23,46.58576,8.384636,2335.0,95,,,RGI60-11.01238,-908.9147811322035,5159132.863050843,97,194,0097_0194
274,2008-07-23,2008-07-23,46.585757,8.384675,2336.0,96,,,RGI60-11.01238,-905.9269959401101,5159132.529247293,97,194,0097_0194
274,2008-07-23,2008-07-23,46.585753,8.384714,2336.0,98,,,RGI60-11.01238,-902.9392270220168,5159132.084326927,97,194,0097_0194
274,2008-07-23,2008-07-23,46.58575,8.384752,2336.0,100,,,RGI60-11.01238,-900.0280522879352,5159131.750537743,97,194,0097_0194
274,2008-07-23,2008-07-23,46.585747,8.384791,2336.0,102,,,RGI60-11.01238,-897.0402660560925,5159131.416738587,98,194,0098_0194
274,2008-07-23,2008-07-23,46.585744,8.38483,2337.0,103,,,RGI60-11.01238,-894.0524794946937,5159131.08294091,98,194,0098_0194
274,2008-07-23,2008-07-23,46.585741,8.384869,2337.0,105,,,RGI60-11.01238,-891.0646926033736,5159130.749144709,98,194,0098_0194
274,2008-07-23,2008-07-23,46.585739,8.384908,2337.0,106,,,RGI60-11.01238,-888.076889052126,5159130.526468278,98,194,0098_0194
274,2008-07-23,2008-07-23,46.585737,8.384947,2337.0,108,,,RGI60-11.01238,-885.0890852808429,5159130.303793326,98,194,0098_0194
274,2008-07-23,2008-07-23,46.585735,8.384986,2338.0,109,,,RGI60-11.01238,-882.1012812898904,5159130.081119848,98,194,0098_0194
274,2008-07-23,2008-07-23,46.585734,8.385025,2338.0,110,,,RGI60-11.01238,-879.1134609134801,5159129.969566144,98,194,0098_0194
274,2008-07-23,2008-07-23,46.585733,8.385065,2338.0,111,,,RGI60-11.01238,-876.0490292308996,5159129.858002808,98,194,0098_0194
274,2008-07-23,2008-07-23,46.585733,8.385104,2338.0,113,,,RGI60-11.01238,-873.0611925788947,5159129.857570386,98,194,0098_0194
274,2008-07-23,2008-07-23,46.585732,8.385123,2338.0,113,,,RGI60-11.01238,-871.6055958786833,5159129.746241963,98,194,0098_0194
274,2008-07-23,2008-07-23,46.585738,8.385319,2338.0,126,,,RGI60-11.01238,-856.5897066369736,5159130.410804506,98,194,0098_0194
274,2008-07-23,2008-07-23,46.585741,8.385358,2338.0,128,,,RGI60-11.01238,-853.6018231699013,5159130.743736586,98,194,0098_0194
274,2008-07-23,2008-07-23,46.585743,8.385397,2337.0,129,,,RGI60-11.01238,-850.6139556740633,5159130.965551848,98,194,0098_0194
274,2008-07-23,2008-07-23,46.585747,8.385435,2337.0,130,,,RGI60-11.01238,-847.7026684011911,5159131.409615919,98,194,0098_0194
274,2008-07-23,2008-07-23,46.58575,8.385474,2337.0,131,,,RGI60-11.01238,-844.714785918659,5159131.74255239,98,194,0098_0194
274,2008-07-23,2008-07-23,46.585754,8.385513,2337.0,131,,,RGI60-11.01238,-841.7268882878103,5159132.186608633,98,194,0098_0194
274,2008-07-23,2008-07-23,46.585758,8.385552,2337.0,131,,,RGI60-11.01238,-838.7389910962304,5159132.630666354,98,194,0098_0194
274,2008-07-23,2008-07-23,46.585762,8.38559,2337.0,131,,,RGI60-11.01238,-835.8277054997012,5159133.074736147,98,194,0098_0194
274,2008-07-23,2008-07-23,46.585766,8.385629,2337.0,132,,,RGI60-11.01238,-832.8398091816329,5159133.518796784,98,194,0098_0194
274,2008-07-23,2008-07-23,46.58577,8.385668,2337.0,132,,,RGI60-11.01238,-829.8519133029548,5159133.962858899,99,194,0099_0194
274,2008-07-23,2008-07-23,46.585774,8.385706,2337.0,132,,,RGI60-11.01238,-826.9406290024247,5159134.406932976,99,194,0099_0194
274,2008-07-23,2008-07-23,46.585778,8.385745,2338.0,132,,,RGI60-11.01238,-823.9527339972597,5159134.850998009,99,194,0099_0194
274,2008-07-23,2008-07-23,46.585782,8.385784,2338.0,133,,,RGI60-11.01238,-820.9648394317288,5159135.295064518,99,194,0099_0194
274,2008-07-23,2008-07-23,46.585787,8.385822,2338.0,133,,,RGI60-11.01238,-818.0535413841902,5159135.85026117,99,194,0099_0194
274,2008-07-23,2008-07-23,46.58579,8.385861,2338.0,134,,,RGI60-11.01238,-815.0656627348161,5159136.183212304,99,194,0099_0194
274,2008-07-23,2008-07-23,46.585794,8.3859,2339.0,135,,,RGI60-11.01238,-812.077769482068,5159136.627283208,99,194,0099_0194
274,2008-07-23,2008-07-23,46.585798,8.385939,2339.0,135,,,RGI60-11.01238,-809.0898766687117,5159137.071355591,99,194,0099_0194
274,2008-07-23,2008-07-23,46.585802,8.385978,2339.0,137,,,RGI60-11.01238,-806.1019842951121,5159137.515429451,99,194,0099_0194
274,2008-07-23,2008-07-23,46.585805,8.386016,2340.0,139,,,RGI60-11.01238,-803.1907182238091,5159137.848396679,99,194,0099_0194
274,2008-07-23,2008-07-23,46.585809,8.386055,2340.0,140,,,RGI60-11.01238,-800.2028266685393,5159138.292473456,99,194,0099_0194
274,2008-07-23,2008-07-23,46.585812,8.386094,2340.0,141,,,RGI60-11.01238,-797.2149502124901,5159138.625433418,99,194,0099_0194
274,2008-07-23,2008-07-23,46.585814,8.386133,2340.0,143,,,RGI60-11.01238,-794.2270886909588,5159138.847276564,99,194,0099_0194
274,2008-07-23,2008-07-23,46.585817,8.386172,2341.0,144,,,RGI60-11.01238,-791.2392128391089,5159139.180239479,99,194,0099_0194
274,2008-07-23,2008-07-23,46.585819,8.386211,2341.0,145,,,RGI60-11.01238,-788.2513518118939,5159139.40208558,99,194,0099_0194
274,2008-07-23,2008-07-23,46.585821,8.38625,2341.0,147,,,RGI60-11.01238,-785.263491004427,5159139.623933158,99,194,0099_0194
274,2008-07-23,2008-07-23,46.585822,8.386289,2341.0,147,,,RGI60-11.01238,-782.2756448017071,5159139.734663919,99,194,0099_0194
274,2008-07-23,2008-07-23,46.585823,8.386328,2341.0,148,,,RGI60-11.01238,-779.2877987087304,5159139.8453961555,99,194,0099_0194
274,2008-07-23,2008-07-23,46.585823,8.386367,2341.0,149,,,RGI60-11.01238,-776.2999670009759,5159139.845011577,99,194,0099_0194
274,2008-07-23,2008-07-23,46.585823,8.386407,2342.0,149,,,RGI60-11.01238,-773.2355242235874,5159139.844618672,99,194,0099_0194
274,2008-07-23,2008-07-23,46.585822,8.386446,2342.0,150,,,RGI60-11.01238,-770.2477066796148,5159139.733118793,99,194,0099_0194
274,2008-07-23,2008-07-23,46.58582,8.386485,2342.0,150,,,RGI60-11.01238,-767.2599031343727,5159139.510502095,99,194,0099_0194
274,2008-07-23,2008-07-23,46.585818,8.386524,2342.0,151,,,RGI60-11.01238,-764.2720993694635,5159139.287886877,100,194,0100_0194
274,2008-07-23,2008-07-23,46.585815,8.386563,2342.0,151,,,RGI60-11.01238,-761.2843093837579,5159138.954154841,100,194,0100_0194
274,2008-07-23,2008-07-23,46.585812,8.386601,2342.0,151,,,RGI60-11.01238,-758.3731301532481,5159138.620433896,100,194,0100_0194
274,2008-07-23,2008-07-23,46.585807,8.38664,2341.0,151,,,RGI60-11.01238,-755.3853672935729,5159138.06446819,100,194,0100_0194
274,2008-07-23,2008-07-23,46.585803,8.386679,2341.0,151,,,RGI60-11.01238,-752.3975900486357,5159137.619622254,100,194,0100_0194
274,2008-07-23,2008-07-23,46.585798,8.386717,2341.0,152,,,RGI60-11.01238,-749.4864372494834,5159137.063669006,100,194,0100_0194
274,2008-07-23,2008-07-23,46.585792,8.386755,2341.0,153,,,RGI60-11.01238,-746.5752976435973,5159136.396598865,100,194,0100_0194
274,2008-07-23,2008-07-23,46.585787,8.386794,2341.0,153,,,RGI60-11.01238,-743.5875326001035,5159135.840638996,100,194,0100_0194
274,2008-07-23,2008-07-23,46.585781,8.386832,2341.0,154,,,RGI60-11.01238,-740.6763917544458,5159135.173571698,100,194,0100_0194
274,2008-07-23,2008-07-23,46.585774,8.38687,2341.0,153,,,RGI60-11.01238,-737.765263832729,5159134.395387513,100,194,0100_0194
274,2008-07-23,2008-07-23,46.585768,8.386908,2340.0,152,,,RGI60-11.01238,-734.8541216486835,5159133.728323023,100,194,0100_0194
274,2008-07-23,2008-07-23,46.585761,8.386946,2340.0,151,,,RGI60-11.01238,-731.94299228151,5159132.950141643,100,194,0100_0194
274,2008-07-23,2008-07-23,46.585754,8.386984,2340.0,148,,,RGI60-11.01238,-729.0318621649623,5159132.171961667,100,194,0100_0194
274,2008-07-23,2008-07-23,46.585748,8.387022,2340.0,144,,,RGI60-11.01238,-726.1207179464477,5159131.504901389,100,194,0100_0194
274,2008-07-23,2008-07-23,46.585741,8.387059,2340.0,142,,,RGI60-11.01238,-723.2861975693426,5159130.726733389,100,194,0100_0194
274,2008-07-23,2008-07-23,46.585734,8.387097,2340.0,139,,,RGI60-11.01238,-720.3750652675839,5159129.948557586,100,194,0100_0194
274,2008-07-23,2008-07-23,46.585728,8.387135,2340.0,138,,,RGI60-11.01238,-717.4639190232981,5159129.28150148,100,194,0100_0194
274,2008-07-23,2008-07-23,46.585721,8.387173,2340.0,137,,,RGI60-11.01238,-714.5527852760849,5159128.503328483,100,194,0100_0194
274,2008-07-23,2008-07-23,46.585716,8.387212,2340.0,136,,,RGI60-11.01238,-711.56501338721,5159127.947384453,100,194,0100_0194
274,2008-07-23,2008-07-23,46.585711,8.38725,2340.0,135,,,RGI60-11.01238,-708.6538521759327,5159127.391450886,100,194,0100_0194
274,2008-07-23,2008-07-23,46.585706,8.387289,2340.0,135,,,RGI60-11.01238,-705.6660791950916,5159126.835509773,100,194,0100_0194
274,2008-07-23,2008-07-23,46.585702,8.387327,2340.0,135,,,RGI60-11.01238,-702.7549039833949,5159126.39069734,100,194,0100_0194
274,2008-07-23,2008-07-23,46.585698,8.387366,2340.0,134,,,RGI60-11.01238,-699.7671170980536,5159125.945877437,101,194,0101_0194
274,2008-07-23,2008-07-23,46.585695,8.387405,2340.0,134,,,RGI60-11.01238,-696.7793169602547,5159125.612177302,101,194,0101_0194
274,2008-07-23,2008-07-23,46.585693,8.387444,2340.0,134,,,RGI60-11.01238,-693.7915037348263,5159125.389596936,101,194,0101_0194
274,2008-07-23,2008-07-23,46.585691,8.387483,2340.0,133,,,RGI60-11.01238,-690.8036902898547,5159125.16701805,101,194,0101_0194
274,2008-07-23,2008-07-23,46.58569,8.387522,2340.0,133,,,RGI60-11.01238,-687.8158639769018,5159125.055558932,101,194,0101_0194
274,2008-07-23,2008-07-23,46.58569,8.387561,2339.0,132,,,RGI60-11.01238,-684.8280249612824,5159125.055219582,101,194,0101_0194
274,2008-07-23,2008-07-23,46.58569,8.3876,2339.0,132,,,RGI60-11.01238,-681.8401859454017,5159125.054881709,101,194,0101_0194
274,2008-07-23,2008-07-23,46.585691,8.387639,2339.0,132,,,RGI60-11.01238,-678.8523344465011,5159125.165663606,101,194,0101_0194
274,2008-07-23,2008-07-23,46.585692,8.387679,2339.0,132,,,RGI60-11.01238,-675.7878718035321,5159125.276438411,101,194,0101_0194
274,2008-07-23,2008-07-23,46.585695,8.387718,2339.0,132,,,RGI60-11.01238,-672.7999957821083,5159125.6094598835,101,194,0101_0194
274,2008-07-23,2008-07-23,46.585698,8.387756,2339.0,133,,,RGI60-11.01238,-669.8887313359239,5159125.942491326,101,194,0101_0194
274,2008-07-23,2008-07-23,46.585701,8.387795,2339.0,133,,,RGI60-11.01238,-666.9008559694204,5159126.275515715,101,194,0101_0194
274,2008-07-23,2008-07-23,46.585704,8.387834,2339.0,133,,,RGI60-11.01238,-663.9129809326728,5159126.608541582,101,194,0101_0194
274,2008-07-23,2008-07-23,46.585708,8.387873,2339.0,133,,,RGI60-11.01238,-660.9250940720835,5159127.052687217,101,194,0101_0194
274,2008-07-23,2008-07-23,46.585712,8.387912,2338.0,134,,,RGI60-11.01238,-657.9372076510114,5159127.49683433,101,194,0101_0194
274,2008-07-23,2008-07-23,46.585717,8.38795,2338.0,134,,,RGI60-11.01238,-655.0259208447037,5159128.052109519,101,194,0101_0194
274,2008-07-23,2008-07-23,46.585721,8.387989,2338.0,134,,,RGI60-11.01238,-652.038035351973,5159128.49625955,101,194,0101_0194
274,2008-07-23,2008-07-23,46.585726,8.388027,2338.0,134,,,RGI60-11.01238,-649.1267495698023,5159129.05153758,101,194,0101_0194
274,2008-07-23,2008-07-23,46.58573,8.388066,2338.0,134,,,RGI60-11.01238,-646.1388650052914,5159129.495690528,101,194,0101_0194
274,2008-07-23,2008-07-23,46.585735,8.388104,2338.0,134,,,RGI60-11.01238,-643.227580247137,5159130.050971402,101,194,0101_0194
274,2008-07-23,2008-07-23,46.58574,8.388143,2338.0,134,,,RGI60-11.01238,-640.239684838098,5159130.6062455615,101,194,0101_0194
274,2008-07-23,2008-07-23,46.585744,8.388182,2338.0,134,,,RGI60-11.01238,-637.2518016963887,5159131.050402904,101,194,0101_0194
274,2008-07-23,2008-07-23,46.585748,8.38822,2338.0,134,,,RGI60-11.01238,-634.3405301694913,5159131.494569768,101,194,0101_0194
274,2008-07-23,2008-07-23,46.585752,8.388259,2338.0,135,,,RGI60-11.01238,-631.3526479013055,5159131.938730028,102,194,0102_0194
274,2008-07-23,2008-07-23,46.585756,8.388298,2338.0,135,,,RGI60-11.01238,-628.3647660726381,5159132.382891768,102,194,0102_0194
274,2008-07-23,2008-07-23,46.585759,8.388337,2338.0,135,,,RGI60-11.01238,-625.3768961833049,5159132.715936692,102,194,0102_0194
274,2008-07-23,2008-07-23,46.585762,8.388376,2338.0,135,,,RGI60-11.01238,-622.3890266236074,5159133.048983092,102,194,0102_0194
274,2008-07-23,2008-07-23,46.585765,8.388415,2338.0,135,,,RGI60-11.01238,-619.4011573935454,5159133.382030972,102,194,0102_0194
274,2008-07-23,2008-07-23,46.585766,8.388454,2338.0,135,,,RGI60-11.01238,-616.4133111631006,5159133.492843742,102,194,0102_0194
274,2008-07-23,2008-07-23,46.585768,8.388493,2338.0,135,,,RGI60-11.01238,-613.425453762476,5159133.714776282,102,194,0102_0194
274,2008-07-23,2008-07-23,46.585769,8.388532,2337.0,135,,,RGI60-11.01238,-610.4376078067108,5159133.825592008,102,194,0102_0194
274,2008-07-23,2008-07-23,46.585769,8.388571,2337.0,135,,,RGI60-11.01238,-607.4497731308572,5159133.825290917,102,194,0102_0194
274,2008-07-23,2008-07-23,46.585769,8.38861,2337.0,135,,,RGI60-11.01238,-604.4619384552325,5159133.8249913035,102,194,0102_0194
274,2008-07-23,2008-07-23,46.585769,8.388649,2337.0,135,,,RGI60-11.01238,-601.4741037794707,5159133.8246931685,102,194,0102_0194
274,2008-07-23,2008-07-23,46.585768,8.388688,2337.0,136,,,RGI60-11.01238,-598.4862801090317,5159133.713278215,102,194,0102_0194
274,2008-07-23,2008-07-23,46.585767,8.388727,2337.0,136,,,RGI60-11.01238,-595.4984563286936,5159133.601864741,102,194,0102_0194
274,2008-07-23,2008-07-23,46.585766,8.388767,2337.0,136,,,RGI60-11.01238,-592.4340212886365,5159133.490445232,102,194,0102_0194
274,2008-07-23,2008-07-23,46.585764,8.388806,2336.0,136,,,RGI60-11.01238,-589.4462081261925,5159133.267916458,102,194,0102_0194
274,2008-07-23,2008-07-23,46.585762,8.388845,2336.0,136,,,RGI60-11.01238,-586.4583947439643,5159133.0453891605,102,194,0102_0194
274,2008-07-23,2008-07-23,46.585759,8.388884,2336.0,135,,,RGI60-11.01238,-583.4705918712906,5159132.711745048,102,194,0102_0194
274,2008-07-23,2008-07-23,46.585756,8.388922,2336.0,135,,,RGI60-11.01238,-580.5593998324912,5159132.378109774,102,194,0102_0194
274,2008-07-23,2008-07-23,46.585754,8.388961,2335.0,135,,,RGI60-11.01238,-577.5715856838443,5159132.155586869,102,194,0102_0194
274,2008-07-23,2008-07-23,46.585751,8.389,2335.0,134,,,RGI60-11.01238,-574.5837818813332,5159131.821947152,102,194,0102_0194
274,2008-07-23,2008-07-23,46.585748,8.389039,2335.0,134,,,RGI60-11.01238,-571.5959777489095,5159131.488308911,102,194,0102_0194
274,2008-07-23,2008-07-23,46.585745,8.389078,2335.0,133,,,RGI60-11.01238,-568.6081732870609,5159131.154672149,102,194,0102_0194
274,2008-07-23,2008-07-23,46.585742,8.389117,2335.0,132,,,RGI60-11.01238,-565.6203684953001,5159130.821036862,103,194,0103_0194
274,2008-07-23,2008-07-23,46.585739,8.389156,2334.0,131,,,RGI60-11.01238,-562.6325633739925,5159130.487403054,103,194,0103_0194
274,2008-07-23,2008-07-23,46.585736,8.389195,2334.0,130,,,RGI60-11.01238,-559.6447579230164,5159130.153770722,103,194,0103_0194
274,2008-07-23,2008-07-23,46.585734,8.389234,2334.0,130,,,RGI60-11.01238,-556.6569419062304,5159129.9312581625,103,194,0103_0194
274,2008-07-23,2008-07-23,46.585731,8.389273,2334.0,129,,,RGI60-11.01238,-553.6691358509823,5159129.597628787,103,194,0103_0194
274,2008-07-23,2008-07-23,46.585729,8.389312,2334.0,129,,,RGI60-11.01238,-550.6813193395658,5159129.37511918,103,194,0103_0194
274,2008-07-23,2008-07-23,46.585728,8.389351,2333.0,128,,,RGI60-11.01238,-547.6934925371742,5159129.263729344,103,194,0103_0194
274,2008-07-23,2008-07-23,46.585726,8.38939,2333.0,126,,,RGI60-11.01238,-544.7056756412564,5159129.0412226925,103,194,0103_0194
274,2008-07-23,2008-07-23,46.585725,8.389429,2333.0,125,,,RGI60-11.01238,-541.7178485641264,5159128.929835809,103,194,0103_0194
274,2008-07-23,2008-07-23,46.585725,8.389468,2333.0,124,,,RGI60-11.01238,-538.730011470489,5159128.929568698,103,194,0103_0194
274,2008-07-23,2008-07-23,46.585725,8.389507,2332.0,123,,,RGI60-11.01238,-535.7421743770818,5159128.929303063,103,194,0103_0194
274,2008-07-23,2008-07-23,46.585725,8.389547,2332.0,120,,,RGI60-11.01238,-532.6777260759532,5159128.929032152,103,194,0103_0194
274,2008-07-23,2008-07-23,46.585726,8.389586,2332.0,118,,,RGI60-11.01238,-529.6898792422668,5159129.039887803,103,194,0103_0194
274,2008-07-23,2008-07-23,46.585726,8.389625,2332.0,116,,,RGI60-11.01238,-526.7020422035177,5159129.039626637,103,194,0103_0194
274,2008-07-23,2008-07-23,46.585728,8.389664,2331.0,114,,,RGI60-11.01238,-523.7141859041409,5159129.261603534,103,194,0103_0194
274,2008-07-23,2008-07-23,46.58573,8.389703,2331.0,112,,,RGI60-11.01238,-520.7263298245186,5159129.483581907,103,194,0103_0194
274,2008-07-23,2008-07-23,46.585732,8.389742,2331.0,109,,,RGI60-11.01238,-517.7384739646511,5159129.705561761,103,194,0103_0194
274,2008-07-23,2008-07-23,46.585734,8.389781,2331.0,107,,,RGI60-11.01238,-514.7506183246609,5159129.927543089,103,194,0103_0194
274,2008-07-23,2008-07-23,46.585736,8.38982,2330.0,103,,,RGI60-11.01238,-511.7627629041817,5159130.149525895,103,194,0103_0194
274,2008-07-23,2008-07-23,46.585739,8.389859,2330.0,102,,,RGI60-11.01238,-508.7748983479201,5159130.482628471,103,194,0103_0194
274,2008-07-23,2008-07-23,46.585741,8.389898,2330.0,101,,,RGI60-11.01238,-505.78704342201496,5159130.704614231,103,194,0103_0194
274,2008-07-23,2008-07-23,46.585744,8.389937,2330.0,100,,,RGI60-11.01238,-502.799179470089,5159131.037719764,103,194,0103_0194
274,2008-07-23,2008-07-23,46.585746,8.389976,2330.0,99,,,RGI60-11.01238,-499.8113250386366,5159131.259708481,104,194,0104_0194
274,2008-07-23,2008-07-23,46.585749,8.390015,2329.0,98,,,RGI60-11.01238,-496.82346169104704,5159131.592816966,104,194,0104_0194
274,2008-07-23,2008-07-23,46.585751,8.390054,2329.0,96,,,RGI60-11.01238,-493.83560775404743,5159131.814808637,104,194,0104_0194
274,2008-07-23,2008-07-23,46.585753,8.390093,2329.0,95,,,RGI60-11.01238,-490.84775403680356,5159132.036801784,104,194,0104_0194
274,2008-07-23,2008-07-23,46.585755,8.390132,2329.0,94,,,RGI60-11.01238,-487.85990053931533,5159132.258796411,104,194,0104_0194
274,2008-07-23,2008-07-23,46.585756,8.390171,2329.0,93,,,RGI60-11.01238,-484.8720561777082,5159132.369674222,104,194,0104_0194
274,2008-07-23,2008-07-23,46.585757,8.39021,2329.0,92,,,RGI60-11.01238,-481.88421192597326,5159132.48055351,104,194,0104_0194
274,2008-07-23,2008-07-23,46.585758,8.390249,2329.0,91,,,RGI60-11.01238,-478.89636778398835,5159132.591434274,104,194,0104_0194
274,2008-07-23,2008-07-23,46.585758,8.390288,2328.0,91,,,RGI60-11.01238,-475.90853250341854,5159132.591198224,104,194,0104_0194
274,2008-07-23,2008-07-23,46.585757,8.390327,2328.0,91,,,RGI60-11.01238,-472.9207059190719,5159132.479845358,104,194,0104_0194
274,2008-07-23,2008-07-23,46.585756,8.390367,2328.0,90,,,RGI60-11.01238,-469.8562680610293,5159132.368488013,104,194,0104_0194
274,2008-07-23,2008-07-23,46.585755,8.390406,2328.0,90,,,RGI60-11.01238,-466.8684412553592,5159132.257138139,104,194,0104_0194
274,2008-07-23,2008-07-23,46.585753,8.390445,2328.0,89,,,RGI60-11.01238,-463.88062287003584,5159132.03467145,104,194,0104_0194
274,2008-07-23,2008-07-23,46.58575,8.390484,2327.0,87,,,RGI60-11.01238,-460.89281274011,5159131.701087946,104,194,0104_0194
274,2008-07-23,2008-07-23,46.585747,8.390522,2327.0,84,,,RGI60-11.01238,-457.9816134569978,5159131.367511726,104,194,0104_0194
274,2008-07-23,2008-07-23,46.585743,8.390561,2327.0,79,,,RGI60-11.01238,-454.9938110387909,5159130.9228128465,104,194,0104_0194
274,2008-07-23,2008-07-23,46.585739,8.3906,2326.0,75,,,RGI60-11.01238,-452.0060081809116,5159130.478115444,104,194,0104_0194
274,2008-07-23,2008-07-23,46.585734,8.390639,2326.0,70,,,RGI60-11.01238,-449.0182131401763,5159129.922301229,104,194,0104_0194
274,2008-07-23,2008-07-23,46.585729,8.390677,2326.0,66,,,RGI60-11.01238,-446.1070287520869,5159129.366494144,104,194,0104_0194
274,2008-07-23,2008-07-23,46.585724,8.390715,2326.0,62,,,RGI60-11.01238,-443.1958438285282,5159128.810688463,104,194,0104_0194
274,2008-07-23,2008-07-23,46.585718,8.390754,2325.0,57,,,RGI60-11.01238,-440.20805524862254,5159128.143760312,104,194,0104_0194
274,2008-07-23,2008-07-23,46.585712,8.390792,2325.0,55,,,RGI60-11.01238,-437.29687723506237,5159127.476839183,104,194,0104_0194
274,2008-07-23,2008-07-23,46.585706,8.39083,2325.0,53,,,RGI60-11.01238,-434.3856985792085,5159126.809919458,105,194,0105_0194
274,2008-07-23,2008-07-23,46.5857,8.390868,2324.0,51,,,RGI60-11.01238,-431.47451928081796,5159126.143001135,105,194,0105_0194
274,2008-07-23,2008-07-23,46.585694,8.390906,2324.0,50,,,RGI60-11.01238,-428.56333934013423,5159125.476084214,105,194,0105_0194
274,2008-07-23,2008-07-23,46.585688,8.390944,2324.0,50,,,RGI60-11.01238,-425.6521587569138,5159124.809168698,105,194,0105_0194
274,2008-07-23,2008-07-23,46.585682,8.390982,2324.0,49,,,RGI60-11.01238,-422.7409775314007,5159124.1422545845,105,194,0105_0194
274,2008-07-23,2008-07-23,46.585676,8.391021,2325.0,48,,,RGI60-11.01238,-419.75318438672366,5159123.4753365535,105,194,0105_0194
274,2008-07-23,2008-07-23,46.585671,8.391059,2325.0,48,,,RGI60-11.01238,-416.84199420280527,5159122.919543574,105,194,0105_0194
274,2008-07-23,2008-07-23,46.585667,8.391098,2325.0,47,,,RGI60-11.01238,-413.854184582644,5159122.474865043,105,194,0105_0194
274,2008-07-23,2008-07-23,46.585663,8.391136,2325.0,47,,,RGI60-11.01238,-410.94298581787604,5159122.030193198,105,194,0105_0194
274,2008-07-23,2008-07-23,46.585659,8.391175,2325.0,46,,,RGI60-11.01238,-407.9551753241306,5159121.585517583,105,194,0105_0194
274,2008-07-23,2008-07-23,46.585656,8.391214,2325.0,45,,,RGI60-11.01238,-404.96735694419596,5159121.251961738,105,194,0105_0194
274,2008-07-23,2008-07-23,46.585655,8.391253,2326.0,44,,,RGI60-11.01238,-401.9795234509578,5159121.14064395,105,194,0105_0194
274,2008-07-23,2008-07-23,46.585653,8.391292,2326.0,43,,,RGI60-11.01238,-398.9916971847032,5159120.91820935,105,194,0105_0194
274,2008-07-23,2008-07-23,46.585654,8.391331,2326.0,42,,,RGI60-11.01238,-396.0038488529847,5159121.0291311,105,194,0105_0194
274,2008-07-23,2008-07-23,46.585655,8.391371,2326.0,41,,,RGI60-11.01238,-392.9393893248043,5159121.140049343,105,194,0105_0194
274,2008-07-23,2008-07-23,46.585657,8.391409,2326.0,40,,,RGI60-11.01238,-390.0281453467525,5159121.36209732,105,194,0105_0194
274,2008-07-23,2008-07-23,46.58566,8.391448,2326.0,39,,,RGI60-11.01238,-387.04028316525614,5159121.695260083,105,194,0105_0194
274,2008-07-23,2008-07-23,46.585665,8.391487,2326.0,38,,,RGI60-11.01238,-384.05240718906373,5159122.250660907,105,194,0105_0194
274,2008-07-23,2008-07-23,46.585671,8.391525,2325.0,38,,,RGI60-11.01238,-381.14113603872664,5159122.917186329,105,194,0105_0194
274,2008-07-23,2008-07-23,46.585678,8.391563,2325.0,38,,,RGI60-11.01238,-378.2298585755505,5159123.694831448,105,194,0105_0194
274,2008-07-23,2008-07-23,46.585687,8.3916,2325.0,38,,,RGI60-11.01238,-375.3951793198179,5159124.694719311,105,194,0105_0194
274,2008-07-23,2008-07-23,46.585696,8.391637,2325.0,38,,,RGI60-11.01238,-372.5605010023093,5159125.694608505,105,194,0105_0194
274,2008-07-23,2008-07-23,46.585707,8.391672,2325.0,37,,,RGI60-11.01238,-369.8790324913562,5159126.916744993,106,194,0106_0194
274,2008-07-23,2008-07-23,46.585719,8.391707,2325.0,37,,,RGI60-11.01238,-367.1975583128911,5159128.250000964,106,194,0106_0194
274,2008-07-23,2008-07-23,46.585734,8.39174,2324.0,37,,,RGI60-11.01238,-364.66928759867625,5159129.9166222485,106,194,0106_0194
274,2008-07-23,2008-07-23,46.585748,8.391773,2324.0,36,,,RGI60-11.01238,-362.1410249383845,5159131.472126302,106,194,0106_0194
274,2008-07-23,2008-07-23,46.585765,8.391804,2324.0,36,,,RGI60-11.01238,-359.76596604380694,5159133.3609954165,106,194,0106_0194
274,2008-07-23,2008-07-23,46.585782,8.391834,2323.0,36,,,RGI60-11.01238,-357.4675197613418,5159135.249870004,106,194,0106_0194
274,2008-07-23,2008-07-23,46.585801,8.391862,2323.0,35,,,RGI60-11.01238,-355.32228405458574,5159137.3609910635,106,194,0106_0194
274,2008-07-23,2008-07-23,46.585811,8.391875,2322.0,35,,,RGI60-11.01238,-354.32627459241064,5159138.472115521,106,194,0106_0194
274,2008-07-23,2008-07-23,46.586211,8.385268,2332.0,27,,,RGI60-11.01238,-860.4893928172839,5159182.970314102,98,193,0098_0193
274,2008-07-23,2008-07-23,46.586208,8.385307,2332.0,30,,,RGI60-11.01238,-857.5016297332838,5159182.636534466,98,193,0098_0193
274,2008-07-23,2008-07-23,46.586205,8.385346,2332.0,34,,,RGI60-11.01238,-854.5138663193608,5159182.302756308,98,193,0098_0193
274,2008-07-23,2008-07-23,46.586202,8.385385,2332.0,39,,,RGI60-11.01238,-851.5261025760029,5159181.968979628,98,193,0098_0193
274,2008-07-23,2008-07-23,46.586199,8.385424,2333.0,45,,,RGI60-11.01238,-848.5383385027217,5159181.635204423,98,194,0098_0194
274,2008-07-23,2008-07-23,46.586197,8.385463,2333.0,50,,,RGI60-11.01238,-845.5505585511407,5159181.412548999,98,194,0098_0194
274,2008-07-23,2008-07-23,46.586195,8.385502,2333.0,56,,,RGI60-11.01238,-842.562778379767,5159181.1898950515,98,194,0098_0194
274,2008-07-23,2008-07-23,46.586193,8.385541,2333.0,61,,,RGI60-11.01238,-839.5749979886008,5159180.967242581,98,194,0098_0194
274,2008-07-23,2008-07-23,46.586191,8.38558,2333.0,65,,,RGI60-11.01238,-836.5872173777647,5159180.744591589,98,194,0098_0194
274,2008-07-23,2008-07-23,46.586189,8.385619,2334.0,68,,,RGI60-11.01238,-833.5994365468927,5159180.521942074,98,194,0098_0194
274,2008-07-23,2008-07-23,46.586188,8.385658,2334.0,72,,,RGI60-11.01238,-830.6116402223221,5159180.410412339,99,194,0099_0194
274,2008-07-23,2008-07-23,46.586187,8.385697,2334.0,74,,,RGI60-11.01238,-827.6238437878452,5159180.298884079,99,194,0099_0194
274,2008-07-23,2008-07-23,46.586186,8.385736,2334.0,77,,,RGI60-11.01238,-824.6360472434625,5159180.187357297,99,194,0099_0194
274,2008-07-23,2008-07-23,46.586185,8.385776,2334.0,79,,,RGI60-11.01238,-821.5716400296675,5159180.075821576,99,194,0099_0194
274,2008-07-23,2008-07-23,46.586184,8.385815,2334.0,82,,,RGI60-11.01238,-818.5838432641855,5159179.964297786,99,194,0099_0194
274,2008-07-23,2008-07-23,46.586184,8.385854,2334.0,84,,,RGI60-11.01238,-815.5960313906481,5159179.963893776,99,194,0099_0194
274,2008-07-23,2008-07-23,46.586183,8.385893,2335.0,86,,,RGI60-11.01238,-812.6082344602979,5159179.852372941,99,194,0099_0194
274,2008-07-23,2008-07-23,46.586183,8.385932,2335.0,87,,,RGI60-11.01238,-809.6204225317774,5159179.851971883,99,194,0099_0194
274,2008-07-23,2008-07-23,46.586182,8.385971,2335.0,89,,,RGI60-11.01238,-806.6326254364366,5159179.740454004,99,194,0099_0194
274,2008-07-23,2008-07-23,46.586182,8.38601,2335.0,90,,,RGI60-11.01238,-803.6448134530553,5159179.740055904,99,194,0099_0194
274,2008-07-23,2008-07-23,46.586182,8.38605,2335.0,92,,,RGI60-11.01238,-800.5803909060393,5159179.739649129,99,194,0099_0194
274,2008-07-23,2008-07-23,46.586182,8.386089,2335.0,93,,,RGI60-11.01238,-797.5925789226176,5159179.73925402,99,194,0099_0194
274,2008-07-23,2008-07-23,46.586181,8.386128,2335.0,95,,,RGI60-11.01238,-794.6047815510742,5159179.627742087,99,194,0099_0194
274,2008-07-23,2008-07-23,46.586181,8.386167,2336.0,96,,,RGI60-11.01238,-791.6169695125483,5159179.627349932,99,194,0099_0194
274,2008-07-23,2008-07-23,46.586181,8.386206,2336.0,97,,,RGI60-11.01238,-788.6291574742468,5159179.626959255,99,194,0099_0194
274,2008-07-23,2008-07-23,46.586181,8.386245,2336.0,99,,,RGI60-11.01238,-785.6413454356814,5159179.626570056,99,194,0099_0194
274,2008-07-23,2008-07-23,46.586181,8.386284,2336.0,100,,,RGI60-11.01238,-782.6535333973399,5159179.626182334,99,194,0099_0194
274,2008-07-23,2008-07-23,46.586181,8.386324,2336.0,101,,,RGI60-11.01238,-779.5891107937083,5159179.625786204,99,194,0099_0194
274,2008-07-23,2008-07-23,46.58618,8.386363,2336.0,103,,,RGI60-11.01238,-776.6013130360401,5159179.514283173,99,194,0099_0194
274,2008-07-23,2008-07-23,46.58618,8.386402,2336.0,104,,,RGI60-11.01238,-773.6135009425757,5159179.5138999205,99,194,0099_0194
274,2008-07-23,2008-07-23,46.58618,8.386441,2336.0,105,,,RGI60-11.01238,-770.6256888490916,5159179.513518144,99,194,0099_0194
274,2008-07-23,2008-07-23,46.58618,8.38648,2337.0,105,,,RGI60-11.01238,-767.6378767554669,5159179.513137847,99,194,0099_0194
274,2008-07-23,2008-07-23,46.586179,8.386519,2337.0,106,,,RGI60-11.01238,-764.6500787231305,5159179.401640726,100,194,0100_0194
274,2008-07-23,2008-07-23,46.586179,8.386558,2337.0,107,,,RGI60-11.01238,-761.6622665745251,5159179.401263383,100,194,0100_0194
274,2008-07-23,2008-07-23,46.586178,8.386598,2337.0,108,,,RGI60-11.01238,-758.597857808066,5159179.289759597,100,194,0100_0194
274,2008-07-23,2008-07-23,46.586178,8.386637,2337.0,109,,,RGI60-11.01238,-755.6100456044794,5159179.289385246,100,194,0100_0194
274,2008-07-23,2008-07-23,46.586177,8.386676,2337.0,110,,,RGI60-11.01238,-752.6222472408805,5159179.177894072,100,194,0100_0194
274,2008-07-23,2008-07-23,46.586177,8.386715,2337.0,111,,,RGI60-11.01238,-749.6344349824354,5159179.177522676,100,194,0100_0194
274,2008-07-23,2008-07-23,46.586177,8.386754,2337.0,113,,,RGI60-11.01238,-746.646622723972,5159179.1771527575,100,194,0100_0194
274,2008-07-23,2008-07-23,46.586176,8.386793,2337.0,114,,,RGI60-11.01238,-743.6588241404246,5159179.065666016,100,194,0100_0194
274,2008-07-23,2008-07-23,46.586176,8.386832,2338.0,115,,,RGI60-11.01238,-740.671011827103,5159179.065299052,100,194,0100_0194
274,2008-07-23,2008-07-23,46.586175,8.386871,2338.0,116,,,RGI60-11.01238,-737.6832130788131,5159178.953815264,100,194,0100_0194
274,2008-07-23,2008-07-23,46.586175,8.386911,2338.0,117,,,RGI60-11.01238,-734.6187901369033,5159178.953441939,100,194,0100_0194
274,2008-07-23,2008-07-23,46.586174,8.38695,2338.0,118,,,RGI60-11.01238,-731.6309912222172,5159178.841961145,100,194,0100_0194
274,2008-07-23,2008-07-23,46.586174,8.386989,2338.0,119,,,RGI60-11.01238,-728.6431787988148,5159178.8416001275,100,194,0100_0194
274,2008-07-23,2008-07-23,46.586174,8.387028,2338.0,120,,,RGI60-11.01238,-725.6553663753944,5159178.841240589,100,194,0100_0194
274,2008-07-23,2008-07-23,46.586174,8.387067,2338.0,122,,,RGI60-11.01238,-722.6675539519557,5159178.840882526,100,194,0100_0194
274,2008-07-23,2008-07-23,46.586174,8.387106,2339.0,123,,,RGI60-11.01238,-719.6797415286211,5159178.840525942,100,194,0100_0194
274,2008-07-23,2008-07-23,46.586173,8.387145,2339.0,124,,,RGI60-11.01238,-716.6919422841889,5159178.729052533,100,194,0100_0194
274,2008-07-23,2008-07-23,46.586174,8.387185,2339.0,125,,,RGI60-11.01238,-713.6275061065111,5159178.839808155,100,194,0100_0194
274,2008-07-23,2008-07-23,46.586174,8.387224,2339.0,126,,,RGI60-11.01238,-710.6396936831223,5159178.8394560395,100,194,0100_0194
274,2008-07-23,2008-07-23,46.586174,8.387263,2339.0,127,,,RGI60-11.01238,-707.6518812594721,5159178.839105403,100,194,0100_0194
274,2008-07-23,2008-07-23,46.586175,8.387302,2339.0,128,,,RGI60-11.01238,-704.6640558780621,5159178.949874543,100,194,0100_0194
274,2008-07-23,2008-07-23,46.586176,8.387341,2340.0,129,,,RGI60-11.01238,-701.6762306063977,5159179.060645162,100,194,0100_0194
274,2008-07-23,2008-07-23,46.586177,8.38738,2340.0,130,,,RGI60-11.01238,-698.6884054444787,5159179.171417256,101,194,0101_0194
274,2008-07-23,2008-07-23,46.586178,8.387419,2340.0,131,,,RGI60-11.01238,-695.7005803926706,5159179.282190828,101,194,0101_0194
274,2008-07-23,2008-07-23,46.58618,8.387458,2340.0,132,,,RGI60-11.01238,-692.7127427122698,5159179.504084179,101,194,0101_0194
274,2008-07-23,2008-07-23,46.586181,8.387498,2340.0,133,,,RGI60-11.01238,-689.6483073698546,5159179.614851963,101,194,0101_0194
274,2008-07-23,2008-07-23,46.586183,8.387537,2340.0,134,,,RGI60-11.01238,-686.6604700770766,5159179.836748307,101,194,0101_0194
274,2008-07-23,2008-07-23,46.586185,8.387576,2340.0,135,,,RGI60-11.01238,-683.6726330039291,5159180.058646128,101,194,0101_0194
274,2008-07-23,2008-07-23,46.586187,8.387615,2340.0,136,,,RGI60-11.01238,-680.684796150534,5159180.280545426,101,194,0101_0194
274,2008-07-23,2008-07-23,46.58619,8.387654,2340.0,137,,,RGI60-11.01238,-677.6969470547938,5159180.613564502,101,194,0101_0194
274,2008-07-23,2008-07-23,46.586192,8.387693,2340.0,139,,,RGI60-11.01238,-674.7091106957237,5159180.8354667565,101,194,0101_0194
274,2008-07-23,2008-07-23,46.586195,8.387731,2340.0,140,,,RGI60-11.01238,-671.7978727497573,5159181.168497304,101,194,0101_0194
274,2008-07-23,2008-07-23,46.586198,8.38777,2340.0,141,,,RGI60-11.01238,-668.8100245837592,5159181.501520777,101,194,0101_0194
274,2008-07-23,2008-07-23,46.586201,8.387809,2341.0,142,,,RGI60-11.01238,-665.8221767473979,5159181.834545726,101,193,0101_0193
274,2008-07-23,2008-07-23,46.586205,8.387848,2341.0,143,,,RGI60-11.01238,-662.8343170518772,5159182.278690454,101,193,0101_0193
274,2008-07-23,2008-07-23,46.586208,8.387887,2341.0,144,,,RGI60-11.01238,-659.8464699298535,5159182.6117183585,101,193,0101_0193
274,2008-07-23,2008-07-23,46.586211,8.387926,2341.0,145,,,RGI60-11.01238,-656.8586231372235,5159182.94474774,101,193,0101_0193
274,2008-07-23,2008-07-23,46.586215,8.387965,2341.0,146,,,RGI60-11.01238,-653.8707646503816,5159183.388896901,101,193,0101_0193
274,2008-07-23,2008-07-23,46.586218,8.388003,2341.0,147,,,RGI60-11.01238,-650.9595290851335,5159183.721937491,101,193,0101_0193
274,2008-07-23,2008-07-23,46.586221,8.388042,2341.0,148,,,RGI60-11.01238,-647.9716833321313,5159184.0549712675,101,193,0101_0193
274,2008-07-23,2008-07-23,46.586225,8.388081,2341.0,149,,,RGI60-11.01238,-644.9838260484566,5159184.499124823,101,193,0101_0193
274,2008-07-23,2008-07-23,46.586228,8.38812,2341.0,151,,,RGI60-11.01238,-641.9959810096718,5159184.832161554,101,193,0101_0193
274,2008-07-23,2008-07-23,46.586231,8.388159,2342.0,153,,,RGI60-11.01238,-639.0081363006464,5159185.165199764,101,193,0101_0193
274,2008-07-23,2008-07-23,46.586234,8.388198,2342.0,155,,,RGI60-11.01238,-636.0202919213806,5159185.498239449,101,193,0101_0193
274,2008-07-23,2008-07-23,46.586236,8.388237,2342.0,156,,,RGI60-11.01238,-633.0324595122948,5159185.720162311,102,193,0102_0193
274,2008-07-23,2008-07-23,46.586239,8.388276,2342.0,157,,,RGI60-11.01238,-630.0446157373631,5159186.053204952,102,193,0102_0193
274,2008-07-23,2008-07-23,46.586241,8.388315,2342.0,156,,,RGI60-11.01238,-627.0567838227272,5159186.275130768,102,193,0102_0193
274,2008-07-23,2008-07-23,46.586243,8.388354,2342.0,156,,,RGI60-11.01238,-624.0689521279669,5159186.497058065,102,193,0102_0193
274,2008-07-23,2008-07-23,46.586245,8.388393,2342.0,157,,,RGI60-11.01238,-621.0811206529613,5159186.718986834,102,193,0102_0193
274,2008-07-23,2008-07-23,46.586247,8.388432,2342.0,157,,,RGI60-11.01238,-618.0932893977092,5159186.940917085,102,193,0102_0193
274,2008-07-23,2008-07-23,46.586248,8.388471,2342.0,157,,,RGI60-11.01238,-615.1054696734657,5159187.051730508,102,193,0102_0193
274,2008-07-23,2008-07-23,46.586781,8.383913,2352.0,87,,,RGI60-11.01238,-964.2865437194953,5159246.323423175,97,193,0097_0193
274,2008-07-23,2008-07-23,46.586788,8.383951,2352.0,90,,,RGI60-11.01238,-961.3752506148838,5159247.100787494,97,193,0097_0193
274,2008-07-23,2008-07-23,46.586795,8.383988,2352.0,92,,,RGI60-11.01238,-958.5405679595904,5159247.878165369,97,192,0097_0192
274,2008-07-23,2008-07-23,46.586802,8.384026,2352.0,94,,,RGI60-11.01238,-955.6292763440044,5159248.655532458,97,192,0097_0192
274,2008-07-23,2008-07-23,46.586808,8.384065,2352.0,97,,,RGI60-11.01238,-952.6413933158675,5159249.321770557,97,192,0097_0192
274,2008-07-23,2008-07-23,46.586813,8.384103,2352.0,99,,,RGI60-11.01238,-949.7301380852349,5159249.876903866,97,192,0097_0192
274,2008-07-23,2008-07-23,46.586818,8.384141,2352.0,101,,,RGI60-11.01238,-946.818883389794,5159250.432038575,97,192,0097_0192
274,2008-07-23,2008-07-23,46.586822,8.38418,2351.0,103,,,RGI60-11.01238,-943.8310369255081,5159250.8760444075,97,192,0097_0192
274,2008-07-23,2008-07-23,46.586827,8.384219,2351.0,105,,,RGI60-11.01238,-940.8431735992871,5159251.4311700305,97,192,0097_0192
274,2008-07-23,2008-07-23,46.58683,8.384257,2351.0,107,,,RGI60-11.01238,-937.9319549663013,5159251.764072395,97,192,0097_0192
274,2008-07-23,2008-07-23,46.586834,8.384296,2351.0,108,,,RGI60-11.01238,-934.9441098148094,5159252.208082623,97,192,0097_0192
274,2008-07-23,2008-07-23,46.586837,8.384335,2351.0,110,,,RGI60-11.01238,-931.9562822409914,5159252.540976014,97,192,0097_0192
274,2008-07-23,2008-07-23,46.58684,8.384374,2351.0,112,,,RGI60-11.01238,-928.968454996928,5159252.873870882,97,192,0097_0192
274,2008-07-23,2008-07-23,46.586842,8.384413,2351.0,113,,,RGI60-11.01238,-925.9806451104043,5159253.095648913,97,192,0097_0192
274,2008-07-23,2008-07-23,46.586845,8.384452,2351.0,115,,,RGI60-11.01238,-922.9928184706649,5159253.428546736,97,192,0097_0192
274,2008-07-23,2008-07-23,46.586847,8.384491,2351.0,116,,,RGI60-11.01238,-920.0050090785805,5159253.6503277235,97,192,0097_0192
274,2008-07-23,2008-07-23,46.586848,8.38453,2350.0,117,,,RGI60-11.01238,-917.017216769688,5159253.760991874,97,192,0097_0192
274,2008-07-23,2008-07-23,46.58685,8.384569,2350.0,119,,,RGI60-11.01238,-914.02940776228,5159253.982775817,97,192,0097_0192
274,2008-07-23,2008-07-23,46.58685,8.384608,2350.0,120,,,RGI60-11.01238,-911.0416324814927,5159253.982324608,97,192,0097_0192
274,2008-07-23,2008-07-23,46.58685,8.384648,2350.0,121,,,RGI60-11.01238,-907.9772475781604,5159253.981863365,97,192,0097_0192
274,2008-07-23,2008-07-23,46.58685,8.384687,2350.0,123,,,RGI60-11.01238,-904.9894722973273,5159253.981415147,97,192,0097_0192
274,2008-07-23,2008-07-23,46.586848,8.384726,2350.0,123,,,RGI60-11.01238,-902.0017301907455,5159253.75873178,97,192,0097_0192
274,2008-07-23,2008-07-23,46.586847,8.384765,2350.0,124,,,RGI60-11.01238,-899.0139713323567,5159253.647168204,97,192,0097_0192
274,2008-07-23,2008-07-23,46.586844,8.384804,2350.0,126,,,RGI60-11.01238,-896.0262453184357,5159253.313369478,98,192,0098_0192
274,2008-07-23,2008-07-23,46.586841,8.384843,2350.0,127,,,RGI60-11.01238,-893.0385189750743,5159252.979572228,98,192,0098_0192
274,2008-07-23,2008-07-23,46.586837,8.384881,2350.0,128,,,RGI60-11.01238,-890.1274183101699,5159252.534669429,98,192,0098_0192
274,2008-07-23,2008-07-23,46.586831,8.384919,2350.0,129,,,RGI60-11.01238,-887.2163498476768,5159251.867531402,98,192,0098_0192
274,2008-07-23,2008-07-23,46.586826,8.384958,2351.0,130,,,RGI60-11.01238,-884.2286548245218,5159251.311501884,98,192,0098_0192
274,2008-07-23,2008-07-23,46.586818,8.384995,2351.0,131,,,RGI60-11.01238,-881.3942272034617,5159250.42214125,98,192,0098_0192
274,2008-07-23,2008-07-23,46.58681,8.385033,2351.0,132,,,RGI60-11.01238,-878.4831890693544,5159249.532770809,98,192,0098_0192
274,2008-07-23,2008-07-23,46.586802,8.38507,2351.0,133,,,RGI60-11.01238,-875.6487597689327,5159248.643412871,98,192,0098_0192
274,2008-07-23,2008-07-23,46.586792,8.385106,2351.0,134,,,RGI60-11.01238,-872.8909714395658,5159247.531830707,98,193,0098_0193
274,2008-07-23,2008-07-23,46.586782,8.385143,2351.0,135,,,RGI60-11.01238,-870.0565723776131,5159246.4202387715,98,193,0098_0193
274,2008-07-23,2008-07-23,46.586771,8.385178,2351.0,136,,,RGI60-11.01238,-867.3754076883368,5159245.197551846,98,193,0098_0193
274,2008-07-23,2008-07-23,46.58676,8.385214,2351.0,136,,,RGI60-11.01238,-864.6176321647935,5159243.97485515,98,193,0098_0193
274,2008-07-23,2008-07-23,46.586748,8.385249,2351.0,137,,,RGI60-11.01238,-861.9364811407429,5159242.641052332,98,193,0098_0193
274,2008-07-23,2008-07-23,46.586735,8.385284,2351.0,137,,,RGI60-11.01238,-859.2553447343055,5159241.196132393,98,193,0098_0193
274,2008-07-23,2008-07-23,46.586723,8.385318,2351.0,138,,,RGI60-11.01238,-856.6508010956273,5159239.862342821,98,193,0098_0193
274,2008-07-23,2008-07-23,46.58671,8.385353,2351.0,138,,,RGI60-11.01238,-853.9696621925623,5159238.417425234,98,193,0098_0193
274,2008-07-23,2008-07-23,46.586697,8.385387,2351.0,139,,,RGI60-11.01238,-851.3651318457547,5159236.972519634,98,193,0098_0193
274,2008-07-23,2008-07-23,46.586684,8.385422,2351.0,140,,,RGI60-11.01238,-848.6839903969957,5159235.527604401,98,193,0098_0193
274,2008-07-23,2008-07-23,46.586672,8.385457,2351.0,141,,,RGI60-11.01238,-846.0028321088529,5159234.19380867,98,193,0098_0193
274,2008-07-23,2008-07-23,46.58666,8.385492,2351.0,142,,,RGI60-11.01238,-843.32167263739,5159232.860014133,98,193,0098_0193
274,2008-07-23,2008-07-23,46.586648,8.385527,2351.0,142,,,RGI60-11.01238,-840.6405119822422,5159231.526220788,98,193,0098_0193
274,2008-07-23,2008-07-23,46.586638,8.385563,2351.0,143,,,RGI60-11.01238,-837.8827094037996,5159230.414654633,98,193,0098_0193
274,2008-07-23,2008-07-23,46.586627,8.385599,2352.0,144,,,RGI60-11.01238,-835.1249211682414,5159229.191971427,98,193,0098_0193
274,2008-07-23,2008-07-23,46.586618,8.385636,2352.0,145,,,RGI60-11.01238,-832.2904912541692,5159228.19151555,99,193,0099_0193
274,2008-07-23,2008-07-23,46.58661,8.385673,2352.0,146,,,RGI60-11.01238,-829.4560451489182,5159227.302179314,99,193,0099_0193
274,2008-07-23,2008-07-23,46.586602,8.385711,2353.0,147,,,RGI60-11.01238,-826.5449882375858,5159226.412833929,99,193,0099_0193
274,2008-07-23,2008-07-23,46.586596,8.385749,2353.0,148,,,RGI60-11.01238,-823.6339001779294,5159225.745726566,99,193,0099_0193
274,2008-07-23,2008-07-23,46.586591,8.385787,2353.0,149,,,RGI60-11.01238,-820.7227963833163,5159225.1897389125,99,193,0099_0193
274,2008-07-23,2008-07-23,46.586586,8.385826,2353.0,150,,,RGI60-11.01238,-817.7350820589965,5159224.633742297,99,193,0099_0193
274,2008-07-23,2008-07-23,46.586584,8.385865,2354.0,150,,,RGI60-11.01238,-814.7473222374501,5159224.411102086,99,193,0099_0193
274,2008-07-23,2008-07-23,46.586582,8.385904,2354.0,151,,,RGI60-11.01238,-811.7595621963546,5159224.188463352,99,193,0099_0193
274,2008-07-23,2008-07-23,46.586581,8.385943,2354.0,152,,,RGI60-11.01238,-808.7717870627218,5159224.076944404,99,193,0099_0193
274,2008-07-23,2008-07-23,46.586582,8.385982,2354.0,152,,,RGI60-11.01238,-805.7839821837013,5159224.187663551,99,193,0099_0193
274,2008-07-23,2008-07-23,46.586582,8.386021,2354.0,152,,,RGI60-11.01238,-802.7961921775268,5159224.1872658655,99,193,0099_0193
274,2008-07-23,2008-07-23,46.586585,8.38606,2353.0,152,,,RGI60-11.01238,-799.8083580477049,5159224.520224585,99,193,0099_0193
274,2008-07-23,2008-07-23,46.586588,8.386099,2353.0,152,,,RGI60-11.01238,-796.8205242477623,5159224.853184782,99,193,0099_0193
274,2008-07-23,2008-07-23,46.586592,8.386138,2353.0,152,,,RGI60-11.01238,-793.8326761793003,5159225.297264768,99,193,0099_0193
274,2008-07-23,2008-07-23,46.586597,8.386176,2352.0,152,,,RGI60-11.01238,-790.9214239864801,5159225.852474563,99,193,0099_0193
274,2008-07-23,2008-07-23,46.586603,8.386214,2352.0,152,,,RGI60-11.01238,-788.0101578382538,5159226.518804072,99,193,0099_0193
274,2008-07-23,2008-07-23,46.586608,8.386253,2351.0,152,,,RGI60-11.01238,-785.0222968061258,5159227.074006723,99,193,0099_0193
274,2008-07-23,2008-07-23,46.586615,8.38629,2351.0,153,,,RGI60-11.01238,-782.1876274688251,5159227.851467301,99,193,0099_0193
274,2008-07-23,2008-07-23,46.586622,8.386328,2351.0,153,,,RGI60-11.01238,-779.2763489173763,5159228.62891933,99,193,0099_0193
274,2008-07-23,2008-07-23,46.586629,8.386366,2351.0,153,,,RGI60-11.01238,-776.3650711154975,5159229.406372762,99,193,0099_0193
274,2008-07-23,2008-07-23,46.586637,8.386404,2351.0,154,,,RGI60-11.01238,-773.4537798397622,5159230.29494591,99,193,0099_0193
274,2008-07-23,2008-07-23,46.586644,8.386441,2350.0,154,,,RGI60-11.01238,-770.6191135031938,5159231.072411919,99,193,0099_0193
274,2008-07-23,2008-07-23,46.586652,8.386479,2350.0,155,,,RGI60-11.01238,-767.7078238758049,5159231.960987835,99,193,0099_0193
274,2008-07-23,2008-07-23,46.586658,8.386517,2350.0,155,,,RGI60-11.01238,-764.7965632327962,5159232.627328534,100,193,0100_0193
274,2008-07-23,2008-07-23,46.586665,8.386555,2350.0,156,,,RGI60-11.01238,-761.8852892218316,5159233.404788948,100,193,0100_0193
274,2008-07-23,2008-07-23,46.586671,8.386593,2350.0,157,,,RGI60-11.01238,-758.974029917123,5159234.071132453,100,193,0100_0193
274,2008-07-23,2008-07-23,46.586676,8.386631,2350.0,157,,,RGI60-11.01238,-756.062785158316,5159234.626359051,100,193,0100_0193
274,2008-07-23,2008-07-23,46.586681,8.38667,2351.0,158,,,RGI60-11.01238,-753.0749310739468,5159235.181577506,100,193,0100_0193
274,2008-07-23,2008-07-23,46.586685,8.386708,2351.0,159,,,RGI60-11.01238,-750.1637011876185,5159235.625688638,100,193,0100_0193
274,2008-07-23,2008-07-23,46.586689,8.386747,2351.0,159,,,RGI60-11.01238,-747.1758618802971,5159236.069791697,100,193,0100_0193
274,2008-07-23,2008-07-23,46.586692,8.386786,2351.0,160,,,RGI60-11.01238,-744.1880366972898,5159236.402777923,100,193,0100_0193
274,2008-07-23,2008-07-23,46.586693,8.386825,2351.0,160,,,RGI60-11.01238,-741.2002391043504,5159236.513529006,100,193,0100_0193
274,2008-07-23,2008-07-23,46.586695,8.386864,2351.0,160,,,RGI60-11.01238,-738.2124280460058,5159236.735399877,100,193,0100_0193
274,2008-07-23,2008-07-23,46.586696,8.386903,2351.0,161,,,RGI60-11.01238,-735.2246307275003,5159236.846153914,100,193,0100_0193
274,2008-07-23,2008-07-23,46.586695,8.386942,2351.0,161,,,RGI60-11.01238,-732.2368604496352,5159236.734672805,100,193,0100_0193
274,2008-07-23,2008-07-23,46.586695,8.386982,2350.0,160,,,RGI60-11.01238,-729.1724668103832,5159236.73430224,100,193,0100_0193
274,2008-07-23,2008-07-23,46.586693,8.387021,2350.0,161,,,RGI60-11.01238,-726.1847097199693,5159236.511705814,100,193,0100_0193
274,2008-07-23,2008-07-23,46.586691,8.38706,2350.0,161,,,RGI60-11.01238,-723.1969524100078,5159236.289110864,100,193,0100_0193
274,2008-07-23,2008-07-23,46.586688,8.387099,2349.0,161,,,RGI60-11.01238,-720.2092081242157,5159235.955399083,100,193,0100_0193
274,2008-07-23,2008-07-23,46.586685,8.387137,2349.0,162,,,RGI60-11.01238,-717.298073363875,5159235.621697872,100,193,0100_0193
274,2008-07-23,2008-07-23,46.586681,8.387176,2348.0,162,,,RGI60-11.01238,-714.3103415584359,5159235.176870694,100,193,0100_0193
274,2008-07-23,2008-07-23,46.586677,8.387215,2348.0,162,,,RGI60-11.01238,-711.3226093136749,5159234.732044996,100,193,0100_0193
274,2008-07-23,2008-07-23,46.586672,8.387254,2348.0,162,,,RGI60-11.01238,-708.3348896548208,5159234.176102463,100,193,0100_0193
274,2008-07-23,2008-07-23,46.586667,8.387292,2347.0,163,,,RGI60-11.01238,-705.4237793270028,5159233.620170353,100,193,0100_0193
274,2008-07-23,2008-07-23,46.586663,8.387331,2347.0,163,,,RGI60-11.01238,-702.4360456592943,5159233.17534905,100,193,0100_0193
274,2008-07-23,2008-07-23,46.586658,8.387369,2347.0,163,,,RGI60-11.01238,-699.5249343072392,5159232.619419782,101,193,0101_0193
274,2008-07-23,2008-07-23,46.586653,8.387408,2347.0,163,,,RGI60-11.01238,-696.5372125197285,5159232.063483085,101,193,0101_0193
274,2008-07-23,2008-07-23,46.586649,8.387446,2346.0,164,,,RGI60-11.01238,-693.6260873346798,5159231.61867497,101,193,0101_0193
274,2008-07-23,2008-07-23,46.586644,8.387485,2346.0,164,,,RGI60-11.01238,-690.6383645103743,5159231.062741192,101,193,0101_0193
274,2008-07-23,2008-07-23,46.586641,8.387524,2346.0,165,,,RGI60-11.01238,-687.6506158457049,5159230.72904551,101,193,0101_0193
274,2008-07-23,2008-07-23,46.586638,8.387563,2346.0,165,,,RGI60-11.01238,-684.6628668514801,5159230.3953513075,101,193,0101_0193
274,2008-07-23,2008-07-23,46.586635,8.387601,2346.0,166,,,RGI60-11.01238,-681.7517274531529,5159230.061667225,101,193,0101_0193
274,2008-07-23,2008-07-23,46.586633,8.38764,2346.0,166,,,RGI60-11.01238,-678.7639653218896,5159229.839094247,101,193,0101_0193
274,2008-07-23,2008-07-23,46.586632,8.38768,2347.0,166,,,RGI60-11.01238,-675.6995806141873,5159229.727632491,101,193,0101_0193
274,2008-07-23,2008-07-23,46.586631,8.387719,2347.0,167,,,RGI60-11.01238,-672.7118057247305,5159229.616180816,101,193,0101_0193
274,2008-07-23,2008-07-23,46.586631,8.387758,2347.0,167,,,RGI60-11.01238,-669.7240184098184,5159229.615848931,101,193,0101_0193
274,2008-07-23,2008-07-23,46.586631,8.387797,2347.0,167,,,RGI60-11.01238,-666.7362310948897,5159229.615518521,101,193,0101_0193
274,2008-07-23,2008-07-23,46.586632,8.387836,2347.0,167,,,RGI60-11.01238,-663.7484315741555,5159229.7263079,101,193,0101_0193
274,2008-07-23,2008-07-23,46.586634,8.387875,2347.0,168,,,RGI60-11.01238,-660.7606200125659,5159229.948217063,101,193,0101_0193
274,2008-07-23,2008-07-23,46.586637,8.387914,2347.0,168,,,RGI60-11.01238,-657.7727965745834,5159230.281246017,101,193,0101_0193
274,2008-07-23,2008-07-23,46.586639,8.387953,2347.0,168,,,RGI60-11.01238,-654.7849855073239,5159230.503158136,101,193,0101_0193
274,2008-07-23,2008-07-23,46.586643,8.387992,2347.0,168,,,RGI60-11.01238,-651.797150687781,5159230.947308354,101,193,0101_0193
274,2008-07-23,2008-07-23,46.586647,8.388031,2347.0,169,,,RGI60-11.01238,-648.8093163077623,5159231.391460049,101,193,0101_0193
274,2008-07-23,2008-07-23,46.586651,8.388069,2347.0,168,,,RGI60-11.01238,-645.8980922703068,5159231.83562141,101,193,0101_0193
274,2008-07-23,2008-07-23,46.586656,8.388108,2347.0,168,,,RGI60-11.01238,-642.910246940979,5159232.390894332,101,193,0101_0193
274,2008-07-23,2008-07-23,46.586661,8.388146,2347.0,168,,,RGI60-11.01238,-639.9990120501333,5159232.9461768465,101,193,0101_0193
274,2008-07-23,2008-07-23,46.586666,8.388185,2346.0,168,,,RGI60-11.01238,-637.0111678127015,5159233.501452688,101,193,0101_0193
274,2008-07-23,2008-07-23,46.586671,8.388223,2346.0,167,,,RGI60-11.01238,-634.0999339994211,5159234.056738044,102,193,0102_0193
274,2008-07-23,2008-07-23,46.586676,8.388261,2346.0,167,,,RGI60-11.01238,-631.1887007215848,5159234.612024805,102,193,0102_0193
274,2008-07-23,2008-07-23,46.586682,8.3883,2346.0,166,,,RGI60-11.01238,-628.2008465661755,5159235.278423314,102,193,0102_0193
274,2008-07-23,2008-07-23,46.586687,8.388338,2346.0,166,,,RGI60-11.01238,-625.2896144195606,5159235.833712918,102,193,0102_0193
274,2008-07-23,2008-07-23,46.586693,8.388376,2346.0,165,,,RGI60-11.01238,-622.3783713630945,5159236.500122234,102,193,0102_0193
274,2008-07-23,2008-07-23,46.586698,8.388415,2346.0,165,,,RGI60-11.01238,-619.3905305038292,5159237.05540679,102,193,0102_0193
274,2008-07-23,2008-07-23,46.586703,8.388453,2346.0,164,,,RGI60-11.01238,-616.4793000236372,5159237.61070064,102,193,0102_0193
274,2008-07-23,2008-07-23,46.586707,8.388492,2346.0,163,,,RGI60-11.01238,-613.4914715379045,5159238.054869803,102,193,0102_0193
274,2008-07-23,2008-07-23,46.586712,8.38853,2346.0,162,,,RGI60-11.01238,-610.5802420818688,5159238.610166494,102,193,0102_0193
274,2008-07-23,2008-07-23,46.586716,8.388569,2346.0,161,,,RGI60-11.01238,-607.5924145243737,5159239.054338574,102,193,0102_0193
274,2008-07-23,2008-07-23,46.586719,8.388608,2346.0,160,,,RGI60-11.01238,-604.6045985246209,5159239.38739382,102,193,0102_0193
274,2008-07-23,2008-07-23,46.586722,8.388647,2346.0,159,,,RGI60-11.01238,-601.6167828543877,5159239.720450544,102,193,0102_0193
274,2008-07-23,2008-07-23,46.586725,8.388686,2346.0,158,,,RGI60-11.01238,-598.6289675140397,5159240.053508745,102,193,0102_0193
274,2008-07-23,2008-07-23,46.586727,8.388725,2346.0,157,,,RGI60-11.01238,-595.6411634564785,5159240.275450111,102,193,0102_0193
274,2008-07-23,2008-07-23,46.586728,8.388764,2346.0,156,,,RGI60-11.01238,-592.6533705173631,5159240.386274645,102,193,0102_0193
274,2008-07-23,2008-07-23,46.586729,8.388803,2346.0,154,,,RGI60-11.01238,-589.6655776879974,5159240.497100655,102,193,0102_0193
274,2008-07-23,2008-07-23,46.58673,8.388842,2345.0,153,,,RGI60-11.01238,-586.6777849683806,5159240.607928142,102,193,0102_0193
274,2008-07-23,2008-07-23,46.58673,8.388881,2345.0,151,,,RGI60-11.01238,-583.690003092496,5159240.607638795,102,193,0102_0193
274,2008-07-23,2008-07-23,46.58673,8.388921,2345.0,150,,,RGI60-11.01238,-580.6256114247226,5159240.607343563,102,193,0102_0193
274,2008-07-23,2008-07-23,46.586729,8.38896,2344.0,148,,,RGI60-11.01238,-577.637840170887,5159240.495938895,102,193,0102_0193
274,2008-07-23,2008-07-23,46.586727,8.388999,2344.0,146,,,RGI60-11.01238,-574.6500793747725,5159240.273417395,102,193,0102_0193
274,2008-07-23,2008-07-23,46.586726,8.389038,2344.0,144,,,RGI60-11.01238,-571.6623078463142,5159240.162015682,102,193,0102_0193
274,2008-07-23,2008-07-23,46.586724,8.389077,2343.0,143,,,RGI60-11.01238,-568.6745466654473,5159239.939497137,102,193,0102_0193
274,2008-07-23,2008-07-23,46.586721,8.389116,2343.0,141,,,RGI60-11.01238,-565.6867956673418,5159239.605861757,103,193,0103_0193
274,2008-07-23,2008-07-23,46.586719,8.389155,2342.0,139,,,RGI60-11.01238,-562.6990339918354,5159239.383346164,103,193,0103_0193
274,2008-07-23,2008-07-23,46.586716,8.389194,2342.0,137,,,RGI60-11.01238,-559.7112823894473,5159239.049713739,103,193,0103_0193
274,2008-07-23,2008-07-23,46.586713,8.389232,2341.0,135,,,RGI60-11.01238,-556.8001402728469,5159238.71608985,103,193,0103_0193
274,2008-07-23,2008-07-23,46.58671,8.389271,2340.0,133,,,RGI60-11.01238,-553.8123880152166,5159238.382460341,103,193,0103_0193
274,2008-07-23,2008-07-23,46.586707,8.38931,2340.0,130,,,RGI60-11.01238,-550.8246354279124,5159238.04883231,103,193,0103_0193
274,2008-07-23,2008-07-23,46.586704,8.389349,2340.0,127,,,RGI60-11.01238,-547.836882511057,5159237.715205757,103,193,0103_0193
274,2008-07-23,2008-07-23,46.586701,8.389388,2339.0,125,,,RGI60-11.01238,-544.8491292642846,5159237.381580681,103,193,0103_0193
274,2008-07-23,2008-07-23,46.586698,8.389427,2338.0,122,,,RGI60-11.01238,-541.8613756879607,5159237.047957082,103,193,0103_0193
274,2008-07-23,2008-07-23,46.586695,8.389466,2338.0,119,,,RGI60-11.01238,-538.8736217819637,5159236.714334962,103,193,0103_0193
274,2008-07-23,2008-07-23,46.586693,8.389505,2337.0,116,,,RGI60-11.01238,-535.8858576917717,5159236.49183263,103,193,0103_0193
274,2008-07-23,2008-07-23,46.586691,8.389544,2337.0,113,,,RGI60-11.01238,-532.8980933816717,5159236.269331775,103,193,0103_0193
274,2008-07-23,2008-07-23,46.586688,8.389583,2336.0,110,,,RGI60-11.01238,-529.9103385966649,5159235.9357140865,103,193,0103_0193
274,2008-07-23,2008-07-23,46.586687,8.389622,2336.0,108,,,RGI60-11.01238,-526.9225641024796,5159235.824334498,103,193,0103_0193
274,2008-07-23,2008-07-23,46.586685,8.389661,2336.0,105,,,RGI60-11.01238,-523.9347991331437,5159235.601838076,103,193,0103_0193
274,2008-07-23,2008-07-23,46.586684,8.3897,2335.0,103,,,RGI60-11.01238,-520.9470243642166,5159235.49046144,103,193,0103_0193
274,2008-07-23,2008-07-23,46.586683,8.389739,2335.0,100,,,RGI60-11.01238,-517.9592494852685,5159235.379086284,103,193,0103_0193
274,2008-07-23,2008-07-23,46.586683,8.389779,2334.0,98,,,RGI60-11.01238,-514.8948551687722,5159235.378824387,103,193,0103_0193
274,2008-07-23,2008-07-23,46.586683,8.389798,2334.0,96,,,RGI60-11.01238,-513.4392678683707,5159235.378700528,103,193,0103_0193
274,2008-07-23,2008-07-23,46.586682,8.389857,2334.0,95,,,RGI60-11.01238,-508.9192956101901,5159235.267199846,103,193,0103_0193
274,2008-07-23,2008-07-23,46.586683,8.389896,2333.0,95,,,RGI60-11.01238,-505.93150179276034,5159235.378067257,103,193,0103_0193
274,2008-07-23,2008-07-23,46.586683,8.389935,2333.0,94,,,RGI60-11.01238,-502.94371733406433,5159235.377817835,103,193,0103_0193
274,2008-07-23,2008-07-23,46.586684,8.389974,2333.0,94,,,RGI60-11.01238,-499.95592368156014,5159235.488688201,104,193,0104_0193
274,2008-07-23,2008-07-23,46.586684,8.390013,2332.0,93,,,RGI60-11.01238,-496.96813927778203,5159235.488441734,104,193,0104_0193
274,2008-07-23,2008-07-23,46.586685,8.390052,2332.0,93,,,RGI60-11.01238,-493.9803457900818,5159235.599315057,104,193,0104_0193
274,2008-07-23,2008-07-23,46.586686,8.390092,2332.0,93,,,RGI60-11.01238,-490.9159425586273,5159235.710183631,104,193,0104_0193
274,2008-07-23,2008-07-23,46.586698,8.390659,2327.0,43,,,RGI60-11.01238,-447.4780567696531,5159237.040230486,104,193,0104_0193
274,2008-07-23,2008-07-23,46.586698,8.390698,2326.0,41,,,RGI60-11.01238,-444.4902731347484,5159237.040009966,104,193,0104_0193
274,2008-07-23,2008-07-23,46.586698,8.390737,2326.0,40,,,RGI60-11.01238,-441.5024894999545,5159237.039790925,104,193,0104_0193
274,2008-07-23,2008-07-23,46.586696,8.390776,2326.0,39,,,RGI60-11.01238,-438.51472199303754,5159236.817336737,104,193,0104_0193
274,2008-07-23,2008-07-23,46.586695,8.390815,2326.0,38,,,RGI60-11.01238,-435.52694625733625,5159236.70600234,105,193,0105_0193
274,2008-07-23,2008-07-23,46.586694,8.390854,2326.0,38,,,RGI60-11.01238,-432.5391704118601,5159236.594669419,105,193,0105_0193
274,2008-07-23,2008-07-23,46.586691,8.390893,2326.0,37,,,RGI60-11.01238,-429.55141025447165,5159236.261101352,105,193,0105_0193
274,2008-07-23,2008-07-23,46.586689,8.390932,2326.0,36,,,RGI60-11.01238,-426.56364192336446,5159236.038653076,105,193,0105_0193
274,2008-07-23,2008-07-23,46.586686,8.390971,2326.0,35,,,RGI60-11.01238,-423.57588116170143,5159235.705087965,105,193,0105_0193
274,2008-07-23,2008-07-23,46.586682,8.39101,2326.0,35,,,RGI60-11.01238,-420.58812780465286,5159235.260406022,105,193,0105_0193
274,2008-07-23,2008-07-23,46.586678,8.391049,2326.0,34,,,RGI60-11.01238,-417.60037400804765,5159234.815725554,105,193,0105_0193
274,2008-07-23,2008-07-23,46.586674,8.391087,2326.0,33,,,RGI60-11.01238,-414.68922964242665,5159234.371051822,105,193,0105_0193
274,2008-07-23,2008-07-23,46.586669,8.391126,2326.0,33,,,RGI60-11.01238,-411.7014825432064,5159233.815255961,105,193,0105_0193
274,2008-07-23,2008-07-23,46.586663,8.391164,2326.0,32,,,RGI60-11.01238,-408.7903522966209,5159233.1483484525,105,193,0105_0193
274,2008-07-23,2008-07-23,46.586657,8.391202,2326.0,31,,,RGI60-11.01238,-405.8792214074893,5159232.481442345,105,193,0105_0193
274,2008-07-23,2008-07-23,46.58665,8.39124,2326.0,30,,,RGI60-11.01238,-402.9680972863124,5159231.703419331,105,193,0105_0193
274,2008-07-23,2008-07-23,46.586644,8.391278,2326.0,30,,,RGI60-11.01238,-400.05696505879735,5159231.03651603,105,193,0105_0193
274,2008-07-23,2008-07-23,46.586636,8.391315,2327.0,29,,,RGI60-11.01238,-397.2224567194311,5159230.147382549,105,193,0105_0193
274,2008-07-23,2008-07-23,46.586628,8.391353,2327.0,29,,,RGI60-11.01238,-394.3113376105735,5159229.258245398,105,193,0105_0193
274,2008-07-23,2008-07-23,46.58662,8.39139,2327.0,28,,,RGI60-11.01238,-391.47682759201325,5159228.369114615,105,193,0105_0193
274,2008-07-23,2008-07-23,46.586615,8.391409,2327.0,28,,,RGI60-11.01238,-390.0212744658934,5159227.81342894,105,193,0105_0193
274,2008-07-23,2008-07-23,46.587038,8.383932,2350.0,41,,,RGI60-11.01238,-962.8264086527151,5159274.880598072,97,192,0097_0192
274,2008-07-23,2008-07-23,46.587038,8.383971,2351.0,45,,,RGI60-11.01238,-959.8386437015182,5159274.880122734,97,192,0097_0192
274,2008-07-23,2008-07-23,46.587038,8.38401,2351.0,49,,,RGI60-11.01238,-956.8508787504188,5159274.879648872,97,192,0097_0192
274,2008-07-23,2008-07-23,46.587038,8.384049,2352.0,53,,,RGI60-11.01238,-953.8631137994172,5159274.879176487,97,192,0097_0192
274,2008-07-23,2008-07-23,46.587039,8.384089,2352.0,57,,,RGI60-11.01238,-950.7987220058317,5159274.989811843,97,192,0097_0192
274,2008-07-23,2008-07-23,46.587041,8.384128,2353.0,60,,,RGI60-11.01238,-947.810922250174,5159275.211579088,97,192,0097_0192
274,2008-07-23,2008-07-23,46.587043,8.384167,2353.0,64,,,RGI60-11.01238,-944.823122714265,5159275.433347811,97,192,0097_0192
274,2008-07-23,2008-07-23,46.587045,8.384206,2354.0,67,,,RGI60-11.01238,-941.8353233979828,5159275.655118009,97,192,0097_0192
274,2008-07-23,2008-07-23,46.587048,8.384245,2354.0,71,,,RGI60-11.01238,-938.8475070368062,5159275.988008003,97,192,0097_0192
274,2008-07-23,2008-07-23,46.587051,8.384284,2354.0,74,,,RGI60-11.01238,-935.8596910051418,5159276.320899475,97,192,0097_0192
274,2008-07-23,2008-07-23,46.587054,8.384323,2355.0,77,,,RGI60-11.01238,-932.8718753031112,5159276.653792425,97,192,0097_0192
274,2008-07-23,2008-07-23,46.587057,8.384361,2355.0,80,,,RGI60-11.01238,-929.9606692616115,5159276.986698641,97,192,0097_0192
274,2008-07-23,2008-07-23,46.58706,8.3844,2355.0,83,,,RGI60-11.01238,-926.9728542146237,5159277.319594508,97,192,0097_0192
274,2008-07-23,2008-07-23,46.587063,8.384439,2355.0,85,,,RGI60-11.01238,-923.9850394972701,5159277.652491852,97,192,0097_0192
274,2008-07-23,2008-07-23,46.587066,8.384478,2355.0,87,,,RGI60-11.01238,-920.9972251095513,5159277.985390673,97,192,0097_0192
274,2008-07-23,2008-07-23,46.58707,8.384517,2355.0,89,,,RGI60-11.01238,-918.0093941697681,5159278.429409291,97,192,0097_0192
274,2008-07-23,2008-07-23,46.587073,8.384556,2355.0,91,,,RGI60-11.01238,-915.0215804962611,5159278.762311067,97,192,0097_0192
274,2008-07-23,2008-07-23,46.587076,8.384595,2355.0,93,,,RGI60-11.01238,-912.0337671525107,5159279.095214322,97,192,0097_0192
274,2008-07-23,2008-07-23,46.587079,8.384634,2355.0,95,,,RGI60-11.01238,-909.0459541381513,5159279.428119053,97,192,0097_0192
274,2008-07-23,2008-07-23,46.587082,8.384672,2355.0,98,,,RGI60-11.01238,-906.13475074923,5159279.76103675,97,192,0097_0192
274,2008-07-23,2008-07-23,46.587084,8.384711,2355.0,100,,,RGI60-11.01238,-903.1469549985537,5159279.98282608,97,192,0097_0192
274,2008-07-23,2008-07-23,46.587087,8.38475,2355.0,102,,,RGI60-11.01238,-900.1591429139314,5159280.315735205,97,192,0097_0192
274,2008-07-23,2008-07-23,46.587089,8.384789,2355.0,103,,,RGI60-11.01238,-897.1713476576975,5159280.53752749,98,192,0098_0192
274,2008-07-23,2008-07-23,46.587092,8.384828,2355.0,104,,,RGI60-11.01238,-894.1835361774035,5159280.870439572,98,192,0098_0192
274,2008-07-23,2008-07-23,46.587093,8.384867,2355.0,106,,,RGI60-11.01238,-891.195757804114,5159280.981116493,98,192,0098_0192
274,2008-07-23,2008-07-23,46.587095,8.384906,2355.0,107,,,RGI60-11.01238,-888.2079632070089,5159281.20291321,98,192,0098_0192
274,2008-07-23,2008-07-23,46.587096,8.384946,2354.0,108,,,RGI60-11.01238,-885.1435758324296,5159281.313581863,98,192,0098_0192
274,2008-07-23,2008-07-23,46.587097,8.384985,2354.0,110,,,RGI60-11.01238,-882.1557978449626,5159281.424263254,98,192,0098_0192
274,2008-07-23,2008-07-23,46.587098,8.385024,2354.0,111,,,RGI60-11.01238,-879.1680199676046,5159281.534946122,98,192,0098_0192
274,2008-07-23,2008-07-23,46.587099,8.385063,2354.0,112,,,RGI60-11.01238,-876.1802421998666,5159281.64563047,98,192,0098_0192
274,2008-07-23,2008-07-23,46.587099,8.385102,2354.0,113,,,RGI60-11.01238,-873.1924805997934,5159281.645197973,98,192,0098_0192
274,2008-07-23,2008-07-23,46.587099,8.385141,2354.0,114,,,RGI60-11.01238,-870.2047189994547,5159281.644766955,98,192,0098_0192
274,2008-07-23,2008-07-23,46.587098,8.38518,2354.0,116,,,RGI60-11.01238,-867.2169733468861,5159281.5332190925,98,192,0098_0192
274,2008-07-23,2008-07-23,46.587098,8.385219,2354.0,117,,,RGI60-11.01238,-864.2292116918043,5159281.532791028,98,192,0098_0192
274,2008-07-23,2008-07-23,46.587097,8.385259,2354.0,119,,,RGI60-11.01238,-861.164856599682,5159281.421235205,98,192,0098_0192
274,2008-07-23,2008-07-23,46.587096,8.385298,2355.0,120,,,RGI60-11.01238,-858.1771106709214,5159281.309691815,98,192,0098_0192
274,2008-07-23,2008-07-23,46.587095,8.385337,2355.0,122,,,RGI60-11.01238,-855.1893646322521,5159281.198149901,98,192,0098_0192
274,2008-07-23,2008-07-23,46.587094,8.385376,2355.0,123,,,RGI60-11.01238,-852.201618483553,5159281.086609465,98,192,0098_0192
274,2008-07-23,2008-07-23,46.587092,8.385415,2355.0,125,,,RGI60-11.01238,-849.2138878417873,5159280.863952188,98,192,0098_0192
274,2008-07-23,2008-07-23,46.587091,8.385454,2355.0,126,,,RGI60-11.01238,-846.2261414184497,5159280.752414707,98,192,0098_0192
274,2008-07-23,2008-07-23,46.587089,8.385493,2355.0,128,,,RGI60-11.01238,-843.2384103919144,5159280.529760384,98,192,0098_0192
274,2008-07-23,2008-07-23,46.587087,8.385532,2355.0,129,,,RGI60-11.01238,-840.2506791455845,5159280.30710754,98,192,0098_0192
274,2008-07-23,2008-07-23,46.587085,8.385571,2356.0,130,,,RGI60-11.01238,-837.2629476793363,5159280.084456173,98,192,0098_0192
274,2008-07-23,2008-07-23,46.587083,8.38561,2356.0,132,,,RGI60-11.01238,-834.2752159935369,5159279.861806282,98,192,0098_0192
274,2008-07-23,2008-07-23,46.587081,8.385649,2356.0,133,,,RGI60-11.01238,-831.2874840876983,5159279.639157868,99,192,0099_0192
274,2008-07-23,2008-07-23,46.587079,8.385688,2355.0,134,,,RGI60-11.01238,-828.2997519623084,5159279.416510934,99,192,0099_0192
274,2008-07-23,2008-07-23,46.587077,8.385727,2355.0,135,,,RGI60-11.01238,-825.3120196170013,5159279.193865475,99,192,0099_0192
274,2008-07-23,2008-07-23,46.587075,8.385766,2355.0,135,,,RGI60-11.01238,-822.3242870517777,5159278.9712214945,99,192,0099_0192
274,2008-07-23,2008-07-23,46.587073,8.385805,2355.0,136,,,RGI60-11.01238,-819.3365542670023,5159278.748578993,99,192,0099_0192
274,2008-07-23,2008-07-23,46.587071,8.385844,2355.0,137,,,RGI60-11.01238,-816.3488212621884,5159278.525937967,99,192,0099_0192
274,2008-07-23,2008-07-23,46.587069,8.385884,2355.0,138,,,RGI60-11.01238,-813.284478723567,5159278.303288107,99,192,0099_0192
274,2008-07-23,2008-07-23,46.587067,8.385922,2355.0,139,,,RGI60-11.01238,-810.37335459342,5159278.080660347,99,192,0099_0192
274,2008-07-23,2008-07-23,46.587066,8.385962,2355.0,140,,,RGI60-11.01238,-807.3089967637193,5159277.969131835,99,192,0099_0192
274,2008-07-23,2008-07-23,46.587065,8.386001,2355.0,141,,,RGI60-11.01238,-804.3212481409421,5159277.857615076,99,192,0099_0192
274,2008-07-23,2008-07-23,46.587063,8.38604,2355.0,141,,,RGI60-11.01238,-801.3335141443464,5159277.634981474,99,192,0099_0192
274,2008-07-23,2008-07-23,46.587062,8.386079,2355.0,142,,,RGI60-11.01238,-798.3457652466898,5159277.523467668,99,192,0099_0192
274,2008-07-23,2008-07-23,46.587061,8.386118,2355.0,143,,,RGI60-11.01238,-795.3580162393699,5159277.411955341,99,192,0099_0192
274,2008-07-23,2008-07-23,46.58706,8.386157,2355.0,143,,,RGI60-11.01238,-792.3702671218998,5159277.30044449,99,192,0099_0192
274,2008-07-23,2008-07-23,46.58706,8.386196,2354.0,144,,,RGI60-11.01238,-789.3825033784524,5159277.300053435,99,192,0099_0192
274,2008-07-23,2008-07-23,46.58706,8.386235,2354.0,145,,,RGI60-11.01238,-786.3947396348634,5159277.299663858,99,192,0099_0192
274,2008-07-23,2008-07-23,46.587059,8.386275,2354.0,145,,,RGI60-11.01238,-783.3303809694548,5159277.188147507,99,192,0099_0192
274,2008-07-23,2008-07-23,46.587059,8.386314,2354.0,145,,,RGI60-11.01238,-780.3426171708828,5159277.18776092,99,192,0099_0192
274,2008-07-23,2008-07-23,46.587059,8.386353,2354.0,146,,,RGI60-11.01238,-777.3548533722912,5159277.187375814,99,192,0099_0192
274,2008-07-23,2008-07-23,46.58706,8.386392,2354.0,146,,,RGI60-11.01238,-774.3670753333697,5159277.298110501,99,192,0099_0192
274,2008-07-23,2008-07-23,46.58706,8.386431,2354.0,147,,,RGI60-11.01238,-771.3793115898048,5159277.297728348,99,192,0099_0192
274,2008-07-23,2008-07-23,46.58706,8.38647,2354.0,147,,,RGI60-11.01238,-768.3915478460988,5159277.297347671,99,192,0099_0192
274,2008-07-23,2008-07-23,46.587061,8.386509,2353.0,147,,,RGI60-11.01238,-765.4037700270147,5159277.40808679,100,192,0100_0192
274,2008-07-23,2008-07-23,46.587061,8.386549,2353.0,148,,,RGI60-11.01238,-762.3393970128002,5159277.407699403,100,192,0100_0192
274,2008-07-23,2008-07-23,46.587062,8.386588,2353.0,148,,,RGI60-11.01238,-759.3516193599162,5159277.518441516,100,192,0100_0192
274,2008-07-23,2008-07-23,46.587062,8.386627,2353.0,148,,,RGI60-11.01238,-756.3638557260201,5159277.518066786,100,192,0100_0192
274,2008-07-23,2008-07-23,46.587063,8.386666,2353.0,149,,,RGI60-11.01238,-753.3760782379279,5159277.628811854,100,192,0100_0192
274,2008-07-23,2008-07-23,46.587063,8.386705,2353.0,149,,,RGI60-11.01238,-750.3883146590593,5159277.628440079,100,192,0100_0192
274,2008-07-23,2008-07-23,46.587063,8.386744,2353.0,150,,,RGI60-11.01238,-747.4005510799283,5159277.628069783,100,192,0100_0192
274,2008-07-23,2008-07-23,46.587063,8.386764,2353.0,150,,,RGI60-11.01238,-745.8683646291784,5159277.62788046,100,192,0100_0192
274,2008-07-23,2008-07-23,46.587041,8.388578,2346.0,156,,,RGI60-11.01238,-606.8992990559301,5159275.167721557,102,192,0102_0192
274,2008-07-23,2008-07-23,46.587043,8.388617,2345.0,156,,,RGI60-11.01238,-603.9115120561621,5159275.389658846,102,192,0102_0192
274,2008-07-23,2008-07-23,46.587044,8.388656,2345.0,156,,,RGI60-11.01238,-600.9237363269272,5159275.500479293,102,192,0102_0192
274,2008-07-23,2008-07-23,46.587045,8.388695,2345.0,155,,,RGI60-11.01238,-597.9359607073202,5159275.611301217,102,192,0102_0192
274,2008-07-23,2008-07-23,46.587045,8.388734,2345.0,155,,,RGI60-11.01238,-594.9481961384741,5159275.611006303,102,192,0102_0192
274,2008-07-23,2008-07-23,46.587045,8.388774,2345.0,155,,,RGI60-11.01238,-591.8838222217561,5159275.610705361,102,192,0102_0192
274,2008-07-23,2008-07-23,46.587045,8.388813,2344.0,155,,,RGI60-11.01238,-588.8960576527583,5159275.610413436,102,192,0102_0192
274,2008-07-23,2008-07-23,46.587044,8.388852,2344.0,155,,,RGI60-11.01238,-585.9083038583963,5159275.499004672,102,192,0102_0192
274,2008-07-23,2008-07-23,46.587043,8.388891,2344.0,154,,,RGI60-11.01238,-582.9205499542543,5159275.387597387,102,192,0102_0192
274,2008-07-23,2008-07-23,46.587041,8.38893,2344.0,154,,,RGI60-11.01238,-579.9328066046087,5159275.16507326,102,192,0102_0192
274,2008-07-23,2008-07-23,46.587039,8.388969,2343.0,154,,,RGI60-11.01238,-576.9450630354186,5159274.94255061,102,192,0102_0192
274,2008-07-23,2008-07-23,46.587036,8.389008,2343.0,154,,,RGI60-11.01238,-573.95732980095,5159274.60891112,102,192,0102_0192
274,2008-07-23,2008-07-23,46.587033,8.389047,2343.0,153,,,RGI60-11.01238,-570.9695962369274,5159274.27527311,102,192,0102_0192
274,2008-07-23,2008-07-23,46.58703,8.389086,2343.0,153,,,RGI60-11.01238,-567.981862343229,5159273.9416365735,103,192,0103_0192
274,2008-07-23,2008-07-23,46.587026,8.389124,2343.0,153,,,RGI60-11.01238,-565.0707478844048,5159273.496890363,103,192,0103_0192
274,2008-07-23,2008-07-23,46.587022,8.389163,2342.0,153,,,RGI60-11.01238,-562.083023617147,5159273.052138427,103,192,0103_0192
274,2008-07-23,2008-07-23,46.587017,8.389202,2342.0,152,,,RGI60-11.01238,-559.0953091916464,5159272.496269653,103,192,0103_0192
274,2008-07-23,2008-07-23,46.587015,8.389241,2342.0,152,,,RGI60-11.01238,-556.1075635370768,5159272.273757308,103,192,0103_0192
274,2008-07-23,2008-07-23,46.587013,8.38926,2342.0,152,,,RGI60-11.01238,-554.6520055230529,5159272.051386887,103,192,0103_0192
274,2008-07-23,2008-07-23,46.586962,8.390255,2341.0,155,,,RGI60-11.01238,-478.42610817413316,5159266.377836586,104,192,0104_0192
274,2008-07-23,2008-07-23,46.586962,8.390294,2340.0,155,,,RGI60-11.01238,-475.438339044336,5159266.377600765,104,192,0104_0192
274,2008-07-23,2008-07-23,46.586962,8.390333,2340.0,155,,,RGI60-11.01238,-472.4505699147706,5159266.377366419,104,192,0104_0192
274,2008-07-23,2008-07-23,46.586961,8.390372,2340.0,155,,,RGI60-11.01238,-469.4628094182069,5159266.266015234,104,192,0104_0192
274,2008-07-23,2008-07-23,46.58696,8.390411,2340.0,155,,,RGI60-11.01238,-466.47504881162314,5159266.154665527,104,192,0104_0192
274,2008-07-23,2008-07-23,46.586958,8.39045,2339.0,155,,,RGI60-11.01238,-463.48729661863314,5159265.932198982,104,192,0104_0192
274,2008-07-23,2008-07-23,46.586956,8.390489,2339.0,155,,,RGI60-11.01238,-460.49954420561426,5159265.709733913,104,192,0104_0192
274,2008-07-23,2008-07-23,46.586953,8.390528,2339.0,155,,,RGI60-11.01238,-457.5117999864152,5159265.376152006,104,192,0104_0192
274,2008-07-23,2008-07-23,46.586951,8.390567,2338.0,154,,,RGI60-11.01238,-454.52404707888286,5159265.153689892,104,192,0104_0192
274,2008-07-23,2008-07-23,46.586947,8.390606,2338.0,154,,,RGI60-11.01238,-451.53631055863536,5159264.708992625,104,192,0104_0192
274,2008-07-23,2008-07-23,46.586943,8.390645,2338.0,154,,,RGI60-11.01238,-448.54857359895016,5159264.264296833,104,192,0104_0192
274,2008-07-23,2008-07-23,46.58694,8.390683,2338.0,153,,,RGI60-11.01238,-445.6374375017952,5159263.930726485,104,192,0104_0192
274,2008-07-23,2008-07-23,46.586935,8.390722,2337.0,153,,,RGI60-11.01238,-442.64970786350034,5159263.374915295,104,192,0104_0192
274,2008-07-23,2008-07-23,46.58693,8.39076,2337.0,153,,,RGI60-11.01238,-439.7385871856449,5159262.819111159,104,192,0104_0192
274,2008-07-23,2008-07-23,46.586925,8.390799,2337.0,152,,,RGI60-11.01238,-436.7508564556229,5159262.263302888,104,192,0104_0192
274,2008-07-23,2008-07-23,46.58692,8.390837,2337.0,152,,,RGI60-11.01238,-433.83973470000706,5159261.707501595,105,192,0105_0192
274,2008-07-23,2008-07-23,46.586915,8.390876,2337.0,151,,,RGI60-11.01238,-430.8520028780146,5159261.1516962405,105,192,0105_0192
274,2008-07-23,2008-07-23,46.58691,8.390914,2337.0,150,,,RGI60-11.01238,-427.9408800446392,5159260.59589779,105,192,0105_0192
274,2008-07-23,2008-07-23,46.586905,8.390953,2337.0,148,,,RGI60-11.01238,-424.95314713079847,5159260.040095354,105,192,0105_0192
274,2008-07-23,2008-07-23,46.586901,8.390991,2337.0,146,,,RGI60-11.01238,-422.0420154587065,5159259.595418061,105,192,0105_0192
274,2008-07-23,2008-07-23,46.586897,8.39103,2337.0,144,,,RGI60-11.01238,-419.0542738017048,5159259.150736858,105,192,0105_0192
274,2008-07-23,2008-07-23,46.586893,8.391069,2338.0,143,,,RGI60-11.01238,-416.0665317053888,5159258.706057132,105,192,0105_0192
274,2008-07-23,2008-07-23,46.586891,8.391108,2338.0,141,,,RGI60-11.01238,-413.0787739768961,5159258.483615514,105,192,0105_0192
274,2008-07-23,2008-07-23,46.586889,8.391147,2338.0,140,,,RGI60-11.01238,-410.0910160286196,5159258.261175373,105,192,0105_0192
274,2008-07-23,2008-07-23,46.586888,8.391186,2338.0,137,,,RGI60-11.01238,-407.1032503741979,5159258.149855025,105,192,0105_0192
274,2008-07-23,2008-07-23,46.586888,8.391225,2338.0,135,,,RGI60-11.01238,-404.11547717833935,5159258.1496544685,105,192,0105_0192
274,2008-07-23,2008-07-23,46.586889,8.391264,2338.0,134,,,RGI60-11.01238,-401.12769660623877,5159258.260573704,105,192,0105_0192
274,2008-07-23,2008-07-23,46.586892,8.391303,2338.0,133,,,RGI60-11.01238,-398.1399015007056,5159258.593731048,105,192,0105_0192
274,2008-07-23,2008-07-23,46.586896,8.391342,2337.0,131,,,RGI60-11.01238,-395.1520994584743,5159259.038008184,105,192,0105_0192
274,2008-07-23,2008-07-23,46.586902,8.39138,2337.0,130,,,RGI60-11.01238,-392.2408929816971,5159259.7045284,105,192,0105_0192
274,2008-07-23,2008-07-23,46.586909,8.391418,2336.0,128,,,RGI60-11.01238,-389.3296799879178,5159260.482168334,105,192,0105_0192
274,2008-07-23,2008-07-23,46.586918,8.391455,2336.0,126,,,RGI60-11.01238,-386.49506305830175,5159261.482051204,105,192,0105_0192
274,2008-07-23,2008-07-23,46.586928,8.391491,2335.0,123,,,RGI60-11.01238,-383.7370495246071,5159262.593058583,105,192,0105_0192
274,2008-07-23,2008-07-23,46.58694,8.391526,2334.0,120,,,RGI60-11.01238,-381.0556324889765,5159263.926308688,105,192,0105_0192
274,2008-07-23,2008-07-23,46.586953,8.391561,2334.0,117,,,RGI60-11.01238,-378.3742096788884,5159265.3706783,105,192,0105_0192
274,2008-07-23,2008-07-23,46.586967,8.391594,2334.0,115,,,RGI60-11.01238,-375.8460001575518,5159266.926176951,105,192,0105_0192
274,2008-07-23,2008-07-23,46.586981,8.391628,2334.0,112,,,RGI60-11.01238,-373.24118249975345,5159268.48167193,105,192,0105_0192
274,2008-07-23,2008-07-23,46.586995,8.391661,2334.0,110,,,RGI60-11.01238,-370.71297560166903,5159270.037172737,105,192,0105_0192
274,2008-07-23,2008-07-23,46.58701,8.391693,2334.0,107,,,RGI60-11.01238,-368.26137263165015,5159271.703797589,106,192,0106_0192
274,2008-07-23,2008-07-23,46.587025,8.391726,2334.0,104,,,RGI60-11.01238,-365.73316163799365,5159273.370418802,106,192,0106_0192
274,2008-07-23,2008-07-23,46.587039,8.391759,2334.0,102,,,RGI60-11.01238,-363.20495871815666,5159274.925922762,106,192,0106_0192
274,2008-07-23,2008-07-23,46.587053,8.391793,2334.0,99,,,RGI60-11.01238,-360.6001477634152,5159276.481423209,106,192,0106_0192
274,2008-07-23,2008-07-23,46.587067,8.391826,2334.0,97,,,RGI60-11.01238,-358.0719474667137,5159278.036929323,106,192,0106_0192
274,2008-07-23,2008-07-23,46.587653,8.38377,2362.0,36,,,RGI60-11.01238,-975.2260950960168,5159343.220357448,96,191,0096_0191
274,2008-07-23,2008-07-23,46.587653,8.383809,2362.0,38,,,RGI60-11.01238,-972.2383639353629,5159343.219875974,96,191,0096_0191
274,2008-07-23,2008-07-23,46.587651,8.383848,2362.0,39,,,RGI60-11.01238,-969.2506684232866,5159342.997159315,96,191,0096_0191
274,2008-07-23,2008-07-23,46.587648,8.383887,2362.0,41,,,RGI60-11.01238,-966.2629904610694,5159342.663325807,96,191,0096_0191
274,2008-07-23,2008-07-23,46.587644,8.383926,2362.0,43,,,RGI60-11.01238,-963.2753298833903,5159342.218375446,97,191,0097_0191
274,2008-07-23,2008-07-23,46.587639,8.383965,2362.0,45,,,RGI60-11.01238,-960.2876865259019,5159341.662308234,97,191,0097_0191
274,2008-07-23,2008-07-23,46.587634,8.384003,2362.0,47,,,RGI60-11.01238,-957.3766511368282,5159341.106254637,97,191,0097_0191
274,2008-07-23,2008-07-23,46.587629,8.384041,2362.0,50,,,RGI60-11.01238,-954.4656152124962,5159340.550202442,97,191,0097_0191
274,2008-07-23,2008-07-23,46.587623,8.384079,2362.0,52,,,RGI60-11.01238,-951.5545962515781,5159339.883033322,97,191,0097_0191
274,2008-07-23,2008-07-23,46.587617,8.384118,2362.0,55,,,RGI60-11.01238,-948.5669681061256,5159339.215853578,97,191,0097_0191
274,2008-07-23,2008-07-23,46.587611,8.384156,2362.0,56,,,RGI60-11.01238,-945.6559478519687,5159338.548687302,97,191,0097_0191
274,2008-07-23,2008-07-23,46.587605,8.384194,2362.0,58,,,RGI60-11.01238,-942.7449269552366,5159337.881522428,97,191,0097_0191
274,2008-07-23,2008-07-23,46.587599,8.384232,2363.0,60,,,RGI60-11.01238,-939.8339054161733,5159337.214358957,97,191,0097_0191
274,2008-07-23,2008-07-23,46.587594,8.384271,2363.0,62,,,RGI60-11.01238,-936.8462574303472,5159336.658303341,97,191,0097_0191
274,2008-07-23,2008-07-23,46.58759,8.384309,2363.0,65,,,RGI60-11.01238,-933.935200301704,5159336.213379371,97,191,0097_0191
274,2008-07-23,2008-07-23,46.587586,8.384348,2363.0,68,,,RGI60-11.01238,-930.9475341589962,5159335.768444999,97,191,0097_0191
274,2008-07-23,2008-07-23,46.587583,8.384387,2363.0,71,,,RGI60-11.01238,-927.9598505117206,5159335.434630434,97,191,0097_0191
274,2008-07-23,2008-07-23,46.587581,8.384426,2364.0,74,,,RGI60-11.01238,-924.9721495247119,5159335.211935675,97,191,0097_0191
274,2008-07-23,2008-07-23,46.587579,8.384465,2364.0,78,,,RGI60-11.01238,-921.9844483177814,5159334.989242393,97,191,0097_0191
274,2008-07-23,2008-07-23,46.587579,8.384504,2365.0,81,,,RGI60-11.01238,-918.9967130909823,5159334.988787245,97,191,0097_0191
274,2008-07-23,2008-07-23,46.587578,8.384543,2365.0,84,,,RGI60-11.01238,-916.0089947091292,5159334.877215246,97,191,0097_0191
274,2008-07-23,2008-07-23,46.587578,8.384582,2365.0,87,,,RGI60-11.01238,-913.0212594273405,5159334.876763052,97,191,0097_0191
274,2008-07-23,2008-07-23,46.587579,8.384622,2366.0,90,,,RGI60-11.01238,-909.9568988144589,5159334.9874191275,97,191,0097_0191
274,2008-07-23,2008-07-23,46.587578,8.384661,2366.0,92,,,RGI60-11.01238,-906.9691802664187,5159334.875851599,97,191,0097_0191
274,2008-07-23,2008-07-23,46.587578,8.3847,2366.0,95,,,RGI60-11.01238,-903.9814449844396,5159334.8754038755,97,191,0097_0191
274,2008-07-23,2008-07-23,46.587577,8.384739,2367.0,98,,,RGI60-11.01238,-900.9937262715222,5159334.7638393,97,191,0097_0191
274,2008-07-23,2008-07-23,46.587575,8.384778,2367.0,102,,,RGI60-11.01238,-898.0060239628348,5159334.541157876,98,191,0098_0191
274,2008-07-23,2008-07-23,46.587572,8.384817,2367.0,105,,,RGI60-11.01238,-895.018337893544,5159334.207359599,98,191,0098_0191
274,2008-07-23,2008-07-23,46.587569,8.384856,2368.0,108,,,RGI60-11.01238,-892.0306514945654,5159333.873562803,98,191,0098_0191
274,2008-07-23,2008-07-23,46.587564,8.384894,2368.0,111,,,RGI60-11.01238,-889.1196060812707,5159333.3175420975,98,191,0098_0191
274,2008-07-23,2008-07-23,46.587559,8.384933,2368.0,113,,,RGI60-11.01238,-886.1319515086717,5159332.761511559,98,191,0098_0191
274,2008-07-23,2008-07-23,46.587553,8.384971,2368.0,116,,,RGI60-11.01238,-883.2209212598095,5159332.094375371,98,191,0098_0191
274,2008-07-23,2008-07-23,46.587547,8.385009,2368.0,118,,,RGI60-11.01238,-880.3098903683746,5159331.427240585,98,191,0098_0191
274,2008-07-23,2008-07-23,46.58754,8.385047,2368.0,119,,,RGI60-11.01238,-877.3988749697712,5159330.648988873,98,191,0098_0191
274,2008-07-23,2008-07-23,46.587533,8.385084,2367.0,121,,,RGI60-11.01238,-874.5644674818358,5159329.870749653,98,191,0098_0191
274,2008-07-23,2008-07-23,46.587525,8.385122,2367.0,122,,,RGI60-11.01238,-871.6534666235414,5159328.981382385,98,191,0098_0191
274,2008-07-23,2008-07-23,46.587517,8.38516,2367.0,123,,,RGI60-11.01238,-868.7424649085276,5159328.092016521,98,191,0098_0191
274,2008-07-23,2008-07-23,46.58751,8.385197,2367.0,125,,,RGI60-11.01238,-865.908055107459,5159327.313781367,98,191,0098_0191
274,2008-07-23,2008-07-23,46.587503,8.385235,2367.0,126,,,RGI60-11.01238,-862.9970358737683,5159326.535536598,98,191,0098_0191
274,2008-07-23,2008-07-23,46.587496,8.385273,2367.0,127,,,RGI60-11.01238,-860.0860158906761,5159325.757293236,98,191,0098_0191
274,2008-07-23,2008-07-23,46.587489,8.385311,2366.0,127,,,RGI60-11.01238,-857.1749951579407,5159324.979051275,98,191,0098_0191
274,2008-07-23,2008-07-23,46.587483,8.385349,2366.0,128,,,RGI60-11.01238,-854.2639579661222,5159324.311929045,98,191,0098_0191
274,2008-07-23,2008-07-23,46.587477,8.385387,2366.0,128,,,RGI60-11.01238,-851.3529201317335,5159323.64480822,98,191,0098_0191
274,2008-07-23,2008-07-23,46.587473,8.385426,2365.0,129,,,RGI60-11.01238,-848.3652417048295,5159323.199914691,98,191,0098_0191
274,2008-07-23,2008-07-23,46.587469,8.385464,2365.0,130,,,RGI60-11.01238,-845.4541715888341,5159322.75503336,98,191,0098_0191
274,2008-07-23,2008-07-23,46.587466,8.385503,2365.0,130,,,RGI60-11.01238,-842.4664767958179,5159322.421261075,98,191,0098_0191
274,2008-07-23,2008-07-23,46.587464,8.385542,2364.0,131,,,RGI60-11.01238,-839.478766235218,5159322.198608596,98,191,0098_0191
274,2008-07-23,2008-07-23,46.587463,8.385581,2364.0,131,,,RGI60-11.01238,-836.4910400718675,5159322.087075918,98,191,0098_0191
274,2008-07-23,2008-07-23,46.587464,8.385621,2364.0,132,,,RGI60-11.01238,-833.4266743854241,5159322.197770803,98,191,0098_0191
274,2008-07-23,2008-07-23,46.587464,8.38566,2364.0,132,,,RGI60-11.01238,-830.438932839321,5159322.197359445,99,191,0099_0191
274,2008-07-23,2008-07-23,46.587467,8.385699,2363.0,132,,,RGI60-11.01238,-827.4511456432973,5159322.530304541,99,191,0099_0191
274,2008-07-23,2008-07-23,46.58747,8.385737,2363.0,133,,,RGI60-11.01238,-824.5399675262349,5159322.863261569,99,191,0099_0191
274,2008-07-23,2008-07-23,46.587475,8.385776,2363.0,135,,,RGI60-11.01238,-821.5521507691533,5159323.418446235,99,191,0099_0191
274,2008-07-23,2008-07-23,46.587481,8.385814,2363.0,137,,,RGI60-11.01238,-818.6409282420127,5159324.084761085,99,191,0099_0191
274,2008-07-23,2008-07-23,46.587487,8.385852,2363.0,138,,,RGI60-11.01238,-815.7297063571402,5159324.751077338,99,191,0099_0191
274,2008-07-23,2008-07-23,46.587494,8.38589,2363.0,139,,,RGI60-11.01238,-812.8184701672643,5159325.528513321,99,191,0099_0191
274,2008-07-23,2008-07-23,46.587502,8.385928,2364.0,140,,,RGI60-11.01238,-809.9072198327406,5159326.417069034,99,191,0099_0191
274,2008-07-23,2008-07-23,46.587511,8.385965,2364.0,141,,,RGI60-11.01238,-807.0725642057323,5159327.41675471,99,191,0099_0191
274,2008-07-23,2008-07-23,46.587519,8.386002,2364.0,141,,,RGI60-11.01238,-804.2379243068133,5159328.305323388,99,191,0099_0191
274,2008-07-23,2008-07-23,46.587528,8.386039,2364.0,142,,,RGI60-11.01238,-801.4032705040237,5159329.305011726,99,191,0099_0191
274,2008-07-23,2008-07-23,46.587537,8.386076,2365.0,143,,,RGI60-11.01238,-798.5686176397105,5159330.304701395,99,191,0099_0191
274,2008-07-23,2008-07-23,46.587546,8.386113,2365.0,143,,,RGI60-11.01238,-795.7339657133864,5159331.304392397,99,191,0099_0191
274,2008-07-23,2008-07-23,46.587554,8.38615,2365.0,144,,,RGI60-11.01238,-792.8993293066575,5159332.1929664,99,191,0099_0191
274,2008-07-23,2008-07-23,46.587562,8.386187,2365.0,144,,,RGI60-11.01238,-790.0646937339136,5159333.081541736,99,191,0099_0191
274,2008-07-23,2008-07-23,46.587569,8.386225,2365.0,144,,,RGI60-11.01238,-787.1534648625343,5159333.858990093,99,191,0099_0191
274,2008-07-23,2008-07-23,46.587576,8.386263,2365.0,144,,,RGI60-11.01238,-784.2422367404922,5159334.636439853,99,191,0099_0191
274,2008-07-23,2008-07-23,46.587581,8.386301,2365.0,144,,,RGI60-11.01238,-781.3310381050624,5159335.191654361,99,191,0099_0191
274,2008-07-23,2008-07-23,46.587585,8.38634,2364.0,145,,,RGI60-11.01238,-778.3432457326222,5159335.635742075,99,191,0099_0191
274,2008-07-23,2008-07-23,46.58759,8.386379,2364.0,146,,,RGI60-11.01238,-775.3554395413238,5159336.1909495955,99,191,0099_0191
274,2008-07-23,2008-07-23,46.587592,8.386418,2364.0,147,,,RGI60-11.01238,-772.3676765102541,5159336.412803607,99,191,0099_0191
274,2008-07-23,2008-07-23,46.587594,8.386457,2364.0,148,,,RGI60-11.01238,-769.3799136991829,5159336.634659097,99,191,0099_0191
274,2008-07-23,2008-07-23,46.587594,8.386496,2364.0,148,,,RGI60-11.01238,-766.392179295343,5159336.634279406,99,191,0099_0191
274,2008-07-23,2008-07-23,46.587594,8.386535,2363.0,148,,,RGI60-11.01238,-763.4044448913621,5159336.633901193,100,191,0100_0191
274,2008-07-23,2008-07-23,46.587594,8.386574,2363.0,148,,,RGI60-11.01238,-760.4167104876058,5159336.633524455,100,191,0100_0191
274,2008-07-23,2008-07-23,46.587592,8.386613,2363.0,148,,,RGI60-11.01238,-757.429003941521,5159336.410912539,100,191,0100_0191
274,2008-07-23,2008-07-23,46.58759,8.386652,2362.0,148,,,RGI60-11.01238,-754.4412971758845,5159336.188302102,100,191,0100_0191
274,2008-07-23,2008-07-23,46.587587,8.386691,2362.0,148,,,RGI60-11.01238,-751.4536040092876,5159335.85457481,100,191,0100_0191
274,2008-07-23,2008-07-23,46.587583,8.38673,2362.0,148,,,RGI60-11.01238,-748.4659242772616,5159335.40973067,100,191,0100_0191
274,2008-07-23,2008-07-23,46.587579,8.386769,2361.0,148,,,RGI60-11.01238,-745.4782441057845,5159334.964888006,100,191,0100_0191
274,2008-07-23,2008-07-23,46.587575,8.386807,2361.0,148,,,RGI60-11.01238,-742.5671720957794,5159334.520056236,100,191,0100_0191
274,2008-07-23,2008-07-23,46.58757,8.386846,2361.0,147,,,RGI60-11.01238,-739.5795046513783,5159333.964098162,100,191,0100_0191
274,2008-07-23,2008-07-23,46.587565,8.386884,2360.0,148,,,RGI60-11.01238,-736.6684452727702,5159333.408150906,100,191,0100_0191
274,2008-07-23,2008-07-23,46.58756,8.386923,2360.0,148,,,RGI60-11.01238,-733.680776736611,5159332.852195751,100,191,0100_0191
274,2008-07-23,2008-07-23,46.587555,8.386961,2360.0,148,,,RGI60-11.01238,-730.7697162802127,5159332.296251336,100,191,0100_0191
274,2008-07-23,2008-07-23,46.58755,8.386999,2359.0,148,,,RGI60-11.01238,-727.8586552885636,5159331.740308327,100,191,0100_0191
274,2008-07-23,2008-07-23,46.587545,8.387038,2359.0,148,,,RGI60-11.01238,-724.8709851178643,5159331.184357527,100,191,0100_0191
274,2008-07-23,2008-07-23,46.58754,8.387076,2359.0,149,,,RGI60-11.01238,-721.9599230483033,5159330.628417359,100,191,0100_0191
274,2008-07-23,2008-07-23,46.587535,8.387115,2359.0,149,,,RGI60-11.01238,-718.972251785969,5159330.072469479,100,191,0100_0191
274,2008-07-23,2008-07-23,46.587531,8.387154,2359.0,149,,,RGI60-11.01238,-715.9845668071463,5159329.627641403,100,191,0100_0191
274,2008-07-23,2008-07-23,46.587526,8.387192,2358.0,150,,,RGI60-11.01238,-713.0735031710375,5159329.071705516,100,191,0100_0191
274,2008-07-23,2008-07-23,46.587523,8.387231,2358.0,149,,,RGI60-11.01238,-710.0858042055813,5159328.737998687,100,191,0100_0191
274,2008-07-23,2008-07-23,46.58752,8.38727,2358.0,149,,,RGI60-11.01238,-707.0981049105645,5159328.404293334,100,191,0100_0191
274,2008-07-23,2008-07-23,46.587517,8.387309,2358.0,149,,,RGI60-11.01238,-704.110405285622,5159328.070589458,100,191,0100_0191
274,2008-07-23,2008-07-23,46.587515,8.387348,2357.0,149,,,RGI60-11.01238,-701.122692437649,5159327.848005387,100,191,0100_0191
274,2008-07-23,2008-07-23,46.587513,8.387387,2357.0,148,,,RGI60-11.01238,-698.1349793698828,5159327.625422793,101,191,0101_0191
274,2008-07-23,2008-07-23,46.587511,8.387426,2357.0,148,,,RGI60-11.01238,-695.1472660823229,5159327.402841677,101,191,0101_0191
274,2008-07-23,2008-07-23,46.587511,8.387465,2356.0,148,,,RGI60-11.01238,-692.1595271175723,5159327.402498691,101,191,0101_0191
274,2008-07-23,2008-07-23,46.58751,8.387504,2356.0,147,,,RGI60-11.01238,-689.1718008267427,5159327.291038858,101,191,0101_0191
274,2008-07-23,2008-07-23,46.587509,8.387543,2356.0,147,,,RGI60-11.01238,-686.1840744257644,5159327.1795805,101,191,0101_0191
274,2008-07-23,2008-07-23,46.58751,8.387582,2355.0,146,,,RGI60-11.01238,-683.1963227875119,5159327.290360274,101,191,0101_0191
274,2008-07-23,2008-07-23,46.58751,8.387645,2356.0,141,,,RGI60-11.01238,-678.3699751404286,5159327.289816502,101,191,0101_0191
274,2008-07-23,2008-07-23,46.587511,8.387684,2356.0,142,,,RGI60-11.01238,-675.3822237005306,5159327.400600138,101,191,0101_0191
274,2008-07-23,2008-07-23,46.587512,8.387723,2356.0,142,,,RGI60-11.01238,-672.3944723707469,5159327.511385253,101,191,0101_0191
274,2008-07-23,2008-07-23,46.587513,8.387762,2356.0,142,,,RGI60-11.01238,-669.4067211505902,5159327.622171845,101,191,0101_0191
274,2008-07-23,2008-07-23,46.587514,8.387801,2356.0,143,,,RGI60-11.01238,-666.4189700404258,5159327.732959915,101,191,0101_0191
274,2008-07-23,2008-07-23,46.587516,8.38784,2356.0,143,,,RGI60-11.01238,-663.4312068397988,5159327.9548677895,101,191,0101_0191
274,2008-07-23,2008-07-23,46.587517,8.387879,2356.0,144,,,RGI60-11.01238,-660.4434560043193,5159328.065658813,101,191,0101_0191
274,2008-07-23,2008-07-23,46.587519,8.387918,2356.0,144,,,RGI60-11.01238,-657.4556931882643,5159328.287569642,101,191,0101_0191
274,2008-07-23,2008-07-23,46.587521,8.387957,2355.0,144,,,RGI60-11.01238,-654.4679305919668,5159328.509481949,101,191,0101_0191
274,2008-07-23,2008-07-23,46.587523,8.387996,2355.0,144,,,RGI60-11.01238,-651.4801682154275,5159328.731395733,101,191,0101_0191
274,2008-07-23,2008-07-23,46.587524,8.388035,2355.0,144,,,RGI60-11.01238,-648.4924179842627,5159328.842192666,101,191,0101_0191
274,2008-07-23,2008-07-23,46.587526,8.388075,2355.0,144,,,RGI60-11.01238,-645.4280473219616,5159329.064101221,101,191,0101_0191
274,2008-07-23,2008-07-23,46.587527,8.388114,2355.0,145,,,RGI60-11.01238,-642.4402973670127,5159329.174901148,101,191,0101_0191
274,2008-07-23,2008-07-23,46.587528,8.388153,2355.0,146,,,RGI60-11.01238,-639.4525475216918,5159329.285702551,101,191,0101_0191
274,2008-07-23,2008-07-23,46.58753,8.388192,2354.0,147,,,RGI60-11.01238,-636.4647860819307,5159329.50762376,101,191,0101_0191
274,2008-07-23,2008-07-23,46.58753,8.388231,2354.0,147,,,RGI60-11.01238,-633.4770481610298,5159329.507309791,102,191,0102_0191
274,2008-07-23,2008-07-23,46.587531,8.38827,2354.0,147,,,RGI60-11.01238,-630.4892986453231,5159329.618115627,102,191,0102_0191
274,2008-07-23,2008-07-23,46.587532,8.388309,2354.0,147,,,RGI60-11.01238,-627.501549239732,5159329.728922941,102,191,0102_0191
274,2008-07-23,2008-07-23,46.587532,8.388348,2354.0,147,,,RGI60-11.01238,-624.5138114284277,5159329.728613404,102,191,0102_0191
274,2008-07-23,2008-07-23,46.587532,8.388388,2354.0,147,,,RGI60-11.01238,-621.4494649553448,5159329.728297465,102,191,0102_0191
274,2008-07-23,2008-07-23,46.587532,8.388427,2354.0,147,,,RGI60-11.01238,-618.4617271442526,5159329.727990921,102,191,0102_0191
274,2008-07-23,2008-07-23,46.587531,8.388466,2354.0,146,,,RGI60-11.01238,-615.474000651442,5159329.616567525,102,191,0102_0191
274,2008-07-23,2008-07-23,46.58753,8.388505,2353.0,146,,,RGI60-11.01238,-612.4862740486066,5159329.505145608,102,191,0102_0191
274,2008-07-23,2008-07-23,46.587529,8.388544,2353.0,146,,,RGI60-11.01238,-609.4985473361114,5159329.393725169,102,191,0102_0191
274,2008-07-23,2008-07-23,46.587528,8.388583,2353.0,146,,,RGI60-11.01238,-606.5108205134701,5159329.282306205,102,191,0102_0191
274,2008-07-23,2008-07-23,46.587527,8.388622,2353.0,146,,,RGI60-11.01238,-603.5230935811694,5159329.170888721,102,191,0102_0191
274,2008-07-23,2008-07-23,46.587525,8.388661,2353.0,146,,,RGI60-11.01238,-600.5353775824208,5159328.948354386,102,191,0102_0191
274,2008-07-23,2008-07-23,46.587523,8.3887,2353.0,146,,,RGI60-11.01238,-597.5476613640031,5159328.725821527,102,191,0102_0191
274,2008-07-23,2008-07-23,46.58752,8.388739,2352.0,146,,,RGI60-11.01238,-594.5599558597268,5159328.39217182,102,191,0102_0191
274,2008-07-23,2008-07-23,46.587518,8.388778,2352.0,146,,,RGI60-11.01238,-591.5722391466617,5159328.169641918,102,191,0102_0191
274,2008-07-23,2008-07-23,46.587515,8.388817,2352.0,146,,,RGI60-11.01238,-588.5845330379717,5159327.835995165,102,191,0102_0191
274,2008-07-23,2008-07-23,46.587512,8.388856,2352.0,146,,,RGI60-11.01238,-585.5968265993592,5159327.502349888,102,191,0102_0191
274,2008-07-23,2008-07-23,46.587509,8.388895,2351.0,146,,,RGI60-11.01238,-582.6091198311893,5159327.168706091,102,191,0102_0191
274,2008-07-23,2008-07-23,46.587506,8.388934,2351.0,146,,,RGI60-11.01238,-579.6214127333411,5159326.835063771,102,191,0102_0191
274,2008-07-23,2008-07-23,46.587503,8.388973,2351.0,146,,,RGI60-11.01238,-576.633705305814,5159326.501422929,102,191,0102_0191
274,2008-07-23,2008-07-23,46.587499,8.389012,2350.0,146,,,RGI60-11.01238,-573.6460080979307,5159326.056665237,102,191,0102_0191
274,2008-07-23,2008-07-23,46.587496,8.38905,2350.0,146,,,RGI60-11.01238,-570.7349086685895,5159325.723034586,102,191,0102_0191
274,2008-07-23,2008-07-23,46.587492,8.389089,2350.0,147,,,RGI60-11.01238,-567.7472106420302,5159325.27827981,103,191,0103_0191
274,2008-07-23,2008-07-23,46.587489,8.389128,2350.0,148,,,RGI60-11.01238,-564.7595017901278,5159324.9446448395,103,191,0103_0191
274,2008-07-23,2008-07-23,46.587485,8.389167,2349.0,148,,,RGI60-11.01238,-561.7718029392574,5159324.499893021,103,191,0103_0191
274,2008-07-23,2008-07-23,46.587482,8.389206,2349.0,148,,,RGI60-11.01238,-558.7840933731763,5159324.166261005,103,191,0103_0191
274,2008-07-23,2008-07-23,46.587478,8.389244,2349.0,149,,,RGI60-11.01238,-555.8730024360866,5159323.721519188,103,191,0103_0191
274,2008-07-23,2008-07-23,46.587475,8.389283,2348.0,149,,,RGI60-11.01238,-552.8852921598109,5159323.387890089,103,191,0103_0191
274,2008-07-23,2008-07-23,46.587472,8.389322,2348.0,149,,,RGI60-11.01238,-549.8975815538575,5159323.0542624695,103,191,0103_0191
274,2008-07-23,2008-07-23,46.587469,8.389361,2348.0,150,,,RGI60-11.01238,-546.9098706182265,5159322.720636326,103,191,0103_0191
274,2008-07-23,2008-07-23,46.587466,8.3894,2348.0,150,,,RGI60-11.01238,-543.922159352918,5159322.387011661,103,191,0103_0191
274,2008-07-23,2008-07-23,46.587463,8.389439,2347.0,149,,,RGI60-11.01238,-540.934447757932,5159322.053388473,103,191,0103_0191
274,2008-07-23,2008-07-23,46.587461,8.389478,2347.0,149,,,RGI60-11.01238,-537.9467259405826,5159321.830885087,103,191,0103_0191
274,2008-07-23,2008-07-23,46.587459,8.389517,2347.0,148,,,RGI60-11.01238,-534.9590039034441,5159321.608383181,103,191,0103_0191
274,2008-07-23,2008-07-23,46.587457,8.389556,2347.0,148,,,RGI60-11.01238,-531.9712816463953,5159321.385882749,103,191,0103_0191
274,2008-07-23,2008-07-23,46.587456,8.389595,2347.0,147,,,RGI60-11.01238,-528.9835494419464,5159321.274502125,103,191,0103_0191
274,2008-07-23,2008-07-23,46.587455,8.389634,2347.0,146,,,RGI60-11.01238,-525.9958171274753,5159321.163122973,103,191,0103_0191
274,2008-07-23,2008-07-23,46.587454,8.389673,2347.0,146,,,RGI60-11.01238,-523.0080847031033,5159321.051745302,103,191,0103_0191
274,2008-07-23,2008-07-23,46.587454,8.389713,2347.0,146,,,RGI60-11.01238,-519.9437338340227,5159321.051480841,103,191,0103_0191
274,2008-07-23,2008-07-23,46.587454,8.389752,2346.0,146,,,RGI60-11.01238,-516.9559917367142,5159321.051224488,103,191,0103_0191
274,2008-07-23,2008-07-23,46.587453,8.389791,2346.0,146,,,RGI60-11.01238,-513.9682590911192,5159320.939851285,103,191,0103_0191
274,2008-07-23,2008-07-23,46.587454,8.38983,2346.0,147,,,RGI60-11.01238,-510.980507542058,5159321.050716213,103,191,0103_0191
274,2008-07-23,2008-07-23,46.587455,8.389869,2346.0,147,,,RGI60-11.01238,-507.99275610299327,5159321.161582618,103,191,0103_0191
274,2008-07-23,2008-07-23,46.587455,8.389908,2346.0,148,,,RGI60-11.01238,-505.00501406045504,5159321.161332173,103,191,0103_0191
274,2008-07-23,2008-07-23,46.587456,8.389947,2345.0,149,,,RGI60-11.01238,-502.01726278607396,5159321.272201534,104,191,0104_0191
274,2008-07-23,2008-07-23,46.587458,8.389986,2345.0,150,,,RGI60-11.01238,-499.02950244455917,5159321.494190695,104,191,0104_0191
274,2008-07-23,2008-07-23,46.587459,8.390025,2345.0,151,,,RGI60-11.01238,-496.04175144487147,5159321.605063009,104,191,0104_0191
274,2008-07-23,2008-07-23,46.587461,8.390064,2345.0,152,,,RGI60-11.01238,-493.0539914878149,5159321.827055126,104,191,0104_0191
274,2008-07-23,2008-07-23,46.587463,8.390104,2345.0,151,,,RGI60-11.01238,-489.98962299177674,5159322.049042509,104,191,0104_0191
274,2008-07-23,2008-07-23,46.587465,8.390143,2344.0,151,,,RGI60-11.01238,-487.00186347706153,5159322.27103762,104,191,0104_0191
274,2008-07-23,2008-07-23,46.587466,8.390182,2344.0,150,,,RGI60-11.01238,-484.01411308323475,5159322.38191588,104,191,0104_0191
274,2008-07-23,2008-07-23,46.587468,8.390221,2344.0,148,,,RGI60-11.01238,-481.0263539531004,5159322.603913944,104,191,0104_0191
274,2008-07-23,2008-07-23,46.58747,8.39026,2343.0,147,,,RGI60-11.01238,-478.0385950428503,5159322.825913486,104,191,0104_0191
274,2008-07-23,2008-07-23,46.587472,8.390299,2343.0,146,,,RGI60-11.01238,-475.0508363523625,5159323.047914506,104,191,0104_0191
274,2008-07-23,2008-07-23,46.587474,8.390338,2343.0,145,,,RGI60-11.01238,-472.06307788163707,5159323.269917003,104,191,0104_0191
274,2008-07-23,2008-07-23,46.587476,8.390377,2343.0,143,,,RGI60-11.01238,-469.07531963067436,5159323.491920977,104,191,0104_0191
274,2008-07-23,2008-07-23,46.587478,8.390416,2342.0,143,,,RGI60-11.01238,-466.08756159947416,5159323.713926429,104,191,0104_0191
274,2008-07-23,2008-07-23,46.58748,8.390455,2342.0,143,,,RGI60-11.01238,-463.09980378803664,5159323.935933359,104,191,0104_0191
274,2008-07-23,2008-07-23,46.587482,8.390494,2342.0,143,,,RGI60-11.01238,-460.11204619636186,5159324.157941765,104,191,0104_0191
274,2008-07-23,2008-07-23,46.587484,8.390533,2341.0,143,,,RGI60-11.01238,-457.1242888244502,5159324.37995165,104,191,0104_0191
274,2008-07-23,2008-07-23,46.587485,8.390572,2341.0,142,,,RGI60-11.01238,-454.13654002374943,5159324.490844684,104,191,0104_0191
274,2008-07-23,2008-07-23,46.587487,8.390611,2341.0,142,,,RGI60-11.01238,-451.14878303642024,5159324.712857523,104,191,0104_0191
274,2008-07-23,2008-07-23,46.587489,8.39065,2341.0,141,,,RGI60-11.01238,-448.16102626873237,5159324.934871839,104,191,0104_0191
274,2008-07-23,2008-07-23,46.58749,8.390689,2340.0,140,,,RGI60-11.01238,-445.173277907669,5159325.045769307,104,191,0104_0191
274,2008-07-23,2008-07-23,46.587492,8.390728,2340.0,139,,,RGI60-11.01238,-442.1855215246859,5159325.267786576,104,191,0104_0191
274,2008-07-23,2008-07-23,46.587494,8.390767,2340.0,137,,,RGI60-11.01238,-439.1977653614663,5159325.489805324,104,191,0104_0191
274,2008-07-23,2008-07-23,46.587495,8.390807,2339.0,135,,,RGI60-11.01238,-436.13340872576487,5159325.600701693,105,191,0105_0191
274,2008-07-23,2008-07-23,46.587496,8.390846,2339.0,134,,,RGI60-11.01238,-433.1456609153808,5159325.711605108,105,191,0105_0191
274,2008-07-23,2008-07-23,46.587498,8.390885,2339.0,132,,,RGI60-11.01238,-430.1579053043822,5159325.933628325,105,191,0105_0191
274,2008-07-23,2008-07-23,46.587499,8.390924,2339.0,129,,,RGI60-11.01238,-427.17015776869493,5159326.044534694,105,191,0105_0191
274,2008-07-23,2008-07-23,46.5875,8.390963,2338.0,125,,,RGI60-11.01238,-424.18241034300627,5159326.155442541,105,191,0105_0191
274,2008-07-23,2008-07-23,46.587501,8.391002,2338.0,121,,,RGI60-11.01238,-421.19466302695054,5159326.266351865,105,191,0105_0191
274,2008-07-23,2008-07-23,46.587502,8.391041,2338.0,116,,,RGI60-11.01238,-418.2069158208935,5159326.377262666,105,191,0105_0191
274,2008-07-23,2008-07-23,46.587503,8.39108,2338.0,114,,,RGI60-11.01238,-415.2191687247136,5159326.488174944,105,191,0105_0191
274,2008-07-23,2008-07-23,46.587504,8.391119,2337.0,112,,,RGI60-11.01238,-412.2314217384106,5159326.5990887,105,191,0105_0191
274,2008-07-23,2008-07-23,46.587504,8.391159,2337.0,110,,,RGI60-11.01238,-409.1670736865149,5159326.598880419,105,191,0105_0191
274,2008-07-23,2008-07-23,46.587505,8.391198,2337.0,108,,,RGI60-11.01238,-406.17932686655297,5159326.709797166,105,191,0105_0191
274,2008-07-23,2008-07-23,46.587505,8.391237,2337.0,106,,,RGI60-11.01238,-403.19158757081385,5159326.709597065,105,191,0105_0191
274,2008-07-23,2008-07-23,46.587506,8.391276,2337.0,104,,,RGI60-11.01238,-400.2038409156629,5159326.820516766,105,191,0105_0191
274,2008-07-23,2008-07-23,46.587506,8.391315,2337.0,102,,,RGI60-11.01238,-397.21610167484766,5159326.820319619,105,191,0105_0191
274,2008-07-23,2008-07-23,46.587507,8.391354,2337.0,100,,,RGI60-11.01238,-394.22835518438603,5159326.931242279,105,191,0105_0191
274,2008-07-23,2008-07-23,46.587507,8.391393,2336.0,98,,,RGI60-11.01238,-391.24061599861653,5159326.931048086,105,191,0105_0191
274,2008-07-23,2008-07-23,46.587508,8.391433,2336.0,95,,,RGI60-11.01238,-388.1762609773663,5159327.041968776,105,191,0105_0191
274,2008-07-23,2008-07-23,46.587509,8.391472,2336.0,93,,,RGI60-11.01238,-385.1885147628807,5159327.152895903,105,191,0105_0191
274,2008-07-23,2008-07-23,46.58751,8.391511,2336.0,92,,,RGI60-11.01238,-382.2007686585163,5159327.2638245085,105,191,0105_0191
274,2008-07-23,2008-07-23,46.587511,8.39155,2336.0,91,,,RGI60-11.01238,-379.2130226637864,5159327.374754591,105,191,0105_0191
274,2008-07-23,2008-07-23,46.587513,8.391589,2335.0,90,,,RGI60-11.01238,-376.2252698604904,5159327.596804476,105,191,0105_0191
274,2008-07-23,2008-07-23,46.587514,8.391628,2335.0,89,,,RGI60-11.01238,-373.23752414046,5159327.707737513,105,191,0105_0191
274,2008-07-23,2008-07-23,46.587516,8.391667,2335.0,88,,,RGI60-11.01238,-370.2497717217508,5159327.929790354,106,191,0106_0191
274,2008-07-23,2008-07-23,46.587518,8.391706,2335.0,87,,,RGI60-11.01238,-367.2620195226853,5159328.151844674,106,191,0106_0191
274,2008-07-23,2008-07-23,46.587521,8.391745,2335.0,87,,,RGI60-11.01238,-364.27426084435,5159328.485018796,106,191,0106_0191
274,2008-07-23,2008-07-23,46.587524,8.391784,2335.0,85,,,RGI60-11.01238,-361.28650249591084,5159328.818194397,106,191,0106_0191
274,2008-07-23,2008-07-23,46.587527,8.391823,2334.0,84,,,RGI60-11.01238,-358.29874447688053,5159329.151371475,106,191,0106_0191
274,2008-07-23,2008-07-23,46.58753,8.391862,2334.0,82,,,RGI60-11.01238,-355.31098678774674,5159329.484550031,106,191,0106_0191
274,2008-07-23,2008-07-23,46.587534,8.3919,2334.0,79,,,RGI60-11.01238,-352.3998316079778,5159329.928852859,106,191,0106_0191
274,2008-07-23,2008-07-23,46.587538,8.391939,2334.0,76,,,RGI60-11.01238,-349.41206820301807,5159330.373152661,106,191,0106_0191
274,2008-07-23,2008-07-23,46.587633,8.392321,2330.0,31,,,RGI60-11.01238,-320.1470032962904,5159340.927772466,106,191,0106_0191
274,2008-07-23,2008-07-23,46.58802,8.383605,2370.0,32,,,RGI60-11.01238,-987.8598289590313,5159384.002839115,96,190,0096_0190
274,2008-07-23,2008-07-23,46.588018,8.383644,2370.0,33,,,RGI60-11.01238,-984.8721541865731,5159383.780114718,96,190,0096_0190
274,2008-07-23,2008-07-23,46.588017,8.383683,2370.0,34,,,RGI60-11.01238,-981.8844611376294,5159383.668510134,96,190,0096_0190
274,2008-07-23,2008-07-23,46.588017,8.383722,2370.0,36,,,RGI60-11.01238,-978.8967499765457,5159383.668025363,96,190,0096_0190
274,2008-07-23,2008-07-23,46.588016,8.383761,2371.0,38,,,RGI60-11.01238,-975.909056762598,5159383.556423736,96,190,0096_0190
274,2008-07-23,2008-07-23,46.588017,8.383801,2371.0,40,,,RGI60-11.01238,-972.8447196761244,5159383.667047922,96,190,0096_0190
274,2008-07-23,2008-07-23,46.588018,8.38384,2371.0,44,,,RGI60-11.01238,-969.8569906793482,5159383.777685959,96,190,0096_0190
274,2008-07-23,2008-07-23,46.588018,8.383879,2372.0,47,,,RGI60-11.01238,-966.8692795732333,5159383.777207135,96,190,0096_0190
274,2008-07-23,2008-07-23,46.58802,8.383918,2372.0,49,,,RGI60-11.01238,-963.8815330153878,5159383.998966465,97,190,0097_0190
274,2008-07-23,2008-07-23,46.588021,8.383957,2373.0,51,,,RGI60-11.01238,-960.8938043480817,5159384.109608934,97,190,0097_0190
274,2008-07-23,2008-07-23,46.588022,8.383996,2373.0,53,,,RGI60-11.01238,-957.9060757908832,5159384.220252881,97,190,0097_0190
274,2008-07-23,2008-07-23,46.588023,8.384035,2373.0,55,,,RGI60-11.01238,-954.918347343306,5159384.3308983045,97,190,0097_0190
274,2008-07-23,2008-07-23,46.588025,8.384074,2373.0,56,,,RGI60-11.01238,-951.9306014997585,5159384.552663543,97,190,0097_0190
274,2008-07-23,2008-07-23,46.588026,8.384113,2373.0,57,,,RGI60-11.01238,-948.9428733269752,5159384.663311921,97,190,0097_0190
274,2008-07-23,2008-07-23,46.588027,8.384153,2373.0,59,,,RGI60-11.01238,-945.8785372995925,5159384.773949783,97,190,0097_0190
274,2008-07-23,2008-07-23,46.588027,8.384192,2373.0,60,,,RGI60-11.01238,-942.8908266877835,5159384.773482817,97,190,0097_0190
274,2008-07-23,2008-07-23,46.588028,8.384231,2373.0,61,,,RGI60-11.01238,-939.9030987910587,5159384.884135666,97,190,0097_0190
274,2008-07-23,2008-07-23,46.588028,8.38427,2372.0,61,,,RGI60-11.01238,-936.9153882340254,5159384.883671653,97,190,0097_0190
274,2008-07-23,2008-07-23,46.588027,8.384309,2372.0,62,,,RGI60-11.01238,-933.9276948522165,5159384.772090782,97,190,0097_0190
274,2008-07-23,2008-07-23,46.588026,8.384348,2372.0,64,,,RGI60-11.01238,-930.9400013603738,5159384.660511389,97,190,0097_0190
274,2008-07-23,2008-07-23,46.588025,8.384387,2373.0,66,,,RGI60-11.01238,-927.9523077586192,5159384.548933473,97,190,0097_0190
274,2008-07-23,2008-07-23,46.588023,8.384426,2373.0,68,,,RGI60-11.01238,-924.9646310571233,5159384.326238696,97,190,0097_0190
274,2008-07-23,2008-07-23,46.588021,8.384465,2373.0,70,,,RGI60-11.01238,-921.9769541357043,5159384.1035453975,97,190,0097_0190
274,2008-07-23,2008-07-23,46.588018,8.384504,2373.0,72,,,RGI60-11.01238,-918.9892938950086,5159383.769735239,97,190,0097_0190
274,2008-07-23,2008-07-23,46.588016,8.384543,2374.0,74,,,RGI60-11.01238,-916.0016164790426,5159383.5470448965,97,190,0097_0190
274,2008-07-23,2008-07-23,46.588013,8.384582,2373.0,76,,,RGI60-11.01238,-913.0139556339103,5159383.213237693,97,190,0097_0190
274,2008-07-23,2008-07-23,46.588009,8.384621,2373.0,77,,,RGI60-11.01238,-910.0263111944112,5159382.76831363,97,190,0097_0190
274,2008-07-23,2008-07-23,46.588006,8.38466,2373.0,79,,,RGI60-11.01238,-907.0386496347085,5159382.434509383,97,190,0097_0190
274,2008-07-23,2008-07-23,46.588002,8.384699,2372.0,81,,,RGI60-11.01238,-904.0510043711148,5159381.989588276,97,190,0097_0190
274,2008-07-23,2008-07-23,46.587998,8.384737,2372.0,84,,,RGI60-11.01238,-901.1399666730256,5159381.54468007,97,190,0097_0190
274,2008-07-23,2008-07-23,46.587994,8.384776,2372.0,86,,,RGI60-11.01238,-898.1523205357843,5159381.09976188,98,190,0098_0190
274,2008-07-23,2008-07-23,46.58799,8.384815,2373.0,90,,,RGI60-11.01238,-895.1646739589626,5159380.654845169,98,190,0098_0190
274,2008-07-23,2008-07-23,46.587986,8.384853,2373.0,92,,,RGI60-11.01238,-892.2536349647972,5159380.209941246,98,190,0098_0190
274,2008-07-23,2008-07-23,46.587982,8.384892,2373.0,95,,,RGI60-11.01238,-889.265987514329,5159379.76502745,98,190,0098_0190
274,2008-07-23,2008-07-23,46.587978,8.384931,2373.0,98,,,RGI60-11.01238,-886.2783396244025,5159379.320115133,98,191,0098_0191
274,2008-07-23,2008-07-23,46.587975,8.38497,2374.0,100,,,RGI60-11.01238,-883.2906750512623,5159378.98632263,98,191,0098_0191
274,2008-07-23,2008-07-23,46.587971,8.385009,2374.0,102,,,RGI60-11.01238,-880.3030263369991,5159378.541413267,98,191,0098_0191
274,2008-07-23,2008-07-23,46.587968,8.385047,2374.0,104,,,RGI60-11.01238,-877.391969097011,5159378.207634842,98,191,0098_0191
274,2008-07-23,2008-07-23,46.587965,8.385086,2374.0,104,,,RGI60-11.01238,-874.4043034839625,5159377.873846733,98,191,0098_0191
274,2008-07-23,2008-07-23,46.587962,8.385125,2374.0,105,,,RGI60-11.01238,-871.4166375411025,5159377.540060102,98,191,0098_0191
274,2008-07-23,2008-07-23,46.58796,8.385164,2374.0,105,,,RGI60-11.01238,-868.4289552983574,5159377.317393284,98,191,0098_0191
274,2008-07-23,2008-07-23,46.587958,8.385203,2373.0,106,,,RGI60-11.01238,-865.4412728355695,5159377.094727943,98,191,0098_0191
274,2008-07-23,2008-07-23,46.587956,8.385242,2374.0,107,,,RGI60-11.01238,-862.4535901532252,5159376.87206408,98,191,0098_0191
274,2008-07-23,2008-07-23,46.587954,8.385281,2374.0,109,,,RGI60-11.01238,-859.4659072508387,5159376.649401693,98,191,0098_0191
274,2008-07-23,2008-07-23,46.587954,8.38532,2375.0,111,,,RGI60-11.01238,-856.478192627574,5159376.648977456,98,191,0098_0191
274,2008-07-23,2008-07-23,46.587953,8.38536,2375.0,113,,,RGI60-11.01238,-853.4138856311479,5159376.537425539,98,191,0098_0191
274,2008-07-23,2008-07-23,46.587953,8.385399,2375.0,115,,,RGI60-11.01238,-850.4261709527739,5159376.537004295,98,191,0098_0191
274,2008-07-23,2008-07-23,46.587953,8.385438,2375.0,117,,,RGI60-11.01238,-847.438456274379,5159376.536584527,98,191,0098_0191
274,2008-07-23,2008-07-23,46.587954,8.385477,2375.0,118,,,RGI60-11.01238,-844.4507260664869,5159376.647284572,98,191,0098_0191
274,2008-07-23,2008-07-23,46.587955,8.385516,2376.0,121,,,RGI60-11.01238,-841.46299596834,5159376.757986096,98,191,0098_0191
274,2008-07-23,2008-07-23,46.587956,8.385555,2376.0,124,,,RGI60-11.01238,-838.4752659803039,5159376.868689096,98,191,0098_0191
274,2008-07-23,2008-07-23,46.587958,8.385594,2376.0,127,,,RGI60-11.01238,-835.4875207373688,5159377.090511908,98,191,0098_0191
274,2008-07-23,2008-07-23,46.58796,8.385633,2376.0,130,,,RGI60-11.01238,-832.4997757141884,5159377.312336199,98,191,0098_0191
274,2008-07-23,2008-07-23,46.587962,8.385672,2376.0,131,,,RGI60-11.01238,-829.5120309107632,5159377.534161966,99,191,0099_0191
274,2008-07-23,2008-07-23,46.587965,8.385711,2376.0,132,,,RGI60-11.01238,-826.5242711271572,5159377.867107548,99,191,0099_0191
274,2008-07-23,2008-07-23,46.587968,8.38575,2375.0,133,,,RGI60-11.01238,-823.5365116734374,5159378.2000546055,99,191,0099_0191
274,2008-07-23,2008-07-23,46.587971,8.385789,2375.0,135,,,RGI60-11.01238,-820.5487525491155,5159378.533003142,99,191,0099_0191
274,2008-07-23,2008-07-23,46.587974,8.385828,2375.0,137,,,RGI60-11.01238,-817.5609937546805,5159378.865953157,99,191,0099_0191
274,2008-07-23,2008-07-23,46.587978,8.385867,2375.0,138,,,RGI60-11.01238,-814.5732203097255,5159379.310022985,99,191,0099_0191
274,2008-07-23,2008-07-23,46.587982,8.385905,2374.0,139,,,RGI60-11.01238,-811.6620553321865,5159379.754104578,99,190,0099_0190
274,2008-07-23,2008-07-23,46.587985,8.385944,2374.0,141,,,RGI60-11.01238,-808.6742976320963,5159380.087058987,99,190,0099_0190
274,2008-07-23,2008-07-23,46.587989,8.385983,2374.0,141,,,RGI60-11.01238,-805.686525445151,5159380.531133208,99,190,0099_0190
274,2008-07-23,2008-07-23,46.587993,8.386022,2374.0,142,,,RGI60-11.01238,-802.6987536977359,5159380.975208908,99,190,0099_0190
274,2008-07-23,2008-07-23,46.587997,8.386061,2374.0,142,,,RGI60-11.01238,-799.7109823898498,5159381.419286085,99,190,0099_0190
274,2008-07-23,2008-07-23,46.588,8.386099,2374.0,142,,,RGI60-11.01238,-796.7998341758139,5159381.752256507,99,190,0099_0190
274,2008-07-23,2008-07-23,46.588004,8.386138,2373.0,143,,,RGI60-11.01238,-793.812063686288,5159382.196336601,99,190,0099_0190
274,2008-07-23,2008-07-23,46.588007,8.386177,2373.0,143,,,RGI60-11.01238,-790.8243081797251,5159382.529299837,99,190,0099_0190
274,2008-07-23,2008-07-23,46.58801,8.386216,2373.0,143,,,RGI60-11.01238,-787.8365530029278,5159382.862264549,99,190,0099_0190
274,2008-07-23,2008-07-23,46.588012,8.386255,2373.0,143,,,RGI60-11.01238,-784.8488125889543,5159383.084112404,99,190,0099_0190
274,2008-07-23,2008-07-23,46.588015,8.386294,2373.0,142,,,RGI60-11.01238,-781.8610580165005,5159383.417080071,99,190,0099_0190
274,2008-07-23,2008-07-23,46.588017,8.386333,2372.0,142,,,RGI60-11.01238,-778.8733180969836,5159383.6389308795,99,190,0099_0190
274,2008-07-23,2008-07-23,46.588019,8.386372,2372.0,142,,,RGI60-11.01238,-775.8855783973447,5159383.860783167,99,190,0099_0190
274,2008-07-23,2008-07-23,46.58802,8.386411,2372.0,142,,,RGI60-11.01238,-772.8978531311121,5159383.971518593,99,190,0099_0190
274,2008-07-23,2008-07-23,46.588021,8.38645,2372.0,141,,,RGI60-11.01238,-769.9101279747484,5159384.082255497,99,190,0099_0190
274,2008-07-23,2008-07-23,46.588021,8.386489,2371.0,141,,,RGI60-11.01238,-766.9224170321363,5159384.081875542,99,190,0099_0190
274,2008-07-23,2008-07-23,46.588021,8.386528,2371.0,142,,,RGI60-11.01238,-763.9347060892617,5159384.081497063,100,190,0100_0190
274,2008-07-23,2008-07-23,46.588021,8.386568,2371.0,142,,,RGI60-11.01238,-760.8703871735382,5159384.081110415,100,190,0100_0190
274,2008-07-23,2008-07-23,46.58802,8.386607,2371.0,142,,,RGI60-11.01238,-757.8826901683879,5159383.969616593,100,190,0100_0190
274,2008-07-23,2008-07-23,46.588018,8.386646,2370.0,142,,,RGI60-11.01238,-754.895006935661,5159383.74700591,100,190,0100_0190
274,2008-07-23,2008-07-23,46.588017,8.386685,2370.0,143,,,RGI60-11.01238,-751.9073096556291,5159383.635515041,100,190,0100_0190
274,2008-07-23,2008-07-23,46.588014,8.386724,2370.0,144,,,RGI60-11.01238,-748.9196398111823,5159383.301788977,100,190,0100_0190
274,2008-07-23,2008-07-23,46.588011,8.386763,2369.0,145,,,RGI60-11.01238,-745.9319696368058,5159382.968064391,100,190,0100_0190
274,2008-07-23,2008-07-23,46.588009,8.386802,2369.0,145,,,RGI60-11.01238,-742.9442854701915,5159382.745459617,100,190,0100_0190
274,2008-07-23,2008-07-23,46.588005,8.38684,2369.0,145,,,RGI60-11.01238,-740.0332362947341,5159382.300629032,100,190,0100_0190
274,2008-07-23,2008-07-23,46.588001,8.386879,2368.0,145,,,RGI60-11.01238,-737.0455786899628,5159381.855790502,100,190,0100_0190
274,2008-07-23,2008-07-23,46.587997,8.386918,2368.0,145,,,RGI60-11.01238,-734.0579206456156,5159381.410953451,100,190,0100_0190
274,2008-07-23,2008-07-23,46.587993,8.386956,2368.0,145,,,RGI60-11.01238,-731.1468701739747,5159380.966127147,100,190,0100_0190
274,2008-07-23,2008-07-23,46.587988,8.386995,2368.0,146,,,RGI60-11.01238,-728.1592246469994,5159380.410174678,100,190,0100_0190
274,2008-07-23,2008-07-23,46.587983,8.387034,2367.0,146,,,RGI60-11.01238,-725.171578570559,5159379.854223684,100,190,0100_0190
274,2008-07-23,2008-07-23,46.587979,8.387072,2367.0,146,,,RGI60-11.01238,-722.2605266957838,5159379.409401662,100,191,0100_0191
274,2008-07-23,2008-07-23,46.587974,8.387111,2367.0,146,,,RGI60-11.01238,-719.2728795822803,5159378.853453588,100,191,0100_0191
274,2008-07-23,2008-07-23,46.58797,8.387149,2367.0,145,,,RGI60-11.01238,-716.3618267917263,5159378.408634409,100,191,0100_0191
274,2008-07-23,2008-07-23,46.587965,8.387188,2367.0,145,,,RGI60-11.01238,-713.3741786414037,5159377.852689252,100,191,0100_0191
274,2008-07-23,2008-07-23,46.587961,8.387227,2366.0,145,,,RGI60-11.01238,-710.3865168775823,5159377.407863909,100,191,0100_0191
274,2008-07-23,2008-07-23,46.587957,8.387265,2366.0,145,,,RGI60-11.01238,-707.4754627373106,5159376.963049013,100,191,0100_0191
274,2008-07-23,2008-07-23,46.587957,8.388825,2357.0,137,,,RGI60-11.01238,-587.9668843421879,5159376.950237986,102,191,0102_0191
274,2008-07-23,2008-07-23,46.587952,8.388863,2357.0,137,,,RGI60-11.01238,-585.05583174099,5159376.394363733,102,191,0102_0191
274,2008-07-23,2008-07-23,46.587945,8.388901,2357.0,137,,,RGI60-11.01238,-582.1448000158591,5159375.616254212,102,191,0102_0191
274,2008-07-23,2008-07-23,46.587939,8.388939,2357.0,137,,,RGI60-11.01238,-579.2337568889673,5159374.949264431,102,191,0102_0191
274,2008-07-23,2008-07-23,46.587932,8.388977,2356.0,137,,,RGI60-11.01238,-576.3227237183384,5159374.171157719,102,191,0102_0191
274,2008-07-23,2008-07-23,46.587924,8.389015,2356.0,136,,,RGI60-11.01238,-573.4117003431189,5159373.281934074,102,191,0102_0191
274,2008-07-23,2008-07-23,46.587917,8.389052,2356.0,136,,,RGI60-11.01238,-570.5772737394163,5159372.503837401,102,191,0102_0191
274,2008-07-23,2008-07-23,46.587908,8.38909,2355.0,136,,,RGI60-11.01238,-567.6662591552091,5159371.503498192,103,191,0103_0191
274,2008-07-23,2008-07-23,46.5879,8.389127,2355.0,135,,,RGI60-11.01238,-564.8318413649388,5159370.6142858835,103,191,0103_0191
274,2008-07-23,2008-07-23,46.587892,8.389164,2355.0,136,,,RGI60-11.01238,-561.997422740743,5159369.725074904,103,191,0103_0191
274,2008-07-23,2008-07-23,46.587883,8.389201,2354.0,136,,,RGI60-11.01238,-559.1630135652565,5159368.724746923,103,191,0103_0191
274,2008-07-23,2008-07-23,46.587875,8.389238,2354.0,136,,,RGI60-11.01238,-556.3285932207172,5159367.835538606,103,191,0103_0191
274,2008-07-23,2008-07-23,46.587867,8.389276,2353.0,136,,,RGI60-11.01238,-553.4175638521915,5159366.946324605,103,191,0103_0191
274,2008-07-23,2008-07-23,46.587859,8.389313,2353.0,137,,,RGI60-11.01238,-550.58314182841,5159366.057118986,103,191,0103_0191
274,2008-07-23,2008-07-23,46.587851,8.38935,2352.0,137,,,RGI60-11.01238,-547.7487189703388,5159365.167914697,103,191,0103_0191
274,2008-07-23,2008-07-23,46.587843,8.389388,2352.0,138,,,RGI60-11.01238,-544.8376870547129,5159364.278704831,103,191,0103_0191
274,2008-07-23,2008-07-23,46.587836,8.389426,2352.0,138,,,RGI60-11.01238,-541.9266443163707,5159363.500614704,103,191,0103_0191
274,2008-07-23,2008-07-23,46.587828,8.389463,2351.0,138,,,RGI60-11.01238,-539.092218985992,5159362.611414482,103,191,0103_0191
274,2008-07-23,2008-07-23,46.587821,8.389501,2351.0,138,,,RGI60-11.01238,-536.181174705069,5159361.833327122,103,191,0103_0191
274,2008-07-23,2008-07-23,46.587815,8.389539,2350.0,139,,,RGI60-11.01238,-533.2701198677036,5159361.166359502,103,191,0103_0191
274,2008-07-23,2008-07-23,46.587808,8.389577,2350.0,139,,,RGI60-11.01238,-530.3590741412893,5159360.388274952,103,191,0103_0191
274,2008-07-23,2008-07-23,46.587803,8.389615,2350.0,141,,,RGI60-11.01238,-527.4480082657714,5159359.832428468,103,191,0103_0191
274,2008-07-23,2008-07-23,46.587797,8.389654,2350.0,142,,,RGI60-11.01238,-524.4603432125228,5159359.165458407,103,191,0103_0191
274,2008-07-23,2008-07-23,46.587792,8.389692,2349.0,142,,,RGI60-11.01238,-521.5492762058093,5159358.609614768,103,191,0103_0191
274,2008-07-23,2008-07-23,46.587788,8.389731,2349.0,142,,,RGI60-11.01238,-518.5615908247695,5159358.164884289,103,191,0103_0191
274,2008-07-23,2008-07-23,46.587784,8.38977,2349.0,143,,,RGI60-11.01238,-515.5739050041622,5159357.720155288,103,191,0103_0191
274,2008-07-23,2008-07-23,46.58778,8.389808,2349.0,143,,,RGI60-11.01238,-512.6628270563768,5159357.275434265,103,191,0103_0191
274,2008-07-23,2008-07-23,46.587778,8.389847,2349.0,144,,,RGI60-11.01238,-509.67512161662466,5159357.052944845,103,191,0103_0191
274,2008-07-23,2008-07-23,46.587775,8.389886,2348.0,144,,,RGI60-11.01238,-506.687425274779,5159356.719338572,103,191,0103_0191
274,2008-07-23,2008-07-23,46.587773,8.389925,2348.0,145,,,RGI60-11.01238,-503.69971934038193,5159356.496852107,103,191,0103_0191
274,2008-07-23,2008-07-23,46.587772,8.389964,2348.0,146,,,RGI60-11.01238,-500.7120039781449,5159356.385485453,104,191,0104_0191
274,2008-07-23,2008-07-23,46.587771,8.390003,2348.0,145,,,RGI60-11.01238,-497.7242885060071,5159356.274120275,104,191,0104_0191
274,2008-07-23,2008-07-23,46.58777,8.390043,2348.0,145,,,RGI60-11.01238,-494.65996459736704,5159356.162750304,104,191,0104_0191
274,2008-07-23,2008-07-23,46.587771,8.390082,2347.0,145,,,RGI60-11.01238,-491.6722308205212,5159356.2736247815,104,191,0104_0191
274,2008-07-23,2008-07-23,46.587772,8.390121,2347.0,145,,,RGI60-11.01238,-488.6844971533075,5159356.384500738,104,191,0104_0191
274,2008-07-23,2008-07-23,46.587773,8.39016,2347.0,144,,,RGI60-11.01238,-485.69676359621286,5159356.495378173,104,191,0104_0191
274,2008-07-23,2008-07-23,46.587775,8.390199,2347.0,144,,,RGI60-11.01238,-482.70902127177203,5159356.717375416,104,191,0104_0191
274,2008-07-23,2008-07-23,46.587777,8.390238,2346.0,144,,,RGI60-11.01238,-479.72127916721615,5159356.939374137,104,191,0104_0191
274,2008-07-23,2008-07-23,46.587779,8.390277,2346.0,144,,,RGI60-11.01238,-476.7335372825457,5159357.161374335,104,191,0104_0191
274,2008-07-23,2008-07-23,46.587782,8.390316,2346.0,143,,,RGI60-11.01238,-473.7457869052477,5159357.494494342,104,191,0104_0191
274,2008-07-23,2008-07-23,46.587785,8.390355,2345.0,143,,,RGI60-11.01238,-470.7580368578442,5159357.827615828,104,191,0104_0191
274,2008-07-23,2008-07-23,46.587788,8.390394,2345.0,143,,,RGI60-11.01238,-467.77028713984816,5159358.160738792,104,191,0104_0191
274,2008-07-23,2008-07-23,46.587792,8.390432,2345.0,142,,,RGI60-11.01238,-464.85913749979693,5159358.604987458,104,191,0104_0191
274,2008-07-23,2008-07-23,46.587796,8.390471,2344.0,142,,,RGI60-11.01238,-461.87137999828207,5159359.049231671,104,191,0104_0191
274,2008-07-23,2008-07-23,46.5878,8.39051,2344.0,140,,,RGI60-11.01238,-458.88362293606167,5159359.493477361,104,191,0104_0191
274,2008-07-23,2008-07-23,46.587805,8.390548,2344.0,139,,,RGI60-11.01238,-455.9724662069032,5159360.048848644,104,191,0104_0191
274,2008-07-23,2008-07-23,46.58781,8.390587,2344.0,138,,,RGI60-11.01238,-452.9847017428294,5159360.604215584,104,191,0104_0191
274,2008-07-23,2008-07-23,46.587815,8.390625,2343.0,137,,,RGI60-11.01238,-450.0735460913905,5159361.159589708,104,191,0104_0191
274,2008-07-23,2008-07-23,46.58782,8.390664,2343.0,136,,,RGI60-11.01238,-447.08578271912415,5159361.7149595665,104,191,0104_0191
274,2008-07-23,2008-07-23,46.587825,8.390702,2343.0,135,,,RGI60-11.01238,-444.17462814540534,5159362.270336534,104,191,0104_0191
274,2008-07-23,2008-07-23,46.58783,8.390741,2343.0,134,,,RGI60-11.01238,-441.18686586482534,5159362.82570931,104,191,0104_0191
274,2008-07-23,2008-07-23,46.587835,8.390779,2342.0,133,,,RGI60-11.01238,-438.27571236870523,5159363.38108912,104,191,0104_0191
274,2008-07-23,2008-07-23,46.58784,8.390817,2342.0,132,,,RGI60-11.01238,-435.3645594080457,5159363.9364703335,105,191,0105_0191
274,2008-07-23,2008-07-23,46.587846,8.390856,2342.0,131,,,RGI60-11.01238,-432.37679081038584,5159364.602965802,105,191,0105_0191
274,2008-07-23,2008-07-23,46.587851,8.390894,2342.0,129,,,RGI60-11.01238,-429.46563898098236,5159365.158349859,105,191,0105_0191
274,2008-07-23,2008-07-23,46.587856,8.390933,2342.0,127,,,RGI60-11.01238,-426.47787948134624,5159365.7137299115,105,191,0105_0191
274,2008-07-23,2008-07-23,46.587861,8.390971,2342.0,125,,,RGI60-11.01238,-423.5667287296647,5159366.269116809,105,191,0105_0191
274,2008-07-23,2008-07-23,46.587866,8.39101,2342.0,123,,,RGI60-11.01238,-420.5789703219605,5159366.824499779,105,191,0105_0191
274,2008-07-23,2008-07-23,46.587871,8.391048,2342.0,122,,,RGI60-11.01238,-417.66782064800157,5159367.379889522,105,191,0105_0191
274,2008-07-23,2008-07-23,46.587876,8.391087,2342.0,120,,,RGI60-11.01238,-414.6800633319863,5159367.935275408,105,191,0105_0191
274,2008-07-23,2008-07-23,46.587881,8.391125,2341.0,118,,,RGI60-11.01238,-411.7689147357505,5159368.490667993,105,191,0105_0191
274,2008-07-23,2008-07-23,46.587887,8.391163,2341.0,117,,,RGI60-11.01238,-408.85775915584315,5159369.157180316,105,191,0105_0191
274,2008-07-23,2008-07-23,46.587893,8.391201,2341.0,115,,,RGI60-11.01238,-405.94660421834527,5159369.823694043,105,191,0105_0191
274,2008-07-23,2008-07-23,46.587899,8.39124,2341.0,114,,,RGI60-11.01238,-402.9588417786277,5159370.490204063,105,191,0105_0191
274,2008-07-23,2008-07-23,46.587905,8.391277,2340.0,112,,,RGI60-11.01238,-400.12429627069935,5159371.156725705,105,191,0105_0191
274,2008-07-23,2008-07-23,46.587912,8.391315,2340.0,111,,,RGI60-11.01238,-397.21313595580017,5159371.934361975,105,191,0105_0191
274,2008-07-23,2008-07-23,46.58792,8.391353,2340.0,109,,,RGI60-11.01238,-394.3019691390413,5159372.8231179835,105,191,0105_0191
274,2008-07-23,2008-07-23,46.587928,8.39139,2340.0,107,,,RGI60-11.01238,-391.4674112829695,5159373.71188036,105,191,0105_0191
274,2008-07-23,2008-07-23,46.587937,8.391427,2339.0,104,,,RGI60-11.01238,-388.6328471138172,5159374.711762401,105,191,0105_0191
274,2008-07-23,2008-07-23,46.587947,8.391464,2339.0,102,,,RGI60-11.01238,-385.7982767880828,5159375.822764111,105,191,0105_0191
274,2008-07-23,2008-07-23,46.587957,8.3915,2339.0,100,,,RGI60-11.01238,-383.0403155678987,5159376.933772007,105,191,0105_0191
274,2008-07-23,2008-07-23,46.587968,8.391536,2338.0,98,,,RGI60-11.01238,-380.2823483687626,5159378.1558995,105,191,0105_0191
274,2008-07-23,2008-07-23,46.587979,8.391571,2338.0,96,,,RGI60-11.01238,-377.60099031731875,5159379.378033041,105,191,0105_0191
274,2008-07-23,2008-07-23,46.587991,8.391606,2338.0,94,,,RGI60-11.01238,-374.9196264560996,5159380.711286111,105,190,0105_0190
274,2008-07-23,2008-07-23,46.588004,8.391641,2337.0,92,,,RGI60-11.01238,-372.23825693266286,5159382.155658709,105,190,0105_0190
274,2008-07-23,2008-07-23,46.588016,8.391676,2337.0,90,,,RGI60-11.01238,-369.55689548740884,5159383.488914166,106,190,0106_0190
274,2008-07-23,2008-07-23,46.588028,8.391711,2337.0,86,,,RGI60-11.01238,-366.87553522542333,5159384.822170813,106,190,0106_0190
274,2008-07-23,2008-07-23,46.58804,8.391746,2337.0,79,,,RGI60-11.01238,-364.19417614707214,5159386.155428654,106,190,0106_0190
274,2008-07-23,2008-07-23,46.588051,8.391782,2337.0,73,,,RGI60-11.01238,-361.4362169696327,5159387.3775647655,106,190,0106_0190
274,2008-07-23,2008-07-23,46.58806,8.391818,2336.0,68,,,RGI60-11.01238,-358.6782721001003,5159388.377465464,106,190,0106_0190
274,2008-07-23,2008-07-23,46.588068,8.391856,2336.0,63,,,RGI60-11.01238,-355.76711887543615,5159389.266240061,106,190,0106_0190
274,2008-07-23,2008-07-23,46.588072,8.391894,2336.0,59,,,RGI60-11.01238,-352.85599246368565,5159389.7105427105,106,190,0106_0190
274,2008-07-23,2008-07-23,46.588075,8.391933,2335.0,56,,,RGI60-11.01238,-349.86826501880984,5159390.043723989,106,190,0106_0190
274,2008-07-23,2008-07-23,46.588075,8.391972,2335.0,52,,,RGI60-11.01238,-346.8805570409834,5159390.043551729,106,190,0106_0190
274,2008-07-23,2008-07-23,46.588073,8.392011,2334.0,47,,,RGI60-11.01238,-343.8928617118463,5159389.82114427,106,190,0106_0190
274,2008-07-23,2008-07-23,46.58849,8.383001,2383.0,46,,,RGI60-11.01238,-1034.1221070317442,5159436.236201674,95,190,0095_0190
274,2008-07-23,2008-07-23,46.588488,8.38304,2384.0,48,,,RGI60-11.01238,-1031.134459785847,5159436.013454379,95,190,0095_0190
274,2008-07-23,2008-07-23,46.588486,8.383079,2384.0,49,,,RGI60-11.01238,-1028.146812320023,5159435.790708561,96,190,0096_0190
274,2008-07-23,2008-07-23,46.588485,8.383118,2385.0,51,,,RGI60-11.01238,-1025.159145781576,5159435.679082566,96,190,0096_0190
274,2008-07-23,2008-07-23,46.588484,8.383157,2385.0,54,,,RGI60-11.01238,-1022.17147913297,5159435.567458048,96,190,0096_0190
274,2008-07-23,2008-07-23,46.588485,8.383196,2387.0,57,,,RGI60-11.01238,-1019.1837748883505,5159435.6780717,96,190,0096_0190
274,2008-07-23,2008-07-23,46.588486,8.383235,2388.0,59,,,RGI60-11.01238,-1016.1960707533507,5159435.78868683,96,190,0096_0190
274,2008-07-23,2008-07-23,46.588487,8.383275,2389.0,62,,,RGI60-11.01238,-1013.1317594120704,5159435.899290591,96,190,0096_0190
274,2008-07-23,2008-07-23,46.58849,8.383313,2390.0,65,,,RGI60-11.01238,-1010.2206256566299,5159436.232158211,96,190,0096_0190
274,2008-07-23,2008-07-23,46.588493,8.383352,2391.0,67,,,RGI60-11.01238,-1007.2328849143199,5159436.565014465,96,190,0096_0190
274,2008-07-23,2008-07-23,46.588497,8.383391,2391.0,68,,,RGI60-11.01238,-1004.2451260334419,5159437.008990541,96,190,0096_0190
274,2008-07-23,2008-07-23,46.5885,8.38343,2391.0,72,,,RGI60-11.01238,-1001.2573860053556,5159437.341849751,96,190,0096_0190
274,2008-07-23,2008-07-23,46.588506,8.383468,2391.0,76,,,RGI60-11.01238,-998.3461985208384,5159438.008078134,96,190,0096_0190
274,2008-07-23,2008-07-23,46.588511,8.383507,2392.0,79,,,RGI60-11.01238,-995.3584227028206,5159438.563176952,96,190,0096_0190
274,2008-07-23,2008-07-23,46.588516,8.383545,2392.0,82,,,RGI60-11.01238,-992.447254709509,5159439.11828983,96,190,0096_0190
274,2008-07-23,2008-07-23,46.588522,8.383583,2392.0,84,,,RGI60-11.01238,-989.5360690536845,5159439.784522458,96,190,0096_0190
274,2008-07-23,2008-07-23,46.588528,8.383622,2392.0,86,,,RGI60-11.01238,-986.5482767815025,5159440.450743982,96,190,0096_0190
274,2008-07-23,2008-07-23,46.588534,8.38366,2392.0,88,,,RGI60-11.01238,-983.6370924189222,5159441.116979453,96,190,0096_0190
274,2008-07-23,2008-07-23,46.58854,8.383698,2392.0,89,,,RGI60-11.01238,-980.7259086986155,5159441.78321633,96,190,0096_0190
274,2008-07-23,2008-07-23,46.588546,8.383736,2393.0,90,,,RGI60-11.01238,-977.8147256208277,5159442.4494546065,96,190,0096_0190
274,2008-07-23,2008-07-23,46.588552,8.383774,2393.0,92,,,RGI60-11.01238,-974.9035431853142,5159443.115694289,96,190,0096_0190
274,2008-07-23,2008-07-23,46.588557,8.383812,2394.0,93,,,RGI60-11.01238,-971.9923792676684,5159443.670817027,96,190,0096_0190
274,2008-07-23,2008-07-23,46.588563,8.383851,2394.0,94,,,RGI60-11.01238,-969.0045908542111,5159444.337047229,96,190,0096_0190
274,2008-07-23,2008-07-23,46.588568,8.383889,2394.0,95,,,RGI60-11.01238,-966.0934280678001,5159444.892172809,96,190,0096_0190
274,2008-07-23,2008-07-23,46.588573,8.383928,2394.0,96,,,RGI60-11.01238,-963.1056586214797,5159445.447287581,97,190,0097_0190
274,2008-07-23,2008-07-23,46.588577,8.383966,2394.0,97,,,RGI60-11.01238,-960.194514571164,5159445.891297657,97,189,0097_0189
274,2008-07-23,2008-07-23,46.588581,8.384005,2394.0,99,,,RGI60-11.01238,-957.2067637650174,5159446.335296998,97,189,0097_0189
274,2008-07-23,2008-07-23,46.588584,8.384044,2394.0,101,,,RGI60-11.01238,-954.2190309470288,5159446.668179469,97,189,0097_0189
274,2008-07-23,2008-07-23,46.588586,8.384083,2394.0,104,,,RGI60-11.01238,-951.2313159522439,5159446.889945071,97,189,0097_0189
274,2008-07-23,2008-07-23,46.588589,8.384122,2394.0,107,,,RGI60-11.01238,-948.2435837385954,5159447.222830499,97,189,0097_0189
274,2008-07-23,2008-07-23,46.58859,8.384161,2394.0,108,,,RGI60-11.01238,-945.2558866218152,5159447.333480708,97,189,0097_0189
274,2008-07-23,2008-07-23,46.588591,8.3842,2393.0,110,,,RGI60-11.01238,-942.2681896151448,5159447.444132391,97,189,0097_0189
274,2008-07-23,2008-07-23,46.588592,8.384239,2393.0,111,,,RGI60-11.01238,-939.2804927180958,5159447.554785555,97,189,0097_0189
274,2008-07-23,2008-07-23,46.588591,8.384278,2393.0,113,,,RGI60-11.01238,-936.2928303688373,5159447.443203499,97,189,0097_0189
274,2008-07-23,2008-07-23,46.58859,8.384317,2392.0,114,,,RGI60-11.01238,-933.3051679095431,5159447.33162292,97,189,0097_0189
274,2008-07-23,2008-07-23,46.58859,8.384357,2393.0,116,,,RGI60-11.01238,-930.2408810600917,5159447.3311503725,97,189,0097_0189
274,2008-07-23,2008-07-23,46.588588,8.384396,2393.0,118,,,RGI60-11.01238,-927.2532354871038,5159447.108454438,97,189,0097_0189
274,2008-07-23,2008-07-23,46.588585,8.384435,2394.0,121,,,RGI60-11.01238,-924.2656066919626,5159446.774641633,97,189,0097_0189
274,2008-07-23,2008-07-23,46.588583,8.384474,2394.0,123,,,RGI60-11.01238,-921.2779606244225,5159446.5519486535,97,189,0097_0189
274,2008-07-23,2008-07-23,46.58858,8.384513,2394.0,125,,,RGI60-11.01238,-918.2903312248388,5159446.218138804,97,189,0097_0189
274,2008-07-23,2008-07-23,46.588577,8.384551,2394.0,127,,,RGI60-11.01238,-915.3793086851732,5159445.884342038,97,189,0097_0189
274,2008-07-23,2008-07-23,46.588574,8.38459,2394.0,128,,,RGI60-11.01238,-912.3916786304292,5159445.550535104,97,190,0097_0190
274,2008-07-23,2008-07-23,46.58857,8.384629,2393.0,130,,,RGI60-11.01238,-909.4040649702006,5159445.105611302,97,190,0097_0190
274,2008-07-23,2008-07-23,46.588567,8.384668,2393.0,131,,,RGI60-11.01238,-906.4164342012452,5159444.771807324,97,190,0097_0190
274,2008-07-23,2008-07-23,46.588563,8.384707,2393.0,133,,,RGI60-11.01238,-903.4288197167926,5159444.326886477,97,190,0097_0190
274,2008-07-23,2008-07-23,46.58856,8.384746,2393.0,135,,,RGI60-11.01238,-900.4411882335046,5159443.993085455,97,190,0097_0190
274,2008-07-23,2008-07-23,46.588557,8.384784,2393.0,136,,,RGI60-11.01238,-897.530163638072,5159443.65929729,98,190,0098_0190
274,2008-07-23,2008-07-23,46.588553,8.384823,2392.0,137,,,RGI60-11.01238,-894.5425479503931,5159443.214380836,98,190,0098_0190
274,2008-07-23,2008-07-23,46.588551,8.384862,2392.0,139,,,RGI60-11.01238,-891.5548990312403,5159442.991702557,98,190,0098_0190
274,2008-07-23,2008-07-23,46.588548,8.384901,2392.0,140,,,RGI60-11.01238,-888.5672662332852,5159442.657907406,98,190,0098_0190
274,2008-07-23,2008-07-23,46.588545,8.38494,2392.0,141,,,RGI60-11.01238,-885.5796331056367,5159442.324113732,98,190,0098_0190
274,2008-07-23,2008-07-23,46.588543,8.384979,2391.0,142,,,RGI60-11.01238,-882.5919834170655,5159442.101439886,98,190,0098_0190
274,2008-07-23,2008-07-23,46.588541,8.385018,2391.0,142,,,RGI60-11.01238,-879.6043335085707,5159441.878767513,98,190,0098_0190
274,2008-07-23,2008-07-23,46.588539,8.385057,2390.0,143,,,RGI60-11.01238,-876.6166833805175,5159441.65609662,98,190,0098_0190
274,2008-07-23,2008-07-23,46.588538,8.385096,2390.0,143,,,RGI60-11.01238,-873.629016966024,5159441.544545551,98,190,0098_0190
274,2008-07-23,2008-07-23,46.588537,8.385135,2390.0,144,,,RGI60-11.01238,-870.6413504418628,5159441.432995958,98,190,0098_0190
274,2008-07-23,2008-07-23,46.588536,8.385175,2390.0,145,,,RGI60-11.01238,-867.5770765602845,5159441.321436843,98,190,0098_0190
274,2008-07-23,2008-07-23,46.588535,8.385214,2390.0,146,,,RGI60-11.01238,-864.5894098147695,5159441.2098902445,98,190,0098_0190
274,2008-07-23,2008-07-23,46.588535,8.385253,2389.0,147,,,RGI60-11.01238,-861.6017271141368,5159441.209463471,98,190,0098_0190
274,2008-07-23,2008-07-23,46.588535,8.385292,2389.0,148,,,RGI60-11.01238,-858.6140444134825,5159441.209038172,98,190,0098_0190
274,2008-07-23,2008-07-23,46.588534,8.385331,2389.0,149,,,RGI60-11.01238,-855.6263774480018,5159441.097496004,98,190,0098_0190
274,2008-07-23,2008-07-23,46.588535,8.38537,2388.0,149,,,RGI60-11.01238,-852.6386790121102,5159441.208192009,98,190,0098_0190
274,2008-07-23,2008-07-23,46.588536,8.385409,2388.0,150,,,RGI60-11.01238,-849.6509806859642,5159441.3188894885,98,190,0098_0190
274,2008-07-23,2008-07-23,46.588536,8.385449,2387.0,151,,,RGI60-11.01238,-846.5866907929038,5159441.318459366,98,190,0098_0190
274,2008-07-23,2008-07-23,46.588537,8.385488,2387.0,152,,,RGI60-11.01238,-843.5989926328358,5159441.4291598415,98,190,0098_0190
274,2008-07-23,2008-07-23,46.588538,8.385527,2387.0,152,,,RGI60-11.01238,-840.6112945827576,5159441.539861793,98,190,0098_0190
274,2008-07-23,2008-07-23,46.588539,8.385566,2386.0,153,,,RGI60-11.01238,-837.6235966425478,5159441.650565221,98,190,0098_0190
274,2008-07-23,2008-07-23,46.588541,8.385605,2386.0,154,,,RGI60-11.01238,-834.6358834629098,5159441.872388475,98,190,0098_0190
274,2008-07-23,2008-07-23,46.588542,8.385644,2386.0,155,,,RGI60-11.01238,-831.6481857975026,5159441.983094857,99,190,0099_0190
274,2008-07-23,2008-07-23,46.588544,8.385683,2386.0,156,,,RGI60-11.01238,-828.6604730023123,5159442.204921066,99,190,0099_0190
274,2008-07-23,2008-07-23,46.588545,8.385722,2385.0,157,,,RGI60-11.01238,-825.6727756114648,5159442.315630403,99,190,0099_0190
274,2008-07-23,2008-07-23,46.588547,8.385761,2385.0,157,,,RGI60-11.01238,-822.6850632009665,5159442.537459565,99,190,0099_0190
274,2008-07-23,2008-07-23,46.588549,8.3858,2384.0,157,,,RGI60-11.01238,-819.6973510102252,5159442.759290206,99,190,0099_0190
274,2008-07-23,2008-07-23,46.58855,8.385839,2384.0,157,,,RGI60-11.01238,-816.7096540588726,5159442.870003976,99,190,0099_0190
274,2008-07-23,2008-07-23,46.588552,8.385878,2384.0,157,,,RGI60-11.01238,-813.7219422527023,5159443.09183757,99,190,0099_0190
274,2008-07-23,2008-07-23,46.588553,8.385918,2383.0,158,,,RGI60-11.01238,-810.6576383525877,5159443.202544015,99,190,0099_0190
274,2008-07-23,2008-07-23,46.588554,8.385957,2383.0,159,,,RGI60-11.01238,-807.6699417873161,5159443.313262257,99,190,0099_0190
274,2008-07-23,2008-07-23,46.588556,8.385996,2382.0,159,,,RGI60-11.01238,-804.6822305332257,5159443.53510032,99,190,0099_0190
274,2008-07-23,2008-07-23,46.588557,8.386035,2382.0,159,,,RGI60-11.01238,-801.6945342426365,5159443.6458215155,99,190,0099_0190
274,2008-07-23,2008-07-23,46.588558,8.386074,2382.0,158,,,RGI60-11.01238,-798.706838061673,5159443.756544188,99,190,0099_0190
274,2008-07-23,2008-07-23,46.588558,8.386113,2382.0,158,,,RGI60-11.01238,-795.7191566243115,5159443.75614999,99,190,0099_0190
274,2008-07-23,2008-07-23,46.588558,8.386152,2381.0,158,,,RGI60-11.01238,-792.7314751870515,5159443.7557572685,99,190,0099_0190
274,2008-07-23,2008-07-23,46.588559,8.386192,2381.0,157,,,RGI60-11.01238,-789.6671720109351,5159443.866474359,99,190,0099_0190
274,2008-07-23,2008-07-23,46.588559,8.386231,2380.0,156,,,RGI60-11.01238,-786.6794906283363,5159443.866084631,99,190,0099_0190
274,2008-07-23,2008-07-23,46.588558,8.38627,2380.0,156,,,RGI60-11.01238,-783.6918236583848,5159443.754578033,99,190,0099_0190
274,2008-07-23,2008-07-23,46.588557,8.386309,2379.0,155,,,RGI60-11.01238,-780.7041565782805,5159443.6430729125,99,190,0099_0190
274,2008-07-23,2008-07-23,46.588556,8.386348,2379.0,154,,,RGI60-11.01238,-777.716489388511,5159443.531569268,99,190,0099_0190
274,2008-07-23,2008-07-23,46.588555,8.386387,2379.0,154,,,RGI60-11.01238,-774.7288220887101,5159443.420067103,99,190,0099_0190
274,2008-07-23,2008-07-23,46.588553,8.386426,2378.0,154,,,RGI60-11.01238,-771.7411688715216,5159443.1974480655,99,190,0099_0190
274,2008-07-23,2008-07-23,46.588551,8.386465,2378.0,153,,,RGI60-11.01238,-768.7535154347776,5159442.974830506,99,190,0099_0190
274,2008-07-23,2008-07-23,46.588549,8.386504,2378.0,153,,,RGI60-11.01238,-765.7658617779908,5159442.752214425,100,190,0100_0190
274,2008-07-23,2008-07-23,46.588546,8.386543,2377.0,153,,,RGI60-11.01238,-762.7782219294563,5159442.418481473,100,190,0100_0190
274,2008-07-23,2008-07-23,46.588544,8.386582,2377.0,152,,,RGI60-11.01238,-759.790567778127,5159442.195868346,100,190,0100_0190
274,2008-07-23,2008-07-23,46.588541,8.386621,2377.0,152,,,RGI60-11.01238,-756.802927325037,5159441.8621383505,100,190,0100_0190
274,2008-07-23,2008-07-23,46.588537,8.38666,2376.0,151,,,RGI60-11.01238,-753.8153004053509,5159441.417291485,100,190,0100_0190
274,2008-07-23,2008-07-23,46.588533,8.386699,2376.0,150,,,RGI60-11.01238,-750.827673045841,5159440.972446095,100,190,0100_0190
274,2008-07-23,2008-07-23,46.588529,8.386737,2376.0,149,,,RGI60-11.01238,-747.9166525041393,5159440.527611667,100,190,0100_0190
274,2008-07-23,2008-07-23,46.588525,8.386776,2375.0,148,,,RGI60-11.01238,-744.9290242712271,5159440.082769196,100,190,0100_0190
274,2008-07-23,2008-07-23,46.58852,8.386814,2375.0,148,,,RGI60-11.01238,-742.0180165132793,5159439.526819264,100,190,0100_0190
274,2008-07-23,2008-07-23,46.588516,8.386853,2375.0,147,,,RGI60-11.01238,-739.0303873517761,5159439.08197971,100,190,0100_0190
274,2008-07-23,2008-07-23,46.588511,8.386892,2375.0,147,,,RGI60-11.01238,-736.0427712869298,5159438.526023286,100,190,0100_0190
274,2008-07-23,2008-07-23,46.588506,8.38693,2374.0,147,,,RGI60-11.01238,-733.1317619622847,5159437.9700776385,100,190,0100_0190
274,2008-07-23,2008-07-23,46.588501,8.386968,2374.0,146,,,RGI60-11.01238,-730.2207521021362,5159437.41413339,100,190,0100_0190
274,2008-07-23,2008-07-23,46.588495,8.387007,2374.0,146,,,RGI60-11.01238,-727.2331477770621,5159436.74706298,100,190,0100_0190
274,2008-07-23,2008-07-23,46.588489,8.387045,2373.0,146,,,RGI60-11.01238,-724.3221501061274,5159436.08000323,100,190,0100_0190
274,2008-07-23,2008-07-23,46.588484,8.387083,2373.0,145,,,RGI60-11.01238,-721.4111385258391,5159435.524063229,100,190,0100_0190
274,2008-07-23,2008-07-23,46.588478,8.387121,2373.0,145,,,RGI60-11.01238,-718.5001396235317,5159434.857006285,100,190,0100_0190
274,2008-07-23,2008-07-23,46.588472,8.387159,2373.0,145,,,RGI60-11.01238,-715.5891400788913,5159434.189950745,100,190,0100_0190
274,2008-07-23,2008-07-23,46.588465,8.387198,2372.0,144,,,RGI60-11.01238,-712.601545650768,5159433.411769225,100,190,0100_0190
274,2008-07-23,2008-07-23,46.588459,8.387236,2372.0,143,,,RGI60-11.01238,-709.690544759228,5159432.744716528,100,190,0100_0190
274,2008-07-23,2008-07-23,46.588453,8.387274,2372.0,143,,,RGI60-11.01238,-706.7795432251123,5159432.077665236,100,190,0100_0190
274,2008-07-23,2008-07-23,46.588447,8.387312,2372.0,142,,,RGI60-11.01238,-703.8685410486644,5159431.4106153445,100,190,0100_0190
274,2008-07-23,2008-07-23,46.588441,8.38735,2371.0,142,,,RGI60-11.01238,-700.9575382296407,5159430.743566858,100,190,0100_0190
274,2008-07-23,2008-07-23,46.588435,8.387388,2371.0,142,,,RGI60-11.01238,-698.0465347682848,5159430.076519773,101,190,0101_0190
274,2008-07-23,2008-07-23,46.588429,8.387426,2371.0,142,,,RGI60-11.01238,-695.1355306643538,5159429.409474092,101,190,0101_0190
274,2008-07-23,2008-07-23,46.588423,8.387465,2371.0,142,,,RGI60-11.01238,-692.1479185113577,5159428.742421039,101,190,0101_0190
274,2008-07-23,2008-07-23,46.588417,8.387503,2371.0,141,,,RGI60-11.01238,-689.2369131141885,5159428.075378201,101,190,0101_0190
274,2008-07-23,2008-07-23,46.588412,8.387541,2370.0,141,,,RGI60-11.01238,-686.3258944526866,5159427.5194551125,101,190,0101_0190
274,2008-07-23,2008-07-23,46.588407,8.38758,2370.0,141,,,RGI60-11.01238,-683.3382678268948,5159426.96352476,101,190,0101_0190
274,2008-07-23,2008-07-23,46.588402,8.387618,2370.0,141,,,RGI60-11.01238,-680.4272480875903,5159426.407604515,101,190,0101_0190
274,2008-07-23,2008-07-23,46.588397,8.387657,2370.0,141,,,RGI60-11.01238,-677.4396203697851,5159425.85167708,101,190,0101_0190
274,2008-07-23,2008-07-23,46.588393,8.387695,2370.0,141,,,RGI60-11.01238,-674.5285871478854,5159425.406878021,101,190,0101_0190
274,2008-07-23,2008-07-23,46.588388,8.387734,2370.0,140,,,RGI60-11.01238,-671.5409583932568,5159424.850953505,101,190,0101_0190
274,2008-07-23,2008-07-23,46.588385,8.387773,2369.0,140,,,RGI60-11.01238,-668.5533044992342,5159424.517267155,101,190,0101_0190
274,2008-07-23,2008-07-23,46.588382,8.387812,2369.0,140,,,RGI60-11.01238,-665.5656502754036,5159424.183582283,101,190,0101_0190
274,2008-07-23,2008-07-23,46.588379,8.38785,2369.0,140,,,RGI60-11.01238,-662.6546031906139,5159423.849907289,101,190,0101_0190
274,2008-07-23,2008-07-23,46.588376,8.387889,2369.0,140,,,RGI60-11.01238,-659.6669483117607,5159423.516225334,101,190,0101_0190
274,2008-07-23,2008-07-23,46.588374,8.387928,2369.0,140,,,RGI60-11.01238,-656.6792810266911,5159423.293663202,101,190,0101_0190
274,2008-07-23,2008-07-23,46.588372,8.387968,2369.0,140,,,RGI60-11.01238,-653.6150060433583,5159423.071094257,101,190,0101_0190
274,2008-07-23,2008-07-23,46.588371,8.388007,2368.0,140,,,RGI60-11.01238,-650.6273263506473,5159422.9596534595,101,190,0101_0190
274,2008-07-23,2008-07-23,46.58837,8.388046,2368.0,140,,,RGI60-11.01238,-647.639646548153,5159422.84821414,101,190,0101_0190
274,2008-07-23,2008-07-23,46.58837,8.388085,2368.0,140,,,RGI60-11.01238,-644.6519547801664,5159422.847894642,101,190,0101_0190
274,2008-07-23,2008-07-23,46.58837,8.388124,2368.0,141,,,RGI60-11.01238,-641.6642630124074,5159422.847576619,101,190,0101_0190
274,2008-07-23,2008-07-23,46.58837,8.388163,2368.0,141,,,RGI60-11.01238,-638.6765712443889,5159422.847260075,101,190,0101_0190
274,2008-07-23,2008-07-23,46.588371,8.388202,2367.0,142,,,RGI60-11.01238,-635.6888677859665,5159422.958063352,101,190,0101_0190
274,2008-07-23,2008-07-23,46.588476,8.389425,2360.0,127,,,RGI60-11.01238,-541.9968733699004,5159434.616358935,103,190,0103_0190
274,2008-07-23,2008-07-23,46.588478,8.389464,2359.0,127,,,RGI60-11.01238,-539.0091676003616,5159434.838328364,103,190,0103_0190
274,2008-07-23,2008-07-23,46.588479,8.389503,2359.0,126,,,RGI60-11.01238,-536.0214719083427,5159434.949180925,103,190,0103_0190
274,2008-07-23,2008-07-23,46.588481,8.389542,2359.0,126,,,RGI60-11.01238,-533.0337665235103,5159435.171153311,103,190,0103_0190
274,2008-07-23,2008-07-23,46.588482,8.389582,2358.0,126,,,RGI60-11.01238,-529.9694637826759,5159435.282002105,103,190,0103_0190
274,2008-07-23,2008-07-23,46.588483,8.389621,2358.0,125,,,RGI60-11.01238,-526.9817684766373,5159435.392859136,103,190,0103_0190
274,2008-07-23,2008-07-23,46.588484,8.38966,2358.0,125,,,RGI60-11.01238,-523.9940732805965,5159435.503717645,103,190,0103_0190
274,2008-07-23,2008-07-23,46.588485,8.389699,2357.0,124,,,RGI60-11.01238,-521.0063781941885,5159435.61457763,103,190,0103_0190
274,2008-07-23,2008-07-23,46.588485,8.389738,2357.0,123,,,RGI60-11.01238,-518.0186927444577,5159435.614320746,103,190,0103_0190
274,2008-07-23,2008-07-23,46.588486,8.389777,2356.0,122,,,RGI60-11.01238,-515.0309978228573,5159435.725183687,103,190,0103_0190
274,2008-07-23,2008-07-23,46.588487,8.389816,2356.0,120,,,RGI60-11.01238,-512.0433030112549,5159435.836048105,103,190,0103_0190
274,2008-07-23,2008-07-23,46.588488,8.389855,2355.0,119,,,RGI60-11.01238,-509.05560830952896,5159435.946913999,103,190,0103_0190
274,2008-07-23,2008-07-23,46.588488,8.389895,2355.0,117,,,RGI60-11.01238,-505.9913157095197,5159435.946656609,103,190,0103_0190
274,2008-07-23,2008-07-23,46.588489,8.389934,2355.0,115,,,RGI60-11.01238,-503.0036211740107,5159436.057525497,103,190,0103_0190
274,2008-07-23,2008-07-23,46.58849,8.389973,2354.0,113,,,RGI60-11.01238,-500.0159267483783,5159436.168395861,104,190,0104_0190
274,2008-07-23,2008-07-23,46.588491,8.390012,2353.0,111,,,RGI60-11.01238,-497.0282324325009,5159436.279267702,104,190,0104_0190
274,2008-07-23,2008-07-23,46.588492,8.390051,2353.0,109,,,RGI60-11.01238,-494.04053822674365,5159436.390141022,104,190,0104_0190
274,2008-07-23,2008-07-23,46.588493,8.39009,2353.0,108,,,RGI60-11.01238,-491.05284413061975,5159436.501015819,104,190,0104_0190
274,2008-07-23,2008-07-23,46.588494,8.390129,2352.0,107,,,RGI60-11.01238,-488.0651501446164,5159436.611892092,104,190,0104_0190
274,2008-07-23,2008-07-23,46.588495,8.390168,2352.0,106,,,RGI60-11.01238,-485.07745626836794,5159436.722769845,104,190,0104_0190
274,2008-07-23,2008-07-23,46.588496,8.390207,2351.0,104,,,RGI60-11.01238,-482.089762501875,5159436.833649075,104,190,0104_0190
274,2008-07-23,2008-07-23,46.588497,8.390247,2351.0,103,,,RGI60-11.01238,-479.02546154311835,5159436.944523706,104,190,0104_0190
274,2008-07-23,2008-07-23,46.588498,8.390286,2351.0,103,,,RGI60-11.01238,-476.0377679979097,5159437.055405928,104,190,0104_0190
274,2008-07-23,2008-07-23,46.588499,8.390325,2350.0,101,,,RGI60-11.01238,-473.05007456245704,5159437.166289625,104,190,0104_0190
274,2008-07-23,2008-07-23,46.5885,8.390364,2350.0,99,,,RGI60-11.01238,-470.0623812371252,5159437.277174803,104,190,0104_0190
274,2008-07-23,2008-07-23,46.588502,8.390403,2349.0,97,,,RGI60-11.01238,-467.0746794318658,5159437.499179802,104,190,0104_0190
274,2008-07-23,2008-07-23,46.588503,8.390442,2349.0,96,,,RGI60-11.01238,-464.08698638111156,5159437.610067933,104,190,0104_0190
274,2008-07-23,2008-07-23,46.588504,8.390481,2348.0,94,,,RGI60-11.01238,-461.09929344023504,5159437.720957542,104,190,0104_0190
274,2008-07-23,2008-07-23,46.588505,8.39052,2348.0,92,,,RGI60-11.01238,-458.1116006091144,5159437.831848627,104,190,0104_0190
274,2008-07-23,2008-07-23,46.588506,8.390559,2348.0,91,,,RGI60-11.01238,-455.12390788811524,5159437.942741189,104,190,0104_0190
274,2008-07-23,2008-07-23,46.588508,8.390598,2347.0,89,,,RGI60-11.01238,-452.1362069617895,5159438.164753575,104,190,0104_0190
274,2008-07-23,2008-07-23,46.588509,8.390638,2347.0,88,,,RGI60-11.01238,-449.07190723013065,5159438.275643399,104,190,0104_0190
274,2008-07-23,2008-07-23,46.588509,8.390677,2346.0,86,,,RGI60-11.01238,-446.0842230985373,5159438.275422085,104,190,0104_0190
274,2008-07-23,2008-07-23,46.58851,8.390716,2345.0,85,,,RGI60-11.01238,-443.0965308183369,5159438.386320595,104,190,0104_0190
274,2008-07-23,2008-07-23,46.588511,8.390755,2345.0,83,,,RGI60-11.01238,-440.1088386480141,5159438.497220582,104,190,0104_0190
274,2008-07-23,2008-07-23,46.588511,8.390794,2344.0,81,,,RGI60-11.01238,-437.12115462639883,5159438.4970037,104,190,0104_0190
274,2008-07-23,2008-07-23,46.588511,8.390833,2344.0,79,,,RGI60-11.01238,-434.13347060465105,5159438.496788296,105,190,0105_0190
274,2008-07-23,2008-07-23,46.588511,8.390872,2344.0,77,,,RGI60-11.01238,-431.14578658313576,5159438.496574369,105,190,0105_0190
274,2008-07-23,2008-07-23,46.58851,8.390912,2343.0,74,,,RGI60-11.01238,-428.0815031514082,5159438.385238144,105,190,0105_0190
274,2008-07-23,2008-07-23,46.588509,8.390951,2342.0,72,,,RGI60-11.01238,-425.0938268925679,5159438.273908863,105,190,0105_0190
274,2008-07-23,2008-07-23,46.588508,8.39099,2342.0,69,,,RGI60-11.01238,-422.106150523584,5159438.162581059,105,190,0105_0190
274,2008-07-23,2008-07-23,46.588506,8.391029,2342.0,66,,,RGI60-11.01238,-419.1184817525731,5159437.940136386,105,190,0105_0190
274,2008-07-23,2008-07-23,46.588505,8.391068,2341.0,63,,,RGI60-11.01238,-416.1308051089661,5159437.8288115375,105,190,0105_0190
274,2008-07-23,2008-07-23,46.588502,8.391107,2341.0,60,,,RGI60-11.01238,-413.1431435511826,5159437.495251471,105,190,0105_0190
274,2008-07-23,2008-07-23,46.588499,8.391146,2340.0,57,,,RGI60-11.01238,-410.1554816637199,5159437.161692885,105,190,0105_0190
274,2008-07-23,2008-07-23,46.588496,8.391185,2340.0,53,,,RGI60-11.01238,-407.16781944657777,5159436.828135775,105,190,0105_0190
274,2008-07-23,2008-07-23,46.588492,8.391223,2339.0,50,,,RGI60-11.01238,-404.2567716420966,5159436.38346692,105,190,0105_0190
274,2008-07-23,2008-07-23,46.588488,8.391262,2339.0,46,,,RGI60-11.01238,-401.26911609448945,5159435.938794383,105,190,0105_0190
274,2008-07-23,2008-07-23,46.588483,8.3913,2338.0,43,,,RGI60-11.01238,-398.3580747537304,5159435.383010026,105,190,0105_0190
274,2008-07-23,2008-07-23,46.588478,8.391339,2338.0,40,,,RGI60-11.01238,-395.370425548562,5159434.827222059,105,190,0105_0190
274,2008-07-23,2008-07-23,46.588472,8.391377,2337.0,36,,,RGI60-11.01238,-392.459390347489,5159434.160322199,105,190,0105_0190
274,2008-07-23,2008-07-23,46.588469,8.391396,2337.0,33,,,RGI60-11.01238,-391.0038725061583,5159433.826872797,105,190,0105_0190
274,2008-07-23,2008-07-23,46.589071,8.382581,2405.0,40,,,RGI60-11.01238,-1066.2857848734423,5159500.801556428,95,189,0095_0189
274,2008-07-23,2008-07-23,46.589069,8.38262,2405.0,42,,,RGI60-11.01238,-1063.2981707347546,5159500.578793201,95,189,0095_0189
274,2008-07-23,2008-07-23,46.589066,8.382659,2406.0,45,,,RGI60-11.01238,-1060.3105758759211,5159500.244913094,95,189,0095_0189
274,2008-07-23,2008-07-23,46.589062,8.382698,2406.0,48,,,RGI60-11.01238,-1057.323000132591,5159499.799916107,95,189,0095_0189
274,2008-07-23,2008-07-23,46.589059,8.382737,2407.0,51,,,RGI60-11.01238,-1054.3354045594106,5159499.466038954,95,189,0095_0189
274,2008-07-23,2008-07-23,46.589055,8.382775,2407.0,53,,,RGI60-11.01238,-1051.4244345077527,5159499.021058254,95,189,0095_0189
274,2008-07-23,2008-07-23,46.589052,8.382814,2407.0,56,,,RGI60-11.01238,-1048.4368382246964,5159498.68718402,95,189,0095_0189
274,2008-07-23,2008-07-23,46.589048,8.382853,2407.0,58,,,RGI60-11.01238,-1045.4492608382798,5159498.242192905,95,189,0095_0189
274,2008-07-23,2008-07-23,46.589045,8.382892,2407.0,60,,,RGI60-11.01238,-1042.4616638408775,5159497.908321625,95,189,0095_0189
274,2008-07-23,2008-07-23,46.589041,8.382931,2407.0,63,,,RGI60-11.01238,-1039.4740856303436,5159497.463333466,95,189,0095_0189
274,2008-07-23,2008-07-23,46.589038,8.382969,2407.0,65,,,RGI60-11.01238,-1036.5630944585826,5159497.129478285,95,189,0095_0189
274,2008-07-23,2008-07-23,46.589035,8.383008,2407.0,66,,,RGI60-11.01238,-1033.5754964211178,5159496.795611399,95,189,0095_0189
274,2008-07-23,2008-07-23,46.589033,8.383047,2407.0,66,,,RGI60-11.01238,-1030.5878791008138,5159496.572864347,95,189,0095_0189
274,2008-07-23,2008-07-23,46.58903,8.383086,2407.0,67,,,RGI60-11.01238,-1027.6002804590178,5159496.239000417,96,189,0096_0189
274,2008-07-23,2008-07-23,46.589028,8.383125,2406.0,68,,,RGI60-11.01238,-1024.612662644153,5159496.016256321,96,189,0096_0189
274,2008-07-23,2008-07-23,46.589026,8.383164,2407.0,70,,,RGI60-11.01238,-1021.6250446094805,5159495.793513702,96,189,0096_0189
274,2008-07-23,2008-07-23,46.589025,8.383203,2407.0,72,,,RGI60-11.01238,-1018.6374076215225,5159495.681890917,96,189,0096_0189
274,2008-07-23,2008-07-23,46.589024,8.383243,2408.0,73,,,RGI60-11.01238,-1015.5731639638101,5159495.570256733,96,189,0096_0189
274,2008-07-23,2008-07-23,46.589023,8.383282,2408.0,77,,,RGI60-11.01238,-1012.5855267547325,5159495.45863694,96,189,0096_0189
274,2008-07-23,2008-07-23,46.589023,8.383321,2409.0,81,,,RGI60-11.01238,-1009.5978708682616,5159495.458136981,96,189,0096_0189
274,2008-07-23,2008-07-23,46.589023,8.38336,2409.0,85,,,RGI60-11.01238,-1006.6102149818875,5159495.4576385,96,189,0096_0189
274,2008-07-23,2008-07-23,46.589023,8.383399,2410.0,89,,,RGI60-11.01238,-1003.622559095488,5159495.457141496,96,189,0096_0189
274,2008-07-23,2008-07-23,46.589024,8.383438,2410.0,92,,,RGI60-11.01238,-1000.6348848066654,5159495.567764327,96,189,0096_0189
274,2008-07-23,2008-07-23,46.589025,8.383477,2410.0,94,,,RGI60-11.01238,-997.6472106278297,5159495.678388633,96,189,0096_0189
274,2008-07-23,2008-07-23,46.589027,8.383516,2410.0,96,,,RGI60-11.01238,-994.6595182661067,5159495.900132773,96,189,0096_0189
274,2008-07-23,2008-07-23,46.589028,8.383555,2409.0,98,,,RGI60-11.01238,-991.671844361946,5159496.010760036,96,189,0096_0189
274,2008-07-23,2008-07-23,46.589031,8.383594,2410.0,99,,,RGI60-11.01238,-988.6841342021678,5159496.343625488,96,189,0096_0189
274,2008-07-23,2008-07-23,46.589034,8.383633,2410.0,101,,,RGI60-11.01238,-985.6964243721546,5159496.67649242,96,189,0096_0189
274,2008-07-23,2008-07-23,46.588975,8.385092,2399.0,119,,,RGI60-11.01238,-873.9284224414056,5159490.103309368,98,189,0098_0189
274,2008-07-23,2008-07-23,46.588967,8.385129,2398.0,119,,,RGI60-11.01238,-871.0941053344287,5159489.213953216,98,189,0098_0189
274,2008-07-23,2008-07-23,46.588959,8.385166,2398.0,120,,,RGI60-11.01238,-868.2597873933765,5159488.324598395,98,189,0098_0189
274,2008-07-23,2008-07-23,46.588951,8.385203,2398.0,120,,,RGI60-11.01238,-865.4254686181278,5159487.435244904,98,189,0098_0189
274,2008-07-23,2008-07-23,46.588943,8.385241,2398.0,121,,,RGI60-11.01238,-862.5145423350624,5159486.545881807,98,189,0098_0189
274,2008-07-23,2008-07-23,46.588935,8.385278,2398.0,122,,,RGI60-11.01238,-859.6802218805151,5159485.6565310145,98,189,0098_0189
274,2008-07-23,2008-07-23,46.588928,8.385316,2398.0,122,,,RGI60-11.01238,-856.7692781389347,5159484.878289044,98,189,0098_0189
274,2008-07-23,2008-07-23,46.58892,8.385353,2397.0,123,,,RGI60-11.01238,-853.9349560569756,5159483.988940949,98,189,0098_0189
274,2008-07-23,2008-07-23,46.588913,8.385391,2397.0,124,,,RGI60-11.01238,-851.0240107726393,5159483.210701748,98,189,0098_0189
274,2008-07-23,2008-07-23,46.588907,8.385429,2397.0,124,,,RGI60-11.01238,-848.1130491412938,5159482.543582304,98,189,0098_0189
274,2008-07-23,2008-07-23,46.5889,8.385467,2397.0,125,,,RGI60-11.01238,-845.2021024114164,5159481.765345911,98,189,0098_0189
274,2008-07-23,2008-07-23,46.588894,8.385505,2397.0,126,,,RGI60-11.01238,-842.2911394416058,5159481.098229274,98,189,0098_0189
274,2008-07-23,2008-07-23,46.588889,8.385544,2397.0,127,,,RGI60-11.01238,-839.3035536427734,5159480.542221753,98,189,0098_0189
274,2008-07-23,2008-07-23,46.588884,8.385582,2396.0,128,,,RGI60-11.01238,-836.3925740513324,5159479.986226314,98,189,0098_0189
274,2008-07-23,2008-07-23,46.588878,8.385621,2396.0,129,,,RGI60-11.01238,-833.4050024873098,5159479.319103356,98,189,0098_0189
274,2008-07-23,2008-07-23,46.588874,8.385659,2396.0,130,,,RGI60-11.01238,-830.4940064912065,5159478.874229114,99,189,0099_0189
274,2008-07-23,2008-07-23,46.588871,8.385698,2396.0,132,,,RGI60-11.01238,-827.5063880718371,5159478.540464135,99,189,0099_0189
274,2008-07-23,2008-07-23,46.588868,8.385737,2396.0,133,,,RGI60-11.01238,-824.518769322532,5159478.206700633,99,189,0099_0189
274,2008-07-23,2008-07-23,46.588864,8.385776,2396.0,134,,,RGI60-11.01238,-821.5311653521225,5159477.761820257,99,189,0099_0189
274,2008-07-23,2008-07-23,46.588863,8.385815,2396.0,135,,,RGI60-11.01238,-818.543515781686,5159477.650296419,99,189,0099_0189
274,2008-07-23,2008-07-23,46.588861,8.385854,2395.0,137,,,RGI60-11.01238,-815.5558810996723,5159477.4276557015,99,189,0099_0189
274,2008-07-23,2008-07-23,46.588859,8.385893,2395.0,138,,,RGI60-11.01238,-812.5682461981005,5159477.205016463,99,189,0099_0189
274,2008-07-23,2008-07-23,46.588858,8.385932,2395.0,139,,,RGI60-11.01238,-809.5805961877986,5159477.0934970565,99,189,0099_0189
274,2008-07-23,2008-07-23,46.588858,8.385971,2394.0,141,,,RGI60-11.01238,-806.5929312339681,5159477.09309748,99,189,0099_0189
274,2008-07-23,2008-07-23,46.588858,8.38601,2394.0,141,,,RGI60-11.01238,-803.6052662801175,5159477.092699381,99,189,0099_0189
274,2008-07-23,2008-07-23,46.588859,8.38605,2394.0,142,,,RGI60-11.01238,-800.5409798101788,5159477.20341096,99,189,0099_0189
274,2008-07-23,2008-07-23,46.588859,8.386089,2394.0,144,,,RGI60-11.01238,-797.5533149112321,5159477.203015853,99,189,0099_0189
274,2008-07-23,2008-07-23,46.588861,8.386128,2394.0,145,,,RGI60-11.01238,-794.5656207871623,5159477.4248589305,99,189,0099_0189
274,2008-07-23,2008-07-23,46.588863,8.386167,2393.0,146,,,RGI60-11.01238,-791.5779268827297,5159477.646703485,99,189,0099_0189
274,2008-07-23,2008-07-23,46.588864,8.386206,2393.0,147,,,RGI60-11.01238,-788.5902477009631,5159477.7574311625,99,189,0099_0189
274,2008-07-23,2008-07-23,46.588867,8.386245,2393.0,148,,,RGI60-11.01238,-785.6025397333864,5159478.090397025,99,189,0099_0189
274,2008-07-23,2008-07-23,46.588869,8.386284,2392.0,148,,,RGI60-11.01238,-782.6148464884757,5159478.3122460125,99,189,0099_0189
274,2008-07-23,2008-07-23,46.588872,8.386323,2392.0,149,,,RGI60-11.01238,-779.627139125251,5159478.64521483,99,189,0099_0189
274,2008-07-23,2008-07-23,46.588874,8.386362,2391.0,149,,,RGI60-11.01238,-776.639446374682,5159478.867066771,99,189,0099_0189
274,2008-07-23,2008-07-23,46.588877,8.386401,2391.0,150,,,RGI60-11.01238,-773.6517396160538,5159479.200038543,99,189,0099_0189
274,2008-07-23,2008-07-23,46.58888,8.38644,2391.0,150,,,RGI60-11.01238,-770.6640331868305,5159479.533011792,99,189,0099_0189
274,2008-07-23,2008-07-23,46.588883,8.386479,2391.0,151,,,RGI60-11.01238,-767.6763270874993,5159479.86598652,99,189,0099_0189
274,2008-07-23,2008-07-23,46.588885,8.386518,2390.0,151,,,RGI60-11.01238,-764.6886353806815,5159480.087844372,100,189,0100_0189
274,2008-07-23,2008-07-23,46.588888,8.386557,2390.0,151,,,RGI60-11.01238,-761.7009298855822,5159480.420822053,100,189,0100_0189
274,2008-07-23,2008-07-23,46.58889,8.386596,2389.0,150,,,RGI60-11.01238,-758.7132386733506,5159480.642682861,100,189,0100_0189
274,2008-07-23,2008-07-23,46.588892,8.386635,2389.0,150,,,RGI60-11.01238,-755.7255476808795,5159480.864545143,100,189,0100_0189
274,2008-07-23,2008-07-23,46.588893,8.386674,2389.0,150,,,RGI60-11.01238,-752.73787075162,5159480.97529055,100,189,0100_0189
274,2008-07-23,2008-07-23,46.588894,8.386713,2389.0,150,,,RGI60-11.01238,-749.7501939319881,5159481.086037435,100,189,0100_0189
274,2008-07-23,2008-07-23,46.588895,8.386752,2389.0,151,,,RGI60-11.01238,-746.762517222349,5159481.196785796,100,189,0100_0189
274,2008-07-23,2008-07-23,46.588896,8.386791,2388.0,151,,,RGI60-11.01238,-743.7748406225809,5159481.307535634,100,189,0100_0189
274,2008-07-23,2008-07-23,46.588895,8.38683,2388.0,151,,,RGI60-11.01238,-740.7871913797841,5159481.196050243,100,189,0100_0189
274,2008-07-23,2008-07-23,46.588895,8.386869,2388.0,152,,,RGI60-11.01238,-737.7995284583521,5159481.195684682,100,189,0100_0189
274,2008-07-23,2008-07-23,46.588894,8.386908,2387.0,153,,,RGI60-11.01238,-734.8118790508053,5159481.084202244,100,189,0100_0189
274,2008-07-23,2008-07-23,46.588892,8.386947,2387.0,155,,,RGI60-11.01238,-731.8242429919419,5159480.86160293,100,189,0100_0189
274,2008-07-23,2008-07-23,46.58889,8.386987,2386.0,155,,,RGI60-11.01238,-728.7599999647235,5159480.638995853,100,189,0100_0189
274,2008-07-23,2008-07-23,46.588887,8.387025,2386.0,156,,,RGI60-11.01238,-725.8489835636402,5159480.3052903805,100,189,0100_0189
274,2008-07-23,2008-07-23,46.588884,8.387064,2385.0,157,,,RGI60-11.01238,-722.8613600841892,5159479.971577145,100,189,0100_0189
274,2008-07-23,2008-07-23,46.58888,8.387103,2384.0,157,,,RGI60-11.01238,-719.873749514223,5159479.526747033,100,189,0100_0189
274,2008-07-23,2008-07-23,46.588876,8.387142,2384.0,158,,,RGI60-11.01238,-716.8861385044315,5159479.081918399,100,189,0100_0189
274,2008-07-23,2008-07-23,46.588872,8.38718,2383.0,158,,,RGI60-11.01238,-713.9751338292191,5159478.637100295,100,189,0100_0189
274,2008-07-23,2008-07-23,46.588867,8.387219,2382.0,158,,,RGI60-11.01238,-710.9875350215245,5159478.081156224,100,189,0100_0189
274,2008-07-23,2008-07-23,46.588862,8.387257,2382.0,158,,,RGI60-11.01238,-708.0765424524852,5159477.525222609,100,189,0100_0189
274,2008-07-23,2008-07-23,46.588857,8.387296,2381.0,158,,,RGI60-11.01238,-705.0889425528891,5159476.9692814555,100,189,0100_0189
274,2008-07-23,2008-07-23,46.588851,8.387334,2380.0,157,,,RGI60-11.01238,-702.1779618195189,5159476.30223233,100,189,0100_0189
274,2008-07-23,2008-07-23,46.588845,8.387372,2380.0,157,,,RGI60-11.01238,-699.2669804435687,5159475.635184609,101,189,0101_0189
274,2008-07-23,2008-07-23,46.588839,8.38741,2380.0,157,,,RGI60-11.01238,-696.3559984252828,5159474.968138289,101,189,0101_0189
274,2008-07-23,2008-07-23,46.588834,8.387449,2379.0,156,,,RGI60-11.01238,-693.3683961839695,5159474.412202934,101,189,0101_0189
274,2008-07-23,2008-07-23,46.588829,8.387487,2379.0,156,,,RGI60-11.01238,-690.4574002278066,5159473.85627781,101,189,0101_0189
274,2008-07-23,2008-07-23,46.588823,8.387526,2378.0,155,,,RGI60-11.01238,-687.4698095378143,5159473.189227021,101,189,0101_0189
274,2008-07-23,2008-07-23,46.588819,8.387564,2378.0,155,,,RGI60-11.01238,-684.5587998608638,5159472.744423095,101,189,0101_0189
274,2008-07-23,2008-07-23,46.588814,8.387603,2378.0,154,,,RGI60-11.01238,-681.5711954358729,5159472.188493575,101,189,0101_0189
274,2008-07-23,2008-07-23,46.58881,8.387641,2377.0,154,,,RGI60-11.01238,-678.6601848431329,5159471.743692489,101,189,0101_0189
274,2008-07-23,2008-07-23,46.588807,8.38768,2377.0,153,,,RGI60-11.01238,-675.6725545292882,5159471.410002594,101,189,0101_0189
274,2008-07-23,2008-07-23,46.588804,8.387719,2377.0,153,,,RGI60-11.01238,-672.6849238855112,5159471.076314174,101,189,0101_0189
274,2008-07-23,2008-07-23,46.588801,8.387758,2377.0,152,,,RGI60-11.01238,-669.697292912168,5159470.74262723,101,189,0101_0189
274,2008-07-23,2008-07-23,46.588799,8.387797,2377.0,152,,,RGI60-11.01238,-666.7096493479613,5159470.52006012,101,189,0101_0189
274,2008-07-23,2008-07-23,46.588799,8.387836,2376.0,151,,,RGI60-11.01238,-663.7219811514974,5159470.519731189,101,189,0101_0189
274,2008-07-23,2008-07-23,46.588798,8.387875,2376.0,150,,,RGI60-11.01238,-660.7343251064237,5159470.408285382,101,189,0101_0189
274,2008-07-23,2008-07-23,46.588798,8.387914,2376.0,150,,,RGI60-11.01238,-657.74665685486,5159470.407959405,101,189,0101_0189
274,2008-07-23,2008-07-23,46.588799,8.387954,2375.0,149,,,RGI60-11.01238,-654.682369685113,5159470.5187449595,101,189,0101_0189
274,2008-07-23,2008-07-23,46.5888,8.387993,2375.0,148,,,RGI60-11.01238,-651.694689503663,5159470.629540328,101,189,0101_0189
274,2008-07-23,2008-07-23,46.588802,8.388032,2374.0,148,,,RGI60-11.01238,-648.7069975017453,5159470.851455527,101,189,0101_0189
274,2008-07-23,2008-07-23,46.588805,8.388071,2374.0,146,,,RGI60-11.01238,-645.7192938446813,5159471.184490554,101,189,0101_0189
274,2008-07-23,2008-07-23,46.588808,8.38811,2374.0,145,,,RGI60-11.01238,-642.7315905171474,5159471.517527059,101,189,0101_0189
274,2008-07-23,2008-07-23,46.588811,8.388148,2373.0,144,,,RGI60-11.01238,-639.8204943791326,5159471.850573152,101,189,0101_0189
274,2008-07-23,2008-07-23,46.588816,8.388187,2373.0,142,,,RGI60-11.01238,-636.8327682832187,5159472.40584928,101,189,0101_0189
274,2008-07-23,2008-07-23,46.58882,8.388225,2372.0,141,,,RGI60-11.01238,-633.9216612407068,5159472.85001657,102,189,0102_0189
274,2008-07-23,2008-07-23,46.588825,8.388264,2372.0,140,,,RGI60-11.01238,-630.9339361817847,5159473.405295615,102,189,0102_0189
274,2008-07-23,2008-07-23,46.588831,8.388302,2372.0,139,,,RGI60-11.01238,-628.0228069555559,5159474.071702451,102,189,0102_0189
274,2008-07-23,2008-07-23,46.588837,8.38834,2371.0,138,,,RGI60-11.01238,-625.1116783718605,5159474.738110692,102,189,0102_0189
274,2008-07-23,2008-07-23,46.588843,8.388379,2371.0,137,,,RGI60-11.01238,-622.1239436155466,5159475.404512448,102,189,0102_0189
274,2008-07-23,2008-07-23,46.58885,8.388417,2371.0,136,,,RGI60-11.01238,-619.2128049374269,5159476.182041886,102,189,0102_0189
274,2008-07-23,2008-07-23,46.588856,8.388455,2370.0,136,,,RGI60-11.01238,-616.3016783428334,5159476.848454374,102,189,0102_0189
274,2008-07-23,2008-07-23,46.588863,8.388493,2370.0,135,,,RGI60-11.01238,-613.390541110143,5159477.625986618,102,189,0102_0189
274,2008-07-23,2008-07-23,46.588869,8.388531,2370.0,135,,,RGI60-11.01238,-610.4794158539096,5159478.292401913,102,189,0102_0189
274,2008-07-23,2008-07-23,46.588875,8.388569,2370.0,135,,,RGI60-11.01238,-607.5682912402106,5159478.95881861,102,189,0102_0189
274,2008-07-23,2008-07-23,46.588881,8.388607,2370.0,135,,,RGI60-11.01238,-604.6571672688027,5159479.62523671,102,189,0102_0189
274,2008-07-23,2008-07-23,46.588886,8.388645,2370.0,135,,,RGI60-11.01238,-601.7460550064206,5159480.180537861,102,189,0102_0189
274,2008-07-23,2008-07-23,46.58889,8.388684,2370.0,135,,,RGI60-11.01238,-598.7583475436412,5159480.624714469,102,189,0102_0189
274,2008-07-23,2008-07-23,46.588895,8.388723,2370.0,136,,,RGI60-11.01238,-595.7706295636798,5159481.180010907,102,189,0102_0189
274,2008-07-23,2008-07-23,46.588899,8.388761,2369.0,136,,,RGI60-11.01238,-592.8595297709466,5159481.624197984,102,189,0102_0189
274,2008-07-23,2008-07-23,46.588902,8.3888,2369.0,136,,,RGI60-11.01238,-589.8718345242265,5159481.957260632,102,189,0102_0189
274,2008-07-23,2008-07-23,46.588905,8.388839,2369.0,136,,,RGI60-11.01238,-586.8841396071601,5159482.290324758,102,189,0102_0189
274,2008-07-23,2008-07-23,46.588906,8.388878,2369.0,136,,,RGI60-11.01238,-583.8964664962147,5159482.401153653,102,189,0102_0189
274,2008-07-23,2008-07-23,46.588907,8.388917,2369.0,136,,,RGI60-11.01238,-580.9087934951447,5159482.511984024,102,189,0102_0189
274,2008-07-23,2008-07-23,46.588908,8.388956,2368.0,137,,,RGI60-11.01238,-577.9211206039496,5159482.622815874,102,189,0102_0189
274,2008-07-23,2008-07-23,46.588907,8.388995,2368.0,137,,,RGI60-11.01238,-574.9334689694275,5159482.511412492,102,189,0102_0189
274,2008-07-23,2008-07-23,46.588906,8.389035,2367.0,137,,,RGI60-11.01238,-571.8692104989645,5159482.400003335,102,189,0102_0189
274,2008-07-23,2008-07-23,46.588904,8.389074,2367.0,137,,,RGI60-11.01238,-568.881569105201,5159482.177484592,102,189,0102_0189
274,2008-07-23,2008-07-23,46.588901,8.389112,2366.0,136,,,RGI60-11.01238,-565.9705446319982,5159481.8438561475,103,189,0103_0189
274,2008-07-23,2008-07-23,46.588897,8.389151,2366.0,136,,,RGI60-11.01238,-562.9829234539939,5159481.399103613,103,189,0103_0189
274,2008-07-23,2008-07-23,46.588893,8.38919,2365.0,136,,,RGI60-11.01238,-559.9953018362908,5159480.954352555,103,189,0103_0189
274,2008-07-23,2008-07-23,46.588887,8.389228,2364.0,135,,,RGI60-11.01238,-557.0843070193878,5159480.2873733295,103,189,0103_0189
274,2008-07-23,2008-07-23,46.588882,8.389267,2364.0,135,,,RGI60-11.01238,-554.0966946083412,5159479.731506835,103,189,0103_0189
274,2008-07-23,2008-07-23,46.588876,8.389305,2363.0,134,,,RGI60-11.01238,-551.1856985516149,5159479.064530455,103,189,0103_0189
274,2008-07-23,2008-07-23,46.588869,8.389343,2363.0,134,,,RGI60-11.01238,-548.274711935427,5159478.286437123,103,189,0103_0189
274,2008-07-23,2008-07-23,46.588863,8.389381,2363.0,133,,,RGI60-11.01238,-545.3637145402573,5159477.619463549,103,189,0103_0189
274,2008-07-23,2008-07-23,46.588857,8.389419,2362.0,132,,,RGI60-11.01238,-542.4527165025136,5159476.952491376,103,189,0103_0189
274,2008-07-23,2008-07-23,46.58885,8.389457,2362.0,131,,,RGI60-11.01238,-539.54172774494,5159476.174402254,103,189,0103_0189
274,2008-07-23,2008-07-23,46.588845,8.389495,2362.0,129,,,RGI60-11.01238,-536.6307184997894,5159475.618551242,103,189,0103_0189
274,2008-07-23,2008-07-23,46.588839,8.389533,2362.0,127,,,RGI60-11.01238,-533.7197185348098,5159474.951583279,103,189,0103_0189
274,2008-07-23,2008-07-23,46.588833,8.389572,2361.0,125,,,RGI60-11.01238,-530.7321110983695,5159474.28460999,103,189,0103_0189
274,2008-07-23,2008-07-23,46.588829,8.38961,2361.0,124,,,RGI60-11.01238,-527.8210904260216,5159473.839881576,103,189,0103_0189
274,2008-07-23,2008-07-23,46.588824,8.389649,2361.0,124,,,RGI60-11.01238,-524.8334721372103,5159473.28402956,103,189,0103_0189
274,2008-07-23,2008-07-23,46.588821,8.389688,2361.0,123,,,RGI60-11.01238,-521.845834104826,5159472.950415725,103,189,0103_0189
274,2008-07-23,2008-07-23,46.588818,8.389727,2360.0,123,,,RGI60-11.01238,-518.8581957427574,5159472.616803368,103,189,0103_0189
274,2008-07-23,2008-07-23,46.588816,8.389766,2360.0,121,,,RGI60-11.01238,-515.8705475638423,5159472.3943108395,103,189,0103_0189
274,2008-07-23,2008-07-23,46.588814,8.389805,2359.0,121,,,RGI60-11.01238,-512.8828991650116,5159472.171819789,103,189,0103_0189
274,2008-07-23,2008-07-23,46.588813,8.389844,2359.0,120,,,RGI60-11.01238,-509.8952411693593,5159472.060448569,103,189,0103_0189
274,2008-07-23,2008-07-23,46.588813,8.389883,2358.0,119,,,RGI60-11.01238,-506.90757374135507,5159472.06019718,103,189,0103_0189
274,2008-07-23,2008-07-23,46.588814,8.389922,2357.0,118,,,RGI60-11.01238,-503.9198970459558,5159472.171065618,103,189,0103_0189
274,2008-07-23,2008-07-23,46.588815,8.389961,2357.0,116,,,RGI60-11.01238,-500.9322204604335,5159472.281935534,104,189,0104_0189
274,2008-07-23,2008-07-23,46.588818,8.39,2356.0,115,,,RGI60-11.01238,-497.94452566968056,5159472.615043634,104,189,0104_0189
274,2008-07-23,2008-07-23,46.58882,8.390039,2356.0,114,,,RGI60-11.01238,-494.9568403113758,5159472.837034857,104,189,0104_0189
274,2008-07-23,2008-07-23,46.588824,8.390078,2355.0,113,,,RGI60-11.01238,-491.96913707738605,5159473.281264265,104,189,0104_0189
274,2008-07-23,2008-07-23,46.588827,8.390117,2354.0,112,,,RGI60-11.01238,-488.981443275845,5159473.614376796,104,189,0104_0189
274,2008-07-23,2008-07-23,46.588831,8.390155,2354.0,112,,,RGI60-11.01238,-486.0703476978322,5159474.05861532,104,189,0104_0189
274,2008-07-23,2008-07-23,46.588835,8.390194,2354.0,111,,,RGI60-11.01238,-483.0826457221419,5159474.502849122,104,189,0104_0189
274,2008-07-23,2008-07-23,46.58884,8.390233,2353.0,110,,,RGI60-11.01238,-480.09493535651825,5159475.058202754,104,189,0104_0189
274,2008-07-23,2008-07-23,46.588844,8.390271,2353.0,110,,,RGI60-11.01238,-477.1838411281365,5159475.502445562,104,189,0104_0189
274,2008-07-23,2008-07-23,46.588848,8.39031,2353.0,109,,,RGI60-11.01238,-474.1961405203923,5159475.946683758,104,189,0104_0189
274,2008-07-23,2008-07-23,46.588852,8.390349,2352.0,108,,,RGI60-11.01238,-471.2084403519501,5159476.390923431,104,189,0104_0189
274,2008-07-23,2008-07-23,46.588855,8.390388,2352.0,108,,,RGI60-11.01238,-468.2207492341641,5159476.72404623,104,189,0104_0189
274,2008-07-23,2008-07-23,46.588858,8.390427,2352.0,107,,,RGI60-11.01238,-465.23305844579147,5159477.0571705075,104,189,0104_0189
274,2008-07-23,2008-07-23,46.588861,8.390465,2351.0,107,,,RGI60-11.01238,-462.3219747766438,5159477.390302121,104,189,0104_0189
274,2008-07-23,2008-07-23,46.588862,8.390505,2351.0,107,,,RGI60-11.01238,-459.25769475044854,5159477.501186785,104,189,0104_0189
274,2008-07-23,2008-07-23,46.588863,8.390544,2351.0,106,,,RGI60-11.01238,-456.27002162333395,5159477.612078787,104,189,0104_0189
274,2008-07-23,2008-07-23,46.588864,8.390583,2350.0,106,,,RGI60-11.01238,-453.28234860634166,5159477.722972265,104,189,0104_0189
274,2008-07-23,2008-07-23,46.588863,8.390622,2350.0,105,,,RGI60-11.01238,-450.29469226138,5159477.611630516,104,189,0104_0189
274,2008-07-23,2008-07-23,46.588862,8.390661,2350.0,104,,,RGI60-11.01238,-447.3070358066389,5159477.500290241,104,189,0104_0189
274,2008-07-23,2008-07-23,46.588859,8.3907,2349.0,103,,,RGI60-11.01238,-444.31939558461136,5159477.166714738,104,189,0104_0189
274,2008-07-23,2008-07-23,46.588856,8.390739,2348.0,103,,,RGI60-11.01238,-441.33175503290124,5159476.833140714,104,189,0104_0189
274,2008-07-23,2008-07-23,46.588851,8.390777,2348.0,102,,,RGI60-11.01238,-438.4207370780001,5159476.2773370175,104,189,0104_0189
274,2008-07-23,2008-07-23,46.588845,8.390816,2347.0,102,,,RGI60-11.01238,-435.4331197849,5159475.610410851,105,189,0105_0189
274,2008-07-23,2008-07-23,46.588839,8.390854,2347.0,101,,,RGI60-11.01238,-432.5221086530098,5159474.943491644,105,189,0105_0189
274,2008-07-23,2008-07-23,46.588835,8.390872,2346.0,101,,,RGI60-11.01238,-431.1432175997383,5159474.498919681,105,189,0105_0189
274,2008-07-23,2008-07-23,46.588802,8.391021,2345.0,98,,,RGI60-11.01238,-419.729055233565,5159470.831210339,105,189,0105_0189
274,2008-07-23,2008-07-23,46.588794,8.391059,2345.0,98,,,RGI60-11.01238,-416.81805539770056,5159469.942062,105,189,0105_0189
274,2008-07-23,2008-07-23,46.588786,8.391096,2345.0,98,,,RGI60-11.01238,-413.98366160035454,5159469.052920312,105,189,0105_0189
274,2008-07-23,2008-07-23,46.588779,8.391134,2345.0,97,,,RGI60-11.01238,-411.07265250271223,5159468.274893097,105,189,0105_0189
274,2008-07-23,2008-07-23,46.588772,8.391172,2345.0,97,,,RGI60-11.01238,-408.16164265542716,5159467.496867283,105,189,0105_0189
274,2008-07-23,2008-07-23,46.588766,8.39121,2345.0,97,,,RGI60-11.01238,-405.2506246059589,5159466.829961225,105,189,0105_0189
274,2008-07-23,2008-07-23,46.588761,8.391248,2345.0,96,,,RGI60-11.01238,-402.33959851467444,5159466.274174923,105,189,0105_0189
274,2008-07-23,2008-07-23,46.588757,8.391287,2345.0,96,,,RGI60-11.01238,-399.3519576063342,5159465.829503311,105,189,0105_0189
274,2008-07-23,2008-07-23,46.588753,8.391326,2345.0,95,,,RGI60-11.01238,-396.3643162584229,5159465.384833175,105,189,0105_0189
274,2008-07-23,2008-07-23,46.58875,8.391365,2345.0,95,,,RGI60-11.01238,-393.3766672364072,5159465.051282869,105,189,0105_0189
274,2008-07-23,2008-07-23,46.588748,8.391404,2345.0,93,,,RGI60-11.01238,-390.38901070548854,5159464.828852392,105,189,0105_0189
274,2008-07-23,2008-07-23,46.588746,8.391443,2345.0,92,,,RGI60-11.01238,-387.4013539545365,5159464.60642339,105,189,0105_0189
274,2008-07-23,2008-07-23,46.588744,8.391482,2345.0,91,,,RGI60-11.01238,-384.4136969840384,5159464.383995867,105,189,0105_0189
274,2008-07-23,2008-07-23,46.588743,8.391521,2345.0,90,,,RGI60-11.01238,-381.4260327789979,5159464.272688174,105,189,0105_0189
274,2008-07-23,2008-07-23,46.588741,8.39156,2345.0,89,,,RGI60-11.01238,-378.43837542362206,5159464.050263606,105,189,0105_0189
274,2008-07-23,2008-07-23,46.582147,8.384052,2269.0,51,,,RGI60-11.01238,-953.7190546325446,5158731.39968168,97,200,0097_0200
274,2008-07-23,2008-07-23,46.582136,8.384088,2269.0,53,,,RGI60-11.01238,-950.9610620391782,5158730.176946602,97,200,0097_0200
274,2008-07-23,2008-07-23,46.582125,8.384124,2269.0,56,,,RGI60-11.01238,-948.2030683301971,5158728.954212783,97,200,0097_0200
274,2008-07-23,2008-07-23,46.582116,8.384161,2269.0,59,,,RGI60-11.01238,-945.3684224473218,5158727.953704686,97,200,0097_0200
274,2008-07-23,2008-07-23,46.582108,8.384198,2269.0,63,,,RGI60-11.01238,-942.5337582967879,5158727.0643161405,97,200,0097_0200
274,2008-07-23,2008-07-23,46.582101,8.384236,2269.0,66,,,RGI60-11.01238,-939.6224597219638,5158726.286035236,97,200,0097_0200
274,2008-07-23,2008-07-23,46.582097,8.384275,2269.0,69,,,RGI60-11.01238,-936.6344924113411,5158725.841098523,97,200,0097_0200
274,2008-07-23,2008-07-23,46.582093,8.384313,2269.0,74,,,RGI60-11.01238,-933.7231409852092,5158725.396175126,97,200,0097_0200
274,2008-07-23,2008-07-23,46.582092,8.384353,2269.0,79,,,RGI60-11.01238,-930.6585051377623,5158725.284584194,97,200,0097_0200
274,2008-07-23,2008-07-23,46.582093,8.384392,2269.0,82,,,RGI60-11.01238,-927.670451391558,5158725.395243022,97,200,0097_0200
274,2008-07-23,2008-07-23,46.582094,8.384431,2269.0,83,,,RGI60-11.01238,-924.6823977553297,5158725.505903324,97,200,0097_0200
274,2008-07-23,2008-07-23,46.581985,8.386627,2283.0,98,,,RGI60-11.01238,-756.434469338169,5158713.3706166055,100,201,0100_0201
274,2008-07-23,2008-07-23,46.581976,8.386664,2283.0,97,,,RGI60-11.01238,-753.5997844233337,5158712.3701984845,100,201,0100_0201
274,2008-07-23,2008-07-23,46.58197,8.386702,2284.0,96,,,RGI60-11.01238,-750.6884406619836,5158711.703126834,100,201,0100_0201
274,2008-07-23,2008-07-23,46.581965,8.38674,2284.0,96,,,RGI60-11.01238,-747.7770825093698,5158711.147174805,100,201,0100_0201
274,2008-07-23,2008-07-23,46.581964,8.386779,2284.0,95,,,RGI60-11.01238,-744.7890525348699,5158711.035687612,100,201,0100_0201
274,2008-07-23,2008-07-23,46.581963,8.386819,2285.0,94,,,RGI60-11.01238,-741.7244059434022,5158710.924192493,100,201,0100_0201
274,2008-07-23,2008-07-23,46.581965,8.386858,2285.0,93,,,RGI60-11.01238,-738.7363350001086,5158711.146062948,100,201,0100_0201
274,2008-07-23,2008-07-23,46.581968,8.386896,2285.0,93,,,RGI60-11.01238,-735.8248672489865,5158711.479062428,100,201,0100_0201
274,2008-07-23,2008-07-23,46.581973,8.386935,2286.0,93,,,RGI60-11.01238,-732.8367563750934,5158712.034290456,100,201,0100_0201
274,2008-07-23,2008-07-23,46.581979,8.386973,2286.0,93,,,RGI60-11.01238,-729.9252491160925,5158712.700647434,100,201,0100_0201
274,2008-07-23,2008-07-23,46.581985,8.387011,2286.0,92,,,RGI60-11.01238,-727.0137424993044,5158713.367005818,100,201,0100_0201
274,2008-07-23,2008-07-23,46.581992,8.387049,2287.0,93,,,RGI60-11.01238,-724.102223211495,5158714.144483822,100,201,0100_0201
274,2008-07-23,2008-07-23,46.582,8.387086,2287.0,93,,,RGI60-11.01238,-721.2673078679587,5158715.033090595,100,201,0100_0201
274,2008-07-23,2008-07-23,46.582007,8.387124,2287.0,93,,,RGI60-11.01238,-718.3557901226023,5158715.810571369,100,201,0100_0201
274,2008-07-23,2008-07-23,46.582015,8.387162,2288.0,92,,,RGI60-11.01238,-715.4442599722141,5158716.699171767,100,201,0100_0201
274,2008-07-23,2008-07-23,46.582022,8.387199,2288.0,92,,,RGI60-11.01238,-712.6093602031351,5158717.476664383,100,201,0100_0201
274,2008-07-23,2008-07-23,46.58203,8.387237,2288.0,91,,,RGI60-11.01238,-709.6978317008493,5158718.365267552,100,201,0100_0201
274,2008-07-23,2008-07-23,46.582036,8.387275,2289.0,90,,,RGI60-11.01238,-706.7863300453868,5158719.031635684,100,201,0100_0201
274,2008-07-23,2008-07-23,46.582042,8.387313,2289.0,89,,,RGI60-11.01238,-703.8748290321382,5158719.698005221,100,200,0100_0200
274,2008-07-23,2008-07-23,46.582048,8.387351,2289.0,88,,,RGI60-11.01238,-700.9633286613479,5158720.364376159,100,200,0100_0200
274,2008-07-23,2008-07-23,46.582053,8.38739,2289.0,88,,,RGI60-11.01238,-697.9752253870148,5158720.919621431,101,200,0101_0200
274,2008-07-23,2008-07-23,46.582056,8.387429,2290.0,87,,,RGI60-11.01238,-694.9871482185525,5158721.252631742,101,200,0101_0200
274,2008-07-23,2008-07-23,46.58206,8.387467,2290.0,87,,,RGI60-11.01238,-692.0756750267645,5158721.696770521,101,200,0101_0200
274,2008-07-23,2008-07-23,46.582063,8.387506,2290.0,86,,,RGI60-11.01238,-689.0875985681198,5158722.029783748,101,200,0101_0200
274,2008-07-23,2008-07-23,46.582065,8.387545,2290.0,85,,,RGI60-11.01238,-686.0995350538753,5158722.251680233,101,200,0101_0200
274,2008-07-23,2008-07-23,46.582067,8.387584,2290.0,85,,,RGI60-11.01238,-683.111471759246,5158722.473578192,101,200,0101_0200
274,2008-07-23,2008-07-23,46.582068,8.387624,2291.0,84,,,RGI60-11.01238,-680.0468048302165,5158722.584350788,101,200,0101_0200
274,2008-07-23,2008-07-23,46.582069,8.387663,2291.0,83,,,RGI60-11.01238,-677.0587543716241,5158722.69513352,101,200,0101_0200
274,2008-07-23,2008-07-23,46.582071,8.387702,2291.0,83,,,RGI60-11.01238,-674.0706916292688,5158722.91703595,101,200,0101_0200
274,2008-07-23,2008-07-23,46.582072,8.387741,2291.0,82,,,RGI60-11.01238,-671.0826414453362,5158723.027821639,101,200,0101_0200
274,2008-07-23,2008-07-23,46.582073,8.38778,2291.0,82,,,RGI60-11.01238,-668.0945913712646,5158723.138608803,101,200,0101_0200
274,2008-07-23,2008-07-23,46.582075,8.387819,2292.0,81,,,RGI60-11.01238,-665.1065291782452,5158723.360515666,101,200,0101_0200
274,2008-07-23,2008-07-23,46.582077,8.387858,2292.0,81,,,RGI60-11.01238,-662.1184672049637,5158723.5824240055,101,200,0101_0200
274,2008-07-23,2008-07-23,46.58208,8.387897,2292.0,81,,,RGI60-11.01238,-659.1303933324883,5158723.915452045,101,200,0101_0200
274,2008-07-23,2008-07-23,46.582083,8.387936,2292.0,81,,,RGI60-11.01238,-656.1423197896275,5158724.2484815605,101,200,0101_0200
274,2008-07-23,2008-07-23,46.582086,8.387975,2293.0,81,,,RGI60-11.01238,-653.1542465762593,5158724.581512555,101,200,0101_0200
274,2008-07-23,2008-07-23,46.582089,8.388013,2293.0,81,,,RGI60-11.01238,-650.2427900223402,5158724.914553271,101,200,0101_0200
274,2008-07-23,2008-07-23,46.582093,8.388052,2293.0,80,,,RGI60-11.01238,-647.25470556351,5158725.358705401,101,200,0101_0200
274,2008-07-23,2008-07-23,46.582097,8.388091,2293.0,80,,,RGI60-11.01238,-644.2666215442929,5158725.802859012,101,200,0101_0200
274,2008-07-23,2008-07-23,46.582101,8.38813,2294.0,79,,,RGI60-11.01238,-641.278537964323,5158726.247014099,101,200,0101_0200
274,2008-07-23,2008-07-23,46.582105,8.388168,2294.0,79,,,RGI60-11.01238,-638.3670711311415,5158726.691178757,101,200,0101_0200
274,2008-07-23,2008-07-23,46.582109,8.388207,2294.0,78,,,RGI60-11.01238,-635.378988424642,5158727.135336762,101,200,0101_0200
274,2008-07-23,2008-07-23,46.582112,8.388246,2294.0,78,,,RGI60-11.01238,-632.3909177848184,5158727.468378023,102,200,0102_0200
274,2008-07-23,2008-07-23,46.582116,8.388285,2295.0,77,,,RGI60-11.01238,-629.4028359024859,5158727.912538984,102,200,0102_0200
274,2008-07-23,2008-07-23,46.582118,8.388324,2295.0,77,,,RGI60-11.01238,-626.4147774942613,5158728.134464977,102,200,0102_0200
274,2008-07-23,2008-07-23,46.58212,8.388363,2295.0,77,,,RGI60-11.01238,-623.4267193060194,5158728.356392451,102,200,0102_0200
274,2008-07-23,2008-07-23,46.582122,8.388402,2295.0,76,,,RGI60-11.01238,-620.4386613373946,5158728.578321399,102,200,0102_0200
274,2008-07-23,2008-07-23,46.582123,8.388441,2296.0,76,,,RGI60-11.01238,-617.4506149410014,5158728.689133603,102,200,0102_0200
274,2008-07-23,2008-07-23,46.582123,8.38848,2296.0,75,,,RGI60-11.01238,-614.4625799523898,5158728.688829063,102,200,0102_0200
274,2008-07-23,2008-07-23,46.582123,8.388519,2296.0,75,,,RGI60-11.01238,-611.474544963519,5158728.688526001,102,200,0102_0200
274,2008-07-23,2008-07-23,46.582121,8.388558,2296.0,74,,,RGI60-11.01238,-608.4865323504719,5158728.465987971,102,200,0102_0200
274,2008-07-23,2008-07-23,46.582119,8.388597,2296.0,73,,,RGI60-11.01238,-605.4985195174099,5158728.24345142,102,200,0102_0200
274,2008-07-23,2008-07-23,46.582117,8.388636,2297.0,73,,,RGI60-11.01238,-602.5105064646988,5158728.0209163455,102,200,0102_0200
274,2008-07-23,2008-07-23,46.582113,8.388675,2297.0,72,,,RGI60-11.01238,-599.522515238298,5158727.5761463065,102,200,0102_0200
274,2008-07-23,2008-07-23,46.58211,8.388714,2297.0,72,,,RGI60-11.01238,-596.5345126040847,5158727.242495965,102,200,0102_0200
274,2008-07-23,2008-07-23,46.582105,8.388752,2297.0,71,,,RGI60-11.01238,-593.6231477737264,5158726.686618186,102,200,0102_0200
274,2008-07-23,2008-07-23,46.582101,8.388791,2297.0,71,,,RGI60-11.01238,-590.6351552342543,5158726.24185254,102,200,0102_0200
274,2008-07-23,2008-07-23,46.582096,8.38883,2297.0,70,,,RGI60-11.01238,-587.6471730597619,5158725.68597015,102,200,0102_0200
274,2008-07-23,2008-07-23,46.582092,8.388868,2297.0,69,,,RGI60-11.01238,-584.7357959117892,5158725.241214873,102,200,0102_0200
274,2008-07-23,2008-07-23,46.582088,8.388907,2298.0,68,,,RGI60-11.01238,-581.747802004429,5158724.796453623,102,200,0102_0200
274,2008-07-23,2008-07-23,46.582085,8.388946,2298.0,66,,,RGI60-11.01238,-578.7597970163208,5158724.462812072,102,200,0102_0200
274,2008-07-23,2008-07-23,46.582082,8.388985,2298.0,65,,,RGI60-11.01238,-575.7717916985639,5158724.129171998,102,200,0102_0200
274,2008-07-23,2008-07-23,46.58208,8.389024,2298.0,64,,,RGI60-11.01238,-572.7837755199384,5158723.906651624,102,200,0102_0200
274,2008-07-23,2008-07-23,46.582079,8.389063,2298.0,62,,,RGI60-11.01238,-569.7957486448968,5158723.795250948,102,200,0102_0200
274,2008-07-23,2008-07-23,46.582079,8.389102,2298.0,61,,,RGI60-11.01238,-566.8077112386208,5158723.7949699685,103,200,0103_0200
274,2008-07-23,2008-07-23,46.582079,8.389141,2298.0,59,,,RGI60-11.01238,-563.819673832331,5158723.794690467,103,200,0103_0200
274,2008-07-23,2008-07-23,46.582081,8.38918,2299.0,57,,,RGI60-11.01238,-560.8316158028537,5158724.016648887,103,200,0103_0200
274,2008-07-23,2008-07-23,46.582083,8.389219,2299.0,54,,,RGI60-11.01238,-557.8435579929951,5158724.238608781,103,200,0103_0200
274,2008-07-23,2008-07-23,46.582087,8.389258,2299.0,51,,,RGI60-11.01238,-554.8554799997005,5158724.682806599,103,200,0103_0200
274,2008-07-23,2008-07-23,46.58209,8.389297,2299.0,48,,,RGI60-11.01238,-551.8674125925498,5158725.01588767,103,200,0103_0200
274,2008-07-23,2008-07-23,46.582094,8.389336,2299.0,47,,,RGI60-11.01238,-548.879335423183,5158725.460088441,103,200,0103_0200
274,2008-07-23,2008-07-23,46.582098,8.389374,2299.0,45,,,RGI60-11.01238,-545.967875010236,5158725.904297611,103,200,0103_0200
274,2008-07-23,2008-07-23,46.582102,8.389413,2299.0,43,,,RGI60-11.01238,-542.9797987143448,5158726.348501299,103,200,0103_0200
274,2008-07-23,2008-07-23,46.582107,8.389451,2299.0,42,,,RGI60-11.01238,-540.0683292336457,5158726.903831532,103,200,0103_0200
274,2008-07-23,2008-07-23,46.582111,8.38949,2299.0,41,,,RGI60-11.01238,-537.0802538658032,5158727.348038138,103,200,0103_0200
274,2008-07-23,2008-07-23,46.582116,8.389529,2300.0,41,,,RGI60-11.01238,-534.092169117738,5158727.903364443,103,200,0103_0200
274,2008-07-23,2008-07-23,46.58212,8.389567,2300.0,41,,,RGI60-11.01238,-531.1807109698808,5158728.347580738,103,200,0103_0200
274,2008-07-23,2008-07-23,46.582124,8.389606,2300.0,40,,,RGI60-11.01238,-528.1926369699477,5158728.791791739,103,200,0103_0200
274,2008-07-23,2008-07-23,46.582128,8.389645,2300.0,40,,,RGI60-11.01238,-525.2045634095093,5158729.2360042175,103,200,0103_0200
274,2008-07-23,2008-07-23,46.582131,8.389684,2301.0,40,,,RGI60-11.01238,-522.2164998901826,5158729.5690999525,103,200,0103_0200
274,2008-07-23,2008-07-23,46.582134,8.389723,2301.0,39,,,RGI60-11.01238,-519.2284367004746,5158729.9021971645,103,200,0103_0200
274,2008-07-23,2008-07-23,46.582136,8.389762,2301.0,38,,,RGI60-11.01238,-516.240383332125,5158730.124177631,103,200,0103_0200
274,2008-07-23,2008-07-23,46.589398,8.383947,2415.0,96,,,RGI60-11.01238,-961.6355315551317,5159537.11969921,97,188,0097_0188
274,2008-07-23,2008-07-23,46.58939,8.383984,2415.0,98,,,RGI60-11.01238,-958.8012494048143,5159536.230301843,97,188,0097_0188
274,2008-07-23,2008-07-23,46.589383,8.384022,2415.0,101,,,RGI60-11.01238,-955.890342785196,5159535.452012052,97,188,0097_0188
274,2008-07-23,2008-07-23,46.589376,8.38406,2415.0,103,,,RGI60-11.01238,-952.9794354161501,5159534.673723663,97,188,0097_0188
274,2008-07-23,2008-07-23,46.589369,8.384098,2415.0,105,,,RGI60-11.01238,-950.068527297433,5159533.895436677,97,188,0097_0188
274,2008-07-23,2008-07-23,46.589363,8.384136,2414.0,108,,,RGI60-11.01238,-947.157601010169,5159533.228269459,97,188,0097_0188
274,2008-07-23,2008-07-23,46.589357,8.384174,2414.0,110,,,RGI60-11.01238,-944.2466740803102,5159532.561103643,97,188,0097_0188
274,2008-07-23,2008-07-23,46.589352,8.384212,2414.0,112,,,RGI60-11.01238,-941.335729196059,5159532.005057594,97,188,0097_0188
274,2008-07-23,2008-07-23,46.589347,8.384251,2414.0,115,,,RGI60-11.01238,-938.3481776714959,5159531.44900105,97,188,0097_0188
274,2008-07-23,2008-07-23,46.589344,8.38429,2414.0,117,,,RGI60-11.01238,-935.3605911933918,5159531.115182709,97,188,0097_0188
274,2008-07-23,2008-07-23,46.58934,8.384329,2414.0,119,,,RGI60-11.01238,-932.3730215326707,5159530.670247483,97,188,0097_0188
274,2008-07-23,2008-07-23,46.589337,8.384367,2414.0,121,,,RGI60-11.01238,-929.4620404589862,5159530.3364438815,97,188,0097_0188
274,2008-07-23,2008-07-23,46.589335,8.384406,2413.0,123,,,RGI60-11.01238,-926.4744359021041,5159530.113748297,97,188,0097_0188
274,2008-07-23,2008-07-23,46.589334,8.384445,2413.0,125,,,RGI60-11.01238,-923.4868141417634,5159530.002172554,97,188,0097_0188
274,2008-07-23,2008-07-23,46.589332,8.384485,2413.0,127,,,RGI60-11.01238,-920.4226030745281,5159529.779468254,97,188,0097_0188
274,2008-07-23,2008-07-23,46.589332,8.384524,2413.0,128,,,RGI60-11.01238,-917.4349641654082,5159529.779013865,97,188,0097_0188
274,2008-07-23,2008-07-23,46.589332,8.384563,2412.0,130,,,RGI60-11.01238,-914.4473252563877,5159529.778560954,97,188,0097_0188
274,2008-07-23,2008-07-23,46.589332,8.384602,2412.0,132,,,RGI60-11.01238,-911.4596863474658,5159529.77810952,97,188,0097_0188
274,2008-07-23,2008-07-23,46.589334,8.384641,2412.0,134,,,RGI60-11.01238,-908.4720140230015,5159529.999896289,97,188,0097_0188
274,2008-07-23,2008-07-23,46.589335,8.38468,2411.0,137,,,RGI60-11.01238,-905.4843585712322,5159530.110566171,97,188,0097_0188
274,2008-07-23,2008-07-23,46.589336,8.384719,2411.0,139,,,RGI60-11.01238,-902.4967032290868,5159530.221237532,97,188,0097_0188
274,2008-07-23,2008-07-23,46.589339,8.384758,2411.0,142,,,RGI60-11.01238,-899.509014911326,5159530.5541470945,97,188,0097_0188
274,2008-07-23,2008-07-23,46.589341,8.384797,2410.0,145,,,RGI60-11.01238,-896.521343411071,5159530.775939772,98,188,0098_0188
274,2008-07-23,2008-07-23,46.589343,8.384836,2410.0,149,,,RGI60-11.01238,-893.533672130574,5159530.997733927,98,188,0098_0188
274,2008-07-23,2008-07-23,46.589346,8.384875,2410.0,154,,,RGI60-11.01238,-890.5459846919889,5159531.330647923,98,188,0098_0188
274,2008-07-23,2008-07-23,46.589349,8.384914,2409.0,158,,,RGI60-11.01238,-887.558297582808,5159531.663563395,98,188,0098_0188
274,2008-07-23,2008-07-23,46.589351,8.384953,2409.0,159,,,RGI60-11.01238,-884.5706270714762,5159531.885361982,98,188,0098_0188
274,2008-07-23,2008-07-23,46.589354,8.384992,2409.0,160,,,RGI60-11.01238,-881.5829405667685,5159532.218280409,98,188,0098_0188
274,2008-07-23,2008-07-23,46.589356,8.385031,2409.0,161,,,RGI60-11.01238,-878.5952705498988,5159532.440081952,98,188,0098_0188
274,2008-07-23,2008-07-23,46.589359,8.38507,2408.0,161,,,RGI60-11.01238,-875.6075846495434,5159532.773003335,98,188,0098_0188
274,2008-07-23,2008-07-23,46.589361,8.385109,2408.0,161,,,RGI60-11.01238,-872.6199151271366,5159532.994807831,98,188,0098_0188
274,2008-07-23,2008-07-23,46.589363,8.385148,2408.0,162,,,RGI60-11.01238,-869.6322458244885,5159533.216613806,98,188,0098_0188
274,2008-07-23,2008-07-23,46.589364,8.385187,2407.0,162,,,RGI60-11.01238,-866.6445926800097,5159533.3273028955,98,188,0098_0188
274,2008-07-23,2008-07-23,46.589366,8.385226,2407.0,162,,,RGI60-11.01238,-863.6569237619349,5159533.549111826,98,188,0098_0188
274,2008-07-23,2008-07-23,46.589367,8.385265,2407.0,163,,,RGI60-11.01238,-860.6692708921396,5159533.659803868,98,188,0098_0188
274,2008-07-23,2008-07-23,46.589367,8.385305,2407.0,163,,,RGI60-11.01238,-857.6050278291553,5159533.659368153,98,188,0098_0188
274,2008-07-23,2008-07-23,46.589368,8.385344,2407.0,163,,,RGI60-11.01238,-854.6173751255614,5159533.770063189,98,188,0098_0188
274,2008-07-23,2008-07-23,46.589368,8.385383,2406.0,163,,,RGI60-11.01238,-851.6297381942334,5159533.769641339,98,188,0098_0188
274,2008-07-23,2008-07-23,46.589367,8.385422,2406.0,163,,,RGI60-11.01238,-848.6421168699707,5159533.658102603,98,188,0098_0188
274,2008-07-23,2008-07-23,46.589366,8.385461,2406.0,163,,,RGI60-11.01238,-845.6544954360384,5159533.546565345,98,188,0098_0188
274,2008-07-23,2008-07-23,46.589365,8.385481,2406.0,163,,,RGI60-11.01238,-844.1223894004627,5159533.435232734,98,188,0098_0188
274,2008-07-23,2008-07-23,46.589203,8.387022,2386.0,150,,,RGI60-11.01238,-726.0745842473692,5159515.418718785,100,188,0100_0188
274,2008-07-23,2008-07-23,46.589205,8.387061,2386.0,151,,,RGI60-11.01238,-723.0869116528545,5159515.640597218,100,188,0100_0188
274,2008-07-23,2008-07-23,46.589208,8.3871,2385.0,150,,,RGI60-11.01238,-720.0992260346281,5159515.973595488,100,188,0100_0188
274,2008-07-23,2008-07-23,46.58921,8.387139,2385.0,150,,,RGI60-11.01238,-717.1115539345831,5159516.195476876,100,188,0100_0188
274,2008-07-23,2008-07-23,46.589214,8.387178,2384.0,150,,,RGI60-11.01238,-714.1238557873752,5159516.639596459,100,188,0100_0188
274,2008-07-23,2008-07-23,46.589218,8.387216,2384.0,151,,,RGI60-11.01238,-711.2127643662857,5159517.08372654,100,188,0100_0188
274,2008-07-23,2008-07-23,46.589221,8.387255,2383.0,150,,,RGI60-11.01238,-708.2250801176299,5159517.416730682,100,188,0100_0188
274,2008-07-23,2008-07-23,46.589225,8.387294,2383.0,150,,,RGI60-11.01238,-705.2373832284667,5159517.860854663,100,188,0100_0188
274,2008-07-23,2008-07-23,46.58923,8.387332,2383.0,150,,,RGI60-11.01238,-702.3262801336672,5159518.4161073845,100,188,0100_0188
274,2008-07-23,2008-07-23,46.589235,8.387371,2383.0,150,,,RGI60-11.01238,-699.3385713115819,5159518.971352644,101,188,0101_0188
274,2008-07-23,2008-07-23,46.58924,8.387409,2382.0,149,,,RGI60-11.01238,-696.4274692945119,5159519.526608209,101,188,0101_0188
274,2008-07-23,2008-07-23,46.589245,8.387448,2382.0,149,,,RGI60-11.01238,-693.4397615642442,5159520.081856386,101,188,0101_0188
274,2008-07-23,2008-07-23,46.58925,8.387486,2382.0,149,,,RGI60-11.01238,-690.5286606246607,5159520.637114795,101,188,0101_0188
274,2008-07-23,2008-07-23,46.589256,8.387524,2381.0,149,,,RGI60-11.01238,-687.617547574778,5159521.303492966,101,188,0101_0188
274,2008-07-23,2008-07-23,46.589261,8.387563,2381.0,148,,,RGI60-11.01238,-684.62984153366,5159521.8587454995,101,188,0101_0188
274,2008-07-23,2008-07-23,46.589266,8.387601,2381.0,148,,,RGI60-11.01238,-681.7187422609296,5159522.414008155,101,188,0101_0188
274,2008-07-23,2008-07-23,46.589272,8.387639,2381.0,148,,,RGI60-11.01238,-678.8076310395503,5159523.080390574,101,188,0101_0188
274,2008-07-23,2008-07-23,46.589277,8.387678,2380.0,147,,,RGI60-11.01238,-675.8199266877052,5159523.635647466,101,188,0101_0188
274,2008-07-23,2008-07-23,46.589283,8.387716,2380.0,147,,,RGI60-11.01238,-672.9088167060727,5159524.302032728,101,188,0101_0188
274,2008-07-23,2008-07-23,46.589288,8.387755,2380.0,147,,,RGI60-11.01238,-669.9211135008696,5159524.857292538,101,188,0101_0188
274,2008-07-23,2008-07-23,46.589292,8.387793,2380.0,146,,,RGI60-11.01238,-667.010029292808,5159525.30144392,101,188,0101_0188
274,2008-07-23,2008-07-23,46.589297,8.387832,2379.0,146,,,RGI60-11.01238,-664.0223271246032,5159525.856706646,101,188,0101_0188
274,2008-07-23,2008-07-23,46.589302,8.38787,2379.0,145,,,RGI60-11.01238,-661.1112316738271,5159526.411979234,101,188,0101_0188
274,2008-07-23,2008-07-23,46.589306,8.387909,2379.0,145,,,RGI60-11.01238,-658.1235427006864,5159526.856126515,101,188,0101_0188
274,2008-07-23,2008-07-23,46.58931,8.387948,2379.0,144,,,RGI60-11.01238,-655.1358541673329,5159527.3002752755,101,188,0101_0188
274,2008-07-23,2008-07-23,46.589314,8.387986,2379.0,144,,,RGI60-11.01238,-652.2247722246149,5159527.744433783,101,188,0101_0188
274,2008-07-23,2008-07-23,46.589318,8.388025,2379.0,143,,,RGI60-11.01238,-649.2370845645922,5159528.188585462,101,188,0101_0188
274,2008-07-23,2008-07-23,46.589321,8.388064,2378.0,143,,,RGI60-11.01238,-646.2494092292307,5159528.521620254,101,188,0101_0188
274,2008-07-23,2008-07-23,46.589324,8.388103,2378.0,142,,,RGI60-11.01238,-643.2617342236454,5159528.854656526,101,188,0101_0188
274,2008-07-23,2008-07-23,46.589327,8.388142,2378.0,141,,,RGI60-11.01238,-640.2740595474712,5159529.187694274,101,188,0101_0188
274,2008-07-23,2008-07-23,46.58933,8.388181,2377.0,140,,,RGI60-11.01238,-637.2863852010738,5159529.520733498,101,188,0101_0188
274,2008-07-23,2008-07-23,46.589332,8.38822,2377.0,139,,,RGI60-11.01238,-634.2987228496688,5159529.742655839,102,188,0102_0188
274,2008-07-23,2008-07-23,46.589333,8.388259,2376.0,138,,,RGI60-11.01238,-631.3110723284213,5159529.853461294,102,188,0102_0188
274,2008-07-23,2008-07-23,46.589335,8.388298,2376.0,138,,,RGI60-11.01238,-628.3234103616018,5159530.075386588,102,188,0102_0188
274,2008-07-23,2008-07-23,46.589336,8.388337,2376.0,137,,,RGI60-11.01238,-625.3357601150494,5159530.186195,102,188,0102_0188
274,2008-07-23,2008-07-23,46.589337,8.388376,2375.0,136,,,RGI60-11.01238,-622.3481099783722,5159530.297004887,102,188,0102_0188
274,2008-07-23,2008-07-23,46.589337,8.388415,2375.0,135,,,RGI60-11.01238,-619.3604713421817,5159530.296697889,102,188,0102_0188
274,2008-07-23,2008-07-23,46.589337,8.388454,2374.0,134,,,RGI60-11.01238,-616.3728327059755,5159530.296392368,102,188,0102_0188
274,2008-07-23,2008-07-23,46.589337,8.388493,2374.0,133,,,RGI60-11.01238,-613.3851940697541,5159530.296088326,102,188,0102_0188
274,2008-07-23,2008-07-23,46.589336,8.388533,2374.0,132,,,RGI60-11.01238,-610.3209605389461,5159530.184659658,102,188,0102_0188
274,2008-07-23,2008-07-23,46.589335,8.388572,2373.0,131,,,RGI60-11.01238,-607.3333330171688,5159530.073240245,102,188,0102_0188
274,2008-07-23,2008-07-23,46.589334,8.388611,2373.0,130,,,RGI60-11.01238,-604.3457053856071,5159529.961822308,102,188,0102_0188
274,2008-07-23,2008-07-23,46.589333,8.38865,2373.0,129,,,RGI60-11.01238,-601.3580776438953,5159529.85040585,102,188,0102_0188
274,2008-07-23,2008-07-23,46.589331,8.388689,2372.0,128,,,RGI60-11.01238,-598.3704607971048,5159529.627872505,102,188,0102_0188
274,2008-07-23,2008-07-23,46.589329,8.388728,2372.0,127,,,RGI60-11.01238,-595.3828437302733,5159529.405340638,102,188,0102_0188
274,2008-07-23,2008-07-23,46.589327,8.388767,2372.0,126,,,RGI60-11.01238,-592.3952264437662,5159529.18281025,102,188,0102_0188
274,2008-07-23,2008-07-23,46.589324,8.388806,2371.0,125,,,RGI60-11.01238,-589.4076197772079,5159528.849162975,102,188,0102_0188
274,2008-07-23,2008-07-23,46.589322,8.388845,2371.0,125,,,RGI60-11.01238,-586.4200019961605,5159528.626635542,102,188,0102_0188
274,2008-07-23,2008-07-23,46.58932,8.388884,2371.0,124,,,RGI60-11.01238,-583.4323839954378,5159528.404109585,102,188,0102_0188
274,2008-07-23,2008-07-23,46.589317,8.388923,2370.0,124,,,RGI60-11.01238,-580.4447764495834,5159528.070466742,102,188,0102_0188
274,2008-07-23,2008-07-23,46.589315,8.388962,2370.0,123,,,RGI60-11.01238,-577.4571579541995,5159527.84794374,102,188,0102_0188
274,2008-07-23,2008-07-23,46.589312,8.389001,2370.0,123,,,RGI60-11.01238,-574.4695498040354,5159527.514303854,102,188,0102_0188
274,2008-07-23,2008-07-23,46.58931,8.38904,2369.0,122,,,RGI60-11.01238,-571.481930814112,5159527.291783806,102,188,0102_0188
274,2008-07-23,2008-07-23,46.589307,8.389079,2369.0,121,,,RGI60-11.01238,-568.4943220593955,5159526.958146874,102,188,0102_0188
274,2008-07-23,2008-07-23,46.589305,8.389118,2369.0,120,,,RGI60-11.01238,-565.5067025750549,5159526.735629781,103,188,0103_0188
274,2008-07-23,2008-07-23,46.589303,8.389157,2368.0,119,,,RGI60-11.01238,-562.5190828706745,5159526.513114166,103,188,0103_0188
274,2008-07-23,2008-07-23,46.589301,8.389196,2368.0,118,,,RGI60-11.01238,-559.5314629467414,5159526.290600028,103,188,0103_0188
274,2008-07-23,2008-07-23,46.5893,8.389235,2368.0,117,,,RGI60-11.01238,-556.543832567548,5159526.1792057315,103,188,0103_0188
274,2008-07-23,2008-07-23,46.589299,8.389274,2367.0,116,,,RGI60-11.01238,-553.556202078328,5159526.067812908,103,188,0103_0188
274,2008-07-23,2008-07-23,46.589297,8.389313,2367.0,115,,,RGI60-11.01238,-550.5685816048976,5159525.845303204,103,188,0103_0188
274,2008-07-23,2008-07-23,46.589297,8.389352,2366.0,114,,,RGI60-11.01238,-547.5809407704173,5159525.845031699,103,188,0103_0188
274,2008-07-23,2008-07-23,46.589297,8.389392,2366.0,113,,,RGI60-11.01238,-544.516693760867,5159525.844754768,103,188,0103_0188
274,2008-07-23,2008-07-23,46.589297,8.389431,2366.0,112,,,RGI60-11.01238,-541.5290529264807,5159525.844486256,103,188,0103_0188
274,2008-07-23,2008-07-23,46.589297,8.38947,2365.0,111,,,RGI60-11.01238,-538.5414120920809,5159525.844219222,103,188,0103_0188
274,2008-07-23,2008-07-23,46.589298,8.389509,2365.0,109,,,RGI60-11.01238,-535.5537614083528,5159525.955072026,103,188,0103_0188
274,2008-07-23,2008-07-23,46.589299,8.389548,2365.0,108,,,RGI60-11.01238,-532.566110834502,5159526.065926308,103,188,0103_0188
274,2008-07-23,2008-07-23,46.5893,8.389587,2364.0,106,,,RGI60-11.01238,-529.5784603705282,5159526.176782067,103,188,0103_0188
274,2008-07-23,2008-07-23,46.589302,8.389626,2364.0,105,,,RGI60-11.01238,-526.5908003319526,5159526.398757665,103,188,0103_0188
274,2008-07-23,2008-07-23,46.589305,8.389665,2363.0,104,,,RGI60-11.01238,-523.6031308834885,5159526.731853103,103,188,0103_0188
274,2008-07-23,2008-07-23,46.589307,8.389704,2363.0,103,,,RGI60-11.01238,-520.6154713395154,5159526.953831657,103,188,0103_0188
274,2008-07-23,2008-07-23,46.58931,8.389743,2362.0,101,,,RGI60-11.01238,-517.6278024955441,5159527.28693005,103,188,0103_0188
274,2008-07-23,2008-07-23,46.589313,8.389782,2362.0,100,,,RGI60-11.01238,-514.6401339812309,5159527.62002992,103,188,0103_0188
274,2008-07-23,2008-07-23,46.589317,8.389821,2361.0,98,,,RGI60-11.01238,-511.65245638682086,5159528.06424963,103,188,0103_0188
274,2008-07-23,2008-07-23,46.589321,8.389859,2361.0,97,,,RGI60-11.01238,-508.74138537332857,5159528.508477268,103,188,0103_0188
274,2008-07-23,2008-07-23,46.589325,8.389898,2361.0,96,,,RGI60-11.01238,-505.75370865237966,5159528.952699896,103,188,0103_0188
274,2008-07-23,2008-07-23,46.589329,8.389937,2360.0,94,,,RGI60-11.01238,-502.76603237097913,5159529.396924001,103,188,0103_0188
274,2008-07-23,2008-07-23,46.589334,8.389975,2360.0,93,,,RGI60-11.01238,-499.8549534609195,5159529.952274284,104,188,0104_0188
274,2008-07-23,2008-07-23,46.589338,8.390014,2360.0,92,,,RGI60-11.01238,-496.8672781078039,5159530.396501306,104,188,0104_0188
274,2008-07-23,2008-07-23,46.589343,8.390052,2359.0,90,,,RGI60-11.01238,-493.95620022195266,5159530.951854432,104,188,0104_0188
274,2008-07-23,2008-07-23,46.589349,8.390091,2359.0,88,,,RGI60-11.01238,-490.9685077386295,5159531.618321098,104,188,0104_0188
274,2008-07-23,2008-07-23,46.589354,8.390129,2359.0,87,,,RGI60-11.01238,-488.057430984059,5159532.173677066,104,188,0104_0188
274,2008-07-23,2008-07-23,46.589359,8.390168,2359.0,85,,,RGI60-11.01238,-485.06974867688183,5159532.729028286,104,188,0104_0188
274,2008-07-23,2008-07-23,46.589365,8.390206,2359.0,84,,,RGI60-11.01238,-482.1586641325826,5159533.395505461,104,188,0104_0188
274,2008-07-23,2008-07-23,46.58937,8.390244,2359.0,83,,,RGI60-11.01238,-479.2475890446443,5159533.950865677,104,188,0104_0188
274,2008-07-23,2008-07-23,46.589375,8.390283,2358.0,81,,,RGI60-11.01238,-476.2599084265187,5159534.506221256,104,188,0104_0188
274,2008-07-23,2008-07-23,46.589381,8.390321,2358.0,80,,,RGI60-11.01238,-473.3488257109907,5159535.172702676,104,188,0104_0188
274,2008-07-23,2008-07-23,46.589386,8.390359,2357.0,79,,,RGI60-11.01238,-470.43775228956395,5159535.728067136,104,188,0104_0188
274,2008-07-23,2008-07-23,46.589391,8.390398,2357.0,77,,,RGI60-11.01238,-467.45007336085644,5159536.283427073,104,188,0104_0188
274,2008-07-23,2008-07-23,46.589396,8.390436,2357.0,76,,,RGI60-11.01238,-464.5390010171767,5159536.838794377,104,188,0104_0188
274,2008-07-23,2008-07-23,46.5894,8.390475,2357.0,74,,,RGI60-11.01238,-461.55133166855694,5159537.283038866,104,188,0104_0188
274,2008-07-23,2008-07-23,46.589405,8.390514,2356.0,71,,,RGI60-11.01238,-458.56365432605816,5159537.838403198,104,188,0104_0188
274,2008-07-23,2008-07-23,46.589409,8.390552,2356.0,69,,,RGI60-11.01238,-455.65259192887936,5159538.282656422,104,188,0104_0188
274,2008-07-23,2008-07-23,46.589412,8.390591,2356.0,66,,,RGI60-11.01238,-452.6649322731688,5159538.615786942,104,188,0104_0188
274,2008-07-23,2008-07-23,46.589415,8.39063,2355.0,63,,,RGI60-11.01238,-449.6772729471184,5159538.948918941,104,188,0104_0188
274,2008-07-23,2008-07-23,46.589418,8.390669,2355.0,59,,,RGI60-11.01238,-446.68961395072887,5159539.282052417,104,188,0104_0188
274,2008-07-23,2008-07-23,46.58942,8.390708,2354.0,46,,,RGI60-11.01238,-443.70196344411306,5159539.504069005,104,188,0104_0188
274,2008-07-23,2008-07-23,46.589422,8.390747,2354.0,39,,,RGI60-11.01238,-440.71431315726727,5159539.726087073,104,188,0104_0188
274,2008-07-23,2008-07-23,46.589864,8.383799,2422.0,138,,,RGI60-11.01238,-972.9648858241027,5159588.902673965,96,187,0096_0187
274,2008-07-23,2008-07-23,46.589865,8.383838,2422.0,140,,,RGI60-11.01238,-969.97725830739,5159589.013311965,96,187,0096_0187
274,2008-07-23,2008-07-23,46.589866,8.383877,2421.0,141,,,RGI60-11.01238,-966.9896309007886,5159589.12395144,96,187,0096_0187
274,2008-07-23,2008-07-23,46.589867,8.383916,2421.0,143,,,RGI60-11.01238,-964.0020036039324,5159589.234592394,97,187,0097_0187
274,2008-07-23,2008-07-23,46.589868,8.383955,2421.0,145,,,RGI60-11.01238,-961.014376416944,5159589.345234825,97,187,0097_0187
274,2008-07-23,2008-07-23,46.58987,8.383994,2421.0,146,,,RGI60-11.01238,-958.0267317204964,5159589.566997105,97,187,0097_0187
274,2008-07-23,2008-07-23,46.589872,8.384033,2421.0,148,,,RGI60-11.01238,-955.0390872436859,5159589.788760865,97,187,0097_0187
274,2008-07-23,2008-07-23,46.589873,8.384072,2421.0,150,,,RGI60-11.01238,-952.0514604963128,5159589.899407727,97,187,0097_0187
274,2008-07-23,2008-07-23,46.589875,8.384111,2420.0,152,,,RGI60-11.01238,-949.0638164040745,5159590.121174442,97,187,0097_0187
274,2008-07-23,2008-07-23,46.589878,8.38415,2420.0,154,,,RGI60-11.01238,-946.0761551322931,5159590.454061005,97,187,0097_0187
274,2008-07-23,2008-07-23,46.58988,8.384189,2420.0,156,,,RGI60-11.01238,-943.0885115346393,5159590.6758306725,97,187,0097_0187
274,2008-07-23,2008-07-23,46.589882,8.384228,2420.0,158,,,RGI60-11.01238,-940.1008681566226,5159590.89760182,97,187,0097_0187
274,2008-07-23,2008-07-23,46.589884,8.384267,2420.0,159,,,RGI60-11.01238,-937.1132249986093,5159591.119374442,97,187,0097_0187
274,2008-07-23,2008-07-23,46.589887,8.384306,2420.0,161,,,RGI60-11.01238,-934.1255648803468,5159591.452266915,97,187,0097_0187
274,2008-07-23,2008-07-23,46.589889,8.384345,2419.0,162,,,RGI60-11.01238,-931.137922216797,5159591.674042493,97,187,0097_0187
274,2008-07-23,2008-07-23,46.589892,8.384384,2419.0,162,,,RGI60-11.01238,-928.1502627028892,5159592.006937922,97,187,0097_0187
274,2008-07-23,2008-07-23,46.589895,8.384423,2419.0,162,,,RGI60-11.01238,-925.1626035187537,5159592.339834828,97,187,0097_0187
274,2008-07-23,2008-07-23,46.589897,8.384462,2419.0,162,,,RGI60-11.01238,-922.1749616243724,5159592.561614838,97,187,0097_0187
274,2008-07-23,2008-07-23,46.5899,8.384501,2418.0,162,,,RGI60-11.01238,-919.1873030444698,5159592.894514699,97,187,0097_0187
274,2008-07-23,2008-07-23,46.589902,8.38454,2418.0,162,,,RGI60-11.01238,-916.1996616445533,5159593.116297665,97,187,0097_0187
274,2008-07-23,2008-07-23,46.589905,8.384579,2418.0,162,,,RGI60-11.01238,-913.212003669006,5159593.449200481,97,187,0097_0187
274,2008-07-23,2008-07-23,46.589907,8.384618,2418.0,161,,,RGI60-11.01238,-910.224362763433,5159593.6709864,97,187,0097_0187
274,2008-07-23,2008-07-23,46.58991,8.384657,2417.0,161,,,RGI60-11.01238,-907.2367053923631,5159594.00389217,97,187,0097_0187
274,2008-07-23,2008-07-23,46.589912,8.384696,2417.0,161,,,RGI60-11.01238,-904.2490649812556,5159594.225681046,97,187,0097_0187
274,2008-07-23,2008-07-23,46.589915,8.384735,2417.0,162,,,RGI60-11.01238,-901.2614082146638,5159594.558589772,97,187,0097_0187
274,2008-07-23,2008-07-23,46.589917,8.384774,2417.0,162,,,RGI60-11.01238,-898.2737682979003,5159594.7803816,98,187,0098_0187
274,2008-07-23,2008-07-23,46.589919,8.384813,2416.0,163,,,RGI60-11.01238,-895.2861286010191,5159595.002174907,98,187,0098_0187
274,2008-07-23,2008-07-23,46.589921,8.384852,2416.0,164,,,RGI60-11.01238,-892.2984891238974,5159595.223969691,98,187,0098_0187
274,2008-07-23,2008-07-23,46.589922,8.384891,2416.0,165,,,RGI60-11.01238,-889.3108662221216,5159595.334647579,98,187,0098_0187
274,2008-07-23,2008-07-23,46.589924,8.38493,2416.0,166,,,RGI60-11.01238,-886.323227129454,5159595.556445319,98,187,0098_0187
274,2008-07-23,2008-07-23,46.589926,8.384969,2415.0,167,,,RGI60-11.01238,-883.3355882567914,5159595.778244534,98,187,0098_0187
274,2008-07-23,2008-07-23,46.589927,8.385008,2415.0,168,,,RGI60-11.01238,-880.3479657945151,5159595.888926856,98,187,0098_0187
274,2008-07-23,2008-07-23,46.589927,8.385048,2415.0,169,,,RGI60-11.01238,-877.2837542903675,5159595.888481155,98,187,0098_0187
274,2008-07-23,2008-07-23,46.589928,8.385087,2414.0,169,,,RGI60-11.01238,-874.2961319941714,5159595.999166467,98,187,0098_0187
274,2008-07-23,2008-07-23,46.589929,8.385126,2414.0,170,,,RGI60-11.01238,-871.3085098079671,5159596.109853256,98,187,0098_0187
274,2008-07-23,2008-07-23,46.589929,8.385165,2414.0,171,,,RGI60-11.01238,-868.3209037011883,5159596.109423148,98,187,0098_0187
274,2008-07-23,2008-07-23,46.589929,8.385204,2414.0,171,,,RGI60-11.01238,-865.333297594388,5159596.108994518,98,187,0098_0187
274,2008-07-23,2008-07-23,46.589929,8.385243,2413.0,172,,,RGI60-11.01238,-862.3456914876879,5159596.108567365,98,187,0098_0187
274,2008-07-23,2008-07-23,46.589929,8.385282,2413.0,172,,,RGI60-11.01238,-859.358085380722,5159596.10814169,98,187,0098_0187
274,2008-07-23,2008-07-23,46.589928,8.385321,2413.0,172,,,RGI60-11.01238,-856.3704950236288,5159595.996599119,98,187,0098_0187
274,2008-07-23,2008-07-23,46.589927,8.385361,2412.0,173,,,RGI60-11.01238,-853.3062992690736,5159595.885047205,98,187,0098_0187
274,2008-07-23,2008-07-23,46.589926,8.3854,2412.0,172,,,RGI60-11.01238,-850.3187086906221,5159595.773507625,98,187,0098_0187
274,2008-07-23,2008-07-23,46.589924,8.385439,2412.0,172,,,RGI60-11.01238,-847.3311335860237,5159595.550851149,98,187,0098_0187
274,2008-07-23,2008-07-23,46.589922,8.385478,2412.0,172,,,RGI60-11.01238,-844.3435582613755,5159595.328196148,98,187,0098_0187
274,2008-07-23,2008-07-23,46.58992,8.385517,2411.0,172,,,RGI60-11.01238,-841.3559827170433,5159595.105542627,98,187,0098_0187
274,2008-07-23,2008-07-23,46.589918,8.385556,2411.0,171,,,RGI60-11.01238,-838.368406953027,5159594.882890584,98,187,0098_0187
274,2008-07-23,2008-07-23,46.589916,8.385595,2410.0,171,,,RGI60-11.01238,-835.3808309689609,5159594.660240017,98,187,0098_0187
274,2008-07-23,2008-07-23,46.589914,8.385634,2410.0,170,,,RGI60-11.01238,-832.3932547653328,5159594.437590927,98,187,0098_0187
274,2008-07-23,2008-07-23,46.589911,8.385673,2410.0,170,,,RGI60-11.01238,-829.4056935955,5159594.1038249405,99,187,0099_0187
274,2008-07-23,2008-07-23,46.589908,8.385712,2409.0,169,,,RGI60-11.01238,-826.4181320960902,5159593.770060433,99,187,0099_0187
274,2008-07-23,2008-07-23,46.589905,8.385751,2409.0,168,,,RGI60-11.01238,-823.4305702669816,5159593.436297404,99,187,0099_0187
274,2008-07-23,2008-07-23,46.589902,8.385789,2408.0,167,,,RGI60-11.01238,-820.5196134309493,5159593.102546252,99,187,0099_0187
274,2008-07-23,2008-07-23,46.589898,8.385828,2408.0,166,,,RGI60-11.01238,-817.5320659822588,5159592.657667764,99,187,0099_0187
274,2008-07-23,2008-07-23,46.589895,8.385867,2407.0,165,,,RGI60-11.01238,-814.544503113335,5159592.323909128,99,187,0099_0187
274,2008-07-23,2008-07-23,46.589891,8.385906,2406.0,164,,,RGI60-11.01238,-811.5569548401638,5159591.879033597,99,187,0099_0187
274,2008-07-23,2008-07-23,46.589887,8.385945,2406.0,163,,,RGI60-11.01238,-808.5694061276445,5159591.4341595415,99,187,0099_0187
274,2008-07-23,2008-07-23,46.589883,8.385983,2405.0,162,,,RGI60-11.01238,-805.6584623249578,5159590.989297179,99,187,0099_0187
274,2008-07-23,2008-07-23,46.589879,8.386022,2405.0,161,,,RGI60-11.01238,-802.6709127387692,5159590.544426042,99,187,0099_0187
274,2008-07-23,2008-07-23,46.589875,8.386061,2404.0,160,,,RGI60-11.01238,-799.683362712989,5159590.099556384,99,187,0099_0187
274,2008-07-23,2008-07-23,46.589871,8.386099,2404.0,159,,,RGI60-11.01238,-796.7724176141936,5159589.654698303,99,187,0099_0187
274,2008-07-23,2008-07-23,46.589867,8.386138,2403.0,159,,,RGI60-11.01238,-793.7848667147454,5159589.209831561,99,187,0099_0187
274,2008-07-23,2008-07-23,46.589863,8.386177,2403.0,158,,,RGI60-11.01238,-790.7973153758276,5159588.764966297,99,187,0099_0187
274,2008-07-23,2008-07-23,46.589859,8.386216,2402.0,158,,,RGI60-11.01238,-787.8097635974405,5159588.320102509,99,187,0099_0187
274,2008-07-23,2008-07-23,46.589855,8.386254,2401.0,157,,,RGI60-11.01238,-784.8988167683391,5159587.875250151,99,187,0099_0187
274,2008-07-23,2008-07-23,46.589851,8.386293,2401.0,157,,,RGI60-11.01238,-781.9112641162843,5159587.430389282,99,187,0099_0187
274,2008-07-23,2008-07-23,46.589848,8.386332,2400.0,156,,,RGI60-11.01238,-778.9236966992561,5159587.096648263,99,187,0099_0187
274,2008-07-23,2008-07-23,46.589844,8.386371,2400.0,156,,,RGI60-11.01238,-775.9361432228454,5159586.651790347,99,187,0099_0187
274,2008-07-23,2008-07-23,46.58984,8.386409,2400.0,155,,,RGI60-11.01238,-773.0251947172213,5159586.206943712,99,187,0099_0187
274,2008-07-23,2008-07-23,46.589837,8.386448,2399.0,154,,,RGI60-11.01238,-770.0376262054359,5159585.873207087,99,187,0099_0187
274,2008-07-23,2008-07-23,46.589834,8.386487,2398.0,154,,,RGI60-11.01238,-767.050057363954,5159585.53947194,99,187,0099_0187
274,2008-07-23,2008-07-23,46.589831,8.386526,2398.0,153,,,RGI60-11.01238,-764.0624881927748,5159585.20573827,100,187,0100_0187
274,2008-07-23,2008-07-23,46.589828,8.386565,2397.0,153,,,RGI60-11.01238,-761.0749186920215,5159584.872006077,100,187,0100_0187
274,2008-07-23,2008-07-23,46.589825,8.386604,2397.0,152,,,RGI60-11.01238,-758.0873488613278,5159584.538275363,100,187,0100_0187
274,2008-07-23,2008-07-23,46.589822,8.386643,2396.0,152,,,RGI60-11.01238,-755.0997787010598,5159584.204546127,100,187,0100_0187
274,2008-07-23,2008-07-23,46.58982,8.386682,2396.0,152,,,RGI60-11.01238,-752.1121943788227,5159583.981936738,100,187,0100_0187
274,2008-07-23,2008-07-23,46.589818,8.386721,2395.0,152,,,RGI60-11.01238,-749.1246098367824,5159583.759328828,100,187,0100_0187
274,2008-07-23,2008-07-23,46.589816,8.38676,2395.0,152,,,RGI60-11.01238,-746.1370250749392,5159583.536722396,100,187,0100_0187
274,2008-07-23,2008-07-23,46.589815,8.386799,2394.0,152,,,RGI60-11.01238,-743.1494264258589,5159583.425235813,100,187,0100_0187
274,2008-07-23,2008-07-23,46.589814,8.386838,2394.0,153,,,RGI60-11.01238,-740.1618276668681,5159583.313750705,100,187,0100_0187
274,2008-07-23,2008-07-23,46.589813,8.386877,2393.0,153,,,RGI60-11.01238,-737.174228797967,5159583.202267076,100,187,0100_0187
274,2008-07-23,2008-07-23,46.589813,8.386916,2393.0,154,,,RGI60-11.01238,-734.1866163165595,5159583.201903297,100,187,0100_0187
274,2008-07-23,2008-07-23,46.589813,8.386955,2392.0,154,,,RGI60-11.01238,-731.1990038351338,5159583.2015409935,100,187,0100_0187
274,2008-07-23,2008-07-23,46.589812,8.386995,2391.0,154,,,RGI60-11.01238,-728.134799296683,5159583.090052565,100,187,0100_0187
274,2008-07-23,2008-07-23,46.589812,8.387034,2391.0,155,,,RGI60-11.01238,-725.1471867602744,5159583.089693255,100,187,0100_0187
274,2008-07-23,2008-07-23,46.589813,8.387073,2391.0,156,,,RGI60-11.01238,-722.1595609425665,5159583.200453794,100,187,0100_0187
274,2008-07-23,2008-07-23,46.589814,8.387112,2390.0,157,,,RGI60-11.01238,-719.1719352344882,5159583.3112158105,100,187,0100_0187
274,2008-07-23,2008-07-23,46.589814,8.387151,2390.0,157,,,RGI60-11.01238,-716.184322808039,5159583.310860933,100,187,0100_0187
274,2008-07-23,2008-07-23,46.589815,8.38719,2390.0,158,,,RGI60-11.01238,-713.1966972647621,5159583.421625905,100,187,0100_0187
274,2008-07-23,2008-07-23,46.589816,8.387229,2389.0,159,,,RGI60-11.01238,-710.2090718314809,5159583.532392354,100,187,0100_0187
274,2008-07-23,2008-07-23,46.589817,8.387269,2389.0,159,,,RGI60-11.01238,-707.1448410655258,5159583.643151313,100,187,0100_0187
274,2008-07-23,2008-07-23,46.589817,8.387308,2389.0,159,,,RGI60-11.01238,-704.1572288035987,5159583.642802383,100,187,0100_0187
274,2008-07-23,2008-07-23,46.589818,8.387347,2388.0,159,,,RGI60-11.01238,-701.1696036464018,5159583.753573301,100,187,0100_0187
274,2008-07-23,2008-07-23,46.589819,8.387386,2388.0,158,,,RGI60-11.01238,-698.1819785992006,5159583.864345698,101,187,0101_0187
274,2008-07-23,2008-07-23,46.58982,8.387425,2387.0,158,,,RGI60-11.01238,-695.1943536616297,5159583.975119571,101,187,0101_0187
274,2008-07-23,2008-07-23,46.58982,8.387464,2387.0,158,,,RGI60-11.01238,-692.2067415647142,5159583.974776549,101,187,0101_0187
274,2008-07-23,2008-07-23,46.58982,8.387503,2387.0,158,,,RGI60-11.01238,-689.2191294675379,5159583.974435005,101,187,0101_0187
274,2008-07-23,2008-07-23,46.58982,8.387542,2386.0,157,,,RGI60-11.01238,-686.2315173704662,5159583.9740949385,101,187,0101_0187
274,2008-07-23,2008-07-23,46.58982,8.387582,2386.0,157,,,RGI60-11.01238,-683.1672998350524,5159583.9737476865,101,187,0101_0187
274,2008-07-23,2008-07-23,46.58982,8.387621,2385.0,156,,,RGI60-11.01238,-680.1796877379461,5159583.973410613,101,187,0101_0187
274,2008-07-23,2008-07-23,46.589819,8.38766,2385.0,155,,,RGI60-11.01238,-677.1920880950995,5159583.861956643,101,187,0101_0187
274,2008-07-23,2008-07-23,46.589818,8.387699,2385.0,155,,,RGI60-11.01238,-674.2044883425878,5159583.750504151,101,187,0101_0187
274,2008-07-23,2008-07-23,46.589817,8.387738,2384.0,154,,,RGI60-11.01238,-671.216888479924,5159583.639053136,101,187,0101_0187
274,2008-07-23,2008-07-23,46.589815,8.387777,2384.0,153,,,RGI60-11.01238,-668.2293007971551,5159583.416485229,101,187,0101_0187
274,2008-07-23,2008-07-23,46.589813,8.387816,2383.0,151,,,RGI60-11.01238,-665.2417128943421,5159583.193918795,101,187,0101_0187
274,2008-07-23,2008-07-23,46.589811,8.387855,2383.0,150,,,RGI60-11.01238,-662.2541247718495,5159582.971353841,101,187,0101_0187
274,2008-07-23,2008-07-23,46.589808,8.387894,2383.0,149,,,RGI60-11.01238,-659.2665485543994,5159582.637671992,101,187,0101_0187
274,2008-07-23,2008-07-23,46.589806,8.387933,2382.0,147,,,RGI60-11.01238,-656.2789599372373,5159582.415109994,101,187,0101_0187
274,2008-07-23,2008-07-23,46.589803,8.387972,2382.0,146,,,RGI60-11.01238,-653.2913831153468,5159582.081431101,101,187,0101_0187
274,2008-07-23,2008-07-23,46.5898,8.388011,2381.0,144,,,RGI60-11.01238,-650.3038059635194,5159581.7477536835,101,187,0101_0187
274,2008-07-23,2008-07-23,46.589796,8.38805,2381.0,143,,,RGI60-11.01238,-647.3162403870562,5159581.302959372,101,187,0101_0187
274,2008-07-23,2008-07-23,46.589793,8.388089,2381.0,141,,,RGI60-11.01238,-644.3286625210179,5159580.969284911,101,187,0101_0187
274,2008-07-23,2008-07-23,46.589789,8.388127,2380.0,139,,,RGI60-11.01238,-641.4177016023344,5159580.524501688,101,187,0101_0187
274,2008-07-23,2008-07-23,46.589786,8.388166,2380.0,137,,,RGI60-11.01238,-638.4301230263126,5159580.190830144,101,187,0101_0187
274,2008-07-23,2008-07-23,46.589782,8.388205,2380.0,136,,,RGI60-11.01238,-635.4425558070341,5159579.746041706,101,187,0101_0187
274,2008-07-23,2008-07-23,46.589778,8.388244,2379.0,134,,,RGI60-11.01238,-632.4549881481703,5159579.3012547465,102,187,0102_0187
274,2008-07-23,2008-07-23,46.589774,8.388282,2379.0,132,,,RGI60-11.01238,-629.5440255528607,5159578.856477245,102,187,0102_0187
274,2008-07-23,2008-07-23,46.589771,8.388321,2378.0,130,,,RGI60-11.01238,-626.556445497334,5159578.522811574,102,187,0102_0187
274,2008-07-23,2008-07-23,46.589767,8.38836,2378.0,129,,,RGI60-11.01238,-623.5688765802959,5159578.078029009,102,187,0102_0187
274,2008-07-23,2008-07-23,46.589764,8.388399,2378.0,128,,,RGI60-11.01238,-620.5812958104383,5159577.744366291,102,187,0102_0187
274,2008-07-23,2008-07-23,46.589761,8.388438,2377.0,126,,,RGI60-11.01238,-617.5937147108882,5159577.410705051,102,188,0102_0188
274,2008-07-23,2008-07-23,46.589758,8.388477,2377.0,126,,,RGI60-11.01238,-614.6061332816463,5159577.07704529,102,188,0102_0188
274,2008-07-23,2008-07-23,46.589756,8.388516,2377.0,125,,,RGI60-11.01238,-611.6185402743168,5159576.854505377,102,188,0102_0188
274,2008-07-23,2008-07-23,46.589753,8.388555,2376.0,124,,,RGI60-11.01238,-608.6309582406374,5159576.520848569,102,188,0102_0188
274,2008-07-23,2008-07-23,46.589752,8.388594,2376.0,123,,,RGI60-11.01238,-605.6433536002603,5159576.409429981,102,188,0102_0188
274,2008-07-23,2008-07-23,46.589751,8.388633,2375.0,122,,,RGI60-11.01238,-602.6557488499761,5159576.298012871,102,188,0102_0188
274,2008-07-23,2008-07-23,46.58975,8.388672,2375.0,122,,,RGI60-11.01238,-599.6681439897851,5159576.186597236,102,188,0102_0188
274,2008-07-23,2008-07-23,46.58975,8.388711,2375.0,122,,,RGI60-11.01238,-596.6805280459004,5159576.186301452,102,188,0102_0188
274,2008-07-23,2008-07-23,46.589751,8.38875,2374.0,121,,,RGI60-11.01238,-593.6929011835246,5159576.2971255155,102,188,0102_0188
274,2008-07-23,2008-07-23,46.589751,8.38879,2374.0,120,,,RGI60-11.01238,-590.6286797590068,5159576.296825196,102,188,0102_0188
274,2008-07-23,2008-07-23,46.589753,8.388828,2374.0,119,,,RGI60-11.01238,-587.7176477881598,5159576.518778072,102,188,0102_0188
274,2008-07-23,2008-07-23,46.589755,8.388867,2374.0,118,,,RGI60-11.01238,-584.7300105014095,5159576.740724937,102,188,0102_0188
274,2008-07-23,2008-07-23,46.589758,8.388906,2373.0,116,,,RGI60-11.01238,-581.7423627353678,5159577.073791652,102,188,0102_0188
274,2008-07-23,2008-07-23,46.589761,8.388945,2373.0,115,,,RGI60-11.01238,-578.7547152992289,5159577.406859844,102,188,0102_0188
274,2008-07-23,2008-07-23,46.589765,8.388984,2373.0,114,,,RGI60-11.01238,-575.7670576034578,5159577.851047884,102,187,0102_0187
274,2008-07-23,2008-07-23,46.589769,8.389023,2373.0,112,,,RGI60-11.01238,-572.7794003474797,5159578.295237401,102,187,0102_0187
274,2008-07-23,2008-07-23,46.589774,8.389061,2372.0,111,,,RGI60-11.01238,-569.8683385549202,5159578.850553991,102,187,0102_0187
274,2008-07-23,2008-07-23,46.58978,8.389099,2372.0,110,,,RGI60-11.01238,-566.9572668708045,5159579.516990356,103,187,0103_0187
274,2008-07-23,2008-07-23,46.589786,8.389138,2372.0,108,,,RGI60-11.01238,-563.9695903426267,5159580.183420975,103,187,0103_0187
274,2008-07-23,2008-07-23,46.589792,8.389176,2371.0,107,,,RGI60-11.01238,-561.05851995169,5159580.849860183,103,187,0103_0187
274,2008-07-23,2008-07-23,46.589798,8.389214,2371.0,106,,,RGI60-11.01238,-558.1474502032993,5159581.516300796,103,187,0103_0187
274,2008-07-23,2008-07-23,46.589805,8.389251,2371.0,105,,,RGI60-11.01238,-555.312976345452,5159582.293868223,103,187,0103_0187
274,2008-07-23,2008-07-23,46.589812,8.389289,2371.0,104,,,RGI60-11.01238,-552.4018977675214,5159583.071429977,103,187,0103_0187
274,2008-07-23,2008-07-23,46.589819,8.389327,2370.0,103,,,RGI60-11.01238,-549.4908199392091,5159583.848993136,103,187,0103_0187
274,2008-07-23,2008-07-23,46.589826,8.389365,2370.0,101,,,RGI60-11.01238,-546.5797428602716,5159584.626557695,103,187,0103_0187
274,2008-07-23,2008-07-23,46.589834,8.389403,2370.0,98,,,RGI60-11.01238,-543.66865653221,5159585.515242032,103,187,0103_0187
274,2008-07-23,2008-07-23,46.58984,8.389441,2369.0,96,,,RGI60-11.01238,-540.75759095101,5159586.181691028,103,187,0103_0187
274,2008-07-23,2008-07-23,46.589847,8.389479,2369.0,94,,,RGI60-11.01238,-537.8465161206864,5159586.959259798,103,187,0103_0187
274,2008-07-23,2008-07-23,46.589853,8.389517,2368.0,92,,,RGI60-11.01238,-534.9354518778737,5159587.6257116,103,187,0103_0187
274,2008-07-23,2008-07-23,46.589859,8.389555,2368.0,90,,,RGI60-11.01238,-532.0243882776086,5159588.292164805,103,187,0103_0187
274,2008-07-23,2008-07-23,46.589864,8.389593,2367.0,88,,,RGI60-11.01238,-529.1133350507112,5159588.84750104,103,187,0103_0187
274,2008-07-23,2008-07-23,46.589869,8.389632,2367.0,87,,,RGI60-11.01238,-526.1256769897353,5159589.402832009,103,187,0103_0187
274,2008-07-23,2008-07-23,46.589872,8.389671,2366.0,85,,,RGI60-11.01238,-523.1380387207902,5159589.735927706,103,187,0103_0187
274,2008-07-23,2008-07-23,46.589876,8.389709,2366.0,83,,,RGI60-11.01238,-520.2269965746062,5159590.180149851,103,187,0103_0187
274,2008-07-23,2008-07-23,46.589878,8.389748,2366.0,81,,,RGI60-11.01238,-517.2393685282714,5159590.402130094,103,187,0103_0187
274,2008-07-23,2008-07-23,46.589879,8.389788,2366.0,79,,,RGI60-11.01238,-514.1751448042282,5159590.512986922,103,187,0103_0187
274,2008-07-23,2008-07-23,46.58988,8.389827,2365.0,77,,,RGI60-11.01238,-511.187526546574,5159590.623851784,103,187,0103_0187
274,2008-07-23,2008-07-23,46.58988,8.389866,2365.0,75,,,RGI60-11.01238,-508.1999177454862,5159590.623599749,103,187,0103_0187
274,2008-07-23,2008-07-23,46.589878,8.389905,2365.0,73,,,RGI60-11.01238,-505.2123275271382,5159590.401112447,103,187,0103_0187
274,2008-07-23,2008-07-23,46.589877,8.389944,2364.0,71,,,RGI60-11.01238,-502.22472785268525,5159590.289744995,104,187,0104_0187
274,2008-07-23,2008-07-23,46.589874,8.389983,2364.0,69,,,RGI60-11.01238,-499.237146431295,5159589.956142273,104,187,0104_0187
274,2008-07-23,2008-07-23,46.58987,8.390021,2363.0,66,,,RGI60-11.01238,-496.3261791749012,5159589.511428947,104,187,0104_0187
274,2008-07-23,2008-07-23,46.589866,8.39006,2363.0,64,,,RGI60-11.01238,-493.33860611677767,5159589.066710769,104,187,0104_0187
274,2008-07-23,2008-07-23,46.58986,8.390099,2363.0,62,,,RGI60-11.01238,-490.35105065529916,5159588.399757326,104,187,0104_0187
274,2008-07-23,2008-07-23,46.589855,8.390137,2362.0,60,,,RGI60-11.01238,-487.44009096038536,5159587.84392991,104,187,0104_0187
274,2008-07-23,2008-07-23,46.589849,8.390175,2361.0,58,,,RGI60-11.01238,-484.52913964106244,5159587.1769855255,104,187,0104_0187
274,2008-07-23,2008-07-23,46.589842,8.390213,2361.0,56,,,RGI60-11.01238,-481.61819653696074,5159586.398924171,104,187,0104_0187
274,2008-07-23,2008-07-23,46.589835,8.390251,2361.0,54,,,RGI60-11.01238,-478.70725268320035,5159585.620864221,104,187,0104_0187
274,2008-07-23,2008-07-23,46.589828,8.390289,2360.0,51,,,RGI60-11.01238,-475.79630808002486,5159584.842805673,104,187,0104_0187
274,2008-07-23,2008-07-23,46.589821,8.390326,2359.0,49,,,RGI60-11.01238,-472.9619681641323,5159584.064754527,104,187,0104_0187
274,2008-07-23,2008-07-23,46.587858,8.384426,2363.0,21,,,RGI60-11.01238,-924.9674377313751,5159365.9917133665,97,191,0097_0191
274,2008-07-23,2008-07-23,46.587855,8.384465,2363.0,22,,,RGI60-11.01238,-921.9797686992556,5159365.657901741,97,191,0097_0191
274,2008-07-23,2008-07-23,46.587852,8.384504,2364.0,23,,,RGI60-11.01238,-918.9920993376894,5159365.324091592,97,191,0097_0191
274,2008-07-23,2008-07-23,46.587847,8.384542,2364.0,24,,,RGI60-11.01238,-916.0810715548264,5159364.768057868,97,191,0097_0191
274,2008-07-23,2008-07-23,46.587842,8.384581,2364.0,26,,,RGI60-11.01238,-913.0934350115992,5159364.212013969,97,191,0097_0191
274,2008-07-23,2008-07-23,46.587836,8.384619,2365.0,28,,,RGI60-11.01238,-910.1824228891434,5159363.544864756,97,191,0097_0191
274,2008-07-23,2008-07-23,46.587829,8.384657,2366.0,31,,,RGI60-11.01238,-907.2714268090324,5159362.766598612,97,191,0097_0191
274,2008-07-23,2008-07-23,46.587823,8.384695,2366.0,33,,,RGI60-11.01238,-904.3604133481308,5159362.099452203,97,191,0097_0191
274,2008-07-23,2008-07-23,46.587815,8.384733,2366.0,35,,,RGI60-11.01238,-901.4494324001034,5159361.210070533,97,191,0097_0191
274,2008-07-23,2008-07-23,46.587807,8.38477,2367.0,37,,,RGI60-11.01238,-898.615058869767,5159360.320701659,97,191,0097_0191
274,2008-07-23,2008-07-23,46.587799,8.384807,2367.0,40,,,RGI60-11.01238,-895.7806845053706,5159359.431334116,98,191,0098_0191
274,2008-07-23,2008-07-23,46.587791,8.384845,2367.0,41,,,RGI60-11.01238,-892.8697010099567,5159358.541956584,98,191,0098_0191
274,2008-07-23,2008-07-23,46.587782,8.384881,2367.0,43,,,RGI60-11.01238,-890.1119496434862,5159357.54148469,98,191,0098_0191
274,2008-07-23,2008-07-23,46.587773,8.384918,2368.0,45,,,RGI60-11.01238,-887.2775890417421,5159356.541002809,98,191,0098_0191
274,2008-07-23,2008-07-23,46.587763,8.384955,2368.0,46,,,RGI60-11.01238,-884.4432437665121,5159355.429403926,98,191,0098_0191
274,2008-07-23,2008-07-23,46.587754,8.384992,2368.0,49,,,RGI60-11.01238,-881.608881236006,5159354.428924705,98,191,0098_0191
274,2008-07-23,2008-07-23,46.587744,8.385028,2368.0,52,,,RGI60-11.01238,-878.8511422908099,5159353.317339628,98,191,0098_0191
274,2008-07-23,2008-07-23,46.587735,8.385065,2367.0,54,,,RGI60-11.01238,-876.0167778442234,5159352.316863036,98,191,0098_0191
274,2008-07-23,2008-07-23,46.587726,8.385102,2367.0,57,,,RGI60-11.01238,-873.1824124594435,5159351.316387774,98,191,0098_0191
274,2008-07-23,2008-07-23,46.587716,8.385138,2367.0,59,,,RGI60-11.01238,-870.4246705443234,5159350.204806549,98,191,0098_0191
274,2008-07-23,2008-07-23,46.587707,8.385175,2367.0,62,,,RGI60-11.01238,-867.590303243343,5159349.204333913,98,191,0098_0191
274,2008-07-23,2008-07-23,46.587698,8.385212,2367.0,64,,,RGI60-11.01238,-864.7559350041696,5159348.20386261,98,191,0098_0191
274,2008-07-23,2008-07-23,46.58769,8.385249,2367.0,67,,,RGI60-11.01238,-861.9215499758205,5159347.3145109685,98,191,0098_0191
274,2008-07-23,2008-07-23,46.587682,8.385287,2367.0,69,,,RGI60-11.01238,-859.0105556631332,5159346.425149766,98,191,0098_0191
274,2008-07-23,2008-07-23,46.587674,8.385324,2366.0,71,,,RGI60-11.01238,-856.1761689553998,5159345.535800821,98,191,0098_0191
274,2008-07-23,2008-07-23,46.587666,8.385362,2366.0,74,,,RGI60-11.01238,-853.2651729407861,5159344.646442389,98,191,0098_0191
274,2008-07-23,2008-07-23,46.58766,8.3854,2366.0,76,,,RGI60-11.01238,-850.3541447936952,5159343.97932202,98,191,0098_0191
274,2008-07-23,2008-07-23,46.587653,8.385438,2365.0,78,,,RGI60-11.01238,-847.4431315886176,5159343.2010847265,98,191,0098_0191
274,2008-07-23,2008-07-23,46.587647,8.385476,2365.0,80,,,RGI60-11.01238,-844.5321021030892,5159342.533967165,98,191,0098_0191
274,2008-07-23,2008-07-23,46.587642,8.385514,2365.0,82,,,RGI60-11.01238,-841.621056497964,5159341.977969335,98,191,0098_0191
274,2008-07-23,2008-07-23,46.587637,8.385553,2364.0,84,,,RGI60-11.01238,-838.6334018435364,5159341.421962277,98,191,0098_0191
274,2008-07-23,2008-07-23,46.587633,8.385591,2364.0,86,,,RGI60-11.01238,-835.722339791825,5159340.97708562,98,191,0098_0191
274,2008-07-23,2008-07-23,46.587629,8.38563,2363.0,87,,,RGI60-11.01238,-832.7346687864901,5159340.532199808,98,191,0098_0191
274,2008-07-23,2008-07-23,46.587626,8.385669,2363.0,89,,,RGI60-11.01238,-829.7469820828039,5159340.198433802,99,191,0099_0191
274,2008-07-23,2008-07-23,46.587624,8.385708,2362.0,91,,,RGI60-11.01238,-826.7592798455995,5159339.975787602,99,191,0099_0191
274,2008-07-23,2008-07-23,46.587622,8.385747,2362.0,94,,,RGI60-11.01238,-823.7715773883546,5159339.753142882,99,191,0099_0191
274,2008-07-23,2008-07-23,46.58762,8.385786,2362.0,97,,,RGI60-11.01238,-820.783874711556,5159339.530499639,99,191,0099_0191
274,2008-07-23,2008-07-23,46.587619,8.385825,2361.0,104,,,RGI60-11.01238,-817.7961567755962,5159339.418976201,99,191,0099_0191
274,2008-07-23,2008-07-23,46.587619,8.385864,2361.0,107,,,RGI60-11.01238,-814.8084237456728,5159339.418572571,99,191,0099_0191
274,2008-07-23,2008-07-23,46.587619,8.385903,2361.0,110,,,RGI60-11.01238,-811.8206907157294,5159339.418170417,99,191,0099_0191
274,2008-07-23,2008-07-23,46.58762,8.385943,2360.0,112,,,RGI60-11.01238,-808.7563342737177,5159339.528877815,99,191,0099_0191
274,2008-07-23,2008-07-23,46.58762,8.385982,2360.0,114,,,RGI60-11.01238,-805.768601298555,5159339.528478653,99,191,0099_0191
274,2008-07-23,2008-07-23,46.587621,8.386021,2360.0,116,,,RGI60-11.01238,-802.7808535606231,5159339.639199299,99,191,0099_0191
274,2008-07-23,2008-07-23,46.587622,8.38606,2360.0,118,,,RGI60-11.01238,-799.7931059323151,5159339.7499214215,99,191,0099_0191
274,2008-07-23,2008-07-23,46.587624,8.386099,2359.0,120,,,RGI60-11.01238,-796.8053437610123,5159339.971763351,99,191,0099_0191
274,2008-07-23,2008-07-23,46.587625,8.386138,2359.0,121,,,RGI60-11.01238,-793.8175964073829,5159340.082488428,99,191,0099_0191
274,2008-07-23,2008-07-23,46.587627,8.386177,2358.0,123,,,RGI60-11.01238,-790.8298346205238,5159340.3043333115,99,191,0099_0191
274,2008-07-23,2008-07-23,46.587628,8.386216,2358.0,125,,,RGI60-11.01238,-787.8420875418171,5159340.415061344,99,191,0099_0191
274,2008-07-23,2008-07-23,46.58763,8.386255,2357.0,126,,,RGI60-11.01238,-784.8543261394027,5159340.636909183,99,191,0099_0191
274,2008-07-23,2008-07-23,46.587631,8.386294,2356.0,127,,,RGI60-11.01238,-781.8665793353751,5159340.747640172,99,191,0099_0191
274,2008-07-23,2008-07-23,46.587632,8.386334,2356.0,128,,,RGI60-11.01238,-778.8022241201143,5159340.85836276,99,191,0099_0191
274,2008-07-23,2008-07-23,46.587633,8.386373,2355.0,129,,,RGI60-11.01238,-775.8144775369877,5159340.969096738,99,191,0099_0191
274,2008-07-23,2008-07-23,46.587634,8.386412,2355.0,129,,,RGI60-11.01238,-772.8267310639726,5159341.079832195,99,191,0099_0191
274,2008-07-23,2008-07-23,46.587635,8.386451,2354.0,129,,,RGI60-11.01238,-769.8389847007044,5159341.19056913,99,191,0099_0191
274,2008-07-23,2008-07-23,46.587636,8.38649,2354.0,129,,,RGI60-11.01238,-766.851238447182,5159341.301307542,99,191,0099_0191
274,2008-07-23,2008-07-23,46.587636,8.386529,2354.0,130,,,RGI60-11.01238,-763.8635063510899,5159341.300929101,100,191,0100_0191
274,2008-07-23,2008-07-23,46.587637,8.386568,2354.0,130,,,RGI60-11.01238,-760.8757602623612,5159341.411670467,100,191,0100_0191
274,2008-07-23,2008-07-23,46.587637,8.386607,2354.0,130,,,RGI60-11.01238,-757.8880282211751,5159341.411294981,100,191,0100_0191
274,2008-07-23,2008-07-23,46.587637,8.386647,2353.0,131,,,RGI60-11.01238,-754.823687665908,5159341.410911402,100,191,0100_0191
274,2008-07-23,2008-07-23,46.587636,8.386686,2353.0,131,,,RGI60-11.01238,-751.835969450695,5159341.299420579,100,191,0100_0191
274,2008-07-23,2008-07-23,46.587636,8.386725,2353.0,131,,,RGI60-11.01238,-748.8482373543857,5159341.299049564,100,191,0100_0191
274,2008-07-23,2008-07-23,46.587635,8.386764,2353.0,131,,,RGI60-11.01238,-745.8605189743035,5159341.187561693,100,191,0100_0191
274,2008-07-23,2008-07-23,46.587635,8.386803,2353.0,131,,,RGI60-11.01238,-742.8727868230131,5159341.187193632,100,191,0100_0191
274,2008-07-23,2008-07-23,46.587634,8.386842,2353.0,131,,,RGI60-11.01238,-739.8850682780617,5159341.075708719,100,191,0100_0191
274,2008-07-23,2008-07-23,46.587634,8.386881,2353.0,131,,,RGI60-11.01238,-736.8973360716685,5159341.075343612,100,191,0100_0191
274,2008-07-23,2008-07-23,46.587633,8.386921,2354.0,132,,,RGI60-11.01238,-733.8330088425139,5159340.963852347,100,191,0100_0191
274,2008-07-23,2008-07-23,46.587632,8.38696,2354.0,133,,,RGI60-11.01238,-730.8452900212561,5159340.852371904,100,191,0100_0191
274,2008-07-23,2008-07-23,46.587632,8.386999,2354.0,134,,,RGI60-11.01238,-727.8575577051636,5159340.852011267,100,191,0100_0191
274,2008-07-23,2008-07-23,46.587631,8.387038,2355.0,134,,,RGI60-11.01238,-724.8698387190378,5159340.740533779,100,191,0100_0191
274,2008-07-23,2008-07-23,46.58763,8.387077,2355.0,136,,,RGI60-11.01238,-721.8821196231279,5159340.629057766,100,191,0100_0191
274,2008-07-23,2008-07-23,46.58763,8.387116,2355.0,137,,,RGI60-11.01238,-718.8943871969714,5159340.628701561,100,191,0100_0191
274,2008-07-23,2008-07-23,46.58763,8.387155,2356.0,138,,,RGI60-11.01238,-715.9066547707971,5159340.628346833,100,191,0100_0191
274,2008-07-23,2008-07-23,46.587629,8.387195,2356.0,138,,,RGI60-11.01238,-712.8423269298403,5159340.516866215,100,191,0100_0191
274,2008-07-23,2008-07-23,46.587629,8.387234,2356.0,138,,,RGI60-11.01238,-709.8545944488079,5159340.51651448,100,191,0100_0191
274,2008-07-23,2008-07-23,46.587629,8.387273,2357.0,139,,,RGI60-11.01238,-706.8668619675141,5159340.516164222,100,191,0100_0191
274,2008-07-23,2008-07-23,46.587629,8.387312,2357.0,139,,,RGI60-11.01238,-703.8791294864461,5159340.515815442,100,191,0100_0191
274,2008-07-23,2008-07-23,46.58763,8.387351,2357.0,140,,,RGI60-11.01238,-700.8913841158485,5159340.626586467,100,191,0100_0191
274,2008-07-23,2008-07-23,46.58763,8.38739,2358.0,140,,,RGI60-11.01238,-697.9036516895676,5159340.626240642,101,191,0101_0191
274,2008-07-23,2008-07-23,46.587631,8.387429,2358.0,141,,,RGI60-11.01238,-694.9159064840101,5159340.737014623,101,191,0101_0191
274,2008-07-23,2008-07-23,46.587632,8.387468,2358.0,141,,,RGI60-11.01238,-691.9281613880793,5159340.84779008,101,191,0101_0191
274,2008-07-23,2008-07-23,46.587633,8.387508,2358.0,141,,,RGI60-11.01238,-688.8638078825552,5159340.958558281,101,191,0101_0191
274,2008-07-23,2008-07-23,46.587634,8.387547,2358.0,142,,,RGI60-11.01238,-685.8760630080169,5159341.069336733,101,191,0101_0191
274,2008-07-23,2008-07-23,46.587635,8.387586,2359.0,142,,,RGI60-11.01238,-682.8883182431056,5159341.18011666,101,191,0101_0191
274,2008-07-23,2008-07-23,46.587637,8.387625,2359.0,143,,,RGI60-11.01238,-679.9005610850543,5159341.402016395,101,191,0101_0191
274,2008-07-23,2008-07-23,46.587639,8.387664,2359.0,144,,,RGI60-11.01238,-676.9128041466389,5159341.623917607,101,191,0101_0191
274,2008-07-23,2008-07-23,46.587641,8.387703,2359.0,145,,,RGI60-11.01238,-673.9250474278597,5159341.845820297,101,191,0101_0191
274,2008-07-23,2008-07-23,46.587643,8.387742,2359.0,146,,,RGI60-11.01238,-670.9372909290819,5159342.067724463,101,191,0101_0191
274,2008-07-23,2008-07-23,46.587645,8.387781,2359.0,147,,,RGI60-11.01238,-667.9495346498181,5159342.2896301085,101,191,0101_0191
274,2008-07-23,2008-07-23,46.587647,8.38782,2359.0,148,,,RGI60-11.01238,-664.9617785905562,5159342.51153723,101,191,0101_0191
274,2008-07-23,2008-07-23,46.587649,8.387859,2359.0,149,,,RGI60-11.01238,-661.9740227508089,5159342.733445828,101,191,0101_0191
274,2008-07-23,2008-07-23,46.587651,8.387898,2359.0,150,,,RGI60-11.01238,-658.9862671310634,5159342.955355905,101,191,0101_0191
274,2008-07-23,2008-07-23,46.587654,8.387937,2359.0,151,,,RGI60-11.01238,-655.9984996671261,5159343.288385789,101,191,0101_0191
274,2008-07-23,2008-07-23,46.587656,8.387976,2359.0,151,,,RGI60-11.01238,-653.010744541719,5159343.510298819,101,191,0101_0191
274,2008-07-23,2008-07-23,46.587657,8.388015,2359.0,152,,,RGI60-11.01238,-650.0230015900114,5159343.621094998,101,191,0101_0191
274,2008-07-23,2008-07-23,46.587659,8.388054,2359.0,153,,,RGI60-11.01238,-647.035246849056,5159343.843010984,101,191,0101_0191
274,2008-07-23,2008-07-23,46.58766,8.388093,2359.0,154,,,RGI60-11.01238,-644.0475041720349,5159343.953810117,101,191,0101_0191
274,2008-07-23,2008-07-23,46.587661,8.388133,2358.0,155,,,RGI60-11.01238,-640.9831531246183,5159344.064602602,101,191,0101_0191
274,2008-07-23,2008-07-23,46.587662,8.388172,2358.0,155,,,RGI60-11.01238,-637.9954106685052,5159344.175404728,101,191,0101_0191
274,2008-07-23,2008-07-23,46.587662,8.388211,2358.0,155,,,RGI60-11.01238,-635.0076800001995,5159344.175090002,101,191,0101_0191
274,2008-07-23,2008-07-23,46.587662,8.38825,2358.0,154,,,RGI60-11.01238,-632.0199493317558,5159344.1747767525,102,191,0102_0191
274,2008-07-23,2008-07-23,46.587662,8.388289,2358.0,154,,,RGI60-11.01238,-629.0322186631745,5159344.17446498,102,191,0102_0191
274,2008-07-23,2008-07-23,46.587661,8.388328,2358.0,152,,,RGI60-11.01238,-626.0444995076816,5159344.063036356,102,191,0102_0191
274,2008-07-23,2008-07-23,46.587661,8.388367,2357.0,151,,,RGI60-11.01238,-623.0567687841251,5159344.062727539,102,191,0102_0191
274,2008-07-23,2008-07-23,46.587659,8.388406,2357.0,149,,,RGI60-11.01238,-620.069060866741,5159343.84018354,102,191,0102_0191
274,2008-07-23,2008-07-23,46.587658,8.388445,2357.0,147,,,RGI60-11.01238,-617.0813413812934,5159343.728759347,102,191,0102_0191
274,2008-07-23,2008-07-23,46.587656,8.388484,2357.0,145,,,RGI60-11.01238,-614.0936330791482,5159343.506218303,102,191,0102_0191
274,2008-07-23,2008-07-23,46.587654,8.388524,2357.0,144,,,RGI60-11.01238,-611.0293160673218,5159343.283670988,102,191,0102_0191
274,2008-07-23,2008-07-23,46.587653,8.388563,2357.0,143,,,RGI60-11.01238,-608.0415961409892,5159343.1722512655,102,191,0102_0191
274,2008-07-23,2008-07-23,46.587651,8.388602,2357.0,142,,,RGI60-11.01238,-605.0538872314734,5159342.94971469,102,191,0102_0191
274,2008-07-23,2008-07-23,46.587649,8.388641,2357.0,142,,,RGI60-11.01238,-602.06617810241,5159342.7271795925,102,191,0102_0191
274,2008-07-23,2008-07-23,46.587646,8.38868,2357.0,142,,,RGI60-11.01238,-599.0784797702648,5159342.393527643,102,191,0102_0191
274,2008-07-23,2008-07-23,46.587644,8.388719,2357.0,141,,,RGI60-11.01238,-596.0907701466745,5159342.170995501,102,191,0102_0191
274,2008-07-23,2008-07-23,46.587642,8.388758,2357.0,141,,,RGI60-11.01238,-593.1030603031713,5159341.948464836,102,191,0102_0191
274,2008-07-23,2008-07-23,46.58764,8.388797,2357.0,141,,,RGI60-11.01238,-590.1153502397551,5159341.725935646,102,191,0102_0191
274,2008-07-23,2008-07-23,46.587638,8.388836,2357.0,141,,,RGI60-11.01238,-587.1276399567918,5159341.503407937,102,191,0102_0191
274,2008-07-23,2008-07-23,46.587636,8.388875,2357.0,142,,,RGI60-11.01238,-584.1399294537936,5159341.280881705,102,191,0102_0191
274,2008-07-23,2008-07-23,46.587634,8.388914,2357.0,142,,,RGI60-11.01238,-581.1522187312485,5159341.058356948,102,191,0102_0191
274,2008-07-23,2008-07-23,46.587633,8.388953,2357.0,142,,,RGI60-11.01238,-578.1644971563254,5159340.946951998,102,191,0102_0191
274,2008-07-23,2008-07-23,46.587632,8.388992,2357.0,142,,,RGI60-11.01238,-575.1767754716215,5159340.835548528,102,191,0102_0191
274,2008-07-23,2008-07-23,46.58763,8.389031,2357.0,143,,,RGI60-11.01238,-572.189064199593,5159340.613028203,102,191,0102_0191
274,2008-07-23,2008-07-23,46.58763,8.38907,2357.0,144,,,RGI60-11.01238,-569.2013317725072,5159340.612746016,102,191,0102_0191
274,2008-07-23,2008-07-23,46.587629,8.389109,2357.0,144,,,RGI60-11.01238,-566.2136097582185,5159340.501346977,103,191,0103_0191
274,2008-07-23,2008-07-23,46.587628,8.389149,2357.0,144,,,RGI60-11.01238,-563.1492791072599,5159340.389942274,103,191,0103_0191
274,2008-07-23,2008-07-23,46.587628,8.389188,2357.0,145,,,RGI60-11.01238,-560.1615465702434,5159340.389664556,103,191,0103_0191
274,2008-07-23,2008-07-23,46.587629,8.389227,2357.0,145,,,RGI60-11.01238,-557.1738037871298,5159340.500506644,103,191,0103_0191
274,2008-07-23,2008-07-23,46.587629,8.389266,2357.0,145,,,RGI60-11.01238,-554.1860713051512,5159340.500231883,103,191,0103_0191
274,2008-07-23,2008-07-23,46.58763,8.389305,2357.0,145,,,RGI60-11.01238,-551.1983286867194,5159340.611076926,103,191,0103_0191
274,2008-07-23,2008-07-23,46.58763,8.389344,2357.0,145,,,RGI60-11.01238,-548.2105962596572,5159340.610805118,103,191,0103_0191
274,2008-07-23,2008-07-23,46.587631,8.389383,2357.0,145,,,RGI60-11.01238,-545.2228538059073,5159340.721653117,103,191,0103_0191
274,2008-07-23,2008-07-23,46.587633,8.389422,2356.0,145,,,RGI60-11.01238,-542.235101490667,5159340.943620921,103,191,0103_0191
274,2008-07-23,2008-07-23,46.587634,8.389462,2356.0,144,,,RGI60-11.01238,-539.1707507935345,5159341.054465038,103,191,0103_0191
274,2008-07-23,2008-07-23,46.587635,8.389501,2356.0,144,,,RGI60-11.01238,-536.1830087260028,5159341.165317506,103,191,0103_0191
274,2008-07-23,2008-07-23,46.587637,8.38954,2356.0,144,,,RGI60-11.01238,-533.1952569627329,5159341.387289781,103,191,0103_0191
274,2008-07-23,2008-07-23,46.587639,8.389579,2355.0,144,,,RGI60-11.01238,-530.2075054193464,5159341.609263534,103,191,0103_0191
274,2008-07-23,2008-07-23,46.58764,8.389618,2355.0,144,,,RGI60-11.01238,-527.219763791203,5159341.720120435,103,191,0103_0191
274,2008-07-23,2008-07-23,46.587642,8.389657,2355.0,144,,,RGI60-11.01238,-524.2320126323963,5159341.942097141,103,191,0103_0191
274,2008-07-23,2008-07-23,46.587643,8.389696,2355.0,143,,,RGI60-11.01238,-521.2442712788238,5159342.052956996,103,191,0103_0191
274,2008-07-23,2008-07-23,46.587645,8.389735,2355.0,142,,,RGI60-11.01238,-518.2565205047189,5159342.274936659,103,191,0103_0191
274,2008-07-23,2008-07-23,46.587646,8.389774,2354.0,142,,,RGI60-11.01238,-515.2687794259612,5159342.3857994685,103,191,0103_0191
274,2008-07-23,2008-07-23,46.587648,8.389813,2354.0,141,,,RGI60-11.01238,-512.281029036315,5159342.6077820845,103,191,0103_0191
274,2008-07-23,2008-07-23,46.587649,8.389852,2354.0,141,,,RGI60-11.01238,-509.29328823225075,5159342.718647848,103,191,0103_0191
274,2008-07-23,2008-07-23,46.58765,8.389892,2353.0,141,,,RGI60-11.01238,-506.22893904240266,5159342.829508672,103,191,0103_0191
274,2008-07-23,2008-07-23,46.587651,8.389931,2353.0,140,,,RGI60-11.01238,-503.2411984594967,5159342.940377429,103,191,0103_0191
274,2008-07-23,2008-07-23,46.587653,8.38997,2352.0,140,,,RGI60-11.01238,-500.2534487868859,5159343.1623659935,104,191,0104_0191
274,2008-07-23,2008-07-23,46.587654,8.390009,2352.0,140,,,RGI60-11.01238,-497.26570847879566,5159343.273237706,104,191,0104_0191
274,2008-07-23,2008-07-23,46.587656,8.390048,2352.0,140,,,RGI60-11.01238,-494.2779591906447,5159343.495229225,104,191,0104_0191
274,2008-07-23,2008-07-23,46.587658,8.390087,2352.0,140,,,RGI60-11.01238,-491.2902101223782,5159343.71722222,104,191,0104_0191
274,2008-07-23,2008-07-23,46.58766,8.390126,2351.0,140,,,RGI60-11.01238,-488.30246127387437,5159343.939216693,104,191,0104_0191
274,2008-07-23,2008-07-23,46.587663,8.390165,2351.0,139,,,RGI60-11.01238,-485.3147037202717,5159344.272330976,104,191,0104_0191
274,2008-07-23,2008-07-23,46.587666,8.390204,2351.0,139,,,RGI60-11.01238,-482.3269464963189,5159344.6054467335,104,191,0104_0191
274,2008-07-23,2008-07-23,46.587669,8.390243,2351.0,139,,,RGI60-11.01238,-479.3391896020162,5159344.938563969,104,191,0104_0191
274,2008-07-23,2008-07-23,46.587672,8.390281,2351.0,139,,,RGI60-11.01238,-476.42804150190966,5159345.271688724,104,191,0104_0191
274,2008-07-23,2008-07-23,46.587676,8.39032,2351.0,139,,,RGI60-11.01238,-473.440276556306,5159345.715927208,104,191,0104_0191
274,2008-07-23,2008-07-23,46.587679,8.390359,2350.0,140,,,RGI60-11.01238,-470.4525207015496,5159346.049048838,104,191,0104_0191
274,2008-07-23,2008-07-23,46.587683,8.390398,2350.0,140,,,RGI60-11.01238,-467.4647565800773,5159346.493290277,104,191,0104_0191
274,2008-07-23,2008-07-23,46.587687,8.390437,2350.0,141,,,RGI60-11.01238,-464.4769928978986,5159346.937533193,104,191,0104_0191
274,2008-07-23,2008-07-23,46.587691,8.390475,2350.0,141,,,RGI60-11.01238,-461.56583809328106,5159347.381783438,104,191,0104_0191
274,2008-07-23,2008-07-23,46.587695,8.390514,2350.0,142,,,RGI60-11.01238,-458.57807528466446,5159347.826029272,104,191,0104_0191
274,2008-07-23,2008-07-23,46.5877,8.390552,2350.0,142,,,RGI60-11.01238,-455.66691296244124,5159348.381400691,104,191,0104_0191
274,2008-07-23,2008-07-23,46.587705,8.390591,2350.0,143,,,RGI60-11.01238,-452.67914275749746,5159348.936767773,104,191,0104_0191
274,2008-07-23,2008-07-23,46.58771,8.390629,2350.0,143,,,RGI60-11.01238,-449.76798151299204,5159349.492142036,104,191,0104_0191
274,2008-07-23,2008-07-23,46.587714,8.390668,2350.0,144,,,RGI60-11.01238,-446.78022061620896,5159349.936393704,104,191,0104_0191
274,2008-07-23,2008-07-23,46.587719,8.390706,2350.0,144,,,RGI60-11.01238,-443.869060395887,5159350.491770809,104,191,0104_0191
274,2008-07-23,2008-07-23,46.587724,8.390745,2350.0,145,,,RGI60-11.01238,-440.88129231961165,5159351.047143726,104,191,0104_0191
274,2008-07-23,2008-07-23,46.587728,8.390784,2350.0,145,,,RGI60-11.01238,-437.89353284557393,5159351.49139979,104,191,0104_0191
274,2008-07-23,2008-07-23,46.587732,8.390823,2350.0,146,,,RGI60-11.01238,-434.9057738110746,5159351.935657334,105,191,0105_0191
274,2008-07-23,2008-07-23,46.587735,8.390861,2350.0,146,,,RGI60-11.01238,-431.99463153495583,5159352.268803497,105,191,0105_0191
274,2008-07-23,2008-07-23,46.587738,8.3909,2350.0,147,,,RGI60-11.01238,-429.0068812082243,5159352.601945623,105,191,0105_0191
274,2008-07-23,2008-07-23,46.58774,8.390939,2351.0,147,,,RGI60-11.01238,-426.01913904583535,5159352.823970896,105,191,0105_0191
274,2008-07-23,2008-07-23,46.587742,8.390978,2350.0,147,,,RGI60-11.01238,-423.0313971029671,5159353.045997648,105,191,0105_0191
274,2008-07-23,2008-07-23,46.587742,8.391017,2350.0,147,,,RGI60-11.01238,-420.0436708292259,5159353.045789213,105,191,0105_0191
274,2008-07-23,2008-07-23,46.587741,8.391057,2350.0,147,,,RGI60-11.01238,-416.9793438575022,5159352.934458635,105,191,0105_0191
274,2008-07-23,2008-07-23,46.58774,8.391096,2350.0,147,,,RGI60-11.01238,-413.991625141936,5159352.823134861,105,191,0105_0191
274,2008-07-23,2008-07-23,46.587736,8.391134,2349.0,147,,,RGI60-11.01238,-411.08053736593456,5159352.378462783,105,191,0105_0191
274,2008-07-23,2008-07-23,46.587733,8.391173,2349.0,146,,,RGI60-11.01238,-408.09283327659074,5159352.044905263,105,191,0105_0191
274,2008-07-23,2008-07-23,46.587726,8.391211,2348.0,146,,,RGI60-11.01238,-405.18176704564223,5159351.266881032,105,191,0105_0191
274,2008-07-23,2008-07-23,46.58772,8.391249,2347.0,145,,,RGI60-11.01238,-402.27069266735384,5159350.599976536,105,191,0105_0191
274,2008-07-23,2008-07-23,46.58771,8.391286,2346.0,144,,,RGI60-11.01238,-399.4362554345881,5159349.488605182,105,191,0105_0191
274,2008-07-23,2008-07-23,46.5877,8.391322,2345.0,143,,,RGI60-11.01238,-396.6784255841378,5159348.377240188,105,191,0105_0191
274,2008-07-23,2008-07-23,46.587689,8.391357,2344.0,142,,,RGI60-11.01238,-393.99721040443177,5159347.154763121,105,191,0105_0191
274,2008-07-23,2008-07-23,46.587675,8.391391,2344.0,141,,,RGI60-11.01238,-391.3926241888496,5159345.598937215,105,191,0105_0191
274,2008-07-23,2008-07-23,46.587662,8.391425,2343.0,141,,,RGI60-11.01238,-388.7880294824127,5159344.154230768,105,191,0105_0191
274,2008-07-23,2008-07-23,46.588179,8.383288,2389.0,66,,,RGI60-11.01238,-1012.1415972612178,5159401.674674051,96,190,0096_0190
274,2008-07-23,2008-07-23,46.588185,8.383326,2388.0,67,,,RGI60-11.01238,-1009.2303913922217,5159402.340897155,96,190,0096_0190
274,2008-07-23,2008-07-23,46.588191,8.383364,2388.0,69,,,RGI60-11.01238,-1006.319186165495,5159403.007121663,96,190,0096_0190
274,2008-07-23,2008-07-23,46.588197,8.383402,2388.0,70,,,RGI60-11.01238,-1003.4079815812822,5159403.673347573,96,190,0096_0190
274,2008-07-23,2008-07-23,46.588204,8.38344,2387.0,72,,,RGI60-11.01238,-1000.496759240011,5159404.450693224,96,190,0096_0190
274,2008-07-23,2008-07-23,46.58821,8.383478,2387.0,74,,,RGI60-11.01238,-997.5855559941155,5159405.116921941,96,190,0096_0190
274,2008-07-23,2008-07-23,46.588216,8.383516,2386.0,76,,,RGI60-11.01238,-994.6743533904909,5159405.783152061,96,190,0096_0190
274,2008-07-23,2008-07-23,46.588221,8.383554,2386.0,78,,,RGI60-11.01238,-991.7631696681074,5159406.338265242,96,190,0096_0190
274,2008-07-23,2008-07-23,46.588227,8.383593,2385.0,84,,,RGI60-11.01238,-988.7753606131657,5159407.00448563,96,190,0096_0190
274,2008-07-23,2008-07-23,46.588232,8.383631,2385.0,87,,,RGI60-11.01238,-985.864178021888,5159407.559601655,96,190,0096_0190
274,2008-07-23,2008-07-23,46.588237,8.38367,2384.0,90,,,RGI60-11.01238,-982.8763882974542,5159408.1147066215,96,190,0096_0190
274,2008-07-23,2008-07-23,46.588242,8.383708,2384.0,92,,,RGI60-11.01238,-979.9652067838698,5159408.669825491,96,190,0096_0190
274,2008-07-23,2008-07-23,46.588245,8.383747,2383.0,95,,,RGI60-11.01238,-976.9774540849997,5159409.002696692,96,190,0096_0190
274,2008-07-23,2008-07-23,46.588249,8.383786,2383.0,98,,,RGI60-11.01238,-973.9896838036392,5159409.446687711,96,190,0096_0190
274,2008-07-23,2008-07-23,46.588252,8.383824,2383.0,100,,,RGI60-11.01238,-971.0785394663428,5159409.779574178,96,190,0096_0190
274,2008-07-23,2008-07-23,46.588255,8.383863,2383.0,103,,,RGI60-11.01238,-968.0907878069874,5159410.112449775,96,190,0096_0190
274,2008-07-23,2008-07-23,46.588257,8.383902,2383.0,106,,,RGI60-11.01238,-965.1030542256152,5159410.334208506,96,190,0096_0190
274,2008-07-23,2008-07-23,46.588259,8.383941,2384.0,109,,,RGI60-11.01238,-962.1153208642388,5159410.555968716,97,190,0097_0190
274,2008-07-23,2008-07-23,46.58826,8.383981,2385.0,112,,,RGI60-11.01238,-959.050997724866,5159410.6665999,97,190,0097_0190
274,2008-07-23,2008-07-23,46.588261,8.38402,2385.0,115,,,RGI60-11.01238,-956.063282333092,5159410.777244762,97,190,0097_0190
274,2008-07-23,2008-07-23,46.588262,8.384059,2385.0,117,,,RGI60-11.01238,-953.0755670509396,5159410.887891098,97,190,0097_0190
274,2008-07-23,2008-07-23,46.588261,8.384098,2385.0,119,,,RGI60-11.01238,-950.0878868234433,5159410.7763022315,97,190,0097_0190
274,2008-07-23,2008-07-23,46.588261,8.384137,2385.0,121,,,RGI60-11.01238,-947.1001890686442,5159410.775833182,97,190,0097_0190
274,2008-07-23,2008-07-23,46.58826,8.384176,2384.0,123,,,RGI60-11.01238,-944.1125086762677,5159410.664247269,97,190,0097_0190
274,2008-07-23,2008-07-23,46.588259,8.384215,2384.0,124,,,RGI60-11.01238,-941.1248281740999,5159410.552662833,97,190,0097_0190
274,2008-07-23,2008-07-23,46.588257,8.384254,2383.0,126,,,RGI60-11.01238,-938.1371648143319,5159410.329961531,97,190,0097_0190
274,2008-07-23,2008-07-23,46.588255,8.384293,2383.0,127,,,RGI60-11.01238,-935.1495012348831,5159410.107261709,97,190,0097_0190
274,2008-07-23,2008-07-23,46.588253,8.384332,2383.0,129,,,RGI60-11.01238,-932.1618374356324,5159409.884563364,97,190,0097_0190
274,2008-07-23,2008-07-23,46.58825,8.384371,2383.0,130,,,RGI60-11.01238,-929.1741905043,5159409.5507481545,97,190,0097_0190
274,2008-07-23,2008-07-23,46.588247,8.38441,2383.0,131,,,RGI60-11.01238,-926.1865432431534,5159409.216934422,97,190,0097_0190
274,2008-07-23,2008-07-23,46.588244,8.384449,2383.0,133,,,RGI60-11.01238,-923.1988956525577,5159408.8831221685,97,190,0097_0190
274,2008-07-23,2008-07-23,46.588241,8.384488,2383.0,134,,,RGI60-11.01238,-920.2112477321485,5159408.54931139,97,190,0097_0190
274,2008-07-23,2008-07-23,46.588237,8.384527,2383.0,136,,,RGI60-11.01238,-917.2236163499866,5159408.104383749,97,190,0097_0190
274,2008-07-23,2008-07-23,46.588234,8.384566,2383.0,136,,,RGI60-11.01238,-914.2359677152477,5159407.770575927,97,190,0097_0190
274,2008-07-23,2008-07-23,46.58823,8.384604,2383.0,137,,,RGI60-11.01238,-911.3249431873446,5159407.325662795,97,190,0097_0190
274,2008-07-23,2008-07-23,46.588226,8.384643,2383.0,137,,,RGI60-11.01238,-908.3373105468938,5159406.88073955,97,190,0097_0190
274,2008-07-23,2008-07-23,46.588221,8.384682,2382.0,137,,,RGI60-11.01238,-905.3496941165488,5159406.324699441,97,190,0097_0190
274,2008-07-23,2008-07-23,46.588217,8.38472,2382.0,138,,,RGI60-11.01238,-902.438668238905,5159405.879790591,97,190,0097_0190
274,2008-07-23,2008-07-23,46.588213,8.384759,2382.0,138,,,RGI60-11.01238,-899.4510342303975,5159405.434871741,97,190,0097_0190
274,2008-07-23,2008-07-23,46.588208,8.384798,2382.0,139,,,RGI60-11.01238,-896.4634162686896,5159404.878836027,98,190,0098_0190
274,2008-07-23,2008-07-23,46.588204,8.384836,2381.0,140,,,RGI60-11.01238,-893.5523890411847,5159404.433931461,98,190,0098_0190
274,2008-07-23,2008-07-23,46.5882,8.384875,2381.0,140,,,RGI60-11.01238,-890.564753664865,5159403.989017005,98,190,0098_0190
274,2008-07-23,2008-07-23,46.588196,8.384914,2381.0,141,,,RGI60-11.01238,-887.57711784872,5159403.544104028,98,190,0098_0190
274,2008-07-23,2008-07-23,46.588192,8.384952,2381.0,141,,,RGI60-11.01238,-884.6660893250134,5159403.099203742,98,190,0098_0190
274,2008-07-23,2008-07-23,46.588188,8.384991,2381.0,141,,,RGI60-11.01238,-881.678452635585,5159402.6542936815,98,190,0098_0190
274,2008-07-23,2008-07-23,46.588185,8.38503,2380.0,142,,,RGI60-11.01238,-878.6907993470484,5159402.320503439,98,190,0098_0190
274,2008-07-23,2008-07-23,46.588181,8.385069,2380.0,142,,,RGI60-11.01238,-875.7031618334025,5159401.875596332,98,190,0098_0190
274,2008-07-23,2008-07-23,46.588178,8.385108,2380.0,142,,,RGI60-11.01238,-872.7155078305403,5159401.541809045,98,190,0098_0190
274,2008-07-23,2008-07-23,46.588175,8.385147,2380.0,142,,,RGI60-11.01238,-869.7278534981086,5159401.208023235,98,190,0098_0190
274,2008-07-23,2008-07-23,46.588173,8.385186,2380.0,142,,,RGI60-11.01238,-866.7401828966068,5159400.985357241,98,190,0098_0190
274,2008-07-23,2008-07-23,46.588171,8.385225,2380.0,142,,,RGI60-11.01238,-863.7525120750611,5159400.762692726,98,190,0098_0190
274,2008-07-23,2008-07-23,46.588169,8.385264,2380.0,142,,,RGI60-11.01238,-860.7648410339589,5159400.540029688,98,190,0098_0190
274,2008-07-23,2008-07-23,46.588167,8.385303,2379.0,142,,,RGI60-11.01238,-857.777169772813,5159400.317368127,98,190,0098_0190
274,2008-07-23,2008-07-23,46.588166,8.385342,2379.0,142,,,RGI60-11.01238,-854.7894825723879,5159400.205826384,98,190,0098_0190
274,2008-07-23,2008-07-23,46.588165,8.385381,2379.0,142,,,RGI60-11.01238,-851.801795261809,5159400.094286117,98,190,0098_0190
274,2008-07-23,2008-07-23,46.588164,8.38542,2379.0,142,,,RGI60-11.01238,-848.8141078414417,5159399.982747328,98,190,0098_0190
274,2008-07-23,2008-07-23,46.588163,8.385459,2379.0,142,,,RGI60-11.01238,-845.8264203111643,5159399.871210015,98,190,0098_0190
274,2008-07-23,2008-07-23,46.588163,8.385498,2379.0,142,,,RGI60-11.01238,-842.838717171032,5159399.870792521,98,190,0098_0190
274,2008-07-23,2008-07-23,46.588163,8.385537,2379.0,143,,,RGI60-11.01238,-839.8510140310008,5159399.870376505,98,190,0098_0190
274,2008-07-23,2008-07-23,46.588163,8.385576,2379.0,143,,,RGI60-11.01238,-836.8633108907045,5159399.869961964,98,190,0098_0190
274,2008-07-23,2008-07-23,46.588163,8.385616,2379.0,144,,,RGI60-11.01238,-833.7989999776242,5159399.86953833,98,190,0098_0190
274,2008-07-23,2008-07-23,46.588163,8.385655,2379.0,144,,,RGI60-11.01238,-830.8112968375299,5159399.869126782,99,190,0099_0190
274,2008-07-23,2008-07-23,46.588164,8.385694,2379.0,146,,,RGI60-11.01238,-827.8235784733569,5159399.979835051,99,190,0099_0190
274,2008-07-23,2008-07-23,46.588164,8.385733,2379.0,147,,,RGI60-11.01238,-824.8358753880436,5159399.9794264585,99,190,0099_0190
274,2008-07-23,2008-07-23,46.588165,8.385772,2379.0,149,,,RGI60-11.01238,-821.8481571889057,5159400.090137684,99,190,0099_0190
274,2008-07-23,2008-07-23,46.588165,8.385811,2379.0,150,,,RGI60-11.01238,-818.8604541583732,5159400.089732045,99,190,0099_0190
274,2008-07-23,2008-07-23,46.588166,8.385851,2378.0,151,,,RGI60-11.01238,-815.7961283552435,5159400.200435881,99,190,0099_0190
274,2008-07-23,2008-07-23,46.588166,8.38589,2378.0,152,,,RGI60-11.01238,-812.8084253798581,5159400.200033234,99,190,0099_0190
274,2008-07-23,2008-07-23,46.588166,8.385929,2378.0,152,,,RGI60-11.01238,-809.8207224042086,5159400.199632066,99,190,0099_0190
274,2008-07-23,2008-07-23,46.588167,8.385968,2378.0,152,,,RGI60-11.01238,-806.8330045909873,5159400.310350715,99,190,0099_0190
274,2008-07-23,2008-07-23,46.588167,8.386007,2378.0,152,,,RGI60-11.01238,-803.8453016703642,5159400.309952501,99,190,0099_0190
274,2008-07-23,2008-07-23,46.588167,8.386046,2377.0,152,,,RGI60-11.01238,-800.8575987495982,5159400.309555765,99,190,0099_0190
274,2008-07-23,2008-07-23,46.588167,8.386085,2377.0,152,,,RGI60-11.01238,-797.8698958290566,5159400.309160505,99,190,0099_0190
274,2008-07-23,2008-07-23,46.588167,8.386124,2377.0,151,,,RGI60-11.01238,-794.8821929082513,5159400.308766724,99,190,0099_0190
274,2008-07-23,2008-07-23,46.588167,8.386164,2376.0,150,,,RGI60-11.01238,-791.8178822204125,5159400.30836438,99,190,0099_0190
274,2008-07-23,2008-07-23,46.588166,8.386203,2376.0,150,,,RGI60-11.01238,-788.8301938064093,5159400.196855251,99,190,0099_0190
274,2008-07-23,2008-07-23,46.588166,8.386242,2376.0,149,,,RGI60-11.01238,-785.8424908307215,5159400.196465939,99,190,0099_0190
274,2008-07-23,2008-07-23,46.588165,8.386281,2375.0,148,,,RGI60-11.01238,-782.8548022518456,5159400.084959765,99,190,0099_0190
274,2008-07-23,2008-07-23,46.588164,8.38632,2375.0,147,,,RGI60-11.01238,-779.8671135630615,5159399.973455067,99,190,0099_0190
274,2008-07-23,2008-07-23,46.588163,8.386359,2374.0,147,,,RGI60-11.01238,-776.8794247643687,5159399.861951849,99,190,0099_0190
274,2008-07-23,2008-07-23,46.588162,8.386398,2374.0,146,,,RGI60-11.01238,-773.8917358557675,5159399.750450105,99,190,0099_0190
274,2008-07-23,2008-07-23,46.58816,8.386437,2374.0,145,,,RGI60-11.01238,-770.9040610141891,5159399.527831501,99,190,0099_0190
274,2008-07-23,2008-07-23,46.588159,8.386477,2373.0,144,,,RGI60-11.01238,-767.8397640525386,5159399.416322979,99,190,0099_0190
274,2008-07-23,2008-07-23,46.588157,8.386516,2373.0,142,,,RGI60-11.01238,-764.8520888234917,5159399.193707366,100,190,0100_0190
274,2008-07-23,2008-07-23,46.588155,8.386555,2373.0,141,,,RGI60-11.01238,-761.8644133748909,5159398.971093232,100,190,0100_0190
274,2008-07-23,2008-07-23,46.588153,8.386594,2372.0,141,,,RGI60-11.01238,-758.8767377062496,5159398.748480574,100,190,0100_0190
274,2008-07-23,2008-07-23,46.588151,8.386633,2372.0,140,,,RGI60-11.01238,-755.8890618179321,5159398.525869395,100,190,0100_0190
274,2008-07-23,2008-07-23,46.588149,8.386672,2372.0,139,,,RGI60-11.01238,-752.901385709818,5159398.303259691,100,190,0100_0190
274,2008-07-23,2008-07-23,46.588146,8.386711,2371.0,138,,,RGI60-11.01238,-749.9137231729366,5159397.969533127,100,190,0100_0190
274,2008-07-23,2008-07-23,46.588144,8.38675,2371.0,138,,,RGI60-11.01238,-746.9260465704051,5159397.746926379,100,190,0100_0190
274,2008-07-23,2008-07-23,46.588141,8.386789,2371.0,138,,,RGI60-11.01238,-743.9383834289736,5159397.413202769,100,190,0100_0190
274,2008-07-23,2008-07-23,46.588139,8.386828,2370.0,138,,,RGI60-11.01238,-740.9507063317818,5159397.190598978,100,190,0100_0190
274,2008-07-23,2008-07-23,46.588137,8.386867,2370.0,139,,,RGI60-11.01238,-737.9630290147929,5159396.967996662,100,190,0100_0190
274,2008-07-23,2008-07-23,46.588134,8.386906,2370.0,139,,,RGI60-11.01238,-734.9753649943136,5159396.634277484,100,190,0100_0190
274,2008-07-23,2008-07-23,46.588132,8.386945,2369.0,140,,,RGI60-11.01238,-731.9876871826649,5159396.411678124,100,190,0100_0190
274,2008-07-23,2008-07-23,46.58813,8.386984,2369.0,141,,,RGI60-11.01238,-729.0000091514636,5159396.18908024,100,190,0100_0190
274,2008-07-23,2008-07-23,46.588128,8.387023,2369.0,143,,,RGI60-11.01238,-726.012330900344,5159395.966483835,100,190,0100_0190
274,2008-07-23,2008-07-23,46.588126,8.387062,2369.0,143,,,RGI60-11.01238,-723.0246524294278,5159395.743888907,100,190,0100_0190
274,2008-07-23,2008-07-23,46.588124,8.387101,2368.0,144,,,RGI60-11.01238,-720.0369737387156,5159395.521295456,100,190,0100_0190
274,2008-07-23,2008-07-23,46.588122,8.38714,2368.0,144,,,RGI60-11.01238,-717.0492948280854,5159395.298703482,100,190,0100_0190
274,2008-07-23,2008-07-23,46.588121,8.387179,2368.0,145,,,RGI60-11.01238,-714.06160256621,5159395.187231326,100,190,0100_0190
274,2008-07-23,2008-07-23,46.58812,8.387218,2368.0,144,,,RGI60-11.01238,-711.0739101941846,5159395.075760645,100,190,0100_0190
274,2008-07-23,2008-07-23,46.588118,8.387257,2368.0,143,,,RGI60-11.01238,-708.0862307342996,5159394.853173104,100,190,0100_0190
274,2008-07-23,2008-07-23,46.588117,8.387296,2367.0,142,,,RGI60-11.01238,-705.0985380876382,5159394.7417053785,100,190,0100_0190
274,2008-07-23,2008-07-23,46.588117,8.387335,2367.0,141,,,RGI60-11.01238,-702.110832419034,5159394.74135747,100,190,0100_0190
274,2008-07-23,2008-07-23,46.588116,8.387375,2367.0,141,,,RGI60-11.01238,-699.0465317685038,5159394.629883836,101,190,0101_0190
274,2008-07-23,2008-07-23,46.588116,8.387414,2367.0,140,,,RGI60-11.01238,-696.0588260450419,5159394.629538919,101,190,0101_0190
274,2008-07-23,2008-07-23,46.588116,8.387453,2367.0,140,,,RGI60-11.01238,-693.0711203215624,5159394.629195481,101,190,0101_0190
274,2008-07-23,2008-07-23,46.588116,8.387492,2367.0,139,,,RGI60-11.01238,-690.0834145980658,5159394.6288535185,101,190,0101_0190
274,2008-07-23,2008-07-23,46.588116,8.387531,2367.0,139,,,RGI60-11.01238,-687.095708874552,5159394.6285130335,101,190,0101_0190
274,2008-07-23,2008-07-23,46.588116,8.38757,2366.0,139,,,RGI60-11.01238,-684.1080031510207,5159394.6281740265,101,190,0101_0190
274,2008-07-23,2008-07-23,46.588117,8.387609,2366.0,138,,,RGI60-11.01238,-681.1202849015774,5159394.738954835,101,190,0101_0190
274,2008-07-23,2008-07-23,46.588118,8.387648,2366.0,138,,,RGI60-11.01238,-678.1325667620052,5159394.849737121,101,190,0101_0190
274,2008-07-23,2008-07-23,46.588119,8.387688,2366.0,137,,,RGI60-11.01238,-675.0682408974053,5159394.960512325,101,190,0101_0190
274,2008-07-23,2008-07-23,46.58812,8.387727,2366.0,137,,,RGI60-11.01238,-672.080522978985,5159395.071297605,101,190,0101_0190
274,2008-07-23,2008-07-23,46.588121,8.387766,2366.0,137,,,RGI60-11.01238,-669.0928051705578,5159395.18208436,101,190,0101_0190
274,2008-07-23,2008-07-23,46.588122,8.387805,2365.0,137,,,RGI60-11.01238,-666.1050874717588,5159395.292872594,101,190,0101_0190
274,2008-07-23,2008-07-23,46.588124,8.387844,2365.0,137,,,RGI60-11.01238,-663.1173576882529,5159395.514780643,101,190,0101_0190
274,2008-07-23,2008-07-23,46.588125,8.387883,2365.0,136,,,RGI60-11.01238,-660.1296402641418,5159395.625571832,101,190,0101_0190
274,2008-07-23,2008-07-23,46.588126,8.387922,2365.0,136,,,RGI60-11.01238,-657.1419229500244,5159395.736364497,101,190,0101_0190
274,2008-07-23,2008-07-23,46.588128,8.387961,2365.0,135,,,RGI60-11.01238,-654.1541937157893,5159395.958276979,101,190,0101_0190
274,2008-07-23,2008-07-23,46.58813,8.388,2364.0,135,,,RGI60-11.01238,-651.166464701314,5159396.180190938,101,190,0101_0190
274,2008-07-23,2008-07-23,46.588131,8.388039,2364.0,134,,,RGI60-11.01238,-648.1787478268232,5159396.2909880355,101,190,0101_0190
274,2008-07-23,2008-07-23,46.588133,8.388079,2364.0,134,,,RGI60-11.01238,-645.1144113817447,5159396.51289677,101,190,0101_0190
274,2008-07-23,2008-07-23,46.588134,8.388118,2364.0,134,,,RGI60-11.01238,-642.1266947831073,5159396.62369686,101,190,0101_0190
274,2008-07-23,2008-07-23,46.588136,8.388157,2364.0,133,,,RGI60-11.01238,-639.1389665407247,5159396.845616766,101,190,0101_0190
274,2008-07-23,2008-07-23,46.588137,8.388196,2363.0,133,,,RGI60-11.01238,-636.1512502167764,5159396.956419812,101,190,0101_0190
274,2008-07-23,2008-07-23,46.588139,8.388235,2363.0,133,,,RGI60-11.01238,-633.1635223588495,5159397.178342672,102,190,0102_0190
274,2008-07-23,2008-07-23,46.58814,8.388274,2363.0,133,,,RGI60-11.01238,-630.1758063098342,5159397.2891486725,102,190,0102_0190
274,2008-07-23,2008-07-23,46.588141,8.388313,2363.0,132,,,RGI60-11.01238,-627.1880903704479,5159397.399956149,102,190,0102_0190
274,2008-07-23,2008-07-23,46.588143,8.388352,2362.0,132,,,RGI60-11.01238,-624.2003630620375,5159397.621883444,102,190,0102_0190
274,2008-07-23,2008-07-23,46.588144,8.388391,2362.0,132,,,RGI60-11.01238,-621.2126473973411,5159397.732693874,102,190,0102_0190
274,2008-07-23,2008-07-23,46.588145,8.38843,2362.0,132,,,RGI60-11.01238,-618.2249318426394,5159397.843505783,102,190,0102_0190
274,2008-07-23,2008-07-23,46.588146,8.388469,2362.0,131,,,RGI60-11.01238,-615.2372163978109,5159397.95431917,102,190,0102_0190
274,2008-07-23,2008-07-23,46.588146,8.388509,2361.0,131,,,RGI60-11.01238,-612.1729045253498,5159397.954007932,102,190,0102_0190
274,2008-07-23,2008-07-23,46.588147,8.388548,2361.0,131,,,RGI60-11.01238,-609.185189246732,5159398.06482431,102,190,0102_0190
274,2008-07-23,2008-07-23,46.588148,8.388587,2361.0,130,,,RGI60-11.01238,-606.1974740781092,5159398.175642167,102,190,0102_0190
274,2008-07-23,2008-07-23,46.588149,8.388626,2361.0,130,,,RGI60-11.01238,-603.209759019116,5159398.2864615,102,190,0102_0190
274,2008-07-23,2008-07-23,46.588149,8.388665,2360.0,129,,,RGI60-11.01238,-600.2220551084185,5159398.286163972,102,190,0102_0190
274,2008-07-23,2008-07-23,46.588149,8.388704,2360.0,129,,,RGI60-11.01238,-597.234351197462,5159398.28586792,102,190,0102_0190
274,2008-07-23,2008-07-23,46.588149,8.388743,2360.0,129,,,RGI60-11.01238,-594.2466472866128,5159398.285573347,102,190,0102_0190
274,2008-07-23,2008-07-23,46.588149,8.388783,2359.0,128,,,RGI60-11.01238,-591.1823355832246,5159398.285272755,102,190,0102_0190
274,2008-07-23,2008-07-23,46.588149,8.388802,2359.0,128,,,RGI60-11.01238,-589.726787524049,5159398.285130517,102,190,0102_0190
274,2008-07-23,2008-07-23,46.588718,8.383626,2388.0,24,,,RGI60-11.01238,-986.2384016388404,5159461.563180197,96,189,0096_0189
274,2008-07-23,2008-07-23,46.588717,8.383665,2388.0,25,,,RGI60-11.01238,-983.2507470764187,5159461.451574918,96,189,0096_0189
274,2008-07-23,2008-07-23,46.588716,8.383704,2388.0,26,,,RGI60-11.01238,-980.2630924043261,5159461.339971117,96,189,0096_0189
274,2008-07-23,2008-07-23,46.588715,8.383743,2389.0,27,,,RGI60-11.01238,-977.2754376220751,5159461.228368794,96,189,0096_0189
274,2008-07-23,2008-07-23,46.588715,8.383782,2389.0,29,,,RGI60-11.01238,-974.2877648124919,5159461.227886297,96,189,0096_0189
274,2008-07-23,2008-07-23,46.588715,8.383821,2389.0,31,,,RGI60-11.01238,-971.3000920027624,5159461.227405278,96,189,0096_0189
274,2008-07-23,2008-07-23,46.588715,8.38386,2389.0,32,,,RGI60-11.01238,-968.3124191928871,5159461.226925736,96,189,0096_0189
274,2008-07-23,2008-07-23,46.588716,8.383899,2389.0,34,,,RGI60-11.01238,-965.3247286304044,5159461.337566022,96,189,0096_0189
274,2008-07-23,2008-07-23,46.588717,8.383939,2389.0,36,,,RGI60-11.01238,-962.2604311852995,5159461.448195585,97,189,0097_0189
274,2008-07-23,2008-07-23,46.588718,8.383978,2389.0,38,,,RGI60-11.01238,-959.2727408437113,5159461.558838864,97,189,0097_0189
274,2008-07-23,2008-07-23,46.588719,8.384017,2389.0,41,,,RGI60-11.01238,-956.2850506122332,5159461.66948362,97,189,0097_0189
274,2008-07-23,2008-07-23,46.588721,8.384056,2389.0,43,,,RGI60-11.01238,-953.2973429588577,5159461.891248204,97,189,0097_0189
274,2008-07-23,2008-07-23,46.588723,8.384095,2389.0,45,,,RGI60-11.01238,-950.3096355252371,5159462.113014264,97,189,0097_0189
274,2008-07-23,2008-07-23,46.588725,8.384134,2389.0,48,,,RGI60-11.01238,-947.3219283113713,5159462.334781804,97,189,0097_0189
274,2008-07-23,2008-07-23,46.588728,8.384173,2390.0,51,,,RGI60-11.01238,-944.3342039503302,5159462.667669171,97,189,0097_0189
274,2008-07-23,2008-07-23,46.58873,8.384212,2390.0,54,,,RGI60-11.01238,-941.3464972310402,5159462.889439664,97,189,0097_0189
274,2008-07-23,2008-07-23,46.588733,8.384251,2390.0,57,,,RGI60-11.01238,-938.3587734743411,5159463.222329985,97,189,0097_0189
274,2008-07-23,2008-07-23,46.588736,8.38429,2390.0,59,,,RGI60-11.01238,-935.3710500475295,5159463.555221784,97,189,0097_0189
274,2008-07-23,2008-07-23,46.588738,8.384329,2390.0,61,,,RGI60-11.01238,-932.3833440972705,5159463.776996711,97,189,0097_0189
274,2008-07-23,2008-07-23,46.588741,8.384367,2390.0,63,,,RGI60-11.01238,-929.4722282332391,5159464.109903248,97,189,0097_0189
274,2008-07-23,2008-07-23,46.588744,8.384406,2390.0,64,,,RGI60-11.01238,-926.4845057359443,5159464.4427994415,97,189,0097_0189
274,2008-07-23,2008-07-23,46.588747,8.384445,2390.0,66,,,RGI60-11.01238,-923.4967835684145,5159464.775697114,97,189,0097_0189
274,2008-07-23,2008-07-23,46.588749,8.384484,2390.0,69,,,RGI60-11.01238,-920.5090786591926,5159464.9974779105,97,189,0097_0189
274,2008-07-23,2008-07-23,46.588751,8.384523,2391.0,71,,,RGI60-11.01238,-917.5213739697259,5159465.219260186,97,189,0097_0189
274,2008-07-23,2008-07-23,46.588754,8.384562,2392.0,74,,,RGI60-11.01238,-914.5336526811182,5159465.552162291,97,189,0097_0189
274,2008-07-23,2008-07-23,46.588755,8.384601,2392.0,76,,,RGI60-11.01238,-911.5459652500596,5159465.662829168,97,189,0097_0189
274,2008-07-23,2008-07-23,46.588756,8.384641,2393.0,78,,,RGI60-11.01238,-908.4816709913152,5159465.773486006,97,189,0097_0189
274,2008-07-23,2008-07-23,46.588758,8.38468,2393.0,80,,,RGI60-11.01238,-905.4939671288657,5159465.995274228,97,189,0097_0189
274,2008-07-23,2008-07-23,46.588758,8.384719,2393.0,81,,,RGI60-11.01238,-902.506296681105,5159465.994827225,97,189,0097_0189
274,2008-07-23,2008-07-23,46.588758,8.384758,2393.0,83,,,RGI60-11.01238,-899.5186262334431,5159465.9943817,97,189,0097_0189
274,2008-07-23,2008-07-23,46.588758,8.384797,2392.0,85,,,RGI60-11.01238,-896.5309557857594,5159465.993937652,98,189,0098_0189
274,2008-07-23,2008-07-23,46.588757,8.384836,2392.0,86,,,RGI60-11.01238,-893.5433017708056,5159465.882376731,98,189,0098_0189
274,2008-07-23,2008-07-23,46.588756,8.384875,2393.0,89,,,RGI60-11.01238,-890.5556476460614,5159465.770817285,98,189,0098_0189
274,2008-07-23,2008-07-23,46.588754,8.384914,2394.0,92,,,RGI60-11.01238,-887.5680097340237,5159465.548140966,98,189,0098_0189
274,2008-07-23,2008-07-23,46.588751,8.384953,2394.0,95,,,RGI60-11.01238,-884.5803878702213,5159465.214347775,98,189,0098_0189
274,2008-07-23,2008-07-23,46.588749,8.384992,2395.0,98,,,RGI60-11.01238,-881.5927494637544,5159464.991674411,98,189,0098_0189
274,2008-07-23,2008-07-23,46.588745,8.385031,2395.0,101,,,RGI60-11.01238,-878.6051431535349,5159464.546765823,98,189,0098_0189
274,2008-07-23,2008-07-23,46.588741,8.38507,2396.0,104,,,RGI60-11.01238,-875.6175364037307,5159464.101858712,98,189,0098_0189
274,2008-07-23,2008-07-23,46.588737,8.385109,2396.0,108,,,RGI60-11.01238,-872.629929214341,5159463.656953079,98,189,0098_0189
274,2008-07-23,2008-07-23,46.588733,8.385147,2396.0,110,,,RGI60-11.01238,-869.7189285550859,5159463.21205995,98,189,0098_0189
274,2008-07-23,2008-07-23,46.588728,8.385186,2396.0,112,,,RGI60-11.01238,-866.7313364319335,5159462.656038883,98,189,0098_0189
274,2008-07-23,2008-07-23,46.588723,8.385224,2396.0,114,,,RGI60-11.01238,-863.8203507429915,5159462.100030246,98,189,0098_0189
274,2008-07-23,2008-07-23,46.588717,8.385262,2396.0,115,,,RGI60-11.01238,-860.9093803512375,5159461.432904662,98,189,0098_0189
274,2008-07-23,2008-07-23,46.588711,8.3853,2395.0,116,,,RGI60-11.01238,-857.998409317021,5159460.76578048,98,189,0098_0189
274,2008-07-23,2008-07-23,46.588705,8.385338,2395.0,117,,,RGI60-11.01238,-855.0874376404643,5159460.098657701,98,189,0098_0189
274,2008-07-23,2008-07-23,46.588698,8.385377,2395.0,118,,,RGI60-11.01238,-852.0998739742528,5159459.320407173,98,189,0098_0189
274,2008-07-23,2008-07-23,46.588692,8.385415,2394.0,119,,,RGI60-11.01238,-849.1889009507811,5159458.6532872375,98,189,0098_0189
274,2008-07-23,2008-07-23,46.588686,8.385453,2394.0,120,,,RGI60-11.01238,-846.2779272847263,5159457.986168708,98,189,0098_0189
274,2008-07-23,2008-07-23,46.588679,8.385491,2394.0,122,,,RGI60-11.01238,-843.3669684862722,5159457.207933229,98,189,0098_0189
274,2008-07-23,2008-07-23,46.588673,8.385529,2394.0,124,,,RGI60-11.01238,-840.4559934817568,5159456.540817504,98,189,0098_0189
274,2008-07-23,2008-07-23,46.588667,8.385567,2394.0,125,,,RGI60-11.01238,-837.5450178349026,5159455.873703182,98,189,0098_0189
274,2008-07-23,2008-07-23,46.588661,8.385605,2394.0,127,,,RGI60-11.01238,-834.6340415454652,5159455.206590263,98,189,0098_0189
274,2008-07-23,2008-07-23,46.588655,8.385643,2393.0,128,,,RGI60-11.01238,-831.7230646136894,5159454.539478748,99,189,0099_0189
274,2008-07-23,2008-07-23,46.58865,8.385682,2393.0,129,,,RGI60-11.01238,-828.7354647104169,5159453.983476479,99,189,0099_0189
274,2008-07-23,2008-07-23,46.588645,8.38572,2393.0,130,,,RGI60-11.01238,-825.8244713514974,5159453.427486154,99,189,0099_0189
274,2008-07-23,2008-07-23,46.58864,8.385759,2393.0,131,,,RGI60-11.01238,-822.8368703561983,5159452.871486803,99,189,0099_0189
274,2008-07-23,2008-07-23,46.588636,8.385798,2393.0,132,,,RGI60-11.01238,-819.8492537341308,5159452.426607276,99,189,0099_0189
274,2008-07-23,2008-07-23,46.588633,8.385836,2393.0,133,,,RGI60-11.01238,-816.9382287607474,5159452.092857933,99,189,0099_0189
274,2008-07-23,2008-07-23,46.588629,8.385875,2393.0,134,,,RGI60-11.01238,-813.950611319975,5159451.647981324,99,189,0099_0189
274,2008-07-23,2008-07-23,46.588627,8.385914,2392.0,134,,,RGI60-11.01238,-810.9629636118894,5159451.425342891,99,189,0099_0189
274,2008-07-23,2008-07-23,46.588625,8.385953,2392.0,135,,,RGI60-11.01238,-807.9753156837606,5159451.202705935,99,189,0099_0189
274,2008-07-23,2008-07-23,46.588623,8.385992,2392.0,136,,,RGI60-11.01238,-804.9876675359527,5159450.980070456,99,189,0099_0189
274,2008-07-23,2008-07-23,46.588622,8.386031,2392.0,137,,,RGI60-11.01238,-802.0000044193154,5159450.868554802,99,189,0099_0189
274,2008-07-23,2008-07-23,46.588621,8.38607,2392.0,138,,,RGI60-11.01238,-799.0123411925247,5159450.757040626,99,189,0099_0189
274,2008-07-23,2008-07-23,46.588621,8.386109,2391.0,139,,,RGI60-11.01238,-796.0246632168063,5159450.756646277,99,189,0099_0189
274,2008-07-23,2008-07-23,46.588621,8.386149,2391.0,141,,,RGI60-11.01238,-792.9603781133005,5159450.756243352,99,189,0099_0189
274,2008-07-23,2008-07-23,46.588622,8.386188,2390.0,142,,,RGI60-11.01238,-789.9726856093356,5159450.866970342,99,189,0099_0189
274,2008-07-23,2008-07-23,46.588623,8.386227,2390.0,143,,,RGI60-11.01238,-786.9849932154832,5159450.977698811,99,189,0099_0189
274,2008-07-23,2008-07-23,46.588624,8.386266,2389.0,145,,,RGI60-11.01238,-783.9973009312569,5159451.088428758,99,189,0099_0189
274,2008-07-23,2008-07-23,46.588626,8.386305,2388.0,145,,,RGI60-11.01238,-781.009594394014,5159451.31027853,99,189,0099_0189
274,2008-07-23,2008-07-23,46.588628,8.386344,2388.0,147,,,RGI60-11.01238,-778.0218880764081,5159451.53212978,99,189,0099_0189
274,2008-07-23,2008-07-23,46.588631,8.386383,2387.0,148,,,RGI60-11.01238,-775.0341677251979,5159451.865100856,99,189,0099_0189
274,2008-07-23,2008-07-23,46.588633,8.386422,2387.0,149,,,RGI60-11.01238,-772.0464619021759,5159452.086955061,99,189,0099_0189
274,2008-07-23,2008-07-23,46.588635,8.386461,2387.0,149,,,RGI60-11.01238,-769.0587562986689,5159452.308810743,99,189,0099_0189
274,2008-07-23,2008-07-23,46.588638,8.3865,2386.0,150,,,RGI60-11.01238,-766.0710368267557,5159452.641786251,100,189,0100_0189
274,2008-07-23,2008-07-23,46.58864,8.386539,2386.0,150,,,RGI60-11.01238,-763.0833317177116,5159452.863644887,100,189,0100_0189
274,2008-07-23,2008-07-23,46.588643,8.386578,2385.0,151,,,RGI60-11.01238,-760.0956128500278,5159453.1966233505,100,189,0100_0189
274,2008-07-23,2008-07-23,46.588645,8.386617,2385.0,152,,,RGI60-11.01238,-757.10790823569,5159453.418484942,100,189,0100_0189
274,2008-07-23,2008-07-23,46.588647,8.386656,2385.0,152,,,RGI60-11.01238,-754.1202038408677,5159453.640348011,100,189,0100_0189
274,2008-07-23,2008-07-23,46.588649,8.386695,2384.0,152,,,RGI60-11.01238,-751.1324996660487,5159453.862212557,100,189,0100_0189
274,2008-07-23,2008-07-23,46.58865,8.386734,2384.0,152,,,RGI60-11.01238,-748.1448094694882,5159453.972960234,100,189,0100_0189
274,2008-07-23,2008-07-23,46.588652,8.386773,2383.0,152,,,RGI60-11.01238,-745.157105679122,5159454.194827734,100,189,0100_0189
274,2008-07-23,2008-07-23,46.588653,8.386812,2383.0,152,,,RGI60-11.01238,-742.1694157573698,5159454.305578362,100,189,0100_0189
274,2008-07-23,2008-07-23,46.588654,8.386851,2383.0,152,,,RGI60-11.01238,-739.1817259454882,5159454.41633047,100,189,0100_0189
274,2008-07-23,2008-07-23,46.588654,8.386891,2383.0,152,,,RGI60-11.01238,-736.117442701279,5159454.4159563705,100,189,0100_0189
274,2008-07-23,2008-07-23,46.588655,8.38693,2383.0,152,,,RGI60-11.01238,-733.129753055725,5159454.5267114695,100,189,0100_0189
274,2008-07-23,2008-07-23,46.588654,8.386969,2382.0,152,,,RGI60-11.01238,-730.1420903751311,5159454.415231347,100,189,0100_0189
274,2008-07-23,2008-07-23,46.588654,8.387008,2382.0,152,,,RGI60-11.01238,-727.1544142121514,5159454.414871052,100,189,0100_0189
274,2008-07-23,2008-07-23,46.588654,8.387047,2382.0,153,,,RGI60-11.01238,-724.1667380489102,5159454.414512234,100,189,0100_0189
274,2008-07-23,2008-07-23,46.588652,8.387086,2382.0,154,,,RGI60-11.01238,-721.1790884114354,5159454.191918194,100,189,0100_0189
274,2008-07-23,2008-07-23,46.588651,8.387125,2381.0,155,,,RGI60-11.01238,-718.191425346398,5159454.080443981,100,189,0100_0189
274,2008-07-23,2008-07-23,46.58865,8.387164,2381.0,156,,,RGI60-11.01238,-715.2037621712095,5159453.968971247,100,189,0100_0189
274,2008-07-23,2008-07-23,46.588648,8.387203,2381.0,156,,,RGI60-11.01238,-712.2161119843529,5159453.746381639,100,189,0100_0189
274,2008-07-23,2008-07-23,46.588646,8.387243,2381.0,156,,,RGI60-11.01238,-709.1518544851384,5159453.523784518,100,189,0100_0189
274,2008-07-23,2008-07-23,46.588645,8.387282,2381.0,156,,,RGI60-11.01238,-706.1641908689274,5159453.412316252,100,189,0100_0189
274,2008-07-23,2008-07-23,46.588643,8.387321,2381.0,156,,,RGI60-11.01238,-703.1765400748047,5159453.189731115,100,189,0100_0189
274,2008-07-23,2008-07-23,46.588641,8.38736,2380.0,156,,,RGI60-11.01238,-700.1888890607623,5159452.967147456,101,189,0101_0189
274,2008-07-23,2008-07-23,46.588639,8.387399,2380.0,156,,,RGI60-11.01238,-697.2012378269225,5159452.744565273,101,189,0101_0189
274,2008-07-23,2008-07-23,46.588637,8.387438,2380.0,156,,,RGI60-11.01238,-694.2135863732851,5159452.521984567,101,189,0101_0189
274,2008-07-23,2008-07-23,46.588635,8.387477,2380.0,156,,,RGI60-11.01238,-691.2259346997286,5159452.29940534,101,189,0101_0189
274,2008-07-23,2008-07-23,46.588633,8.387516,2380.0,156,,,RGI60-11.01238,-688.2382828066184,5159452.076827589,101,189,0101_0189
274,2008-07-23,2008-07-23,46.588632,8.387555,2380.0,156,,,RGI60-11.01238,-685.2506180913869,5159451.965369665,101,189,0101_0189
274,2008-07-23,2008-07-23,46.58863,8.387594,2380.0,156,,,RGI60-11.01238,-682.2629658136274,5159451.742794871,101,189,0101_0189
274,2008-07-23,2008-07-23,46.58863,8.387633,2380.0,156,,,RGI60-11.01238,-679.2752883315688,5159451.742458251,101,189,0101_0189
274,2008-07-23,2008-07-23,46.588629,8.387672,2380.0,156,,,RGI60-11.01238,-676.287623286617,5159451.631004757,101,189,0101_0189
274,2008-07-23,2008-07-23,46.588629,8.387711,2380.0,155,,,RGI60-11.01238,-673.2999457497015,5159451.630671091,101,189,0101_0189
274,2008-07-23,2008-07-23,46.588629,8.387751,2380.0,155,,,RGI60-11.01238,-670.2356610962529,5159451.630330404,101,189,0101_0189
274,2008-07-23,2008-07-23,46.588629,8.38779,2379.0,154,,,RGI60-11.01238,-667.2479835590598,5159451.629999731,101,189,0101_0189
274,2008-07-23,2008-07-23,46.58863,8.387829,2379.0,153,,,RGI60-11.01238,-664.2602938060359,5159451.740788886,101,189,0101_0189
274,2008-07-23,2008-07-23,46.588632,8.387868,2379.0,152,,,RGI60-11.01238,-661.27259200165,5159451.962697864,101,189,0101_0189
274,2008-07-23,2008-07-23,46.588633,8.387907,2379.0,152,,,RGI60-11.01238,-658.2849025231943,5159452.0734899705,101,189,0101_0189
274,2008-07-23,2008-07-23,46.588635,8.387946,2379.0,151,,,RGI60-11.01238,-655.2972011033878,5159452.295401905,101,189,0101_0189
274,2008-07-23,2008-07-23,46.588638,8.387985,2379.0,150,,,RGI60-11.01238,-652.3094879069413,5159452.628433665,101,189,0101_0189
274,2008-07-23,2008-07-23,46.588641,8.388024,2379.0,149,,,RGI60-11.01238,-649.321775040389,5159452.961466903,101,189,0101_0189
274,2008-07-23,2008-07-23,46.588644,8.388063,2379.0,148,,,RGI60-11.01238,-646.3340625032438,5159453.294501618,101,189,0101_0189
274,2008-07-23,2008-07-23,46.588648,8.388101,2379.0,148,,,RGI60-11.01238,-643.4229455540539,5159453.738664316,101,189,0101_0189
274,2008-07-23,2008-07-23,46.588652,8.38814,2378.0,146,,,RGI60-11.01238,-640.4352219491382,5159454.182820298,101,189,0101_0189
274,2008-07-23,2008-07-23,46.588656,8.388179,2378.0,145,,,RGI60-11.01238,-637.4474987838836,5159454.626977758,101,189,0101_0189
274,2008-07-23,2008-07-23,46.588661,8.388217,2378.0,144,,,RGI60-11.01238,-634.5363714612164,5159455.182263088,101,189,0101_0189
274,2008-07-23,2008-07-23,46.588666,8.388256,2378.0,143,,,RGI60-11.01238,-631.5486376096163,5159455.737541815,102,189,0102_0189
274,2008-07-23,2008-07-23,46.588671,8.388294,2377.0,142,,,RGI60-11.01238,-628.637511364795,5159456.2928299885,102,189,0102_0189
274,2008-07-23,2008-07-23,46.588676,8.388333,2377.0,142,,,RGI60-11.01238,-625.6497786051284,5159456.848111633,102,189,0102_0189
274,2008-07-23,2008-07-23,46.588681,8.388371,2376.0,141,,,RGI60-11.01238,-622.7386534380311,5159457.40340265,102,189,0102_0189
274,2008-07-23,2008-07-23,46.588686,8.38841,2376.0,140,,,RGI60-11.01238,-619.7509217700548,5159457.958687211,102,189,0102_0189
274,2008-07-23,2008-07-23,46.588691,8.388448,2376.0,140,,,RGI60-11.01238,-616.8397976806823,5159458.51398107,102,189,0102_0189
274,2008-07-23,2008-07-23,46.588696,8.388486,2376.0,140,,,RGI60-11.01238,-613.9286741265283,5159459.069276335,102,189,0102_0189
274,2008-07-23,2008-07-23,46.588701,8.388525,2375.0,140,,,RGI60-11.01238,-610.9409440929928,5159459.624565253,102,189,0102_0189
274,2008-07-23,2008-07-23,46.588705,8.388564,2375.0,139,,,RGI60-11.01238,-607.9532257892164,5159460.068737301,102,189,0102_0189
274,2008-07-23,2008-07-23,46.58871,8.388602,2375.0,139,,,RGI60-11.01238,-605.0421038016377,5159460.624036846,102,189,0102_0189
274,2008-07-23,2008-07-23,46.588713,8.388641,2375.0,139,,,RGI60-11.01238,-602.05439749859,5159460.95709346,102,189,0102_0189
274,2008-07-23,2008-07-23,46.588716,8.38868,2374.0,139,,,RGI60-11.01238,-599.0666915249508,5159461.290151552,102,189,0102_0189
274,2008-07-23,2008-07-23,46.588719,8.388719,2374.0,138,,,RGI60-11.01238,-596.078985881208,5159461.62321112,102,189,0102_0189
274,2008-07-23,2008-07-23,46.588721,8.388758,2374.0,138,,,RGI60-11.01238,-593.0912914742573,5159461.845153817,102,189,0102_0189
274,2008-07-23,2008-07-23,46.588721,8.388797,2373.0,137,,,RGI60-11.01238,-590.1036189915819,5159461.8448612895,102,189,0102_0189
274,2008-07-23,2008-07-23,46.588722,8.388836,2373.0,137,,,RGI60-11.01238,-587.1159357117638,5159461.955688588,102,189,0102_0189
274,2008-07-23,2008-07-23,46.588722,8.388875,2373.0,137,,,RGI60-11.01238,-584.1282632840041,5159461.955399014,102,189,0102_0189
274,2008-07-23,2008-07-23,46.588721,8.388914,2372.0,137,,,RGI60-11.01238,-581.140601543955,5159461.843992568,102,189,0102_0189
274,2008-07-23,2008-07-23,46.58872,8.388954,2372.0,137,,,RGI60-11.01238,-578.0763327056773,5159461.732580269,102,189,0102_0189
274,2008-07-23,2008-07-23,46.588717,8.388992,2371.0,136,,,RGI60-11.01238,-575.1652988889609,5159461.398947406,102,189,0102_0189
274,2008-07-23,2008-07-23,46.588713,8.389031,2370.0,136,,,RGI60-11.01238,-572.1776682772465,5159460.954190338,102,189,0102_0189
274,2008-07-23,2008-07-23,46.58871,8.38907,2370.0,136,,,RGI60-11.01238,-569.1900267580127,5159460.6205531,102,189,0102_0189
274,2008-07-23,2008-07-23,46.588704,8.389108,2369.0,136,,,RGI60-11.01238,-566.2790231582243,5159459.953569468,103,189,0103_0189
274,2008-07-23,2008-07-23,46.588698,8.389146,2369.0,137,,,RGI60-11.01238,-563.3680189158622,5159459.286587238,103,189,0103_0189
274,2008-07-23,2008-07-23,46.588691,8.389184,2368.0,136,,,RGI60-11.01238,-560.4570243382597,5159458.508488062,103,189,0103_0189
274,2008-07-23,2008-07-23,46.588683,8.389222,2367.0,137,,,RGI60-11.01238,-557.5460392645608,5159457.619271941,103,189,0103_0189
274,2008-07-23,2008-07-23,46.588674,8.389259,2367.0,137,,,RGI60-11.01238,-554.7116705874103,5159456.618945904,103,189,0103_0189
274,2008-07-23,2008-07-23,46.588666,8.389296,2366.0,137,,,RGI60-11.01238,-551.8772908224062,5159455.729739548,103,189,0103_0189
274,2008-07-23,2008-07-23,46.588656,8.389332,2366.0,136,,,RGI60-11.01238,-549.1195374961698,5159454.618304785,103,189,0103_0189
274,2008-07-23,2008-07-23,46.588646,8.389368,2365.0,136,,,RGI60-11.01238,-546.3617831555389,5159453.506871286,103,189,0103_0189
274,2008-07-23,2008-07-23,46.588636,8.389405,2365.0,136,,,RGI60-11.01238,-543.5274206938435,5159452.395432155,103,189,0103_0189
274,2008-07-23,2008-07-23,46.588625,8.389441,2365.0,136,,,RGI60-11.01238,-540.7696742553421,5159451.1728828605,103,189,0103_0189
274,2008-07-23,2008-07-23,46.588615,8.389477,2364.0,136,,,RGI60-11.01238,-538.011916806722,5159450.061453178,103,189,0103_0189
274,2008-07-23,2008-07-23,46.588605,8.389513,2364.0,136,,,RGI60-11.01238,-535.2541583434648,5159448.950024755,103,189,0103_0189
274,2008-07-23,2008-07-23,46.588596,8.38955,2364.0,136,,,RGI60-11.01238,-532.4197819104306,5159447.94970919,103,189,0103_0189
274,2008-07-23,2008-07-23,46.588586,8.389587,2364.0,135,,,RGI60-11.01238,-529.5854142782707,5159446.83827661,103,189,0103_0189
274,2008-07-23,2008-07-23,46.588578,8.389624,2364.0,135,,,RGI60-11.01238,-526.7510262291813,5159445.949082054,103,189,0103_0189
274,2008-07-23,2008-07-23,46.58857,8.389661,2363.0,135,,,RGI60-11.01238,-523.9166373460367,5159445.059888831,103,190,0103_0190
274,2008-07-23,2008-07-23,46.588562,8.389699,2363.0,135,,,RGI60-11.01238,-521.0056404180315,5159444.1706903335,103,190,0103_0190
274,2008-07-23,2008-07-23,46.588556,8.389737,2363.0,135,,,RGI60-11.01238,-518.0946235775959,5159443.503729934,103,190,0103_0190
274,2008-07-23,2008-07-23,46.58855,8.389775,2363.0,134,,,RGI60-11.01238,-515.1836060945901,5159442.836770938,103,190,0103_0190
274,2008-07-23,2008-07-23,46.588545,8.389814,2362.0,134,,,RGI60-11.01238,-512.1959713137184,5159442.280925196,103,190,0103_0190
274,2008-07-23,2008-07-23,46.588541,8.389852,2362.0,133,,,RGI60-11.01238,-509.28493385898133,5159441.836205738,103,190,0103_0190
274,2008-07-23,2008-07-23,46.588538,8.389891,2361.0,133,,,RGI60-11.01238,-506.2972794189012,5159441.502599608,103,190,0103_0190
274,2008-07-23,2008-07-23,46.588536,8.38993,2361.0,132,,,RGI60-11.01238,-503.3096153933135,5159441.280113303,103,190,0103_0190
274,2008-07-23,2008-07-23,46.588535,8.389969,2360.0,132,,,RGI60-11.01238,-500.32194194656614,5159441.168746823,104,190,0104_0190
274,2008-07-23,2008-07-23,46.588534,8.390008,2360.0,131,,,RGI60-11.01238,-497.3342683901604,5159441.057381821,104,190,0104_0190
274,2008-07-23,2008-07-23,46.588536,8.390047,2359.0,130,,,RGI60-11.01238,-494.3465674500276,5159441.279373336,104,190,0104_0190
274,2008-07-23,2008-07-23,46.588538,8.390086,2359.0,129,,,RGI60-11.01238,-491.35886672953865,5159441.501366329,104,190,0104_0190
274,2008-07-23,2008-07-23,46.58854,8.390125,2358.0,127,,,RGI60-11.01238,-488.37116622905904,5159441.723360801,104,190,0104_0190
274,2008-07-23,2008-07-23,46.588544,8.390164,2357.0,126,,,RGI60-11.01238,-485.3834480952987,5159442.167593443,104,190,0104_0190
274,2008-07-23,2008-07-23,46.588549,8.390203,2356.0,125,,,RGI60-11.01238,-482.3957215298674,5159442.722945911,104,190,0104_0190
274,2008-07-23,2008-07-23,46.588554,8.390241,2355.0,124,,,RGI60-11.01238,-479.4846027357046,5159443.278305935,104,190,0104_0190
274,2008-07-23,2008-07-23,46.58856,8.390279,2355.0,123,,,RGI60-11.01238,-476.57347571261977,5159443.944785709,104,190,0104_0190
274,2008-07-23,2008-07-23,46.588566,8.390317,2354.0,123,,,RGI60-11.01238,-473.6623493318271,5159444.611266886,104,190,0104_0190
274,2008-07-23,2008-07-23,46.588572,8.390355,2354.0,122,,,RGI60-11.01238,-470.7512235935705,5159445.277749468,104,190,0104_0190
274,2008-07-23,2008-07-23,46.588578,8.390394,2353.0,121,,,RGI60-11.01238,-467.76349130933653,5159445.94422752,104,189,0104_0189
274,2008-07-23,2008-07-23,46.588584,8.390432,2353.0,121,,,RGI60-11.01238,-464.85236686423974,5159446.6107129445,104,189,0104_0189
274,2008-07-23,2008-07-23,46.58859,8.39047,2352.0,120,,,RGI60-11.01238,-461.94124306167936,5159447.277199773,104,189,0104_0189
274,2008-07-23,2008-07-23,46.588595,8.390508,2352.0,119,,,RGI60-11.01238,-459.0301283431809,5159447.832569654,104,189,0104_0189
274,2008-07-23,2008-07-23,46.588599,8.390547,2352.0,119,,,RGI60-11.01238,-456.0424153898183,5159448.27681681,104,189,0104_0189
274,2008-07-23,2008-07-23,46.588603,8.390586,2352.0,116,,,RGI60-11.01238,-453.0547028757569,5159448.721065442,104,189,0104_0189
274,2008-07-23,2008-07-23,46.588605,8.390625,2352.0,114,,,RGI60-11.01238,-450.0670073553548,5159448.943078855,104,189,0104_0189
274,2008-07-23,2008-07-23,46.588606,8.390664,2351.0,113,,,RGI60-11.01238,-447.07932027658944,5159449.053975396,104,189,0104_0189
274,2008-07-23,2008-07-23,46.588607,8.390703,2351.0,111,,,RGI60-11.01238,-444.0916333075805,5159449.164873417,104,189,0104_0189
274,2008-07-23,2008-07-23,46.588605,8.390742,2350.0,110,,,RGI60-11.01238,-441.10397078499795,5159448.9424178675,104,189,0104_0189
274,2008-07-23,2008-07-23,46.588603,8.390781,2350.0,109,,,RGI60-11.01238,-438.1163080423813,5159448.719963797,104,189,0104_0189
274,2008-07-23,2008-07-23,46.588599,8.39082,2349.0,108,,,RGI60-11.01238,-435.1286610846398,5159448.275274508,105,189,0105_0189
274,2008-07-23,2008-07-23,46.588595,8.390859,2349.0,107,,,RGI60-11.01238,-432.14101368708384,5159447.830586694,105,189,0105_0189
274,2008-07-23,2008-07-23,46.588588,8.390896,2348.0,106,,,RGI60-11.01238,-429.30660387540956,5159447.052556199,105,189,0105_0189
274,2008-07-23,2008-07-23,46.588581,8.390934,2347.0,105,,,RGI60-11.01238,-426.395586149771,5159446.274521627,105,189,0105_0189
274,2008-07-23,2008-07-23,46.588573,8.390972,2346.0,104,,,RGI60-11.01238,-423.4845754627992,5159445.385370112,105,190,0105_0190
274,2008-07-23,2008-07-23,46.588565,8.391009,2345.0,104,,,RGI60-11.01238,-420.6501711255802,5159444.496225334,105,190,0105_0190
274,2008-07-23,2008-07-23,46.588556,8.391046,2345.0,103,,,RGI60-11.01238,-417.81577363836215,5159443.495963538,105,190,0105_0190
274,2008-07-23,2008-07-23,46.588547,8.391083,2344.0,103,,,RGI60-11.01238,-414.98137521259406,5159442.495703074,105,190,0105_0190
274,2008-07-23,2008-07-23,46.588539,8.39112,2344.0,102,,,RGI60-11.01238,-412.1469682690901,5159441.606562288,105,190,0105_0190
274,2008-07-23,2008-07-23,46.588531,8.391157,2344.0,102,,,RGI60-11.01238,-409.3125604916579,5159440.717422834,105,190,0105_0190
274,2008-07-23,2008-07-23,46.588524,8.391195,2343.0,101,,,RGI60-11.01238,-406.40153714040633,5159439.939397902,105,190,0105_0190
274,2008-07-23,2008-07-23,46.588517,8.391233,2343.0,101,,,RGI60-11.01238,-403.49051303975887,5159439.161374377,105,190,0105_0190
274,2008-07-23,2008-07-23,46.588512,8.391272,2342.0,100,,,RGI60-11.01238,-400.5028661745858,5159438.605583869,105,190,0105_0190
274,2008-07-23,2008-07-23,46.588509,8.39131,2342.0,99,,,RGI60-11.01238,-397.59181142452024,5159438.272036571,105,190,0105_0190
274,2008-07-23,2008-07-23,46.588506,8.391349,2342.0,97,,,RGI60-11.01238,-394.60414906375973,5159437.938485674,105,190,0105_0190
274,2008-07-23,2008-07-23,46.588506,8.391389,2342.0,96,,,RGI60-11.01238,-391.5398574775497,5159437.938286327,105,190,0105_0190
274,2008-07-23,2008-07-23,46.588507,8.391428,2341.0,95,,,RGI60-11.01238,-388.5521660355392,5159438.049211808,105,190,0105_0190
274,2008-07-23,2008-07-23,46.58851,8.391467,2341.0,95,,,RGI60-11.01238,-385.5644605218032,5159438.382375458,105,190,0105_0190
274,2008-07-23,2008-07-23,46.588513,8.391505,2340.0,94,,,RGI60-11.01238,-382.6533626175764,5159438.715545437,105,190,0105_0190
274,2008-07-23,2008-07-23,46.588519,8.391543,2340.0,93,,,RGI60-11.01238,-379.7422440838459,5159439.38207186,105,190,0105_0190
274,2008-07-23,2008-07-23,46.588526,8.391581,2340.0,92,,,RGI60-11.01238,-376.83111926233516,5159440.159718032,105,190,0105_0190
274,2008-07-23,2008-07-23,46.588534,8.391619,2339.0,91,,,RGI60-11.01238,-373.9199883138933,5159441.048483955,105,190,0105_0190
274,2008-07-23,2008-07-23,46.588543,8.391655,2339.0,91,,,RGI60-11.01238,-371.16206587405753,5159442.048379039,105,190,0105_0190
274,2008-07-23,2008-07-23,46.588554,8.391691,2338.0,90,,,RGI60-11.01238,-368.40413079679774,5159443.270512078,106,190,0106_0190
274,2008-07-23,2008-07-23,46.588565,8.391727,2338.0,89,,,RGI60-11.01238,-365.64619683543896,5159444.4926463775,106,190,0106_0190
274,2008-07-23,2008-07-23,46.588578,8.391762,2338.0,88,,,RGI60-11.01238,-362.96485783067175,5159445.937023235,106,189,0106_0189
274,2008-07-23,2008-07-23,46.589233,8.382397,2412.0,38,,,RGI60-11.01238,-1080.3781608999714,5159518.805234558,95,188,0095_0188
274,2008-07-23,2008-07-23,46.589245,8.382432,2413.0,41,,,RGI60-11.01238,-1077.6967037766972,5159520.138176053,95,188,0095_0188
274,2008-07-23,2008-07-23,46.589256,8.382468,2414.0,44,,,RGI60-11.01238,-1074.938661374412,5159521.359986748,95,188,0095_0188
274,2008-07-23,2008-07-23,46.589264,8.382505,2416.0,48,,,RGI60-11.01238,-1072.1040730210866,5159522.248430028,95,188,0095_0188
274,2008-07-23,2008-07-23,46.589271,8.382543,2417.0,51,,,RGI60-11.01238,-1069.192898954972,5159523.02574272,95,188,0095_0188
274,2008-07-23,2008-07-23,46.589276,8.382582,2417.0,53,,,RGI60-11.01238,-1066.2051586532625,5159523.580806575,95,188,0095_0188
274,2008-07-23,2008-07-23,46.58928,8.38262,2418.0,56,,,RGI60-11.01238,-1063.2940446536459,5159524.024767027,95,188,0095_0188
274,2008-07-23,2008-07-23,46.589282,8.382659,2418.0,58,,,RGI60-11.01238,-1060.3063638885963,5159524.246478715,95,188,0095_0188
274,2008-07-23,2008-07-23,46.589284,8.382698,2419.0,60,,,RGI60-11.01238,-1057.3186833435439,5159524.468191881,95,188,0095_0188
274,2008-07-23,2008-07-23,46.589284,8.382737,2419.0,62,,,RGI60-11.01238,-1054.3310417981754,5159524.467669801,95,188,0095_0188
274,2008-07-23,2008-07-23,46.589284,8.382776,2419.0,63,,,RGI60-11.01238,-1051.3434002529023,5159524.467149198,95,188,0095_0188
274,2008-07-23,2008-07-23,46.589283,8.382816,2419.0,65,,,RGI60-11.01238,-1048.279171792982,5159524.355498419,95,188,0095_0188
274,2008-07-23,2008-07-23,46.589281,8.382855,2419.0,67,,,RGI60-11.01238,-1045.2915686403917,5159524.132744087,95,188,0095_0188
274,2008-07-23,2008-07-23,46.589279,8.382894,2419.0,69,,,RGI60-11.01238,-1042.3039652678708,5159523.90999123,95,188,0095_0188
274,2008-07-23,2008-07-23,46.589276,8.382932,2419.0,71,,,RGI60-11.01238,-1039.3929869944127,5159523.576134668,95,188,0095_0188
274,2008-07-23,2008-07-23,46.589272,8.382971,2418.0,73,,,RGI60-11.01238,-1036.405421251089,5159523.131148006,95,188,0095_0188
274,2008-07-23,2008-07-23,46.589269,8.38301,2418.0,74,,,RGI60-11.01238,-1033.4178360627077,5159522.797281183,95,188,0095_0188
274,2008-07-23,2008-07-23,46.589264,8.383049,2418.0,76,,,RGI60-11.01238,-1030.43028844566,5159522.241179115,95,188,0095_0188
274,2008-07-23,2008-07-23,46.58926,8.383087,2417.0,79,,,RGI60-11.01238,-1027.5193276109005,5159521.796209914,96,188,0096_0188
274,2008-07-23,2008-07-23,46.589255,8.383126,2417.0,82,,,RGI60-11.01238,-1024.5317789567482,5159521.240110764,96,188,0096_0188
274,2008-07-23,2008-07-23,46.589249,8.383164,2417.0,86,,,RGI60-11.01238,-1021.6208547831602,5159520.572907683,96,188,0096_0188
274,2008-07-23,2008-07-23,46.589244,8.383202,2417.0,89,,,RGI60-11.01238,-1018.7099112320217,5159520.0168243665,96,188,0096_0188
274,2008-07-23,2008-07-23,46.589238,8.383241,2416.0,93,,,RGI60-11.01238,-1015.7223795686818,5159519.349611213,96,188,0096_0188
274,2008-07-23,2008-07-23,46.589232,8.383279,2416.0,97,,,RGI60-11.01238,-1012.8114535127586,5159518.682412379,96,188,0096_0188
274,2008-07-23,2008-07-23,46.589226,8.383317,2416.0,99,,,RGI60-11.01238,-1009.9005268142404,5159518.015214948,96,188,0096_0188
274,2008-07-23,2008-07-23,46.58922,8.383355,2415.0,102,,,RGI60-11.01238,-1006.9895994733713,5159517.348018921,96,188,0096_0188
274,2008-07-23,2008-07-23,46.589215,8.383393,2415.0,105,,,RGI60-11.01238,-1004.0786530240517,5159516.791942657,96,188,0096_0188
274,2008-07-23,2008-07-23,46.589209,8.383432,2415.0,108,,,RGI60-11.01238,-1001.0911181525726,5159516.124736741,96,188,0096_0188
274,2008-07-23,2008-07-23,46.589203,8.38347,2416.0,111,,,RGI60-11.01238,-998.1801889292482,5159515.457544961,96,188,0096_0188
274,2008-07-23,2008-07-23,46.589198,8.383508,2416.0,114,,,RGI60-11.01238,-995.2692407597417,5159514.901472943,96,188,0096_0188
274,2008-07-23,2008-07-23,46.589193,8.383547,2415.0,116,,,RGI60-11.01238,-992.2816857330924,5159514.345389747,96,188,0096_0188
274,2008-07-23,2008-07-23,46.589188,8.383585,2415.0,119,,,RGI60-11.01238,-989.3707364857497,5159513.78932057,96,188,0096_0188
274,2008-07-23,2008-07-23,46.589184,8.383624,2414.0,120,,,RGI60-11.01238,-986.3831622267736,5159513.344358652,96,188,0096_0188
274,2008-07-23,2008-07-23,46.58918,8.383663,2414.0,122,,,RGI60-11.01238,-983.3955875280844,5159512.8993982095,96,188,0096_0188
274,2008-07-23,2008-07-23,46.589177,8.383702,2414.0,123,,,RGI60-11.01238,-980.4079943595393,5159512.565557606,96,188,0096_0188
274,2008-07-23,2008-07-23,46.589174,8.383741,2414.0,124,,,RGI60-11.01238,-977.4204008610513,5159512.231718479,96,188,0096_0188
274,2008-07-23,2008-07-23,46.589171,8.383779,2413.0,126,,,RGI60-11.01238,-974.5094133857317,5159511.897893184,96,188,0096_0188
274,2008-07-23,2008-07-23,46.58917,8.383819,2413.0,127,,,RGI60-11.01238,-971.4451771438833,5159511.786281375,96,188,0096_0188
274,2008-07-23,2008-07-23,46.589169,8.383858,2413.0,129,,,RGI60-11.01238,-968.4575471448649,5159511.674683399,96,188,0096_0188
274,2008-07-23,2008-07-23,46.589169,8.383897,2412.0,132,,,RGI60-11.01238,-965.4698992802744,5159511.6742052585,96,188,0096_0188
274,2008-07-23,2008-07-23,46.589169,8.383936,2412.0,134,,,RGI60-11.01238,-962.482251415416,5159511.673728597,97,188,0097_0188
274,2008-07-23,2008-07-23,46.589169,8.383975,2411.0,138,,,RGI60-11.01238,-959.4946035507775,5159511.673253411,97,188,0097_0188
274,2008-07-23,2008-07-23,46.589171,8.384014,2411.0,141,,,RGI60-11.01238,-956.5069205039839,5159511.895016423,97,188,0097_0188
274,2008-07-23,2008-07-23,46.589173,8.384053,2411.0,144,,,RGI60-11.01238,-953.5192376771898,5159512.116780911,97,188,0097_0188
274,2008-07-23,2008-07-23,46.589175,8.384092,2410.0,145,,,RGI60-11.01238,-950.5315550699089,5159512.338546877,97,188,0097_0188
274,2008-07-23,2008-07-23,46.589179,8.384131,2410.0,146,,,RGI60-11.01238,-947.5438378302854,5159512.782551038,97,188,0097_0188
274,2008-07-23,2008-07-23,46.589182,8.38417,2409.0,147,,,RGI60-11.01238,-944.556138401484,5159513.11543832,97,188,0097_0188
274,2008-07-23,2008-07-23,46.589186,8.384209,2409.0,148,,,RGI60-11.01238,-941.5684219858628,5159513.559445436,97,188,0097_0188
274,2008-07-23,2008-07-23,46.58919,8.384247,2408.0,149,,,RGI60-11.01238,-938.657312335882,5159514.003465932,97,188,0097_0188
274,2008-07-23,2008-07-23,46.589195,8.384286,2408.0,150,,,RGI60-11.01238,-935.6695795860743,5159514.558594325,97,188,0097_0188
274,2008-07-23,2008-07-23,46.5892,8.384324,2408.0,151,,,RGI60-11.01238,-932.7584536975859,5159515.113736023,97,188,0097_0188
274,2008-07-23,2008-07-23,46.589205,8.384363,2407.0,151,,,RGI60-11.01238,-929.7707220394573,5159515.668867337,97,188,0097_0188
274,2008-07-23,2008-07-23,46.589209,8.384401,2407.0,152,,,RGI60-11.01238,-926.8596142742902,5159516.112893517,97,188,0097_0188
274,2008-07-23,2008-07-23,46.589215,8.38444,2407.0,152,,,RGI60-11.01238,-923.8718666624786,5159516.779146108,97,188,0097_0188
274,2008-07-23,2008-07-23,46.58922,8.384478,2406.0,153,,,RGI60-11.01238,-920.9607429292978,5159517.334293492,97,188,0097_0188
274,2008-07-23,2008-07-23,46.589225,8.384516,2406.0,154,,,RGI60-11.01238,-918.049619731575,5159517.889442278,97,188,0097_0188
274,2008-07-23,2008-07-23,46.58923,8.384555,2406.0,154,,,RGI60-11.01238,-915.0618907994309,5159518.444580866,97,188,0097_0188
274,2008-07-23,2008-07-23,46.589235,8.384593,2406.0,154,,,RGI60-11.01238,-912.1507686794234,5159518.999732496,97,188,0097_0188
274,2008-07-23,2008-07-23,46.58924,8.384632,2406.0,154,,,RGI60-11.01238,-909.1630408392043,5159519.554874001,97,188,0097_0188
274,2008-07-23,2008-07-23,46.589245,8.38467,2405.0,154,,,RGI60-11.01238,-906.2519197969134,5159520.110028475,97,188,0097_0188
274,2008-07-23,2008-07-23,46.589249,8.384709,2405.0,155,,,RGI60-11.01238,-903.2642096601896,5159520.554054537,97,188,0097_0188
274,2008-07-23,2008-07-23,46.589253,8.384748,2405.0,155,,,RGI60-11.01238,-900.2764999631229,5159520.998082076,97,188,0097_0188
274,2008-07-23,2008-07-23,46.589257,8.384787,2405.0,155,,,RGI60-11.01238,-897.2887907057143,5159521.4421110945,98,188,0098_0188
274,2008-07-23,2008-07-23,46.58926,8.384825,2405.0,154,,,RGI60-11.01238,-894.3777045619508,5159521.775034566,98,188,0098_0188
274,2008-07-23,2008-07-23,46.589263,8.384864,2405.0,154,,,RGI60-11.01238,-891.3900125163572,5159522.107948141,98,188,0098_0188
274,2008-07-23,2008-07-23,46.589265,8.384903,2405.0,154,,,RGI60-11.01238,-888.40233713891,5159522.329744831,98,188,0098_0188
274,2008-07-23,2008-07-23,46.589267,8.384943,2404.0,154,,,RGI60-11.01238,-885.3380557637078,5159522.551531772,98,188,0098_0188
274,2008-07-23,2008-07-23,46.589268,8.384982,2404.0,154,,,RGI60-11.01238,-882.3503970557944,5159522.662213094,98,188,0098_0188
274,2008-07-23,2008-07-23,46.589269,8.385021,2403.0,154,,,RGI60-11.01238,-879.3627384577488,5159522.772895893,98,188,0098_0188
274,2008-07-23,2008-07-23,46.589268,8.38506,2403.0,154,,,RGI60-11.01238,-876.3751122043137,5159522.661343446,98,188,0098_0188
274,2008-07-23,2008-07-23,46.589268,8.385099,2403.0,154,,,RGI60-11.01238,-873.3874697783577,5159522.660910838,98,188,0098_0188
274,2008-07-23,2008-07-23,46.589266,8.385138,2402.0,155,,,RGI60-11.01238,-870.399859367338,5159522.438242986,98,188,0098_0188
274,2008-07-23,2008-07-23,46.589263,8.385177,2401.0,155,,,RGI60-11.01238,-867.4122646889862,5159522.104458249,98,188,0098_0188
274,2008-07-23,2008-07-23,46.589261,8.385216,2400.0,154,,,RGI60-11.01238,-864.4246537834117,5159521.88179335,98,188,0098_0188
274,2008-07-23,2008-07-23,46.589257,8.385255,2400.0,155,,,RGI60-11.01238,-861.4370743430717,5159521.436893208,98,188,0098_0188
274,2008-07-23,2008-07-23,46.589253,8.385293,2399.0,155,,,RGI60-11.01238,-858.5261007005064,5159520.992005427,98,188,0098_0188
274,2008-07-23,2008-07-23,46.589248,8.385332,2398.0,155,,,RGI60-11.01238,-855.5385361208421,5159520.435989841,98,188,0098_0188
274,2008-07-23,2008-07-23,46.589243,8.38537,2397.0,155,,,RGI60-11.01238,-852.6275772430279,5159519.879986543,98,188,0098_0188
274,2008-07-23,2008-07-23,46.589236,8.385408,2397.0,155,,,RGI60-11.01238,-849.716649083739,5159519.101747924,98,188,0098_0188
274,2008-07-23,2008-07-23,46.58923,8.385446,2396.0,156,,,RGI60-11.01238,-846.805704601547,5159518.4346290715,98,188,0098_0188
274,2008-07-23,2008-07-23,46.589223,8.385484,2395.0,156,,,RGI60-11.01238,-843.8947749967092,5159517.656393261,98,188,0098_0188
274,2008-07-23,2008-07-23,46.589215,8.385522,2395.0,156,,,RGI60-11.01238,-840.9838601088535,5159516.767040495,98,188,0098_0188
274,2008-07-23,2008-07-23,46.589208,8.385559,2394.0,155,,,RGI60-11.01238,-838.1495352519134,5159515.988818118,98,188,0098_0188
274,2008-07-23,2008-07-23,46.5892,8.385597,2394.0,156,,,RGI60-11.01238,-835.2386187156286,5159515.09946812,98,188,0098_0188
274,2008-07-23,2008-07-23,46.589191,8.385634,2393.0,156,,,RGI60-11.01238,-832.4043229545173,5159514.099011722,98,188,0098_0188
274,2008-07-23,2008-07-23,46.589183,8.385671,2393.0,156,,,RGI60-11.01238,-829.5700109983501,5159513.209675014,99,188,0099_0188
274,2008-07-23,2008-07-23,46.589174,8.385708,2392.0,155,,,RGI60-11.01238,-826.7357134126969,5159512.209221277,99,188,0099_0188
274,2008-07-23,2008-07-23,46.589165,8.385745,2392.0,155,,,RGI60-11.01238,-823.9014148884645,5159511.208768872,99,189,0099_0189
274,2008-07-23,2008-07-23,46.589157,8.385782,2392.0,155,,,RGI60-11.01238,-821.0671003259312,5159510.319436156,99,189,0099_0189
274,2008-07-23,2008-07-23,46.589148,8.385819,2391.0,154,,,RGI60-11.01238,-818.2327999772803,5159509.318986414,99,189,0099_0189
274,2008-07-23,2008-07-23,46.58914,8.385856,2391.0,154,,,RGI60-11.01238,-815.3984836944666,5159508.429656359,99,189,0099_0189
274,2008-07-23,2008-07-23,46.589135,8.385875,2391.0,154,,,RGI60-11.01238,-813.9430370082968,5159507.873868313,99,189,0099_0189
274,2008-07-23,2008-07-23,46.58917,8.38714,2387.0,139,,,RGI60-11.01238,-717.0354751115013,5159511.750733393,100,188,0100_0188
274,2008-07-23,2008-07-23,46.589176,8.387178,2387.0,139,,,RGI60-11.01238,-714.1243548541744,5159512.417098786,100,188,0100_0188
274,2008-07-23,2008-07-23,46.589182,8.387216,2386.0,138,,,RGI60-11.01238,-711.2132352391379,5159513.083465582,100,188,0100_0188
274,2008-07-23,2008-07-23,46.589188,8.387255,2386.0,138,,,RGI60-11.01238,-708.2255099379151,5159513.7498248005,100,188,0100_0188
274,2008-07-23,2008-07-23,46.589194,8.387293,2386.0,137,,,RGI60-11.01238,-705.3143916161567,5159514.416194441,100,188,0100_0188
274,2008-07-23,2008-07-23,46.589199,8.387331,2386.0,137,,,RGI60-11.01238,-702.4032868547163,5159514.971447123,100,188,0100_0188
274,2008-07-23,2008-07-23,46.589204,8.38737,2386.0,136,,,RGI60-11.01238,-699.4155763221936,5159515.526692341,101,188,0101_0188
274,2008-07-23,2008-07-23,46.589208,8.387409,2386.0,135,,,RGI60-11.01238,-696.4278791472395,5159515.970820676,101,188,0101_0188
274,2008-07-23,2008-07-23,46.589212,8.387447,2385.0,134,,,RGI60-11.01238,-693.5167887066164,5159516.414959281,101,188,0101_0188
274,2008-07-23,2008-07-23,46.589216,8.387486,2385.0,134,,,RGI60-11.01238,-690.5290924048671,5159516.859090534,101,188,0101_0188
274,2008-07-23,2008-07-23,46.58922,8.387525,2385.0,133,,,RGI60-11.01238,-687.5413965429034,5159517.303223263,101,188,0101_0188
274,2008-07-23,2008-07-23,46.589222,8.387564,2385.0,132,,,RGI60-11.01238,-684.5537262994105,5159517.525120749,101,188,0101_0188
274,2008-07-23,2008-07-23,46.589225,8.387603,2384.0,132,,,RGI60-11.01238,-681.5660437411004,5159517.858138074,101,188,0101_0188
274,2008-07-23,2008-07-23,46.589227,8.387642,2384.0,131,,,RGI60-11.01238,-678.578373992079,5159518.080038517,101,188,0101_0188
274,2008-07-23,2008-07-23,46.589228,8.387681,2383.0,131,,,RGI60-11.01238,-675.5907168873894,5159518.190822075,101,188,0101_0188
274,2008-07-23,2008-07-23,46.589229,8.38772,2383.0,131,,,RGI60-11.01238,-672.6030598928172,5159518.3016071115,101,188,0101_0188
274,2008-07-23,2008-07-23,46.58923,8.387759,2383.0,130,,,RGI60-11.01238,-669.6154030078748,5159518.412393624,101,188,0101_0188
274,2008-07-23,2008-07-23,46.58923,8.387798,2382.0,130,,,RGI60-11.01238,-666.6277584929044,5159518.412063254,101,188,0101_0188
274,2008-07-23,2008-07-23,46.589229,8.387837,2382.0,129,,,RGI60-11.01238,-663.6401261827048,5159518.300616002,101,188,0101_0188
274,2008-07-23,2008-07-23,46.589229,8.387876,2382.0,129,,,RGI60-11.01238,-660.6524816126339,5159518.300288586,101,188,0101_0188
274,2008-07-23,2008-07-23,46.589227,8.387916,2381.0,128,,,RGI60-11.01238,-657.5882549586778,5159518.077717589,101,188,0101_0188
274,2008-07-23,2008-07-23,46.589225,8.387955,2381.0,127,,,RGI60-11.01238,-654.6006343560099,5159517.855156446,101,188,0101_0188
274,2008-07-23,2008-07-23,46.589223,8.387994,2380.0,126,,,RGI60-11.01238,-651.6130135335437,5159517.632596779,101,188,0101_0188
274,2008-07-23,2008-07-23,46.589221,8.388033,2380.0,125,,,RGI60-11.01238,-648.625392491279,5159517.410038589,101,188,0101_0188
274,2008-07-23,2008-07-23,46.589218,8.388072,2379.0,124,,,RGI60-11.01238,-645.6377831030418,5159517.076363518,101,188,0101_0188
274,2008-07-23,2008-07-23,46.589216,8.388111,2379.0,123,,,RGI60-11.01238,-642.6501615662347,5159516.853808284,101,188,0101_0188
274,2008-07-23,2008-07-23,46.589213,8.388149,2378.0,122,,,RGI60-11.01238,-639.7391578670738,5159516.520144277,101,188,0101_0188
274,2008-07-23,2008-07-23,46.589209,8.388188,2377.0,121,,,RGI60-11.01238,-636.7515592594592,5159516.075355239,101,188,0101_0188
274,2008-07-23,2008-07-23,46.589206,8.388227,2377.0,120,,,RGI60-11.01238,-633.7639485565683,5159515.741686041,102,188,0102_0188
274,2008-07-23,2008-07-23,46.589203,8.388266,2377.0,120,,,RGI60-11.01238,-630.7763375242318,5159515.408018318,102,188,0102_0188
274,2008-07-23,2008-07-23,46.589199,8.388305,2376.0,119,,,RGI60-11.01238,-627.7887377075209,5159514.963233714,102,188,0102_0188
274,2008-07-23,2008-07-23,46.589196,8.388343,2376.0,118,,,RGI60-11.01238,-624.8777322782003,5159514.629576867,102,188,0102_0188
274,2008-07-23,2008-07-23,46.589192,8.388382,2375.0,118,,,RGI60-11.01238,-621.890131643153,5159514.184795179,102,188,0102_0188
274,2008-07-23,2008-07-23,46.589189,8.388421,2375.0,117,,,RGI60-11.01238,-618.9025191862728,5159513.851133329,102,188,0102_0188
274,2008-07-23,2008-07-23,46.589186,8.38846,2374.0,117,,,RGI60-11.01238,-615.9149063997036,5159513.517472958,102,188,0102_0188
274,2008-07-23,2008-07-23,46.589183,8.388499,2374.0,116,,,RGI60-11.01238,-612.9272932834456,5159513.183814063,102,188,0102_0188
274,2008-07-23,2008-07-23,46.58918,8.388538,2373.0,116,,,RGI60-11.01238,-609.9396798373768,5159512.850156644,102,188,0102_0188
274,2008-07-23,2008-07-23,46.589178,8.388577,2373.0,115,,,RGI60-11.01238,-606.9520548995164,5159512.6276190635,102,188,0102_0188
274,2008-07-23,2008-07-23,46.589175,8.388616,2372.0,114,,,RGI60-11.01238,-603.9644408490162,5159512.293964601,102,188,0102_0188
274,2008-07-23,2008-07-23,46.589173,8.388655,2371.0,114,,,RGI60-11.01238,-600.976815416616,5159512.071429975,102,188,0102_0188
274,2008-07-23,2008-07-23,46.589171,8.388694,2370.0,113,,,RGI60-11.01238,-597.989189764297,5159511.8488968285,102,188,0102_0188
274,2008-07-23,2008-07-23,46.58917,8.388733,2370.0,112,,,RGI60-11.01238,-595.0015529494949,5159511.737483515,102,188,0102_0188
274,2008-07-23,2008-07-23,46.589168,8.388772,2369.0,111,,,RGI60-11.01238,-592.0139269126502,5159511.514953323,102,189,0102_0189
274,2008-07-23,2008-07-23,46.589167,8.388811,2369.0,110,,,RGI60-11.01238,-589.0262898230915,5159511.403542966,102,189,0102_0189
274,2008-07-23,2008-07-23,46.589166,8.38885,2368.0,109,,,RGI60-11.01238,-586.0386526238714,5159511.292134086,102,189,0102_0189
274,2008-07-23,2008-07-23,46.589165,8.388889,2368.0,108,,,RGI60-11.01238,-583.051015314502,5159511.180726684,102,189,0102_0189
274,2008-07-23,2008-07-23,46.589164,8.388929,2367.0,107,,,RGI60-11.01238,-579.9867715327978,5159511.069313404,102,189,0102_0189
274,2008-07-23,2008-07-23,46.589565,8.382528,2419.0,28,,,RGI60-11.01238,-1070.336204864688,5159555.694745223,95,188,0095_0188
274,2008-07-23,2008-07-23,46.589569,8.382566,2419.0,29,,,RGI60-11.01238,-1067.4251060325091,5159556.138703704,95,188,0095_0188
274,2008-07-23,2008-07-23,46.589572,8.382605,2419.0,30,,,RGI60-11.01238,-1064.437421418378,5159556.471531725,95,188,0095_0188
274,2008-07-23,2008-07-23,46.589575,8.382644,2419.0,31,,,RGI60-11.01238,-1061.449737133892,5159556.804361224,95,188,0095_0188
274,2008-07-23,2008-07-23,46.589579,8.382683,2419.0,32,,,RGI60-11.01238,-1058.46203371279,5159557.248310568,95,188,0095_0188
274,2008-07-23,2008-07-23,46.589581,8.382722,2419.0,33,,,RGI60-11.01238,-1055.4743695538527,5159557.470024655,95,188,0095_0188
274,2008-07-23,2008-07-23,46.589583,8.382761,2418.0,33,,,RGI60-11.01238,-1052.4867056146707,5159557.691740218,95,188,0095_0188
274,2008-07-23,2008-07-23,46.589586,8.3828,2418.0,34,,,RGI60-11.01238,-1049.4990225938186,5159558.0245756265,95,188,0095_0188
274,2008-07-23,2008-07-23,46.589587,8.382839,2418.0,36,,,RGI60-11.01238,-1046.511378395572,5159558.135175778,95,188,0095_0188
274,2008-07-23,2008-07-23,46.589588,8.382878,2417.0,39,,,RGI60-11.01238,-1043.5237343071904,5159558.245777407,95,188,0095_0188
274,2008-07-23,2008-07-23,46.589589,8.382917,2417.0,41,,,RGI60-11.01238,-1040.5360903285523,5159558.356380512,95,188,0095_0188
274,2008-07-23,2008-07-23,46.58959,8.382956,2417.0,42,,,RGI60-11.01238,-1037.5484464600224,5159558.466985094,95,188,0095_0188
274,2008-07-23,2008-07-23,46.58959,8.382996,2417.0,45,,,RGI60-11.01238,-1034.4842159655138,5159558.466459672,95,188,0095_0188
274,2008-07-23,2008-07-23,46.58959,8.383035,2417.0,47,,,RGI60-11.01238,-1031.4965912335213,5159558.46594888,95,188,0095_0188
274,2008-07-23,2008-07-23,46.589589,8.383074,2418.0,49,,,RGI60-11.01238,-1028.5089854166579,5159558.354321198,96,188,0096_0188
274,2008-07-23,2008-07-23,46.589588,8.383113,2418.0,52,,,RGI60-11.01238,-1025.5213794899985,5159558.2426949935,96,188,0096_0188
274,2008-07-23,2008-07-23,46.589587,8.383152,2418.0,54,,,RGI60-11.01238,-1022.5337734534222,5159558.1310702665,96,188,0096_0188
274,2008-07-23,2008-07-23,46.589586,8.383191,2419.0,55,,,RGI60-11.01238,-1019.5461673069289,5159558.0194470165,96,188,0096_0188
274,2008-07-23,2008-07-23,46.589584,8.38323,2419.0,57,,,RGI60-11.01238,-1016.5585797462537,5159557.796706876,96,188,0096_0188
274,2008-07-23,2008-07-23,46.589583,8.383269,2419.0,58,,,RGI60-11.01238,-1013.5709733248581,5159557.68508658,96,188,0096_0188
274,2008-07-23,2008-07-23,46.589581,8.383308,2419.0,59,,,RGI60-11.01238,-1010.5833853793888,5159557.462349396,96,188,0096_0188
274,2008-07-23,2008-07-23,46.589579,8.383347,2418.0,60,,,RGI60-11.01238,-1007.5957972141107,5159557.239613688,96,188,0096_0188
274,2008-07-23,2008-07-23,46.589577,8.383386,2418.0,61,,,RGI60-11.01238,-1004.6082088290239,5159557.016879456,96,188,0096_0188
274,2008-07-23,2008-07-23,46.589575,8.383425,2418.0,63,,,RGI60-11.01238,-1001.6206202240056,5159556.794146704,96,188,0096_0188
274,2008-07-23,2008-07-23,46.589572,8.383464,2418.0,64,,,RGI60-11.01238,-998.6330497653588,5159556.46029706,96,188,0096_0188
274,2008-07-23,2008-07-23,46.58957,8.383503,2418.0,65,,,RGI60-11.01238,-995.6454606658986,5159556.237567264,96,188,0096_0188
274,2008-07-23,2008-07-23,46.589567,8.383542,2418.0,67,,,RGI60-11.01238,-992.657889602673,5159555.903720576,96,188,0096_0188
274,2008-07-23,2008-07-23,46.589565,8.383581,2419.0,69,,,RGI60-11.01238,-989.670300008649,5159555.680993732,96,188,0096_0188
274,2008-07-23,2008-07-23,46.589562,8.38362,2418.0,71,,,RGI60-11.01238,-986.6827283408458,5159555.347149999,96,188,0096_0188
274,2008-07-23,2008-07-23,46.58956,8.383659,2418.0,72,,,RGI60-11.01238,-983.6951382523806,5159555.12442611,96,188,0096_0188
274,2008-07-23,2008-07-23,46.589557,8.383698,2418.0,74,,,RGI60-11.01238,-980.7075659801211,5159554.790585333,96,188,0096_0188
274,2008-07-23,2008-07-23,46.589555,8.383737,2418.0,75,,,RGI60-11.01238,-977.7199753970932,5159554.567864398,96,188,0096_0188
274,2008-07-23,2008-07-23,46.589552,8.383776,2418.0,78,,,RGI60-11.01238,-974.7324025205002,5159554.234026576,96,188,0096_0188
274,2008-07-23,2008-07-23,46.589549,8.383815,2417.0,82,,,RGI60-11.01238,-971.7448293140844,5159553.900190229,96,188,0096_0188
274,2008-07-23,2008-07-23,46.589547,8.383854,2417.0,85,,,RGI60-11.01238,-968.7572379617391,5159553.677473729,96,188,0096_0188
274,2008-07-23,2008-07-23,46.589545,8.383893,2417.0,87,,,RGI60-11.01238,-965.7696463893429,5159553.454758704,96,188,0096_0188
274,2008-07-23,2008-07-23,46.589542,8.383932,2416.0,90,,,RGI60-11.01238,-962.7820723039621,5159553.120926791,97,188,0097_0188
274,2008-07-23,2008-07-23,46.58954,8.383971,2416.0,92,,,RGI60-11.01238,-959.794480237004,5159552.898214723,97,188,0097_0188
274,2008-07-23,2008-07-23,46.589537,8.38401,2415.0,95,,,RGI60-11.01238,-956.8069055470467,5159552.564385763,97,188,0097_0188
274,2008-07-23,2008-07-23,46.589535,8.384049,2415.0,100,,,RGI60-11.01238,-953.8193129857709,5159552.341676648,97,188,0097_0188
274,2008-07-23,2008-07-23,46.589533,8.384088,2415.0,103,,,RGI60-11.01238,-950.8317202044435,5159552.118969011,97,188,0097_0188
274,2008-07-23,2008-07-23,46.589531,8.384127,2414.0,104,,,RGI60-11.01238,-947.8441272035525,5159551.896262851,97,188,0097_0188
274,2008-07-23,2008-07-23,46.589528,8.384166,2414.0,106,,,RGI60-11.01238,-944.8565513595124,5159551.562439802,97,188,0097_0188
274,2008-07-23,2008-07-23,46.589526,8.384205,2414.0,107,,,RGI60-11.01238,-941.8689578639389,5159551.339736598,97,188,0097_0188
274,2008-07-23,2008-07-23,46.589524,8.384244,2413.0,109,,,RGI60-11.01238,-938.8813641485581,5159551.117034869,97,188,0097_0188
274,2008-07-23,2008-07-23,46.589522,8.384283,2413.0,110,,,RGI60-11.01238,-935.8937702133705,5159550.894334621,97,188,0097_0188
274,2008-07-23,2008-07-23,46.58952,8.384322,2413.0,111,,,RGI60-11.01238,-932.9061760584977,5159550.671635848,97,188,0097_0188
274,2008-07-23,2008-07-23,46.589518,8.384361,2413.0,113,,,RGI60-11.01238,-929.9185816835742,5159550.448938552,97,188,0097_0188
274,2008-07-23,2008-07-23,46.589516,8.3844,2412.0,114,,,RGI60-11.01238,-926.9309870889659,5159550.226242734,97,188,0097_0188
274,2008-07-23,2008-07-23,46.589513,8.384439,2412.0,117,,,RGI60-11.01238,-923.943409266829,5159549.892430029,97,188,0097_0188
274,2008-07-23,2008-07-23,46.589511,8.384478,2412.0,120,,,RGI60-11.01238,-920.9558141776608,5159549.669737166,97,188,0097_0188
274,2008-07-23,2008-07-23,46.589509,8.384517,2412.0,123,,,RGI60-11.01238,-917.9682188686863,5159549.447045779,97,188,0097_0188
274,2008-07-23,2008-07-23,46.589507,8.384556,2412.0,126,,,RGI60-11.01238,-914.9806233399056,5159549.224355872,97,188,0097_0188
274,2008-07-23,2008-07-23,46.589505,8.384595,2412.0,130,,,RGI60-11.01238,-911.9930275914401,5159549.001667441,97,188,0097_0188
274,2008-07-23,2008-07-23,46.589503,8.384634,2411.0,133,,,RGI60-11.01238,-909.005431622925,5159548.778980486,97,188,0097_0188
274,2008-07-23,2008-07-23,46.5895,8.384673,2411.0,135,,,RGI60-11.01238,-906.0178520973263,5159548.445176644,97,188,0097_0188
274,2008-07-23,2008-07-23,46.589498,8.384712,2411.0,138,,,RGI60-11.01238,-903.0302556343742,5159548.2224926455,97,188,0097_0188
274,2008-07-23,2008-07-23,46.589496,8.384751,2410.0,141,,,RGI60-11.01238,-900.042658951616,5159547.999810124,97,188,0097_0188
274,2008-07-23,2008-07-23,46.589493,8.38479,2410.0,143,,,RGI60-11.01238,-897.055078546693,5159547.666010714,98,188,0098_0188
274,2008-07-23,2008-07-23,46.589491,8.384829,2410.0,146,,,RGI60-11.01238,-894.0674813694989,5159547.443331149,98,188,0098_0188
274,2008-07-23,2008-07-23,46.589488,8.384868,2410.0,148,,,RGI60-11.01238,-891.0799003601252,5159547.109534693,98,188,0098_0188
274,2008-07-23,2008-07-23,46.589486,8.384907,2410.0,150,,,RGI60-11.01238,-888.0923026883738,5159546.886858081,98,188,0098_0188
274,2008-07-23,2008-07-23,46.589483,8.384946,2409.0,151,,,RGI60-11.01238,-885.1047210746717,5159546.553064583,98,188,0098_0188
274,2008-07-23,2008-07-23,46.589481,8.384985,2409.0,152,,,RGI60-11.01238,-882.1171229081192,5159546.330390926,98,188,0098_0188
274,2008-07-23,2008-07-23,46.589479,8.385024,2409.0,153,,,RGI60-11.01238,-879.129524522005,5159546.107718745,98,188,0098_0188
274,2008-07-23,2008-07-23,46.589476,8.385063,2408.0,154,,,RGI60-11.01238,-876.1419420289806,5159545.773929678,98,188,0098_0188
274,2008-07-23,2008-07-23,46.589474,8.385102,2407.0,154,,,RGI60-11.01238,-873.1543431483096,5159545.551260454,98,188,0098_0188
274,2008-07-23,2008-07-23,46.589472,8.385141,2407.0,154,,,RGI60-11.01238,-870.1667440475899,5159545.328592707,98,188,0098_0188
274,2008-07-23,2008-07-23,46.589469,8.38518,2407.0,155,,,RGI60-11.01238,-867.179160675487,5159544.994808071,98,188,0098_0188
274,2008-07-23,2008-07-23,46.589467,8.385219,2406.0,155,,,RGI60-11.01238,-864.1915610804551,5159544.77214328,98,188,0098_0188
274,2008-07-23,2008-07-23,46.589465,8.385258,2406.0,156,,,RGI60-11.01238,-861.2039612653742,5159544.549479964,98,188,0098_0188
274,2008-07-23,2008-07-23,46.589463,8.385297,2406.0,157,,,RGI60-11.01238,-858.2163612307324,5159544.326818126,98,188,0098_0188
274,2008-07-23,2008-07-23,46.589461,8.385336,2406.0,157,,,RGI60-11.01238,-855.2287609760419,5159544.104157766,98,188,0098_0188
274,2008-07-23,2008-07-23,46.58946,8.385375,2405.0,158,,,RGI60-11.01238,-852.2411448280996,5159543.992617249,98,188,0098_0188
274,2008-07-23,2008-07-23,46.589458,8.385414,2405.0,158,,,RGI60-11.01238,-849.2535441888676,5159543.769959843,98,188,0098_0188
274,2008-07-23,2008-07-23,46.589457,8.385454,2405.0,159,,,RGI60-11.01238,-846.1893218164382,5159543.658411551,98,188,0098_0188
274,2008-07-23,2008-07-23,46.589455,8.385493,2405.0,159,,,RGI60-11.01238,-843.2017207897256,5159543.435757138,98,188,0098_0188
274,2008-07-23,2008-07-23,46.589454,8.385532,2404.0,160,,,RGI60-11.01238,-840.2141040908313,5159543.3242225675,98,188,0098_0188
274,2008-07-23,2008-07-23,46.589453,8.385571,2404.0,161,,,RGI60-11.01238,-837.2264872819031,5159543.212689474,98,188,0098_0188
274,2008-07-23,2008-07-23,46.589452,8.38561,2404.0,162,,,RGI60-11.01238,-834.2388703633065,5159543.101157858,98,188,0098_0188
274,2008-07-23,2008-07-23,46.589451,8.385649,2404.0,162,,,RGI60-11.01238,-831.2512533345541,5159542.989627718,99,188,0099_0188
274,2008-07-23,2008-07-23,46.589451,8.385688,2403.0,163,,,RGI60-11.01238,-828.2636209635388,5159542.989217422,99,188,0099_0188
274,2008-07-23,2008-07-23,46.58945,8.385727,2403.0,164,,,RGI60-11.01238,-825.2760037700293,5159542.877690238,99,188,0099_0188
274,2008-07-23,2008-07-23,46.58945,8.385767,2403.0,163,,,RGI60-11.01238,-822.2117653842014,5159542.877272472,99,188,0099_0188
274,2008-07-23,2008-07-23,46.58945,8.385806,2402.0,163,,,RGI60-11.01238,-819.2241329580561,5159542.876866644,99,188,0099_0188
274,2008-07-23,2008-07-23,46.58945,8.385845,2402.0,163,,,RGI60-11.01238,-816.2365005318904,5159542.876462296,99,188,0099_0188
274,2008-07-23,2008-07-23,46.58945,8.385884,2402.0,163,,,RGI60-11.01238,-813.2488681055827,5159542.876059423,99,188,0099_0188
274,2008-07-23,2008-07-23,46.589451,8.385923,2402.0,163,,,RGI60-11.01238,-810.2612207779861,5159542.986776393,99,188,0099_0188
274,2008-07-23,2008-07-23,46.589452,8.385962,2401.0,163,,,RGI60-11.01238,-807.273573560138,5159543.097494841,99,188,0099_0188
274,2008-07-23,2008-07-23,46.589452,8.386001,2401.0,163,,,RGI60-11.01238,-804.2859412437824,5159543.097096402,99,188,0099_0188
274,2008-07-23,2008-07-23,46.589453,8.38604,2400.0,163,,,RGI60-11.01238,-801.2982941907308,5159543.207817804,99,188,0099_0188
274,2008-07-23,2008-07-23,46.589455,8.38608,2400.0,162,,,RGI60-11.01238,-798.2340266131548,5159543.4296489265,99,188,0099_0188
274,2008-07-23,2008-07-23,46.589456,8.386119,2400.0,162,,,RGI60-11.01238,-795.2463798361986,5159543.540373322,99,188,0099_0188
274,2008-07-23,2008-07-23,46.589457,8.386158,2399.0,162,,,RGI60-11.01238,-792.2587331691129,5159543.651099195,99,188,0099_0188
274,2008-07-23,2008-07-23,46.589459,8.386197,2399.0,162,,,RGI60-11.01238,-789.271072096534,5159543.872944908,99,188,0099_0188
274,2008-07-23,2008-07-23,46.58946,8.386236,2399.0,161,,,RGI60-11.01238,-786.2834257040142,5159543.983673735,99,188,0099_0188
274,2008-07-23,2008-07-23,46.589462,8.386275,2398.0,161,,,RGI60-11.01238,-783.295765015891,5159544.205522405,99,188,0099_0188
274,2008-07-23,2008-07-23,46.589464,8.386314,2398.0,161,,,RGI60-11.01238,-780.30810454753,5159544.427372551,99,188,0099_0188
274,2008-07-23,2008-07-23,46.589466,8.386353,2398.0,160,,,RGI60-11.01238,-777.3204442989306,5159544.649224175,99,188,0099_0188
274,2008-07-23,2008-07-23,46.589468,8.386392,2398.0,160,,,RGI60-11.01238,-774.3327842699711,5159544.871077277,99,188,0099_0188
274,2008-07-23,2008-07-23,46.589469,8.386431,2397.0,160,,,RGI60-11.01238,-771.3451386468329,5159544.981813489,99,188,0099_0188
274,2008-07-23,2008-07-23,46.589471,8.38647,2397.0,159,,,RGI60-11.01238,-768.3574790025741,5159545.203669546,99,188,0099_0188
274,2008-07-23,2008-07-23,46.589473,8.386509,2396.0,159,,,RGI60-11.01238,-765.3698195780773,5159545.425527079,100,188,0100_0188
274,2008-07-23,2008-07-23,46.589475,8.386548,2396.0,158,,,RGI60-11.01238,-762.382160373343,5159545.647386089,100,188,0100_0188
274,2008-07-23,2008-07-23,46.589477,8.386587,2396.0,158,,,RGI60-11.01238,-759.3945013883707,5159545.869246578,100,188,0100_0188
274,2008-07-23,2008-07-23,46.589479,8.386626,2395.0,157,,,RGI60-11.01238,-756.4068426231607,5159546.091108543,100,188,0100_0188
274,2008-07-23,2008-07-23,46.58948,8.386666,2395.0,157,,,RGI60-11.01238,-753.3425920164087,5159546.201844069,100,188,0100_0188
274,2008-07-23,2008-07-23,46.589482,8.386705,2394.0,156,,,RGI60-11.01238,-750.3549336387177,5159546.4237090275,100,188,0100_0188
274,2008-07-23,2008-07-23,46.589483,8.386744,2394.0,156,,,RGI60-11.01238,-747.3672892253911,5159546.534457098,100,188,0100_0188
274,2008-07-23,2008-07-23,46.589484,8.386783,2394.0,156,,,RGI60-11.01238,-744.379644922059,5159546.645206645,100,188,0100_0188
274,2008-07-23,2008-07-23,46.589485,8.386822,2393.0,155,,,RGI60-11.01238,-741.3920007285989,5159546.7559576705,100,188,0100_0188
274,2008-07-23,2008-07-23,46.589486,8.386841,2393.0,155,,,RGI60-11.01238,-739.9364748237681,5159546.86689761,100,188,0100_0188
274,2008-07-23,2008-07-23,46.589487,8.386881,2392.0,154,,,RGI60-11.01238,-736.8722249142949,5159546.977641489,100,188,0100_0188
274,2008-07-23,2008-07-23,46.589487,8.38692,2392.0,154,,,RGI60-11.01238,-733.8845945207017,5159546.977277861,100,188,0100_0188
274,2008-07-23,2008-07-23,46.589488,8.386959,2391.0,153,,,RGI60-11.01238,-730.8969506850268,5159547.088034075,100,188,0100_0188
274,2008-07-23,2008-07-23,46.589488,8.386998,2391.0,153,,,RGI60-11.01238,-727.9093203462205,5159547.0876734005,100,188,0100_0188
274,2008-07-23,2008-07-23,46.589488,8.387037,2391.0,152,,,RGI60-11.01238,-724.9216900073963,5159547.087314205,100,188,0100_0188
274,2008-07-23,2008-07-23,46.589488,8.387076,2390.0,152,,,RGI60-11.01238,-721.9340596684322,5159547.086956485,100,188,0100_0188
274,2008-07-23,2008-07-23,46.589487,8.387115,2390.0,152,,,RGI60-11.01238,-718.9464425518524,5159546.975481879,100,188,0100_0188
274,2008-07-23,2008-07-23,46.589487,8.387155,2389.0,151,,,RGI60-11.01238,-715.882206250435,5159546.975118037,100,188,0100_0188
274,2008-07-23,2008-07-23,46.589486,8.387194,2389.0,151,,,RGI60-11.01238,-712.8945889675736,5159546.863646422,100,188,0100_0188
274,2008-07-23,2008-07-23,46.589485,8.387233,2389.0,150,,,RGI60-11.01238,-709.906971574559,5159546.752176285,100,188,0100_0188
274,2008-07-23,2008-07-23,46.589484,8.387272,2388.0,150,,,RGI60-11.01238,-706.9193540717572,5159546.640707625,100,188,0100_0188
274,2008-07-23,2008-07-23,46.589483,8.387311,2388.0,150,,,RGI60-11.01238,-703.9317364590464,5159546.529240443,100,188,0100_0188
274,2008-07-23,2008-07-23,46.589481,8.38735,2388.0,149,,,RGI60-11.01238,-700.9441316275023,5159546.306656371,100,188,0100_0188
274,2008-07-23,2008-07-23,46.589479,8.387389,2387.0,149,,,RGI60-11.01238,-697.9565265760356,5159546.084073777,101,188,0101_0188
274,2008-07-23,2008-07-23,46.589478,8.387428,2387.0,149,,,RGI60-11.01238,-694.9689085238284,5159545.972611026,101,188,0101_0188
274,2008-07-23,2008-07-23,46.589476,8.387467,2387.0,148,,,RGI60-11.01238,-691.9813030878285,5159545.750031387,101,188,0101_0188
274,2008-07-23,2008-07-23,46.589474,8.387506,2386.0,148,,,RGI60-11.01238,-688.9936974320282,5159545.527453226,101,188,0101_0188
274,2008-07-23,2008-07-23,46.589472,8.387545,2386.0,148,,,RGI60-11.01238,-686.0060915564276,5159545.304876543,101,188,0101_0188
274,2008-07-23,2008-07-23,46.589469,8.387584,2386.0,148,,,RGI60-11.01238,-683.0184980223045,5159544.97118297,101,188,0101_0188
274,2008-07-23,2008-07-23,46.589467,8.387623,2386.0,147,,,RGI60-11.01238,-680.0308916522796,5159544.748609242,101,188,0101_0188
274,2008-07-23,2008-07-23,46.589465,8.387662,2385.0,147,,,RGI60-11.01238,-677.0432850622108,5159544.52603699,101,188,0101_0188
274,2008-07-23,2008-07-23,46.589462,8.387701,2385.0,147,,,RGI60-11.01238,-674.0556906491471,5159544.19234785,101,188,0101_0188
274,2008-07-23,2008-07-23,46.58946,8.38774,2385.0,147,,,RGI60-11.01238,-671.0680835645323,5159543.969778554,101,188,0101_0188
274,2008-07-23,2008-07-23,46.589457,8.387779,2385.0,146,,,RGI60-11.01238,-668.080488546909,5159543.636092369,101,188,0101_0188
274,2008-07-23,2008-07-23,46.589455,8.387818,2385.0,146,,,RGI60-11.01238,-665.0928809679925,5159543.413526027,101,188,0101_0188
274,2008-07-23,2008-07-23,46.589452,8.387857,2384.0,146,,,RGI60-11.01238,-662.1052853458101,5159543.0798427975,101,188,0101_0188
274,2008-07-23,2008-07-23,46.58945,8.387896,2384.0,145,,,RGI60-11.01238,-659.1176772723486,5159542.85727941,101,188,0101_0188
274,2008-07-23,2008-07-23,46.589447,8.387935,2384.0,145,,,RGI60-11.01238,-656.1300810457291,5159542.523599135,101,188,0101_0188
274,2008-07-23,2008-07-23,46.589445,8.387974,2384.0,144,,,RGI60-11.01238,-653.1424724776009,5159542.301038702,101,188,0101_0188
274,2008-07-23,2008-07-23,46.589443,8.388013,2383.0,143,,,RGI60-11.01238,-650.1548636896737,5159542.078479747,101,188,0101_0188
274,2008-07-23,2008-07-23,46.589441,8.388052,2383.0,143,,,RGI60-11.01238,-647.1672546819472,5159541.855922269,101,188,0101_0188
274,2008-07-23,2008-07-23,46.589439,8.388091,2382.0,142,,,RGI60-11.01238,-644.1796454545432,5159541.633366268,101,188,0101_0188
274,2008-07-23,2008-07-23,46.589437,8.38813,2382.0,142,,,RGI60-11.01238,-641.1920360070967,5159541.4108117465,101,188,0101_0188
274,2008-07-23,2008-07-23,46.589435,8.388169,2381.0,141,,,RGI60-11.01238,-638.2044263400949,5159541.188258701,101,188,0101_0188
274,2008-07-23,2008-07-23,46.589433,8.388208,2380.0,140,,,RGI60-11.01238,-635.2168164530507,5159540.965707133,101,188,0101_0188
274,2008-07-23,2008-07-23,46.589432,8.388248,2380.0,140,,,RGI60-11.01238,-632.1525887339186,5159540.85426739,102,188,0102_0188
274,2008-07-23,2008-07-23,46.589431,8.388287,2380.0,139,,,RGI60-11.01238,-629.1649668886854,5159540.742837179,102,188,0102_0188
274,2008-07-23,2008-07-23,46.589429,8.388326,2379.0,138,,,RGI60-11.01238,-626.1773564494405,5159540.520290082,102,188,0102_0188
274,2008-07-23,2008-07-23,46.589429,8.388365,2378.0,137,,,RGI60-11.01238,-623.1897228681321,5159540.51998119,102,188,0102_0188
274,2008-07-23,2008-07-23,46.589428,8.388404,2378.0,136,,,RGI60-11.01238,-620.2021006931778,5159540.40855541,102,188,0102_0188
274,2008-07-23,2008-07-23,46.589427,8.388443,2377.0,135,,,RGI60-11.01238,-617.2144784080733,5159540.297131109,102,188,0102_0188
274,2008-07-23,2008-07-23,46.589427,8.388482,2377.0,135,,,RGI60-11.01238,-614.2268447170711,5159540.296826649,102,188,0102_0188
274,2008-07-23,2008-07-23,46.589426,8.388521,2377.0,134,,,RGI60-11.01238,-611.2392222670991,5159540.185405303,102,188,0102_0188
274,2008-07-23,2008-07-23,46.589426,8.388561,2376.0,133,,,RGI60-11.01238,-608.1749825275713,5159540.185096086,102,188,0102_0188
274,2008-07-23,2008-07-23,46.589426,8.3886,2376.0,132,,,RGI60-11.01238,-605.1873487814552,5159540.184796096,102,188,0102_0188
274,2008-07-23,2008-07-23,46.589426,8.388639,2376.0,131,,,RGI60-11.01238,-602.1997150353242,5159540.184497583,102,188,0102_0188
274,2008-07-23,2008-07-23,46.589426,8.388678,2375.0,130,,,RGI60-11.01238,-599.2120812890563,5159540.184200548,102,188,0102_0188
274,2008-07-23,2008-07-23,46.589426,8.388717,2375.0,130,,,RGI60-11.01238,-596.224447543017,5159540.183904989,102,188,0102_0188
274,2008-07-23,2008-07-23,46.589426,8.388756,2374.0,129,,,RGI60-11.01238,-593.2368137967193,5159540.18361091,102,188,0102_0188
274,2008-07-23,2008-07-23,46.589426,8.388795,2374.0,128,,,RGI60-11.01238,-590.2491800506505,5159540.183318305,102,188,0102_0188
274,2008-07-23,2008-07-23,46.589426,8.388835,2374.0,127,,,RGI60-11.01238,-587.1849403108927,5159540.183019734,102,188,0102_0188
274,2008-07-23,2008-07-23,46.589427,8.388874,2373.0,126,,,RGI60-11.01238,-584.1972958207102,5159540.293848488,102,188,0102_0188
274,2008-07-23,2008-07-23,46.589427,8.388913,2373.0,125,,,RGI60-11.01238,-581.2096621294204,5159540.293560353,102,188,0102_0188
274,2008-07-23,2008-07-23,46.589427,8.388952,2373.0,125,,,RGI60-11.01238,-578.2220284381162,5159540.293273697,102,188,0102_0188
274,2008-07-23,2008-07-23,46.589428,8.388991,2372.0,124,,,RGI60-11.01238,-575.2343841676719,5159540.4041068815,102,188,0102_0188
274,2008-07-23,2008-07-23,46.589428,8.38903,2372.0,123,,,RGI60-11.01238,-572.2467505312844,5159540.403823179,102,188,0102_0188
274,2008-07-23,2008-07-23,46.589429,8.389069,2372.0,122,,,RGI60-11.01238,-569.2591064256479,5159540.51465932,102,188,0102_0188
274,2008-07-23,2008-07-23,46.58943,8.389108,2371.0,121,,,RGI60-11.01238,-566.271462429888,5159540.625496937,103,188,0103_0188
274,2008-07-23,2008-07-23,46.58943,8.389148,2371.0,120,,,RGI60-11.01238,-563.2072229154293,5159540.6252105255,103,188,0103_0188
274,2008-07-23,2008-07-23,46.589431,8.389187,2371.0,119,,,RGI60-11.01238,-560.219579086008,5159540.736051136,103,188,0103_0188
274,2008-07-23,2008-07-23,46.589432,8.389226,2370.0,118,,,RGI60-11.01238,-557.2319353662197,5159540.846893223,103,188,0103_0188
274,2008-07-23,2008-07-23,46.589433,8.389265,2370.0,117,,,RGI60-11.01238,-554.24429175643,5159540.957736788,103,188,0103_0188
274,2008-07-23,2008-07-23,46.589434,8.389304,2370.0,116,,,RGI60-11.01238,-551.2566482566397,5159541.06858183,103,188,0103_0188
274,2008-07-23,2008-07-23,46.589435,8.389343,2370.0,115,,,RGI60-11.01238,-548.2690048664824,5159541.179428349,103,188,0103_0188
274,2008-07-23,2008-07-23,46.589436,8.389382,2369.0,114,,,RGI60-11.01238,-545.2813615864462,5159541.290276347,103,188,0103_0188
274,2008-07-23,2008-07-23,46.589437,8.389421,2369.0,112,,,RGI60-11.01238,-542.2937184160434,5159541.401125819,103,188,0103_0188
274,2008-07-23,2008-07-23,46.589438,8.389461,2369.0,111,,,RGI60-11.01238,-539.2294693789885,5159541.511969933,103,188,0103_0188
274,2008-07-23,2008-07-23,46.58944,8.3895,2368.0,110,,,RGI60-11.01238,-536.2418165679746,5159541.733940765,103,188,0103_0188
274,2008-07-23,2008-07-23,46.589441,8.389539,2368.0,109,,,RGI60-11.01238,-533.2541737836798,5159541.844794708,103,188,0103_0188
274,2008-07-23,2008-07-23,46.589443,8.389578,2367.0,108,,,RGI60-11.01238,-530.2665213570133,5159542.066768494,103,188,0103_0188
274,2008-07-23,2008-07-23,46.589445,8.389617,2367.0,106,,,RGI60-11.01238,-527.2788691503588,5159542.288743757,103,188,0103_0188
274,2008-07-23,2008-07-23,46.589447,8.389656,2366.0,105,,,RGI60-11.01238,-524.2912171632286,5159542.510720499,103,188,0103_0188
274,2008-07-23,2008-07-23,46.589449,8.389695,2366.0,101,,,RGI60-11.01238,-521.3035653961107,5159542.732698718,103,188,0103_0188
274,2008-07-23,2008-07-23,46.589451,8.389734,2365.0,98,,,RGI60-11.01238,-518.3159138485178,5159542.954678411,103,188,0103_0188
274,2008-07-23,2008-07-23,46.589453,8.389773,2365.0,95,,,RGI60-11.01238,-515.3282625208149,5159543.176659586,103,188,0103_0188
274,2008-07-23,2008-07-23,46.589455,8.389812,2364.0,94,,,RGI60-11.01238,-512.3406114130028,5159543.398642235,103,188,0103_0188
274,2008-07-23,2008-07-23,46.589457,8.389851,2363.0,92,,,RGI60-11.01238,-509.35296052471546,5159543.620626364,103,188,0103_0188
274,2008-07-23,2008-07-23,46.589458,8.38989,2363.0,90,,,RGI60-11.01238,-506.3653191690065,5159543.7314936025,103,188,0103_0188
274,2008-07-23,2008-07-23,46.58946,8.389929,2362.0,89,,,RGI60-11.01238,-503.37766866531206,5159543.953480687,103,188,0103_0188
274,2008-07-23,2008-07-23,46.589461,8.389968,2362.0,88,,,RGI60-11.01238,-500.39002758418314,5159544.064350881,104,188,0104_0188
274,2008-07-23,2008-07-23,46.589462,8.390007,2361.0,86,,,RGI60-11.01238,-497.40238661293307,5159544.175222553,104,188,0104_0188
274,2008-07-23,2008-07-23,46.589462,8.390047,2360.0,84,,,RGI60-11.01238,-494.33814890162313,5159544.174971068,104,188,0104_0188
274,2008-07-23,2008-07-23,46.589462,8.390086,2360.0,83,,,RGI60-11.01238,-491.3505171329011,5159544.174727368,104,188,0104_0188
274,2008-07-23,2008-07-23,46.589462,8.390125,2359.0,82,,,RGI60-11.01238,-488.3628853644104,5159544.174485145,104,188,0104_0188
274,2008-07-23,2008-07-23,46.589461,8.390164,2359.0,80,,,RGI60-11.01238,-485.37526252220226,5159544.063126035,104,188,0104_0188
274,2008-07-23,2008-07-23,46.58946,8.390203,2358.0,79,,,RGI60-11.01238,-482.3876395703344,5159543.951768401,104,188,0104_0188
274,2008-07-23,2008-07-23,46.589458,8.390242,2358.0,78,,,RGI60-11.01238,-479.4000253249663,5159543.729293879,104,188,0104_0188
274,2008-07-23,2008-07-23,46.589456,8.390281,2358.0,77,,,RGI60-11.01238,-476.4124108599257,5159543.506820834,104,188,0104_0188
274,2008-07-23,2008-07-23,46.589455,8.39032,2357.0,76,,,RGI60-11.01238,-473.4247874684567,5159543.395467634,104,188,0104_0188
274,2008-07-23,2008-07-23,46.589452,8.390359,2357.0,76,,,RGI60-11.01238,-470.43718127046026,5159543.06187918,104,188,0104_0188
274,2008-07-23,2008-07-23,46.58945,8.390398,2357.0,75,,,RGI60-11.01238,-467.4495661461574,5159542.839410568,104,188,0104_0188
274,2008-07-23,2008-07-23,46.590006,8.388256,2379.0,127,,,RGI60-11.01238,-631.5330740194435,5159604.636147743,102,187,0102_0187
274,2008-07-23,2008-07-23,46.59,8.388294,2378.0,126,,,RGI60-11.01238,-628.6221466856769,5159603.969133917,102,187,0102_0187
274,2008-07-23,2008-07-23,46.589994,8.388332,2378.0,126,,,RGI60-11.01238,-625.7112187093205,5159603.302121492,102,187,0102_0187
274,2008-07-23,2008-07-23,46.589988,8.388371,2378.0,123,,,RGI60-11.01238,-622.7236848889753,5159602.635102576,102,187,0102_0187
274,2008-07-23,2008-07-23,46.589984,8.388409,2377.0,120,,,RGI60-11.01238,-619.8127328208552,5159602.190329745,102,187,0102_0187
274,2008-07-23,2008-07-23,46.589979,8.388448,2377.0,117,,,RGI60-11.01238,-616.825186455746,5159601.634432122,102,187,0102_0187
274,2008-07-23,2008-07-23,46.589974,8.388486,2376.0,115,,,RGI60-11.01238,-613.9142447625248,5159601.07854376,102,187,0102_0187
274,2008-07-23,2008-07-23,46.58997,8.388525,2376.0,114,,,RGI60-11.01238,-610.9266860698662,5159600.633767429,102,187,0102_0187
274,2008-07-23,2008-07-23,46.589967,8.388564,2376.0,112,,,RGI60-11.01238,-607.9391157565678,5159600.30011095,102,187,0102_0187
274,2008-07-23,2008-07-23,46.589964,8.388603,2376.0,110,,,RGI60-11.01238,-604.9515451136989,5159599.966455949,102,187,0102_0187
274,2008-07-23,2008-07-23,46.58996,8.388641,2376.0,108,,,RGI60-11.01238,-602.0405904532686,5159599.521691683,102,187,0102_0187
274,2008-07-23,2008-07-23,46.589958,8.38868,2376.0,107,,,RGI60-11.01238,-599.0530080827942,5159599.299157974,102,187,0102_0187
274,2008-07-23,2008-07-23,46.589957,8.38872,2376.0,106,,,RGI60-11.01238,-595.98880928501,5159599.18773656,102,187,0102_0187
274,2008-07-23,2008-07-23,46.589955,8.388759,2376.0,105,,,RGI60-11.01238,-593.0012265270645,5159598.9652058445,102,187,0102_0187
274,2008-07-23,2008-07-23,46.589954,8.388798,2376.0,104,,,RGI60-11.01238,-590.0136326983106,5159598.85379498,102,187,0102_0187
274,2008-07-23,2008-07-23,46.589954,8.388837,2376.0,102,,,RGI60-11.01238,-587.0260279634648,5159598.853503967,102,187,0102_0187
274,2008-07-23,2008-07-23,46.589955,8.388876,2376.0,102,,,RGI60-11.01238,-584.0384124873658,5159598.964332808,102,187,0102_0187
274,2008-07-23,2008-07-23,46.589955,8.388915,2376.0,101,,,RGI60-11.01238,-581.050807807437,5159598.96404475,102,187,0102_0187
274,2008-07-23,2008-07-23,46.589956,8.388954,2376.0,101,,,RGI60-11.01238,-578.0631924961464,5159599.074876544,102,187,0102_0187
274,2008-07-23,2008-07-23,46.589958,8.388993,2376.0,100,,,RGI60-11.01238,-575.075566718332,5159599.296828191,102,187,0102_0187
274,2008-07-23,2008-07-23,46.58996,8.389032,2376.0,100,,,RGI60-11.01238,-572.0879411602864,5159599.518781315,102,187,0102_0187
274,2008-07-23,2008-07-23,46.589962,8.389071,2376.0,100,,,RGI60-11.01238,-569.1003158220099,5159599.7407359155,102,187,0102_0187
274,2008-07-23,2008-07-23,46.589966,8.38911,2376.0,99,,,RGI60-11.01238,-566.1126698803732,5159600.184928744,103,187,0103_0187
274,2008-07-23,2008-07-23,46.589969,8.389149,2376.0,99,,,RGI60-11.01238,-563.1250347349069,5159600.518004677,103,187,0103_0187
274,2008-07-23,2008-07-23,46.589973,8.389188,2376.0,99,,,RGI60-11.01238,-560.1373896173054,5159600.962200459,103,187,0103_0187
274,2008-07-23,2008-07-23,46.589977,8.389226,2376.0,99,,,RGI60-11.01238,-557.2263501566479,5159601.406404785,103,187,0103_0187
274,2008-07-23,2008-07-23,46.589982,8.389265,2376.0,98,,,RGI60-11.01238,-554.2386957194437,5159601.961721862,103,187,0103_0187
274,2008-07-23,2008-07-23,46.589987,8.389303,2375.0,97,,,RGI60-11.01238,-551.3276470348643,5159602.517047405,103,187,0103_0187
274,2008-07-23,2008-07-23,46.589992,8.389342,2375.0,96,,,RGI60-11.01238,-548.3399936895006,5159603.0723674,103,187,0103_0187
274,2008-07-23,2008-07-23,46.589998,8.38938,2375.0,95,,,RGI60-11.01238,-545.4289360514991,5159603.738814162,103,187,0103_0187
274,2008-07-23,2008-07-23,46.590004,8.389418,2374.0,92,,,RGI60-11.01238,-542.5178790558028,5159604.405262328,103,187,0103_0187
274,2008-07-23,2008-07-23,46.59001,8.389456,2374.0,89,,,RGI60-11.01238,-539.6068227026561,5159605.071711896,103,187,0103_0187
274,2008-07-23,2008-07-23,46.590016,8.389495,2373.0,83,,,RGI60-11.01238,-536.6191618294876,5159605.738156064,103,187,0103_0187
274,2008-07-23,2008-07-23,46.590022,8.389532,2373.0,76,,,RGI60-11.01238,-533.7847119234006,5159606.404615244,103,187,0103_0187
274,2008-07-23,2008-07-23,46.590029,8.38957,2372.0,68,,,RGI60-11.01238,-530.8736477339204,5159607.1821874,103,187,0103_0187
274,2008-07-23,2008-07-23,46.590036,8.389608,2371.0,64,,,RGI60-11.01238,-527.9625842940624,5159607.959760958,103,187,0103_0187
274,2008-07-23,2008-07-23,46.590043,8.389646,2371.0,60,,,RGI60-11.01238,-525.0515216035827,5159608.7373359185,103,187,0103_0187
274,2008-07-23,2008-07-23,46.59005,8.389684,2370.0,56,,,RGI60-11.01238,-522.1404596627254,5159609.514912284,103,187,0103_0187
274,2008-07-23,2008-07-23,46.590057,8.389722,2370.0,54,,,RGI60-11.01238,-519.2293984712472,5159610.292490053,103,187,0103_0187
274,2008-07-23,2008-07-23,46.590064,8.38976,2369.0,52,,,RGI60-11.01238,-516.3183380293917,5159611.070069226,103,187,0103_0187
274,2008-07-23,2008-07-23,46.59007,8.389797,2369.0,51,,,RGI60-11.01238,-513.4838928654432,5159611.736537934,103,187,0103_0187
274,2008-07-23,2008-07-23,46.590077,8.389835,2368.0,50,,,RGI60-11.01238,-510.57283385919254,5159612.514119877,103,187,0103_0187
274,2008-07-23,2008-07-23,46.590083,8.389873,2367.0,48,,,RGI60-11.01238,-507.66178493893517,5159613.180584845,103,187,0103_0187
274,2008-07-23,2008-07-23,46.59009,8.389912,2367.0,47,,,RGI60-11.01238,-504.6741223199557,5159613.958163195,103,187,0103_0187
274,2008-07-23,2008-07-23,46.590096,8.38995,2366.0,45,,,RGI60-11.01238,-501.7630747466681,5159614.624631007,104,187,0104_0187
274,2008-07-23,2008-07-23,46.590101,8.389988,2366.0,43,,,RGI60-11.01238,-498.85203699028415,5159615.1799818445,104,187,0104_0187
274,2008-07-23,2008-07-23,46.590106,8.390027,2365.0,41,,,RGI60-11.01238,-495.8643947339681,5159615.735327798,104,187,0104_0187
274,2008-07-23,2008-07-23,46.59011,8.390065,2365.0,40,,,RGI60-11.01238,-492.953367121456,5159616.179563101,104,187,0104_0187
274,2008-07-23,2008-07-23,46.590114,8.390104,2364.0,38,,,RGI60-11.01238,-489.96573491320925,5159616.623793593,104,187,0104_0187
274,2008-07-23,2008-07-23,46.590117,8.390143,2363.0,36,,,RGI60-11.01238,-486.97811210049605,5159616.956907186,104,187,0104_0187
274,2008-07-23,2008-07-23,46.58503,8.384698,2324.0,64,,,RGI60-11.01238,-904.1770264816217,5159051.745989728,97,195,0097_0195
274,2008-07-23,2008-07-23,46.585032,8.384737,2325.0,66,,,RGI60-11.01238,-901.1891180633372,5159051.96777996,97,195,0097_0195
274,2008-07-23,2008-07-23,46.585033,8.384777,2326.0,68,,,RGI60-11.01238,-898.1246141987781,5159052.078442005,98,195,0098_0195
274,2008-07-23,2008-07-23,46.585035,8.384816,2326.0,70,,,RGI60-11.01238,-895.1367061677327,5159052.3002352305,98,195,0098_0195
274,2008-07-23,2008-07-23,46.585036,8.384855,2326.0,72,,,RGI60-11.01238,-892.1488147615179,5159052.410911655,98,195,0098_0195
274,2008-07-23,2008-07-23,46.585037,8.384894,2327.0,73,,,RGI60-11.01238,-889.1609234652848,5159052.521589558,98,195,0098_0195
274,2008-07-23,2008-07-23,46.585038,8.384933,2327.0,75,,,RGI60-11.01238,-886.1730322786689,5159052.632268936,98,195,0098_0195
274,2008-07-23,2008-07-23,46.585039,8.384972,2327.0,76,,,RGI60-11.01238,-883.1851412021572,5159052.742949794,98,195,0098_0195
274,2008-07-23,2008-07-23,46.58504,8.385011,2328.0,78,,,RGI60-11.01238,-880.1972502352629,5159052.853632127,98,195,0098_0195
274,2008-07-23,2008-07-23,46.585041,8.38505,2328.0,79,,,RGI60-11.01238,-877.2093593783509,5159052.964315939,98,195,0098_0195
274,2008-07-23,2008-07-23,46.585042,8.385089,2328.0,80,,,RGI60-11.01238,-874.2214686312996,5159053.075001229,98,195,0098_0195
274,2008-07-23,2008-07-23,46.585043,8.385128,2329.0,82,,,RGI60-11.01238,-871.2335779941097,5159053.185687994,98,195,0098_0195
274,2008-07-23,2008-07-23,46.585044,8.385168,2329.0,83,,,RGI60-11.01238,-868.169075299998,5159053.296365229,98,195,0098_0195
274,2008-07-23,2008-07-23,46.585044,8.385207,2329.0,84,,,RGI60-11.01238,-865.181200793024,5159053.295936709,98,195,0098_0195
274,2008-07-23,2008-07-23,46.585045,8.385246,2329.0,85,,,RGI60-11.01238,-862.1933104317626,5159053.406627945,98,195,0098_0195
274,2008-07-23,2008-07-23,46.585045,8.385285,2330.0,86,,,RGI60-11.01238,-859.2054359798088,5159053.406202381,98,195,0098_0195
274,2008-07-23,2008-07-23,46.585046,8.385324,2330.0,87,,,RGI60-11.01238,-856.2175457833287,5159053.51689657,98,195,0098_0195
274,2008-07-23,2008-07-23,46.585046,8.385363,2330.0,88,,,RGI60-11.01238,-853.229671386274,5159053.516473959,98,195,0098_0195
274,2008-07-23,2008-07-23,46.585046,8.385402,2330.0,89,,,RGI60-11.01238,-850.2417969890765,5159053.516052825,98,195,0098_0195
274,2008-07-23,2008-07-23,46.585047,8.385442,2330.0,90,,,RGI60-11.01238,-847.1772948497378,5159053.626740707,98,195,0098_0195
274,2008-07-23,2008-07-23,46.585047,8.385481,2330.0,91,,,RGI60-11.01238,-844.1894205074382,5159053.6263225665,98,195,0098_0195
274,2008-07-23,2008-07-23,46.585047,8.38552,2330.0,92,,,RGI60-11.01238,-841.2015461651182,5159053.625905902,98,195,0098_0195
274,2008-07-23,2008-07-23,46.585047,8.385559,2331.0,93,,,RGI60-11.01238,-838.2136718226551,5159053.625490717,98,195,0098_0195
274,2008-07-23,2008-07-23,46.585048,8.385598,2331.0,94,,,RGI60-11.01238,-835.2257821221518,5159053.736195287,98,195,0098_0195
274,2008-07-23,2008-07-23,46.585048,8.385637,2331.0,95,,,RGI60-11.01238,-832.2379078347105,5159053.7357830545,99,195,0099_0195
274,2008-07-23,2008-07-23,46.585048,8.385676,2331.0,96,,,RGI60-11.01238,-829.2500335472488,5159053.7353723,99,195,0099_0195
274,2008-07-23,2008-07-23,46.585048,8.385716,2331.0,97,,,RGI60-11.01238,-826.1855470984887,5159053.734952548,99,195,0099_0195
274,2008-07-23,2008-07-23,46.585049,8.385755,2332.0,98,,,RGI60-11.01238,-823.1976576738966,5159053.845663063,99,195,0099_0195
274,2008-07-23,2008-07-23,46.585049,8.385794,2332.0,99,,,RGI60-11.01238,-820.2097834413133,5159053.845256779,99,195,0099_0195
274,2008-07-23,2008-07-23,46.585049,8.385833,2332.0,99,,,RGI60-11.01238,-817.2219092087099,5159053.844851973,99,195,0099_0195
274,2008-07-23,2008-07-23,46.58505,8.385872,2332.0,100,,,RGI60-11.01238,-814.2340200037,5159053.955566923,99,195,0099_0195
274,2008-07-23,2008-07-23,46.58505,8.385911,2332.0,101,,,RGI60-11.01238,-811.2461458261192,5159053.9551650705,99,195,0099_0195
274,2008-07-23,2008-07-23,46.585051,8.38595,2332.0,101,,,RGI60-11.01238,-808.2582567860152,5159054.065882973,99,195,0099_0195
274,2008-07-23,2008-07-23,46.585051,8.38599,2332.0,102,,,RGI60-11.01238,-805.1937705062812,5159054.065473866,99,195,0099_0195
274,2008-07-23,2008-07-23,46.585052,8.386029,2331.0,102,,,RGI60-11.01238,-802.2058816322474,5159054.176194763,99,195,0099_0195
274,2008-07-23,2008-07-23,46.585053,8.386068,2331.0,103,,,RGI60-11.01238,-799.2179928681979,5159054.286917137,99,195,0099_0195
274,2008-07-23,2008-07-23,46.585053,8.386107,2331.0,103,,,RGI60-11.01238,-796.2301188552193,5159054.286522709,99,195,0099_0195
274,2008-07-23,2008-07-23,46.585054,8.386146,2331.0,104,,,RGI60-11.01238,-793.2422302559546,5159054.397248037,99,195,0099_0195
274,2008-07-23,2008-07-23,46.585055,8.386185,2331.0,104,,,RGI60-11.01238,-790.2543417666747,5159054.507974843,99,195,0099_0195
274,2008-07-23,2008-07-23,46.585056,8.386224,2331.0,105,,,RGI60-11.01238,-787.2664533870143,5159054.618703127,99,195,0099_0195
274,2008-07-23,2008-07-23,46.585057,8.386263,2331.0,106,,,RGI60-11.01238,-784.2785651173389,5159054.729432886,99,195,0099_0195
274,2008-07-23,2008-07-23,46.585058,8.386303,2331.0,106,,,RGI60-11.01238,-781.2140648104511,5159054.8401542185,99,195,0099_0195
274,2008-07-23,2008-07-23,46.585059,8.386342,2331.0,107,,,RGI60-11.01238,-778.2261767617888,5159054.950886972,99,195,0099_0195
274,2008-07-23,2008-07-23,46.58506,8.386381,2331.0,108,,,RGI60-11.01238,-775.2382888232333,5159055.061621202,99,195,0099_0195
274,2008-07-23,2008-07-23,46.585061,8.38642,2331.0,108,,,RGI60-11.01238,-772.2504009944194,5159055.17235691,99,195,0099_0195
274,2008-07-23,2008-07-23,46.585062,8.386459,2331.0,108,,,RGI60-11.01238,-769.2625132753474,5159055.283094095,99,195,0099_0195
274,2008-07-23,2008-07-23,46.585063,8.386498,2331.0,110,,,RGI60-11.01238,-766.2746256663827,5159055.393832758,100,195,0100_0195
274,2008-07-23,2008-07-23,46.585064,8.386537,2332.0,111,,,RGI60-11.01238,-763.2867381670378,5159055.504572897,100,195,0100_0195
274,2008-07-23,2008-07-23,46.585066,8.386576,2332.0,113,,,RGI60-11.01238,-760.2988367972973,5159055.726432793,100,195,0100_0195
274,2008-07-23,2008-07-23,46.585067,8.386615,2332.0,116,,,RGI60-11.01238,-757.3109495726212,5159055.837175888,100,195,0100_0195
274,2008-07-23,2008-07-23,46.585068,8.386654,2332.0,119,,,RGI60-11.01238,-754.3230624579313,5159055.94792046,100,195,0100_0195
274,2008-07-23,2008-07-23,46.58507,8.386694,2332.0,121,,,RGI60-11.01238,-751.2585495072502,5159056.169775263,100,195,0100_0195
274,2008-07-23,2008-07-23,46.585071,8.386733,2332.0,122,,,RGI60-11.01238,-748.2706626686378,5159056.280522827,100,195,0100_0195
274,2008-07-23,2008-07-23,46.585073,8.386772,2332.0,123,,,RGI60-11.01238,-745.282762235379,5159056.502390149,100,195,0100_0195
274,2008-07-23,2008-07-23,46.585074,8.386811,2332.0,124,,,RGI60-11.01238,-742.2948756715582,5159056.613140669,100,195,0100_0195
274,2008-07-23,2008-07-23,46.585076,8.38685,2332.0,124,,,RGI60-11.01238,-739.3069756228515,5159056.835010944,100,195,0100_0195
274,2008-07-23,2008-07-23,46.585077,8.386889,2332.0,125,,,RGI60-11.01238,-736.3190893337007,5159056.945764418,100,195,0100_0195
274,2008-07-23,2008-07-23,46.585078,8.386928,2332.0,126,,,RGI60-11.01238,-733.3312031542922,5159057.0565193705,100,195,0100_0195
274,2008-07-23,2008-07-23,46.585079,8.386967,2332.0,127,,,RGI60-11.01238,-730.3433170846272,5159057.1672757985,100,195,0100_0195
274,2008-07-23,2008-07-23,46.585081,8.387006,2332.0,127,,,RGI60-11.01238,-727.3554177503287,5159057.389151984,100,195,0100_0195
274,2008-07-23,2008-07-23,46.585082,8.387045,2332.0,128,,,RGI60-11.01238,-724.367531955334,5159057.499911366,100,195,0100_0195
274,2008-07-23,2008-07-23,46.585083,8.387085,2332.0,130,,,RGI60-11.01238,-721.3030341584596,5159057.6106630815,100,195,0100_0195
274,2008-07-23,2008-07-23,46.585084,8.387124,2332.0,131,,,RGI60-11.01238,-718.3151485847244,5159057.721425459,100,195,0100_0195
274,2008-07-23,2008-07-23,46.585085,8.387163,2332.0,133,,,RGI60-11.01238,-715.3272631208545,5159057.83218931,100,195,0100_0195
274,2008-07-23,2008-07-23,46.585086,8.387202,2332.0,136,,,RGI60-11.01238,-712.3393777668496,5159057.942954641,100,195,0100_0195
274,2008-07-23,2008-07-23,46.585086,8.387241,2332.0,135,,,RGI60-11.01238,-709.3515055663944,5159057.94260317,100,195,0100_0195
274,2008-07-23,2008-07-23,46.585087,8.38728,2332.0,135,,,RGI60-11.01238,-706.3636203771782,5159058.0533714555,100,195,0100_0195
274,2008-07-23,2008-07-23,46.585087,8.387319,2332.0,134,,,RGI60-11.01238,-703.3757482316292,5159058.053022938,100,195,0100_0195
274,2008-07-23,2008-07-23,46.585087,8.387339,2332.0,133,,,RGI60-11.01238,-701.8435061056094,5159058.052844785,100,195,0100_0195
274,2008-07-23,2008-07-23,46.585087,8.387515,2331.0,128,,,RGI60-11.01238,-688.359775397265,5159058.051293785,101,195,0101_0195
274,2008-07-23,2008-07-23,46.585086,8.387554,2331.0,128,,,RGI60-11.01238,-685.3719158543552,5159057.93983589,101,195,0101_0195
274,2008-07-23,2008-07-23,46.585085,8.387593,2331.0,127,,,RGI60-11.01238,-682.3840562015448,5159057.828379473,101,195,0101_0195
274,2008-07-23,2008-07-23,46.585085,8.387632,2331.0,127,,,RGI60-11.01238,-679.3961839459744,5159057.828042811,101,195,0101_0195
274,2008-07-23,2008-07-23,46.585084,8.387671,2331.0,126,,,RGI60-11.01238,-676.4083241284271,5159057.716589349,101,195,0101_0195
274,2008-07-23,2008-07-23,46.585083,8.387711,2331.0,126,,,RGI60-11.01238,-673.3438520888628,5159057.605128825,101,195,0101_0195
274,2008-07-23,2008-07-23,46.585082,8.38775,2331.0,125,,,RGI60-11.01238,-670.3559920498627,5159057.493678355,101,195,0101_0195
274,2008-07-23,2008-07-23,46.585081,8.387789,2331.0,125,,,RGI60-11.01238,-667.368131901206,5159057.382229363,101,195,0101_0195
274,2008-07-23,2008-07-23,46.585079,8.387828,2331.0,125,,,RGI60-11.01238,-664.3802838591487,5159057.159663567,101,195,0101_0195
274,2008-07-23,2008-07-23,46.585078,8.387867,2331.0,124,,,RGI60-11.01238,-661.3924234356286,5159057.04821753,101,195,0101_0195
274,2008-07-23,2008-07-23,46.585077,8.387906,2330.0,124,,,RGI60-11.01238,-658.4045629023309,5159056.936772967,101,195,0101_0195
274,2008-07-23,2008-07-23,46.585075,8.387945,2330.0,124,,,RGI60-11.01238,-655.4167143108069,5159056.7142116055,101,195,0101_0195
274,2008-07-23,2008-07-23,46.585074,8.387984,2330.0,123,,,RGI60-11.01238,-652.4288535027684,5159056.602769998,101,195,0101_0195
274,2008-07-23,2008-07-23,46.585072,8.388023,2330.0,123,,,RGI60-11.01238,-649.4410045266201,5159056.380211589,101,195,0101_0195
274,2008-07-23,2008-07-23,46.585071,8.388062,2330.0,123,,,RGI60-11.01238,-646.4531434437189,5159056.268772938,101,195,0101_0195
274,2008-07-23,2008-07-23,46.58507,8.388102,2330.0,123,,,RGI60-11.01238,-643.3886701207267,5159056.157327607,101,195,0101_0195
274,2008-07-23,2008-07-23,46.585068,8.388141,2330.0,123,,,RGI60-11.01238,-640.400820592417,5159055.934773669,101,195,0101_0195
274,2008-07-23,2008-07-23,46.585067,8.38818,2330.0,123,,,RGI60-11.01238,-637.4129591233452,5159055.8233394865,101,195,0101_0195
274,2008-07-23,2008-07-23,46.585066,8.388219,2330.0,122,,,RGI60-11.01238,-634.4250975446179,5159055.711906782,101,195,0101_0195
274,2008-07-23,2008-07-23,46.585066,8.388258,2330.0,122,,,RGI60-11.01238,-631.4372242447736,5159055.711593835,102,195,0102_0195
274,2008-07-23,2008-07-23,46.585065,8.388297,2330.0,122,,,RGI60-11.01238,-628.44936250119,5159055.600164086,102,195,0102_0195
274,2008-07-23,2008-07-23,46.585065,8.388336,2330.0,122,,,RGI60-11.01238,-625.4614891463727,5159055.599854092,102,195,0102_0195
274,2008-07-23,2008-07-23,46.585064,8.388375,2330.0,122,,,RGI60-11.01238,-622.4736272378113,5159055.488427297,102,195,0102_0195
274,2008-07-23,2008-07-23,46.585065,8.388414,2330.0,122,,,RGI60-11.01238,-619.485742437057,5159055.599238539,102,195,0102_0195
274,2008-07-23,2008-07-23,46.585065,8.388454,2330.0,122,,,RGI60-11.01238,-616.4212569449544,5159055.598925161,102,195,0102_0195
274,2008-07-23,2008-07-23,46.585065,8.388493,2330.0,122,,,RGI60-11.01238,-613.4333835901964,5159055.598621117,102,195,0102_0195
274,2008-07-23,2008-07-23,46.585066,8.388532,2330.0,122,,,RGI60-11.01238,-610.4454990104487,5159055.709436827,102,195,0102_0195
274,2008-07-23,2008-07-23,46.585067,8.388571,2330.0,123,,,RGI60-11.01238,-607.4576145404463,5159055.820254016,102,195,0102_0195
274,2008-07-23,2008-07-23,46.585068,8.38861,2330.0,123,,,RGI60-11.01238,-604.4697301805556,5159055.931072681,102,195,0102_0195
274,2008-07-23,2008-07-23,46.58507,8.388649,2330.0,123,,,RGI60-11.01238,-601.4818348702597,5159056.153011102,102,195,0102_0195
274,2008-07-23,2008-07-23,46.585072,8.388688,2330.0,123,,,RGI60-11.01238,-598.493939779714,5159056.374951002,102,195,0102_0195
274,2008-07-23,2008-07-23,46.585074,8.388727,2330.0,123,,,RGI60-11.01238,-595.506044908919,5159056.59689238,102,195,0102_0195
274,2008-07-23,2008-07-23,46.585076,8.388766,2330.0,123,,,RGI60-11.01238,-592.5181502577524,5159056.818835235,102,195,0102_0195
274,2008-07-23,2008-07-23,46.585078,8.388805,2330.0,123,,,RGI60-11.01238,-589.5302558265802,5159057.040779567,102,195,0102_0195
274,2008-07-23,2008-07-23,46.585081,8.388844,2330.0,123,,,RGI60-11.01238,-586.5423508294698,5159057.373843657,102,195,0102_0195
274,2008-07-23,2008-07-23,46.585084,8.388883,2330.0,123,,,RGI60-11.01238,-583.5544461622358,5159057.7069092225,102,195,0102_0195
274,2008-07-23,2008-07-23,46.585086,8.388922,2330.0,123,,,RGI60-11.01238,-580.5665524999547,5159057.928857987,102,195,0102_0195
274,2008-07-23,2008-07-23,46.585089,8.388961,2330.0,123,,,RGI60-11.01238,-577.578648436924,5159058.261926508,102,195,0102_0195
274,2008-07-23,2008-07-23,46.585092,8.389,2330.0,123,,,RGI60-11.01238,-574.5907447036484,5159058.594996507,102,195,0102_0195
274,2008-07-23,2008-07-23,46.585095,8.389039,2330.0,123,,,RGI60-11.01238,-571.6028412997628,5159058.928067983,102,195,0102_0195
274,2008-07-23,2008-07-23,46.585098,8.389078,2330.0,123,,,RGI60-11.01238,-568.614938225754,5159059.261140938,102,195,0102_0195
274,2008-07-23,2008-07-23,46.5851,8.389117,2330.0,123,,,RGI60-11.01238,-565.6270458819935,5159059.4830970885,103,195,0103_0195
274,2008-07-23,2008-07-23,46.585103,8.389156,2329.0,124,,,RGI60-11.01238,-562.6391434121891,5159059.816172997,103,195,0103_0195
274,2008-07-23,2008-07-23,46.585105,8.389195,2329.0,124,,,RGI60-11.01238,-559.6512515629943,5159060.038132105,103,195,0103_0195
274,2008-07-23,2008-07-23,46.585107,8.389234,2329.0,125,,,RGI60-11.01238,-556.6633599335513,5159060.260092687,103,195,0103_0195
274,2008-07-23,2008-07-23,46.585108,8.389273,2329.0,125,,,RGI60-11.01238,-553.6754787050752,5159060.370936468,103,195,0103_0195
274,2008-07-23,2008-07-23,46.585109,8.389312,2329.0,125,,,RGI60-11.01238,-550.6875975862246,5159060.481781727,103,195,0103_0195
274,2008-07-23,2008-07-23,46.585111,8.389351,2329.0,124,,,RGI60-11.01238,-547.6997065061545,5159060.703746743,103,195,0103_0195
274,2008-07-23,2008-07-23,46.585111,8.38939,2329.0,124,,,RGI60-11.01238,-544.7118356783745,5159060.703476675,103,195,0103_0195
274,2008-07-23,2008-07-23,46.585111,8.389429,2329.0,124,,,RGI60-11.01238,-541.7239648505812,5159060.703208085,103,195,0103_0195
274,2008-07-23,2008-07-23,46.58511,8.389468,2329.0,124,,,RGI60-11.01238,-538.7361039290387,5159060.591822694,103,195,0103_0195
274,2008-07-23,2008-07-23,46.585109,8.389508,2329.0,124,,,RGI60-11.01238,-535.6716308225792,5159060.480431987,103,195,0103_0195
274,2008-07-23,2008-07-23,46.585108,8.389547,2329.0,124,,,RGI60-11.01238,-532.6837696798341,5159060.369049586,103,195,0103_0195
274,2008-07-23,2008-07-23,46.585106,8.389586,2329.0,124,,,RGI60-11.01238,-529.6959181675878,5159060.146550383,103,195,0103_0195
274,2008-07-23,2008-07-23,46.585104,8.389625,2329.0,123,,,RGI60-11.01238,-526.7080664353178,5159059.924052658,103,195,0103_0195
274,2008-07-23,2008-07-23,46.585102,8.389664,2329.0,123,,,RGI60-11.01238,-523.7202144833897,5159059.70155641,103,195,0103_0195
274,2008-07-23,2008-07-23,46.585099,8.389703,2328.0,123,,,RGI60-11.01238,-520.7323718870077,5159059.367943359,103,195,0103_0195
274,2008-07-23,2008-07-23,46.585095,8.389741,2328.0,122,,,RGI60-11.01238,-517.8211505763337,5159058.923220071,103,195,0103_0195
274,2008-07-23,2008-07-23,46.585092,8.38978,2328.0,121,,,RGI60-11.01238,-514.8333072700307,5159058.589609938,103,195,0103_0195
274,2008-07-23,2008-07-23,46.585088,8.389819,2328.0,120,,,RGI60-11.01238,-511.8454730458507,5159058.144883001,103,195,0103_0195
274,2008-07-23,2008-07-23,46.585084,8.389858,2328.0,119,,,RGI60-11.01238,-508.8576383821232,5159057.700157543,103,195,0103_0195
274,2008-07-23,2008-07-23,46.58508,8.389896,2327.0,118,,,RGI60-11.01238,-505.9464153949689,5159057.255439976,103,195,0103_0195
274,2008-07-23,2008-07-23,46.585076,8.389935,2327.0,117,,,RGI60-11.01238,-502.95857985778207,5159056.8107174365,103,195,0103_0195
274,2008-07-23,2008-07-23,46.585072,8.389974,2327.0,116,,,RGI60-11.01238,-499.97074388104795,5159056.365996371,104,195,0104_0195
274,2008-07-23,2008-07-23,46.585068,8.390013,2327.0,116,,,RGI60-11.01238,-496.98290746476636,5159055.921276786,104,195,0104_0195
274,2008-07-23,2008-07-23,46.585065,8.390051,2327.0,115,,,RGI60-11.01238,-494.071673662649,5159055.587683222,104,195,0104_0195
274,2008-07-23,2008-07-23,46.585062,8.39009,2326.0,114,,,RGI60-11.01238,-491.08382739759844,5159055.254084834,104,195,0104_0195
274,2008-07-23,2008-07-23,46.58506,8.390129,2326.0,113,,,RGI60-11.01238,-488.09597182793954,5159055.031606201,104,195,0104_0195
274,2008-07-23,2008-07-23,46.585057,8.390168,2326.0,112,,,RGI60-11.01238,-485.10812495862723,5159054.698010767,104,195,0104_0195
274,2008-07-23,2008-07-23,46.585057,8.390207,2326.0,111,,,RGI60-11.01238,-482.1202511636139,5159054.697771649,104,195,0104_0195
274,2008-07-23,2008-07-23,46.585056,8.390247,2326.0,110,,,RGI60-11.01238,-479.05577402914076,5159054.586409654,104,195,0104_0195
274,2008-07-23,2008-07-23,46.585056,8.390286,2326.0,109,,,RGI60-11.01238,-476.0679001792834,5159054.586173527,104,195,0104_0195
274,2008-07-23,2008-07-23,46.585058,8.390325,2326.0,108,,,RGI60-11.01238,-473.08000893114746,5159054.808175435,104,195,0104_0195
274,2008-07-23,2008-07-23,46.585059,8.390364,2326.0,108,,,RGI60-11.01238,-470.09212654713997,5159054.919060544,104,195,0104_0195
274,2008-07-23,2008-07-23,46.585063,8.390403,2326.0,106,,,RGI60-11.01238,-467.1042185053113,5159055.363301965,104,195,0104_0195
274,2008-07-23,2008-07-23,46.585066,8.390441,2326.0,105,,,RGI60-11.01238,-464.1929315732197,5159055.696432471,104,195,0104_0195
274,2008-07-23,2008-07-23,46.585071,8.39048,2326.0,103,,,RGI60-11.01238,-461.20501586901287,5159056.251795091,104,195,0104_0195
274,2008-07-23,2008-07-23,46.585076,8.390518,2326.0,101,,,RGI60-11.01238,-458.29371283621026,5159056.807164998,104,195,0104_0195
274,2008-07-23,2008-07-23,46.585082,8.390557,2326.0,100,,,RGI60-11.01238,-455.30578985163794,5159057.473648814,104,195,0104_0195
274,2008-07-23,2008-07-23,46.585089,8.390595,2326.0,98,,,RGI60-11.01238,-452.3944713126129,5159058.251258124,104,195,0104_0195
274,2008-07-23,2008-07-23,46.585095,8.390632,2325.0,96,,,RGI60-11.01238,-449.55977388308355,5159058.917756256,104,195,0104_0195
274,2008-07-23,2008-07-23,46.585103,8.39067,2325.0,94,,,RGI60-11.01238,-446.648448566491,5159059.806486614,104,195,0104_0195
274,2008-07-23,2008-07-23,46.58511,8.390708,2325.0,93,,,RGI60-11.01238,-443.7371322658081,5159060.584100098,104,195,0104_0195
274,2008-07-23,2008-07-23,46.585118,8.390745,2325.0,91,,,RGI60-11.01238,-440.90242067128935,5159061.472838855,104,195,0104_0195
274,2008-07-23,2008-07-23,46.585125,8.390783,2325.0,89,,,RGI60-11.01238,-437.99110591316156,5159062.250455107,104,195,0104_0195
274,2008-07-23,2008-07-23,46.585132,8.390821,2325.0,88,,,RGI60-11.01238,-435.07979190459815,5159063.028072765,105,195,0105_0195
274,2008-07-23,2008-07-23,46.585138,8.390859,2325.0,87,,,RGI60-11.01238,-432.1684865921628,5159063.694573544,105,195,0105_0195
274,2008-07-23,2008-07-23,46.585144,8.390897,2325.0,86,,,RGI60-11.01238,-429.2571819222282,5159064.361075725,105,195,0105_0195
274,2008-07-23,2008-07-23,46.585148,8.390936,2325.0,85,,,RGI60-11.01238,-426.26928155370376,5159064.805337345,105,195,0105_0195
274,2008-07-23,2008-07-23,46.585152,8.390974,2325.0,84,,,RGI60-11.01238,-423.3579936393977,5159065.249605808,105,195,0105_0195
274,2008-07-23,2008-07-23,46.585155,8.391013,2325.0,83,,,RGI60-11.01238,-420.37010187426125,5159065.582752064,105,195,0105_0195
274,2008-07-23,2008-07-23,46.585156,8.391052,2325.0,82,,,RGI60-11.01238,-417.38222578835774,5159065.693663236,105,195,0105_0195
274,2008-07-23,2008-07-23,46.585156,8.391092,2325.0,80,,,RGI60-11.01238,-414.3177454233621,5159065.69345235,105,195,0105_0195
274,2008-07-23,2008-07-23,46.585155,8.391131,2325.0,79,,,RGI60-11.01238,-411.32988463104687,5159065.58212995,105,195,0105_0195
274,2008-07-23,2008-07-23,46.585152,8.391169,2325.0,77,,,RGI60-11.01238,-408.4186507610301,5159065.248577644,105,195,0105_0195
274,2008-07-23,2008-07-23,46.585149,8.391208,2325.0,75,,,RGI60-11.01238,-405.43080455063557,5159064.915021601,105,195,0105_0195
274,2008-07-23,2008-07-23,46.585144,8.391247,2325.0,73,,,RGI60-11.01238,-402.4429728111216,5159064.359230474,105,195,0105_0195
274,2008-07-23,2008-07-23,46.585137,8.391285,2325.0,70,,,RGI60-11.01238,-399.531767248667,5159063.581209326,105,195,0105_0195
274,2008-07-23,2008-07-23,46.585131,8.391323,2324.0,67,,,RGI60-11.01238,-396.62055364347344,5159062.9143078625,105,195,0105_0195
274,2008-07-23,2008-07-23,46.585123,8.39136,2324.0,61,,,RGI60-11.01238,-393.785965930766,5159062.025176235,105,195,0105_0195
274,2008-07-23,2008-07-23,46.585114,8.391397,2324.0,55,,,RGI60-11.01238,-390.95138457294973,5159061.024927656,105,195,0105_0195
274,2008-07-23,2008-07-23,46.585106,8.391434,2324.0,50,,,RGI60-11.01238,-388.1167951401147,5159060.13579869,105,195,0105_0195
274,2008-07-23,2008-07-23,46.585097,8.391471,2324.0,46,,,RGI60-11.01238,-385.2822119580428,5159059.135552774,105,195,0105_0195
274,2008-07-23,2008-07-23,46.585089,8.391509,2323.0,43,,,RGI60-11.01238,-382.37100870150573,5159058.246421622,105,195,0105_0195
274,2008-07-23,2008-07-23,46.58508,8.391546,2323.0,39,,,RGI60-11.01238,-379.5364236822568,5159057.2461784035,105,195,0105_0195
274,2008-07-23,2008-07-23,46.585073,8.391583,2323.0,36,,,RGI60-11.01238,-376.70182387091893,5159056.468173076,105,195,0105_0195
274,2008-07-23,2008-07-23,46.585069,8.391602,2323.0,35,,,RGI60-11.01238,-375.24622107617694,5159056.023609393,105,195,0105_0195
274,2008-07-23,2008-07-23,46.582557,8.384176,2275.0,52,,,RGI60-11.01238,-944.211521992224,5158776.956662677,97,200,0097_0200
274,2008-07-23,2008-07-23,46.582555,8.384215,2275.0,54,,,RGI60-11.01238,-941.2235454609753,5158776.733960117,97,200,0097_0200
274,2008-07-23,2008-07-23,46.582554,8.384254,2275.0,56,,,RGI60-11.01238,-938.2355514587875,5158776.622377265,97,200,0097_0200
274,2008-07-23,2008-07-23,46.582553,8.384293,2275.0,57,,,RGI60-11.01238,-935.24755734682,5158776.510795889,97,200,0097_0200
274,2008-07-23,2008-07-23,46.582553,8.384332,2275.0,59,,,RGI60-11.01238,-932.2595459839155,5158776.510334222,97,200,0097_0200
274,2008-07-23,2008-07-23,46.582553,8.384371,2274.0,61,,,RGI60-11.01238,-929.2715346209873,5158776.509874032,97,200,0097_0200
274,2008-07-23,2008-07-23,46.582553,8.38441,2274.0,64,,,RGI60-11.01238,-926.2835232579145,5158776.509415319,97,200,0097_0200
274,2008-07-23,2008-07-23,46.582553,8.384449,2274.0,67,,,RGI60-11.01238,-923.2955118950618,5158776.508958084,97,200,0097_0200
274,2008-07-23,2008-07-23,46.582553,8.384489,2274.0,69,,,RGI60-11.01238,-920.2308848560308,5158776.508490658,97,200,0097_0200
274,2008-07-23,2008-07-23,46.582554,8.384528,2274.0,71,,,RGI60-11.01238,-917.2428566282011,5158776.619154646,97,200,0097_0200
274,2008-07-23,2008-07-23,46.582554,8.384567,2274.0,73,,,RGI60-11.01238,-914.2548453199751,5158776.618701881,97,200,0097_0200
274,2008-07-23,2008-07-23,46.582554,8.384606,2274.0,75,,,RGI60-11.01238,-911.266834011848,5158776.618250592,97,200,0097_0200
274,2008-07-23,2008-07-23,46.582553,8.384645,2274.0,77,,,RGI60-11.01238,-908.2788394038114,5158776.506682551,97,200,0097_0200
274,2008-07-23,2008-07-23,46.582553,8.384684,2274.0,78,,,RGI60-11.01238,-905.2908280406996,5158776.506234216,97,200,0097_0200
274,2008-07-23,2008-07-23,46.582552,8.384723,2274.0,80,,,RGI60-11.01238,-902.3028332679215,5158776.394669131,97,200,0097_0200
274,2008-07-23,2008-07-23,46.582551,8.384762,2274.0,82,,,RGI60-11.01238,-899.3148383849989,5158776.283105521,97,200,0097_0200
274,2008-07-23,2008-07-23,46.58255,8.384801,2274.0,83,,,RGI60-11.01238,-896.326843392297,5158776.171543389,98,200,0098_0200
274,2008-07-23,2008-07-23,46.582548,8.384841,2274.0,85,,,RGI60-11.01238,-893.2622490321485,5158775.94885318,98,200,0098_0200
274,2008-07-23,2008-07-23,46.582546,8.38488,2274.0,86,,,RGI60-11.01238,-890.2742701322408,5158775.72617581,98,200,0098_0200
274,2008-07-23,2008-07-23,46.582544,8.384919,2274.0,88,,,RGI60-11.01238,-887.286291012797,5158775.503499919,98,200,0098_0200
274,2008-07-23,2008-07-23,46.582541,8.384958,2274.0,89,,,RGI60-11.01238,-884.2983279326382,5158775.169707274,98,200,0098_0200
274,2008-07-23,2008-07-23,46.582539,8.384996,2274.0,91,,,RGI60-11.01238,-881.3869640142138,5158774.947045511,98,200,0098_0200
274,2008-07-23,2008-07-23,46.582536,8.385035,2275.0,93,,,RGI60-11.01238,-878.3990003339031,5158774.613255782,98,200,0098_0200
274,2008-07-23,2008-07-23,46.582533,8.385074,2275.0,94,,,RGI60-11.01238,-875.4110363239324,5158774.279467533,98,200,0098_0200
274,2008-07-23,2008-07-23,46.58253,8.385113,2275.0,97,,,RGI60-11.01238,-872.4230719843024,5158773.94568076,98,200,0098_0200
274,2008-07-23,2008-07-23,46.582527,8.385152,2275.0,101,,,RGI60-11.01238,-869.4351073150129,5158773.611895466,98,200,0098_0200
274,2008-07-23,2008-07-23,46.582524,8.385191,2275.0,103,,,RGI60-11.01238,-866.4471423159428,5158773.278111648,98,200,0098_0200
274,2008-07-23,2008-07-23,46.58252,8.38523,2275.0,105,,,RGI60-11.01238,-863.4591928634728,5158772.833211079,98,200,0098_0200
274,2008-07-23,2008-07-23,46.582517,8.385269,2275.0,107,,,RGI60-11.01238,-860.471227150266,5158772.499430217,98,200,0098_0200
274,2008-07-23,2008-07-23,46.582515,8.385308,2275.0,109,,,RGI60-11.01238,-857.4832453412647,5158772.276769062,98,200,0098_0200
274,2008-07-23,2008-07-23,46.582512,8.385347,2275.0,110,,,RGI60-11.01238,-854.4952790236802,5158771.942991153,98,200,0098_0200
274,2008-07-23,2008-07-23,46.582509,8.385386,2276.0,111,,,RGI60-11.01238,-851.5073123763156,5158771.609214723,98,200,0098_0200
274,2008-07-23,2008-07-23,46.582507,8.385425,2276.0,112,,,RGI60-11.01238,-848.5193297982194,5158771.386558001,98,200,0098_0200
274,2008-07-23,2008-07-23,46.582504,8.385463,2276.0,113,,,RGI60-11.01238,-845.6079782915516,5158771.052795245,98,200,0098_0200
274,2008-07-23,2008-07-23,46.582503,8.385503,2276.0,114,,,RGI60-11.01238,-842.5433639824472,5158770.941248988,98,200,0098_0200
274,2008-07-23,2008-07-23,46.582501,8.385542,2277.0,115,,,RGI60-11.01238,-839.5553807448928,5158770.718596698,98,200,0098_0200
274,2008-07-23,2008-07-23,46.5825,8.385581,2277.0,116,,,RGI60-11.01238,-836.5673819058801,5158770.607064111,98,200,0098_0200
274,2008-07-23,2008-07-23,46.582499,8.38562,2278.0,117,,,RGI60-11.01238,-833.5793829572118,5158770.495533004,98,200,0098_0200
274,2008-07-23,2008-07-23,46.582498,8.385659,2278.0,117,,,RGI60-11.01238,-830.5913838984003,5158770.384003375,99,200,0099_0200
274,2008-07-23,2008-07-23,46.582498,8.385698,2279.0,118,,,RGI60-11.01238,-827.6033695131938,5158770.383593452,99,200,0099_0200
274,2008-07-23,2008-07-23,46.582497,8.385737,2279.0,118,,,RGI60-11.01238,-824.6153702895234,5158770.272066778,99,200,0099_0200
274,2008-07-23,2008-07-23,46.582498,8.385776,2279.0,119,,,RGI60-11.01238,-821.6273407423531,5158770.382778038,99,200,0099_0200
274,2008-07-23,2008-07-23,46.582498,8.385816,2280.0,120,,,RGI60-11.01238,-818.5627106035536,5158770.382362169,99,200,0099_0200
274,2008-07-23,2008-07-23,46.582499,8.385855,2280.0,120,,,RGI60-11.01238,-815.5746812225675,5158770.493076423,99,200,0099_0200
274,2008-07-23,2008-07-23,46.582501,8.385894,2281.0,121,,,RGI60-11.01238,-812.5866370106813,5158770.714910383,99,200,0099_0200
274,2008-07-23,2008-07-23,46.582502,8.385933,2281.0,121,,,RGI60-11.01238,-809.5986079044724,5158770.8256275905,99,200,0099_0200
274,2008-07-23,2008-07-23,46.582503,8.385972,2281.0,121,,,RGI60-11.01238,-806.6105789078772,5158770.936346278,99,200,0099_0200
274,2008-07-23,2008-07-23,46.582505,8.386011,2282.0,122,,,RGI60-11.01238,-803.6225352455646,5158771.158184669,99,200,0099_0200
274,2008-07-23,2008-07-23,46.582507,8.38605,2283.0,122,,,RGI60-11.01238,-800.6344918028651,5158771.380024538,99,200,0099_0200
274,2008-07-23,2008-07-23,46.582509,8.386089,2283.0,122,,,RGI60-11.01238,-797.6464485799016,5158771.601865885,99,200,0099_0200
274,2008-07-23,2008-07-23,46.58251,8.386128,2284.0,122,,,RGI60-11.01238,-794.6584201876777,5158771.71259048,99,200,0099_0200
274,2008-07-23,2008-07-23,46.582512,8.386167,2284.0,122,,,RGI60-11.01238,-791.6703773491255,5158771.934434782,99,200,0099_0200
274,2008-07-23,2008-07-23,46.582513,8.386206,2284.0,122,,,RGI60-11.01238,-788.6823492316792,5158772.045162332,99,200,0099_0200
274,2008-07-23,2008-07-23,46.582515,8.386245,2285.0,122,,,RGI60-11.01238,-785.6943067776606,5158772.267009589,99,200,0099_0200
274,2008-07-23,2008-07-23,46.582516,8.386284,2285.0,122,,,RGI60-11.01238,-782.7062789348704,5158772.377740093,99,200,0099_0200
274,2008-07-23,2008-07-23,46.582516,8.386324,2286.0,122,,,RGI60-11.01238,-779.6416498099445,5158772.37734396,99,200,0099_0200
274,2008-07-23,2008-07-23,46.582517,8.386363,2286.0,121,,,RGI60-11.01238,-776.6536221332185,5158772.488077459,99,200,0099_0200
274,2008-07-23,2008-07-23,46.582516,8.386402,2286.0,121,,,RGI60-11.01238,-773.6656230163961,5158772.376575973,99,200,0099_0200
274,2008-07-23,2008-07-23,46.582516,8.386441,2287.0,120,,,RGI60-11.01238,-770.6776096195931,5158772.376194196,99,200,0099_0200
274,2008-07-23,2008-07-23,46.582514,8.38648,2287.0,120,,,RGI60-11.01238,-767.6896244529355,5158772.153577437,99,200,0099_0200
274,2008-07-23,2008-07-23,46.582513,8.386519,2287.0,120,,,RGI60-11.01238,-764.7016250065416,5158772.042080384,100,200,0100_0200
274,2008-07-23,2008-07-23,46.582511,8.386558,2287.0,119,,,RGI60-11.01238,-761.7136394552704,5158771.819466578,100,200,0100_0200
274,2008-07-23,2008-07-23,46.582508,8.386597,2288.0,119,,,RGI60-11.01238,-758.7256676347902,5158771.485736021,100,200,0100_0200
274,2008-07-23,2008-07-23,46.582506,8.386636,2288.0,119,,,RGI60-11.01238,-755.7376815891479,5158771.263125173,100,200,0100_0200
274,2008-07-23,2008-07-23,46.582502,8.386675,2288.0,118,,,RGI60-11.01238,-752.7497230044966,5158770.818279341,100,200,0100_0200
274,2008-07-23,2008-07-23,46.582499,8.386714,2288.0,118,,,RGI60-11.01238,-749.7617501950489,5158770.484553217,100,200,0100_0200
274,2008-07-23,2008-07-23,46.582495,8.386752,2289.0,117,,,RGI60-11.01238,-746.8504065440354,5158770.039719809,100,200,0100_0200
274,2008-07-23,2008-07-23,46.582491,8.386791,2289.0,117,,,RGI60-11.01238,-743.8624467014745,5158769.594878373,100,200,0100_0200
274,2008-07-23,2008-07-23,46.582487,8.38683,2289.0,117,,,RGI60-11.01238,-740.8744864193778,5158769.150038414,100,200,0100_0200
274,2008-07-23,2008-07-23,46.582482,8.386868,2289.0,116,,,RGI60-11.01238,-737.9631550409827,5158768.59409106,100,200,0100_0200
274,2008-07-23,2008-07-23,46.582478,8.386907,2290.0,115,,,RGI60-11.01238,-734.9751938303888,5158768.149254019,100,200,0100_0200
274,2008-07-23,2008-07-23,46.582473,8.386946,2290.0,114,,,RGI60-11.01238,-731.9872456390631,5158767.593300227,100,200,0100_0200
274,2008-07-23,2008-07-23,46.582469,8.386984,2290.0,113,,,RGI60-11.01238,-729.0758992889793,5158767.1484753825,100,200,0100_0200
274,2008-07-23,2008-07-23,46.582465,8.387023,2290.0,112,,,RGI60-11.01238,-726.0879367105979,5158766.703642737,100,200,0100_0200
274,2008-07-23,2008-07-23,46.582461,8.387062,2291.0,111,,,RGI60-11.01238,-723.0999736926816,5158766.25881157,100,200,0100_0200
274,2008-07-23,2008-07-23,46.582459,8.387081,2291.0,110,,,RGI60-11.01238,-721.6442999230802,5158766.036401114,100,200,0100_0200
274,2008-07-23,2008-07-23,46.582453,8.387588,2294.0,93,,,RGI60-11.01238,-682.8001603749183,5158765.365178233,101,200,0101_0200
274,2008-07-23,2008-07-23,46.582456,8.387627,2294.0,93,,,RGI60-11.01238,-679.8121060183328,5158765.698196068,101,200,0101_0200
274,2008-07-23,2008-07-23,46.582461,8.387665,2295.0,93,,,RGI60-11.01238,-676.9006429080825,5158766.253460417,101,200,0101_0200
274,2008-07-23,2008-07-23,46.582465,8.387704,2295.0,93,,,RGI60-11.01238,-673.9125769254929,5158766.697599395,101,200,0101_0200
274,2008-07-23,2008-07-23,46.58247,8.387742,2295.0,93,,,RGI60-11.01238,-671.0011148394445,5158767.252866588,101,200,0101_0200
274,2008-07-23,2008-07-23,46.582476,8.387781,2296.0,93,,,RGI60-11.01238,-668.0130252201822,5158767.91924494,101,200,0101_0200
274,2008-07-23,2008-07-23,46.582482,8.387819,2296.0,93,,,RGI60-11.01238,-665.1015520363823,5158768.585633204,101,200,0101_0200
274,2008-07-23,2008-07-23,46.582487,8.387857,2296.0,93,,,RGI60-11.01238,-662.1900916701651,5158769.140904643,101,200,0101_0200
274,2008-07-23,2008-07-23,46.582493,8.387895,2296.0,93,,,RGI60-11.01238,-659.2786197175207,5158769.807295714,101,200,0101_0200
274,2008-07-23,2008-07-23,46.582499,8.387934,2296.0,92,,,RGI60-11.01238,-656.2905326550713,5158770.473679866,101,200,0101_0200
274,2008-07-23,2008-07-23,46.582505,8.387972,2297.0,92,,,RGI60-11.01238,-653.3790619955643,5158771.140073777,101,200,0101_0200
274,2008-07-23,2008-07-23,46.58251,8.38801,2297.0,91,,,RGI60-11.01238,-650.4676039381146,5158771.695350865,101,200,0101_0200
274,2008-07-23,2008-07-23,46.582515,8.388049,2297.0,91,,,RGI60-11.01238,-647.479530686461,5158772.250621146,101,200,0101_0200
274,2008-07-23,2008-07-23,46.58252,8.388087,2297.0,90,,,RGI60-11.01238,-644.5680737066236,5158772.805901078,101,200,0101_0200
274,2008-07-23,2008-07-23,46.582524,8.388126,2298.0,90,,,RGI60-11.01238,-641.5800133430988,5158773.250056046,101,200,0101_0200
274,2008-07-23,2008-07-23,46.582528,8.388165,2298.0,90,,,RGI60-11.01238,-638.5919534190681,5158773.694212494,101,200,0101_0200
274,2008-07-23,2008-07-23,46.58253,8.388204,2298.0,89,,,RGI60-11.01238,-635.6039173076377,5158773.916133958,101,200,0101_0200
274,2008-07-23,2008-07-23,46.582533,8.388243,2298.0,89,,,RGI60-11.01238,-632.6158697844553,5158774.24917513,102,200,0102_0200
274,2008-07-23,2008-07-23,46.582534,8.388282,2298.0,89,,,RGI60-11.01238,-629.6278457439976,5158774.359981322,102,200,0102_0200
274,2008-07-23,2008-07-23,46.582536,8.388321,2298.0,89,,,RGI60-11.01238,-626.6398102917881,5158774.581907216,102,200,0102_0200
274,2008-07-23,2008-07-23,46.582536,8.38836,2299.0,88,,,RGI60-11.01238,-623.6517979929134,5158774.581598132,102,200,0102_0200
274,2008-07-23,2008-07-23,46.582536,8.388399,2299.0,88,,,RGI60-11.01238,-620.6637856940232,5158774.5812905235,102,200,0102_0200
274,2008-07-23,2008-07-23,46.582536,8.388438,2299.0,88,,,RGI60-11.01238,-617.6757733951175,5158774.580984393,102,200,0102_0200
274,2008-07-23,2008-07-23,46.582534,8.388477,2299.0,87,,,RGI60-11.01238,-614.6877837001549,5158774.358443282,102,200,0102_0200
274,2008-07-23,2008-07-23,46.582533,8.388516,2299.0,87,,,RGI60-11.01238,-611.6997825383801,5158774.247021875,102,200,0102_0200
274,2008-07-23,2008-07-23,46.582531,8.388555,2299.0,87,,,RGI60-11.01238,-608.7117924588115,5158774.024483717,102,200,0102_0200
274,2008-07-23,2008-07-23,46.582528,8.388594,2299.0,86,,,RGI60-11.01238,-605.7238132966306,5158773.690828805,102,200,0102_0200
274,2008-07-23,2008-07-23,46.582526,8.388633,2299.0,86,,,RGI60-11.01238,-602.7358227225773,5158773.468293603,102,200,0102_0200
274,2008-07-23,2008-07-23,46.582524,8.388672,2299.0,86,,,RGI60-11.01238,-599.7478319287513,5158773.245759876,102,200,0102_0200
274,2008-07-23,2008-07-23,46.582521,8.388711,2299.0,85,,,RGI60-11.01238,-596.7598518873726,5158772.912109397,102,200,0102_0200
274,2008-07-23,2008-07-23,46.582519,8.38875,2299.0,84,,,RGI60-11.01238,-593.7718605991844,5158772.689578627,102,200,0102_0200
274,2008-07-23,2008-07-23,46.582517,8.388789,2299.0,84,,,RGI60-11.01238,-590.7838690911017,5158772.467049333,102,200,0102_0200
274,2008-07-23,2008-07-23,46.582515,8.388828,2300.0,83,,,RGI60-11.01238,-587.7958773632474,5158772.244521516,102,200,0102_0200
274,2008-07-23,2008-07-23,46.582514,8.388867,2300.0,83,,,RGI60-11.01238,-584.8078746630372,5158772.133113407,102,200,0102_0200
274,2008-07-23,2008-07-23,46.582513,8.388907,2300.0,82,,,RGI60-11.01238,-581.743256120498,5158772.0216994,102,200,0102_0200
274,2008-07-23,2008-07-23,46.582512,8.388946,2300.0,81,,,RGI60-11.01238,-578.7552531990927,5158771.910294283,102,200,0102_0200
274,2008-07-23,2008-07-23,46.582513,8.388985,2301.0,81,,,RGI60-11.01238,-575.7672289950808,5158772.021127102,102,200,0102_0200
274,2008-07-23,2008-07-23,46.582514,8.389024,2301.0,80,,,RGI60-11.01238,-572.7792049010545,5158772.131961399,102,200,0102_0200
274,2008-07-23,2008-07-23,46.582515,8.389063,2301.0,79,,,RGI60-11.01238,-569.7911809166486,5158772.242797172,102,200,0102_0200
274,2008-07-23,2008-07-23,46.582517,8.389102,2301.0,78,,,RGI60-11.01238,-566.8031466206882,5158772.464752655,103,200,0103_0200
274,2008-07-23,2008-07-23,46.582519,8.389141,2301.0,77,,,RGI60-11.01238,-563.8151125444699,5158772.686709612,103,200,0103_0200
274,2008-07-23,2008-07-23,46.582521,8.38918,2301.0,76,,,RGI60-11.01238,-560.8270786879937,5158772.908668048,103,200,0103_0200
274,2008-07-23,2008-07-23,46.582523,8.389219,2302.0,75,,,RGI60-11.01238,-557.8390450511374,5158773.130627962,103,200,0103_0200
274,2008-07-23,2008-07-23,46.582526,8.389258,2302.0,74,,,RGI60-11.01238,-554.8510014324823,5158773.463707583,103,200,0103_0200
274,2008-07-23,2008-07-23,46.582528,8.389297,2302.0,73,,,RGI60-11.01238,-551.8629682901712,5158773.68567045,103,200,0103_0200
274,2008-07-23,2008-07-23,46.58253,8.389336,2302.0,71,,,RGI60-11.01238,-548.8749353676028,5158773.907634796,103,200,0103_0200
274,2008-07-23,2008-07-23,46.582531,8.389375,2302.0,70,,,RGI60-11.01238,-545.886912701745,5158774.018482391,103,200,0103_0200
274,2008-07-23,2008-07-23,46.582533,8.389414,2302.0,69,,,RGI60-11.01238,-542.8988801637227,5158774.24044969,103,200,0103_0200
274,2008-07-23,2008-07-23,46.582533,8.389453,2302.0,68,,,RGI60-11.01238,-539.9108676996236,5158774.240182008,103,200,0103_0200
274,2008-07-23,2008-07-23,46.582534,8.389493,2302.0,66,,,RGI60-11.01238,-536.8462296605012,5158774.351027227,103,200,0103_0200
274,2008-07-23,2008-07-23,46.582534,8.389532,2303.0,65,,,RGI60-11.01238,-533.858217251314,5158774.350762538,103,200,0103_0200
274,2008-07-23,2008-07-23,46.582533,8.389571,2303.0,63,,,RGI60-11.01238,-530.8702146029779,5158774.239381094,103,200,0103_0200
274,2008-07-23,2008-07-23,46.582532,8.38961,2303.0,62,,,RGI60-11.01238,-527.8822118447499,5158774.12800113,103,200,0103_0200
274,2008-07-23,2008-07-23,46.582531,8.389649,2303.0,61,,,RGI60-11.01238,-524.89420897663,5158774.016622645,103,200,0103_0200
274,2008-07-23,2008-07-23,46.582529,8.389688,2303.0,60,,,RGI60-11.01238,-521.9062155946646,5158773.794127404,103,200,0103_0200
274,2008-07-23,2008-07-23,46.582527,8.389727,2304.0,59,,,RGI60-11.01238,-518.9182219929285,5158773.571633642,103,200,0103_0200
274,2008-07-23,2008-07-23,46.582525,8.389766,2304.0,58,,,RGI60-11.01238,-515.9302281714223,5158773.349141357,103,200,0103_0200
274,2008-07-23,2008-07-23,46.582522,8.389805,2304.0,57,,,RGI60-11.01238,-512.9422435612511,5158773.015532319,103,200,0103_0200
274,2008-07-23,2008-07-23,46.58252,8.389844,2304.0,56,,,RGI60-11.01238,-509.95424924538685,5158772.793042989,103,200,0103_0200
274,2008-07-23,2008-07-23,46.582519,8.389883,2304.0,55,,,RGI60-11.01238,-506.96624538828263,5158772.681673365,103,200,0103_0200
274,2008-07-23,2008-07-23,46.582517,8.389922,2305.0,53,,,RGI60-11.01238,-503.97825068769583,5158772.459186991,103,200,0103_0200
274,2008-07-23,2008-07-23,46.582518,8.389962,2305.0,52,,,RGI60-11.01238,-500.91361240752906,5158772.5700504305,104,200,0104_0200
274,2008-07-23,2008-07-23,46.582519,8.390001,2305.0,50,,,RGI60-11.01238,-497.92558996403835,5158772.680921735,104,200,0104_0200
274,2008-07-23,2008-07-23,46.582521,8.390039,2305.0,49,,,RGI60-11.01238,-495.014174251407,5158772.902919024,104,200,0104_0200
274,2008-07-23,2008-07-23,46.582526,8.390078,2305.0,47,,,RGI60-11.01238,-492.0261158944446,5158773.458266167,104,200,0104_0200
274,2008-07-23,2008-07-23,46.582532,8.390116,2305.0,45,,,RGI60-11.01238,-489.1146648009466,5158774.124739217,104,200,0104_0200
274,2008-07-23,2008-07-23,46.58254,8.390153,2305.0,43,,,RGI60-11.01238,-486.27981216489945,5158775.013456293,104,200,0104_0200
274,2008-07-23,2008-07-23,46.582549,8.39019,2305.0,42,,,RGI60-11.01238,-483.4449514738983,5158776.013292932,104,200,0104_0200
274,2008-07-23,2008-07-23,46.582559,8.390227,2306.0,40,,,RGI60-11.01238,-480.6100828844264,5158777.124249133,104,200,0104_0200
274,2008-07-23,2008-07-23,46.582567,8.390264,2306.0,38,,,RGI60-11.01238,-477.7752329064056,5158778.012970204,104,200,0104_0200
274,2008-07-23,2008-07-23,46.585645,8.386861,2339.0,134,,,RGI60-11.01238,-738.4565157898237,5159120.061212086,100,194,0100_0194
274,2008-07-23,2008-07-23,46.585644,8.3869,2339.0,136,,,RGI60-11.01238,-735.4686878261865,5159119.949729407,100,194,0100_0194
274,2008-07-23,2008-07-23,46.585642,8.386939,2339.0,138,,,RGI60-11.01238,-732.4808732219012,5159119.727129914,100,194,0100_0194
274,2008-07-23,2008-07-23,46.585639,8.386978,2339.0,138,,,RGI60-11.01238,-729.4930718121402,5159119.393413609,100,194,0100_0194
274,2008-07-23,2008-07-23,46.585636,8.387017,2339.0,139,,,RGI60-11.01238,-726.5052700727067,5159119.05969878,100,194,0100_0194
274,2008-07-23,2008-07-23,46.585632,8.387056,2339.0,140,,,RGI60-11.01238,-723.5174813080271,5159118.614867139,100,194,0100_0194
274,2008-07-23,2008-07-23,46.585628,8.387094,2339.0,140,,,RGI60-11.01238,-720.606303448001,5159118.170046111,100,194,0100_0194
274,2008-07-23,2008-07-23,46.585623,8.387133,2339.0,141,,,RGI60-11.01238,-717.6185270056679,5159117.614099098,100,194,0100_0194
274,2008-07-23,2008-07-23,46.585617,8.387171,2339.0,142,,,RGI60-11.01238,-714.7073745147275,5159116.947044334,100,194,0100_0194
274,2008-07-23,2008-07-23,46.585611,8.387209,2338.0,143,,,RGI60-11.01238,-711.7962213812416,5159116.279990972,100,194,0100_0194
274,2008-07-23,2008-07-23,46.585605,8.387247,2338.0,144,,,RGI60-11.01238,-708.8850676054536,5159115.612939013,100,195,0100_0195
274,2008-07-23,2008-07-23,46.585598,8.387285,2338.0,144,,,RGI60-11.01238,-705.9739261689308,5159114.834770167,100,195,0100_0195
274,2008-07-23,2008-07-23,46.58559,8.387323,2338.0,145,,,RGI60-11.01238,-703.0627969113121,5159113.945484436,100,195,0100_0195
274,2008-07-23,2008-07-23,46.585582,8.38736,2338.0,145,,,RGI60-11.01238,-700.2282782060281,5159113.056208986,101,195,0101_0195
274,2008-07-23,2008-07-23,46.585574,8.387397,2338.0,145,,,RGI60-11.01238,-697.393758666723,5159112.166934868,101,195,0101_0195
274,2008-07-23,2008-07-23,46.585565,8.387434,2337.0,146,,,RGI60-11.01238,-694.5592510651725,5159111.16654379,101,195,0101_0195
274,2008-07-23,2008-07-23,46.585557,8.387472,2337.0,146,,,RGI60-11.01238,-691.6481183615836,5159110.277263563,101,195,0101_0195
274,2008-07-23,2008-07-23,46.585548,8.387509,2337.0,147,,,RGI60-11.01238,-688.8136089230564,5159109.276875183,101,195,0101_0195
274,2008-07-23,2008-07-23,46.58554,8.387546,2337.0,148,,,RGI60-11.01238,-685.979085932148,5159108.387606425,101,195,0101_0195
274,2008-07-23,2008-07-23,46.585532,8.387583,2337.0,149,,,RGI60-11.01238,-683.144562107342,5159107.498338995,101,195,0101_0195
274,2008-07-23,2008-07-23,46.585524,8.387621,2337.0,149,,,RGI60-11.01238,-680.2334259576648,5159106.609064274,101,195,0101_0195
274,2008-07-23,2008-07-23,46.585516,8.387658,2337.0,149,,,RGI60-11.01238,-677.398900453428,5159105.719799543,101,195,0101_0195
274,2008-07-23,2008-07-23,46.585508,8.387696,2337.0,149,,,RGI60-11.01238,-674.4877626019013,5159104.830527591,101,195,0101_0195
274,2008-07-23,2008-07-23,46.585502,8.387734,2337.0,148,,,RGI60-11.01238,-671.5765991954311,5159104.16349362,101,195,0101_0195
274,2008-07-23,2008-07-23,46.585495,8.387771,2337.0,147,,,RGI60-11.01238,-668.7420589736003,5159103.385351242,101,195,0101_0195
274,2008-07-23,2008-07-23,46.58549,8.38781,2337.0,146,,,RGI60-11.01238,-665.7542704551056,5159102.829429884,101,195,0101_0195
274,2008-07-23,2008-07-23,46.585485,8.387848,2337.0,144,,,RGI60-11.01238,-662.8430929326008,5159102.27351841,101,195,0101_0195
274,2008-07-23,2008-07-23,46.585479,8.387887,2337.0,143,,,RGI60-11.01238,-659.855315455976,5159101.606481685,101,195,0101_0195
274,2008-07-23,2008-07-23,46.585476,8.387925,2336.0,141,,,RGI60-11.01238,-656.9441126418426,5159101.2728096275,101,195,0101_0195
274,2008-07-23,2008-07-23,46.585473,8.387964,2336.0,139,,,RGI60-11.01238,-653.9562979439124,5159100.939130682,101,195,0101_0195
274,2008-07-23,2008-07-23,46.58547,8.388003,2336.0,138,,,RGI60-11.01238,-650.9684829165566,5159100.605453213,101,195,0101_0195
274,2008-07-23,2008-07-23,46.585468,8.388042,2336.0,136,,,RGI60-11.01238,-647.980655643942,5159100.382895509,101,195,0101_0195
274,2008-07-23,2008-07-23,46.585466,8.388081,2336.0,135,,,RGI60-11.01238,-644.9928281517863,5159100.160339282,101,195,0101_0195
274,2008-07-23,2008-07-23,46.585465,8.38812,2335.0,134,,,RGI60-11.01238,-642.0049886341411,5159100.04890282,101,195,0101_0195
274,2008-07-23,2008-07-23,46.585465,8.38816,2335.0,133,,,RGI60-11.01238,-638.9405256824672,5159100.048578022,101,195,0101_0195
274,2008-07-23,2008-07-23,46.585465,8.388199,2335.0,132,,,RGI60-11.01238,-635.9526743045083,5159100.048262839,101,195,0101_0195
274,2008-07-23,2008-07-23,46.585466,8.388238,2335.0,131,,,RGI60-11.01238,-632.9648112873061,5159100.15906742,102,195,0102_0195
274,2008-07-23,2008-07-23,46.585467,8.388277,2334.0,131,,,RGI60-11.01238,-629.97694837985,5159100.269873482,102,195,0102_0195
274,2008-07-23,2008-07-23,46.585468,8.388316,2334.0,131,,,RGI60-11.01238,-626.9890855825055,5159100.380681018,102,195,0102_0195
274,2008-07-23,2008-07-23,46.58547,8.388355,2334.0,130,,,RGI60-11.01238,-624.0012114203828,5159100.602608319,102,195,0102_0195
274,2008-07-23,2008-07-23,46.585471,8.388394,2334.0,130,,,RGI60-11.01238,-621.0133488977159,5159100.713418812,102,195,0102_0195
274,2008-07-23,2008-07-23,46.585473,8.388433,2334.0,130,,,RGI60-11.01238,-618.0254751202763,5159100.935349069,102,195,0102_0195
274,2008-07-23,2008-07-23,46.585477,8.388531,2334.0,129,,,RGI60-11.01238,-610.5174970867183,5159101.379059014,102,195,0102_0195
274,2008-07-23,2008-07-23,46.585479,8.38857,2334.0,129,,,RGI60-11.01238,-607.5296240248758,5159101.60099446,102,195,0102_0195
274,2008-07-23,2008-07-23,46.585481,8.388609,2334.0,129,,,RGI60-11.01238,-604.5417511827852,5159101.822931384,102,195,0102_0195
274,2008-07-23,2008-07-23,46.585482,8.388648,2334.0,129,,,RGI60-11.01238,-601.5538896220825,5159101.933751496,102,195,0102_0195
274,2008-07-23,2008-07-23,46.585483,8.388687,2334.0,129,,,RGI60-11.01238,-598.5660281713701,5159102.044573087,102,195,0102_0195
274,2008-07-23,2008-07-23,46.585484,8.388726,2334.0,129,,,RGI60-11.01238,-595.5781668302828,5159102.155396156,102,195,0102_0195
274,2008-07-23,2008-07-23,46.585484,8.388766,2334.0,129,,,RGI60-11.01238,-592.5137049489044,5159102.1550949,102,195,0102_0195
274,2008-07-23,2008-07-23,46.585485,8.388805,2334.0,129,,,RGI60-11.01238,-589.5258437742652,5159102.265920961,102,195,0102_0195
274,2008-07-23,2008-07-23,46.585484,8.388844,2334.0,129,,,RGI60-11.01238,-586.5380042802877,5159102.154511924,102,195,0102_0195
274,2008-07-23,2008-07-23,46.585484,8.388883,2334.0,129,,,RGI60-11.01238,-583.5501539460791,5159102.154222652,102,195,0102_0195
274,2008-07-23,2008-07-23,46.585483,8.388922,2335.0,129,,,RGI60-11.01238,-580.5623142872467,5159102.042816569,102,195,0102_0195
274,2008-07-23,2008-07-23,46.585482,8.388961,2335.0,128,,,RGI60-11.01238,-577.5744745186375,5159101.931411964,102,195,0102_0195
274,2008-07-23,2008-07-23,46.58548,8.389,2334.0,129,,,RGI60-11.01238,-574.5866452060017,5159101.70889055,102,195,0102_0195
274,2008-07-23,2008-07-23,46.585479,8.389039,2334.0,129,,,RGI60-11.01238,-571.598805162532,5159101.5974889,102,195,0102_0195
274,2008-07-23,2008-07-23,46.585477,8.389078,2334.0,130,,,RGI60-11.01238,-568.6109754652733,5159101.374970439,102,195,0102_0195
274,2008-07-23,2008-07-23,46.585474,8.389117,2334.0,130,,,RGI60-11.01238,-565.6231559489115,5159101.041335168,103,195,0103_0195
274,2008-07-23,2008-07-23,46.585472,8.389156,2334.0,130,,,RGI60-11.01238,-562.6353257570239,5159100.8188196635,103,195,0103_0195
274,2008-07-23,2008-07-23,46.585469,8.389195,2334.0,130,,,RGI60-11.01238,-559.6475056363923,5159100.485187348,103,195,0103_0195
274,2008-07-23,2008-07-23,46.585466,8.389234,2333.0,130,,,RGI60-11.01238,-556.6596851860942,5159100.151556509,103,195,0103_0195
274,2008-07-23,2008-07-23,46.585462,8.389273,2333.0,130,,,RGI60-11.01238,-553.6718745874047,5159099.706808862,103,195,0103_0195
274,2008-07-23,2008-07-23,46.585459,8.389312,2333.0,130,,,RGI60-11.01238,-550.6840534227085,5159099.37318098,103,195,0103_0195
274,2008-07-23,2008-07-23,46.585455,8.389351,2333.0,130,,,RGI60-11.01238,-547.6962419997368,5159098.928436289,103,195,0103_0195
274,2008-07-23,2008-07-23,46.585452,8.389389,2333.0,130,,,RGI60-11.01238,-544.7850317130661,5159098.594818266,103,195,0103_0195
274,2008-07-23,2008-07-23,46.585448,8.389428,2332.0,130,,,RGI60-11.01238,-541.7972194714478,5159098.150076493,103,195,0103_0195
274,2008-07-23,2008-07-23,46.585444,8.389467,2332.0,130,,,RGI60-11.01238,-538.8094067905218,5159097.7053361945,103,195,0103_0195
274,2008-07-23,2008-07-23,46.585441,8.389506,2332.0,130,,,RGI60-11.01238,-535.8215838168938,5159097.371715662,103,195,0103_0195
274,2008-07-23,2008-07-23,46.585437,8.389544,2332.0,130,,,RGI60-11.01238,-532.9103819248767,5159096.926985075,103,195,0103_0195
274,2008-07-23,2008-07-23,46.585434,8.389583,2332.0,130,,,RGI60-11.01238,-529.9225582414446,5159096.59336746,103,195,0103_0195
274,2008-07-23,2008-07-23,46.585431,8.389622,2331.0,130,,,RGI60-11.01238,-526.934734228225,5159096.259751321,103,195,0103_0195
274,2008-07-23,2008-07-23,46.585428,8.389661,2331.0,130,,,RGI60-11.01238,-523.9469098853399,5159095.92613666,103,195,0103_0195
274,2008-07-23,2008-07-23,46.585425,8.3897,2331.0,130,,,RGI60-11.01238,-520.9590852127886,5159095.592523478,103,195,0103_0195
274,2008-07-23,2008-07-23,46.585423,8.389739,2331.0,130,,,RGI60-11.01238,-517.9712506857883,5159095.370030059,103,195,0103_0195
274,2008-07-23,2008-07-23,46.585421,8.389778,2331.0,130,,,RGI60-11.01238,-514.9834159392507,5159095.147538116,103,195,0103_0195
274,2008-07-23,2008-07-23,46.58542,8.389817,2330.0,130,,,RGI60-11.01238,-511.9955715579106,5159095.036165938,103,195,0103_0195
274,2008-07-23,2008-07-23,46.585419,8.389856,2330.0,130,,,RGI60-11.01238,-509.0077270669174,5159094.9247952355,103,195,0103_0195
274,2008-07-23,2008-07-23,46.585417,8.389895,2330.0,130,,,RGI60-11.01238,-506.01989177080003,5159094.702307726,103,195,0103_0195
274,2008-07-23,2008-07-23,46.585417,8.389934,2330.0,131,,,RGI60-11.01238,-503.03203775499816,5159094.702058267,103,195,0103_0195
274,2008-07-23,2008-07-23,46.585418,8.389974,2330.0,131,,,RGI60-11.01238,-499.9675629040916,5159094.812922231,104,195,0104_0195
274,2008-07-23,2008-07-23,46.585418,8.390013,2329.0,132,,,RGI60-11.01238,-496.9797089432062,5159094.812675763,104,195,0104_0195
274,2008-07-23,2008-07-23,46.585418,8.390052,2329.0,131,,,RGI60-11.01238,-493.99185498230844,5159094.812430773,104,195,0104_0195
274,2008-07-23,2008-07-23,46.585419,8.390091,2329.0,130,,,RGI60-11.01238,-491.00399199262245,5159094.923305547,104,195,0104_0195
274,2008-07-23,2008-07-23,46.58542,8.39013,2329.0,129,,,RGI60-11.01238,-488.0161291128075,5159095.034181797,104,195,0104_0195
274,2008-07-23,2008-07-23,46.585422,8.390169,2329.0,128,,,RGI60-11.01238,-485.0282574239712,5159095.256177812,104,195,0104_0195
274,2008-07-23,2008-07-23,46.585424,8.390208,2329.0,127,,,RGI60-11.01238,-482.0403859548897,5159095.478175303,104,195,0104_0195
274,2008-07-23,2008-07-23,46.585426,8.390247,2329.0,127,,,RGI60-11.01238,-479.05251470556277,5159095.700174271,104,195,0104_0195
274,2008-07-23,2008-07-23,46.585428,8.390286,2328.0,126,,,RGI60-11.01238,-476.0646436759906,5159095.922174717,104,195,0104_0195
274,2008-07-23,2008-07-23,46.585431,8.390325,2328.0,125,,,RGI60-11.01238,-473.076764166925,5159096.255294928,104,195,0104_0195
274,2008-07-23,2008-07-23,46.585434,8.390364,2328.0,124,,,RGI60-11.01238,-470.08888498774115,5159096.588416616,104,195,0104_0195
274,2008-07-23,2008-07-23,46.585437,8.390403,2328.0,123,,,RGI60-11.01238,-467.10100613807356,5159096.921539782,104,195,0104_0195
274,2008-07-23,2008-07-23,46.58544,8.390442,2328.0,122,,,RGI60-11.01238,-464.11312761804396,5159097.254664425,104,195,0104_0195
274,2008-07-23,2008-07-23,46.585443,8.390481,2328.0,120,,,RGI60-11.01238,-461.1252494276528,5159097.587790544,104,195,0104_0195
274,2008-07-23,2008-07-23,46.585446,8.39052,2328.0,119,,,RGI60-11.01238,-458.1373715667783,5159097.920918142,104,195,0104_0195
274,2008-07-23,2008-07-23,46.585449,8.390559,2328.0,118,,,RGI60-11.01238,-455.1494940357859,5159098.254047218,104,195,0104_0195
274,2008-07-23,2008-07-23,46.585452,8.390598,2328.0,118,,,RGI60-11.01238,-452.1616168341887,5159098.58717777,104,195,0104_0195
274,2008-07-23,2008-07-23,46.585455,8.390636,2329.0,117,,,RGI60-11.01238,-449.2503515503144,5159098.920315497,104,195,0104_0195
274,2008-07-23,2008-07-23,46.585457,8.390676,2329.0,116,,,RGI60-11.01238,-446.1858716249293,5159099.142325022,104,195,0104_0195
274,2008-07-23,2008-07-23,46.585459,8.390714,2329.0,116,,,RGI60-11.01238,-443.27461508946914,5159099.36434734,104,195,0104_0195
274,2008-07-23,2008-07-23,46.585462,8.390754,2329.0,115,,,RGI60-11.01238,-440.2101275143378,5159099.697478182,104,195,0104_0195
274,2008-07-23,2008-07-23,46.585464,8.390793,2329.0,114,,,RGI60-11.01238,-437.22225989088133,5159099.919497836,104,195,0104_0195
274,2008-07-23,2008-07-23,46.585465,8.390832,2329.0,113,,,RGI60-11.01238,-434.2344004723116,5159100.030400679,105,195,0105_0195
274,2008-07-23,2008-07-23,46.585466,8.390871,2329.0,112,,,RGI60-11.01238,-431.2465411633712,5159100.141305,105,195,0105_0195
274,2008-07-23,2008-07-23,46.585467,8.39091,2329.0,111,,,RGI60-11.01238,-428.2586819644256,5159100.252210799,105,195,0105_0195
274,2008-07-23,2008-07-23,46.585467,8.390949,2329.0,110,,,RGI60-11.01238,-425.27083069541493,5159100.251999788,105,195,0105_0195
274,2008-07-23,2008-07-23,46.585467,8.390988,2329.0,109,,,RGI60-11.01238,-422.28297942639347,5159100.2517902525,105,195,0105_0195
274,2008-07-23,2008-07-23,46.585467,8.391027,2329.0,108,,,RGI60-11.01238,-419.2951281574833,5159100.251582196,105,195,0105_0195
274,2008-07-23,2008-07-23,46.585466,8.391066,2329.0,106,,,RGI60-11.01238,-416.30728454355534,5159100.140257328,105,195,0105_0195
274,2008-07-23,2008-07-23,46.585465,8.391105,2329.0,103,,,RGI60-11.01238,-413.319440819855,5159100.0289339395,105,195,0105_0195
274,2008-07-23,2008-07-23,46.585462,8.391144,2328.0,102,,,RGI60-11.01238,-410.3316120769643,5159099.695375452,105,195,0105_0195
274,2008-07-23,2008-07-23,46.58546,8.391183,2328.0,101,,,RGI60-11.01238,-407.3437755140012,5159099.47293673,105,195,0105_0195
274,2008-07-23,2008-07-23,46.585457,8.391222,2328.0,100,,,RGI60-11.01238,-404.3559461667276,5159099.139381198,105,195,0105_0195
274,2008-07-23,2008-07-23,46.585453,8.391261,2328.0,99,,,RGI60-11.01238,-401.3681238703165,5159098.694708858,105,195,0105_0195
274,2008-07-23,2008-07-23,46.585449,8.3913,2327.0,96,,,RGI60-11.01238,-398.38030113435855,5159098.250037995,105,195,0105_0195
274,2008-07-23,2008-07-23,46.585444,8.391338,2327.0,94,,,RGI60-11.01238,-395.469096832958,5159097.694255336,105,195,0105_0195
274,2008-07-23,2008-07-23,46.585438,8.391377,2327.0,91,,,RGI60-11.01238,-392.4812876026906,5159097.027350818,105,195,0105_0195
274,2008-07-23,2008-07-23,46.585433,8.391415,2327.0,90,,,RGI60-11.01238,-389.57008217002567,5159096.471571001,105,195,0105_0195
274,2008-07-23,2008-07-23,46.585427,8.391453,2326.0,88,,,RGI60-11.01238,-386.6588833119346,5159095.804674302,105,195,0105_0195
274,2008-07-23,2008-07-23,46.585422,8.391491,2326.0,87,,,RGI60-11.01238,-383.7476767550499,5159095.248897293,105,195,0105_0195
274,2008-07-23,2008-07-23,46.585417,8.39153,2326.0,86,,,RGI60-11.01238,-380.75985802132055,5159094.693116858,105,195,0105_0195
274,2008-07-23,2008-07-23,46.585412,8.391568,2326.0,85,,,RGI60-11.01238,-377.8486503867062,5159094.1373426905,105,195,0105_0195
274,2008-07-23,2008-07-23,46.585408,8.391607,2326.0,84,,,RGI60-11.01238,-374.8608236679506,5159093.69268346,105,195,0105_0195
274,2008-07-23,2008-07-23,46.585406,8.391646,2326.0,82,,,RGI60-11.01238,-371.87298283348156,5159093.470262279,105,195,0105_0195
274,2008-07-23,2008-07-23,46.585404,8.391685,2326.0,79,,,RGI60-11.01238,-368.8851417792357,5159093.247842574,106,195,0106_0195
274,2008-07-23,2008-07-23,46.585403,8.391724,2326.0,77,,,RGI60-11.01238,-365.89729377695204,5159093.136542634,106,195,0106_0195
274,2008-07-23,2008-07-23,46.585404,8.391763,2326.0,75,,,RGI60-11.01238,-362.9094323182593,5159093.247480743,106,195,0106_0195
274,2008-07-23,2008-07-23,46.585404,8.391802,2325.0,73,,,RGI60-11.01238,-359.92157758757486,5159093.247302042,106,195,0106_0195
274,2008-07-23,2008-07-23,46.585405,8.391842,2325.0,70,,,RGI60-11.01238,-356.85710463515863,5159093.3582385825,106,195,0106_0195
274,2008-07-23,2008-07-23,46.585406,8.391881,2325.0,66,,,RGI60-11.01238,-353.8692434525565,5159093.4691811595,106,195,0106_0195
274,2008-07-23,2008-07-23,46.585406,8.39192,2324.0,62,,,RGI60-11.01238,-350.8813888317287,5159093.46900693,106,195,0106_0195
274,2008-07-23,2008-07-23,46.585947,8.38375,2334.0,48,,,RGI60-11.01238,-976.788908384953,5159153.652762847,96,194,0096_0194
274,2008-07-23,2008-07-23,46.58596,8.383785,2335.0,51,,,RGI60-11.01238,-974.1072942061422,5159155.09686786,96,194,0096_0194
274,2008-07-23,2008-07-23,46.58597,8.383821,2335.0,53,,,RGI60-11.01238,-971.3491240370506,5159156.207606861,96,194,0096_0194
274,2008-07-23,2008-07-23,46.58598,8.383857,2336.0,56,,,RGI60-11.01238,-968.5909548821066,5159157.3183471225,96,194,0096_0194
274,2008-07-23,2008-07-23,46.585989,8.383894,2336.0,59,,,RGI60-11.01238,-965.756193666427,5159158.317958103,96,194,0096_0194
274,2008-07-23,2008-07-23,46.585998,8.383931,2337.0,62,,,RGI60-11.01238,-962.9214333889481,5159159.317570413,97,194,0097_0194
274,2008-07-23,2008-07-23,46.586004,8.383969,2337.0,64,,,RGI60-11.01238,-960.0101161996563,5159159.983816992,97,194,0097_0194
274,2008-07-23,2008-07-23,46.586011,8.384007,2338.0,67,,,RGI60-11.01238,-957.0987820529792,5159160.761183271,97,194,0097_0194
274,2008-07-23,2008-07-23,46.586017,8.384045,2338.0,70,,,RGI60-11.01238,-954.1874662019593,5159161.427432656,97,194,0097_0194
274,2008-07-23,2008-07-23,46.586021,8.384084,2339.0,73,,,RGI60-11.01238,-951.1995751886585,5159161.871434789,97,194,0097_0194
274,2008-07-23,2008-07-23,46.586026,8.384122,2339.0,76,,,RGI60-11.01238,-948.2882779616406,5159162.426568718,97,194,0097_0194
274,2008-07-23,2008-07-23,46.586029,8.384161,2340.0,79,,,RGI60-11.01238,-945.3004052593556,5159162.75945547,97,194,0097_0194
274,2008-07-23,2008-07-23,46.586032,8.3842,2340.0,82,,,RGI60-11.01238,-942.3125328869428,5159163.092343701,97,194,0097_0194
274,2008-07-23,2008-07-23,46.586034,8.384239,2340.0,85,,,RGI60-11.01238,-939.3246781169626,5159163.314115109,97,194,0097_0194
274,2008-07-23,2008-07-23,46.586035,8.384278,2341.0,87,,,RGI60-11.01238,-936.3368407850767,5159163.424769697,97,194,0097_0194
274,2008-07-23,2008-07-23,46.586036,8.384317,2341.0,89,,,RGI60-11.01238,-933.3490035629301,5159163.535425763,97,194,0097_0194
274,2008-07-23,2008-07-23,46.586036,8.384356,2342.0,91,,,RGI60-11.01238,-930.3611835587436,5159163.534965008,97,194,0097_0194
274,2008-07-23,2008-07-23,46.586036,8.384395,2342.0,93,,,RGI60-11.01238,-927.3733635547782,5159163.534505728,97,194,0097_0194
274,2008-07-23,2008-07-23,46.586034,8.384435,2342.0,95,,,RGI60-11.01238,-924.3089667751258,5159163.311799613,97,194,0097_0194
274,2008-07-23,2008-07-23,46.586033,8.384474,2342.0,96,,,RGI60-11.01238,-921.3211636030908,5159163.200225028,97,194,0097_0194
274,2008-07-23,2008-07-23,46.586031,8.384513,2342.0,98,,,RGI60-11.01238,-918.3333772081891,5159162.9775336245,97,194,0097_0194
274,2008-07-23,2008-07-23,46.586029,8.384552,2342.0,99,,,RGI60-11.01238,-915.3455905934939,5159162.754843697,97,194,0097_0194
274,2008-07-23,2008-07-23,46.586026,8.384591,2343.0,101,,,RGI60-11.01238,-912.3578205361603,5159162.4210369475,97,194,0097_0194
274,2008-07-23,2008-07-23,46.586023,8.38463,2343.0,102,,,RGI60-11.01238,-909.3700501491464,5159162.087231678,97,194,0097_0194
274,2008-07-23,2008-07-23,46.58602,8.384668,2343.0,104,,,RGI60-11.01238,-906.4588902243929,5159161.753439379,97,194,0097_0194
274,2008-07-23,2008-07-23,46.586017,8.384707,2343.0,106,,,RGI60-11.01238,-903.4711191821257,5159161.419637025,97,194,0097_0194
274,2008-07-23,2008-07-23,46.586013,8.384746,2343.0,108,,,RGI60-11.01238,-900.4833643692128,5159160.974717852,97,194,0097_0194
274,2008-07-23,2008-07-23,46.58601,8.384785,2343.0,110,,,RGI60-11.01238,-897.4955926126435,5159160.640918453,98,194,0098_0194
274,2008-07-23,2008-07-23,46.586006,8.384824,2343.0,112,,,RGI60-11.01238,-894.5078369754206,5159160.196002237,98,194,0098_0194
274,2008-07-23,2008-07-23,46.586003,8.384863,2343.0,113,,,RGI60-11.01238,-891.5200645047937,5159159.862205792,98,194,0098_0194
274,2008-07-23,2008-07-23,46.586,8.384901,2343.0,114,,,RGI60-11.01238,-888.6089025243626,5159159.528422093,98,194,0098_0194
274,2008-07-23,2008-07-23,46.585996,8.38494,2343.0,116,,,RGI60-11.01238,-885.6211456839651,5159159.08351027,98,194,0098_0194
274,2008-07-23,2008-07-23,46.585993,8.384979,2343.0,117,,,RGI60-11.01238,-882.6333721734628,5159158.749718222,98,194,0098_0194
274,2008-07-23,2008-07-23,46.58599,8.385018,2343.0,118,,,RGI60-11.01238,-879.6455983331607,5159158.415927651,98,194,0098_0194
274,2008-07-23,2008-07-23,46.585988,8.385057,2344.0,120,,,RGI60-11.01238,-876.6578080427698,5159158.193256855,98,194,0098_0194
274,2008-07-23,2008-07-23,46.585985,8.385096,2343.0,122,,,RGI60-11.01238,-873.6700335980534,5159157.85946924,98,194,0098_0194
274,2008-07-23,2008-07-23,46.585983,8.385135,2344.0,123,,,RGI60-11.01238,-870.6822428131353,5159157.636801397,98,194,0098_0194
274,2008-07-23,2008-07-23,46.585981,8.385174,2344.0,125,,,RGI60-11.01238,-867.6944518083031,5159157.414135032,98,194,0098_0194
274,2008-07-23,2008-07-23,46.585981,8.385213,2344.0,127,,,RGI60-11.01238,-864.7066287817927,5159157.41370674,98,194,0098_0194
274,2008-07-23,2008-07-23,46.58598,8.385252,2344.0,128,,,RGI60-11.01238,-861.7188216014448,5159157.302161629,98,194,0098_0194
274,2008-07-23,2008-07-23,46.585979,8.385291,2344.0,129,,,RGI60-11.01238,-858.731014310946,5159157.190617994,98,194,0098_0194
274,2008-07-23,2008-07-23,46.58598,8.385331,2343.0,130,,,RGI60-11.01238,-855.6665645902536,5159157.301301583,98,194,0098_0194
274,2008-07-23,2008-07-23,46.58598,8.38537,2343.0,131,,,RGI60-11.01238,-852.6787415089585,5159157.300879238,98,194,0098_0194
274,2008-07-23,2008-07-23,46.585981,8.385409,2343.0,131,,,RGI60-11.01238,-849.6909028027591,5159157.411576666,98,194,0098_0194
274,2008-07-23,2008-07-23,46.585983,8.385448,2343.0,132,,,RGI60-11.01238,-846.703048636603,5159157.633393872,98,194,0098_0194
274,2008-07-23,2008-07-23,46.585985,8.385487,2342.0,133,,,RGI60-11.01238,-843.7151946901942,5159157.855212553,98,194,0098_0194
274,2008-07-23,2008-07-23,46.585987,8.385526,2342.0,133,,,RGI60-11.01238,-840.7273409634113,5159158.077032712,98,194,0098_0194
274,2008-07-23,2008-07-23,46.585991,8.385565,2342.0,134,,,RGI60-11.01238,-837.7394566466303,5159158.521090942,98,194,0098_0194
274,2008-07-23,2008-07-23,46.585994,8.385604,2342.0,135,,,RGI60-11.01238,-834.7515881191731,5159158.854032353,98,194,0098_0194
274,2008-07-23,2008-07-23,46.585997,8.385642,2341.0,136,,,RGI60-11.01238,-831.8403307458244,5159159.186985788,99,194,0099_0194
274,2008-07-23,2008-07-23,46.586002,8.385681,2341.0,137,,,RGI60-11.01238,-828.8524323903678,5159159.74216671,99,194,0099_0194
274,2008-07-23,2008-07-23,46.586006,8.38572,2341.0,138,,,RGI60-11.01238,-825.8645497710676,5159160.186230814,99,194,0099_0194
274,2008-07-23,2008-07-23,46.58601,8.385758,2341.0,139,,,RGI60-11.01238,-822.9532783970812,5159160.630306829,99,194,0099_0194
274,2008-07-23,2008-07-23,46.586015,8.385797,2340.0,140,,,RGI60-11.01238,-819.9653815727677,5159161.185492147,99,194,0099_0194
274,2008-07-23,2008-07-23,46.58602,8.385835,2340.0,141,,,RGI60-11.01238,-817.0540960899297,5159161.740689302,99,194,0099_0194
274,2008-07-23,2008-07-23,46.586024,8.385874,2340.0,142,,,RGI60-11.01238,-814.0662153271795,5159162.184759239,99,194,0099_0194
274,2008-07-23,2008-07-23,46.58603,8.385912,2340.0,143,,,RGI60-11.01238,-811.1549159523157,5159162.851077535,99,194,0099_0194
274,2008-07-23,2008-07-23,46.586035,8.385951,2339.0,144,,,RGI60-11.01238,-808.1670213115051,5159163.406268689,99,194,0099_0194
274,2008-07-23,2008-07-23,46.58604,8.385989,2339.0,145,,,RGI60-11.01238,-805.2557379839967,5159163.961471529,99,194,0099_0194
274,2008-07-23,2008-07-23,46.586044,8.386028,2339.0,146,,,RGI60-11.01238,-802.267859187803,5159164.405547304,99,194,0099_0194
274,2008-07-23,2008-07-23,46.586049,8.386066,2339.0,148,,,RGI60-11.01238,-799.356576884428,5159164.960752987,99,194,0099_0194
274,2008-07-23,2008-07-23,46.586054,8.386105,2339.0,149,,,RGI60-11.01238,-796.3686843721812,5159165.515949975,99,194,0099_0194
274,2008-07-23,2008-07-23,46.586058,8.386144,2339.0,150,,,RGI60-11.01238,-793.3808069987828,5159165.960030144,99,194,0099_0194
274,2008-07-23,2008-07-23,46.586062,8.386182,2339.0,152,,,RGI60-11.01238,-790.4695407976923,5159166.4041218115,99,194,0099_0194
274,2008-07-23,2008-07-23,46.586066,8.386221,2339.0,153,,,RGI60-11.01238,-787.481664297569,5159166.848204898,99,194,0099_0194
274,2008-07-23,2008-07-23,46.58607,8.38626,2339.0,154,,,RGI60-11.01238,-784.4937882372053,5159167.292289462,99,194,0099_0194
274,2008-07-23,2008-07-23,46.586073,8.386299,2339.0,155,,,RGI60-11.01238,-781.5059269872067,5159167.625257205,99,194,0099_0194
274,2008-07-23,2008-07-23,46.586076,8.386338,2339.0,156,,,RGI60-11.01238,-778.5180660668414,5159167.958226425,99,194,0099_0194
274,2008-07-23,2008-07-23,46.586079,8.386376,2339.0,156,,,RGI60-11.01238,-775.6068161848324,5159168.291206954,99,194,0099_0194
274,2008-07-23,2008-07-23,46.586081,8.386415,2339.0,157,,,RGI60-11.01238,-772.6189701270617,5159168.513060792,99,194,0099_0194
274,2008-07-23,2008-07-23,46.586083,8.386455,2339.0,157,,,RGI60-11.01238,-769.5545135859511,5159168.734906351,99,194,0099_0194
274,2008-07-23,2008-07-23,46.586085,8.386494,2339.0,158,,,RGI60-11.01238,-766.5666679703747,5159168.956763182,99,194,0099_0194
274,2008-07-23,2008-07-23,46.586086,8.386513,2339.0,158,,,RGI60-11.01238,-765.1110505944856,5159169.067697002,100,194,0100_0194
274,2008-07-23,2008-07-23,46.586434,8.384351,2338.0,37,,,RGI60-11.01238,-930.7374255074399,5159207.76010821,97,193,0097_0193
274,2008-07-23,2008-07-23,46.58644,8.384389,2338.0,42,,,RGI60-11.01238,-927.8261352080118,5159208.426370342,97,193,0097_0193
274,2008-07-23,2008-07-23,46.586446,8.384427,2338.0,49,,,RGI60-11.01238,-924.9148455510812,5159209.092633877,97,193,0097_0193
274,2008-07-23,2008-07-23,46.586452,8.384466,2339.0,53,,,RGI60-11.01238,-921.9269463531851,5159209.758887126,97,193,0097_0193
274,2008-07-23,2008-07-23,46.586457,8.384504,2339.0,57,,,RGI60-11.01238,-919.0156748892994,5159210.314035199,97,193,0097_0193
274,2008-07-23,2008-07-23,46.586461,8.384543,2339.0,60,,,RGI60-11.01238,-916.0278106362465,5159210.758054753,97,193,0097_0193
274,2008-07-23,2008-07-23,46.586465,8.384582,2340.0,63,,,RGI60-11.01238,-913.0399468229523,5159211.202075784,97,193,0097_0193
274,2008-07-23,2008-07-23,46.586469,8.38462,2340.0,65,,,RGI60-11.01238,-910.1286936083246,5159211.646109832,97,193,0097_0193
274,2008-07-23,2008-07-23,46.586473,8.384659,2340.0,67,,,RGI60-11.01238,-907.1408306684264,5159212.090133782,97,193,0097_0193
274,2008-07-23,2008-07-23,46.586477,8.384698,2340.0,69,,,RGI60-11.01238,-904.1529681678,5159212.534159209,97,193,0097_0193
274,2008-07-23,2008-07-23,46.58648,8.384737,2341.0,72,,,RGI60-11.01238,-901.1651226784096,5159212.8670678055,97,193,0097_0193
274,2008-07-23,2008-07-23,46.586484,8.384775,2341.0,73,,,RGI60-11.01238,-898.2538711402602,5159213.311107575,98,193,0098_0193
274,2008-07-23,2008-07-23,46.586488,8.384814,2341.0,75,,,RGI60-11.01238,-895.2660098976039,5159213.755137397,98,193,0098_0193
274,2008-07-23,2008-07-23,46.586491,8.384853,2341.0,78,,,RGI60-11.01238,-892.2781655028898,5159214.088050391,98,193,0098_0193
274,2008-07-23,2008-07-23,46.586495,8.384892,2342.0,81,,,RGI60-11.01238,-889.2903050843241,5159214.532083167,98,193,0098_0193
274,2008-07-23,2008-07-23,46.586498,8.38493,2342.0,83,,,RGI60-11.01238,-886.3790715221173,5159214.865010352,98,193,0098_0193
274,2008-07-23,2008-07-23,46.586502,8.384969,2342.0,85,,,RGI60-11.01238,-883.391211922251,5159215.309046046,98,193,0098_0193
274,2008-07-23,2008-07-23,46.586506,8.385008,2342.0,87,,,RGI60-11.01238,-880.4033527617796,5159215.753083218,98,193,0098_0193
274,2008-07-23,2008-07-23,46.58651,8.385047,2343.0,89,,,RGI60-11.01238,-877.4154940408245,5159216.197121869,98,193,0098_0193
274,2008-07-23,2008-07-23,46.586515,8.385085,2343.0,91,,,RGI60-11.01238,-874.5042297739211,5159216.752291389,98,193,0098_0193
274,2008-07-23,2008-07-23,46.586519,8.385124,2343.0,93,,,RGI60-11.01238,-871.5163719814284,5159217.196332957,98,193,0098_0193
274,2008-07-23,2008-07-23,46.586524,8.385162,2343.0,95,,,RGI60-11.01238,-868.605108738662,5159217.751505321,98,193,0098_0193
274,2008-07-23,2008-07-23,46.586529,8.385201,2344.0,97,,,RGI60-11.01238,-865.6172359563335,5159218.306668113,98,193,0098_0193
274,2008-07-23,2008-07-23,46.586534,8.385239,2344.0,99,,,RGI60-11.01238,-862.7059737913598,5159218.861843321,98,193,0098_0193
274,2008-07-23,2008-07-23,46.58654,8.385278,2344.0,101,,,RGI60-11.01238,-859.7180862914513,5159219.528127339,98,193,0098_0193
274,2008-07-23,2008-07-23,46.586546,8.385316,2345.0,103,,,RGI60-11.01238,-856.8068095017551,5159220.194423698,98,193,0098_0193
274,2008-07-23,2008-07-23,46.586551,8.385354,2345.0,105,,,RGI60-11.01238,-853.8955490567098,5159220.749603152,98,193,0098_0193
274,2008-07-23,2008-07-23,46.586558,8.385392,2345.0,106,,,RGI60-11.01238,-850.9842578493782,5159221.527020625,98,193,0098_0193
274,2008-07-23,2008-07-23,46.586564,8.38543,2345.0,108,,,RGI60-11.01238,-848.072982986698,5159222.193321194,98,193,0098_0193
274,2008-07-23,2008-07-23,46.586571,8.385468,2346.0,109,,,RGI60-11.01238,-845.1616932247231,5159222.970741473,98,193,0098_0193
274,2008-07-23,2008-07-23,46.586578,8.385506,2346.0,111,,,RGI60-11.01238,-842.2504042120712,5159223.748163157,98,193,0098_0193
274,2008-07-23,2008-07-23,46.586585,8.385544,2346.0,112,,,RGI60-11.01238,-839.339115948986,5159224.525586244,98,193,0098_0193
274,2008-07-23,2008-07-23,46.586592,8.385581,2346.0,114,,,RGI60-11.01238,-836.504438421229,5159225.303021342,98,193,0098_0193
274,2008-07-23,2008-07-23,46.586599,8.385619,2346.0,116,,,RGI60-11.01238,-833.593151647174,5159226.080447199,98,193,0098_0193
274,2008-07-23,2008-07-23,46.586606,8.385657,2346.0,118,,,RGI60-11.01238,-830.6818656224419,5159226.857874459,99,193,0099_0193
274,2008-07-23,2008-07-23,46.586613,8.385695,2346.0,120,,,RGI60-11.01238,-827.770580347278,5159227.635303123,99,193,0099_0193
274,2008-07-23,2008-07-23,46.586621,8.385732,2347.0,122,,,RGI60-11.01238,-824.935890598111,5159228.523861959,99,193,0099_0193
274,2008-07-23,2008-07-23,46.586628,8.38577,2347.0,123,,,RGI60-11.01238,-822.02460686551,5159229.301293393,99,193,0099_0193
274,2008-07-23,2008-07-23,46.586635,8.385808,2347.0,125,,,RGI60-11.01238,-819.1133238822339,5159230.078726232,99,193,0099_0193
274,2008-07-23,2008-07-23,46.586643,8.385845,2347.0,126,,,RGI60-11.01238,-816.2786365535177,5159230.967289132,99,193,0099_0193
274,2008-07-23,2008-07-23,46.58665,8.385883,2347.0,127,,,RGI60-11.01238,-813.3673551129277,5159231.744724739,99,193,0099_0193
274,2008-07-23,2008-07-23,46.586657,8.385921,2347.0,128,,,RGI60-11.01238,-810.4560744216637,5159232.522161751,99,193,0099_0193
274,2008-07-23,2008-07-23,46.586663,8.385959,2347.0,129,,,RGI60-11.01238,-807.5448093300707,5159233.188481857,99,193,0099_0193
274,2008-07-23,2008-07-23,46.58667,8.385997,2347.0,131,,,RGI60-11.01238,-804.6335300841687,5159233.965921674,99,193,0099_0193
274,2008-07-23,2008-07-23,46.586676,8.386035,2347.0,132,,,RGI60-11.01238,-801.722266330873,5159234.632244586,99,193,0099_0193
274,2008-07-23,2008-07-23,46.586683,8.386073,2347.0,134,,,RGI60-11.01238,-798.8109885303337,5159235.409687213,99,193,0099_0193
274,2008-07-23,2008-07-23,46.586689,8.386111,2348.0,135,,,RGI60-11.01238,-795.8997261153365,5159236.076012931,99,193,0099_0193
274,2008-07-23,2008-07-23,46.586694,8.386149,2348.0,136,,,RGI60-11.01238,-792.9884789250391,5159236.631221741,99,193,0099_0193
274,2008-07-23,2008-07-23,46.5867,8.386188,2348.0,138,,,RGI60-11.01238,-790.0006079071675,5159237.297540248,99,193,0099_0193
274,2008-07-23,2008-07-23,46.586705,8.386226,2348.0,139,,,RGI60-11.01238,-787.0893618482033,5159237.852751902,99,193,0099_0193
274,2008-07-23,2008-07-23,46.58671,8.386264,2348.0,140,,,RGI60-11.01238,-784.178116324435,5159238.407964958,99,193,0099_0193
274,2008-07-23,2008-07-23,46.586714,8.386303,2348.0,141,,,RGI60-11.01238,-781.1902758888624,5159238.852051202,99,193,0099_0193
274,2008-07-23,2008-07-23,46.586719,8.386342,2348.0,142,,,RGI60-11.01238,-778.2024215820196,5159239.407257235,99,193,0099_0193
274,2008-07-23,2008-07-23,46.586723,8.38638,2348.0,142,,,RGI60-11.01238,-775.291191881895,5159239.851356262,99,193,0099_0193
274,2008-07-23,2008-07-23,46.586727,8.386419,2348.0,143,,,RGI60-11.01238,-772.3033528140712,5159240.295446901,99,193,0099_0193
274,2008-07-23,2008-07-23,46.586731,8.386458,2348.0,143,,,RGI60-11.01238,-769.3155141857686,5159240.739539016,99,193,0099_0193
274,2008-07-23,2008-07-23,46.586734,8.386497,2348.0,144,,,RGI60-11.01238,-766.327690089175,5159241.072514299,99,193,0099_0193
274,2008-07-23,2008-07-23,46.586737,8.386535,2348.0,144,,,RGI60-11.01238,-763.4164761039614,5159241.405500736,100,193,0100_0193
274,2008-07-23,2008-07-23,46.586741,8.386574,2348.0,145,,,RGI60-11.01238,-760.4286386788261,5159241.849597247,100,193,0100_0193
274,2008-07-23,2008-07-23,46.586742,8.386594,2348.0,145,,,RGI60-11.01238,-758.8964291997877,5159241.960522934,100,193,0100_0193
274,2008-07-23,2008-07-23,46.586882,8.388623,2346.0,158,,,RGI60-11.01238,-603.4536425895844,5159257.499563995,102,192,0102_0192
274,2008-07-23,2008-07-23,46.586875,8.38866,2346.0,158,,,RGI60-11.01238,-600.6191655350358,5159256.721453376,102,192,0102_0192
274,2008-07-23,2008-07-23,46.586868,8.388698,2345.0,158,,,RGI60-11.01238,-597.7080781534918,5159255.94333651,102,192,0102_0192
274,2008-07-23,2008-07-23,46.58686,8.388736,2345.0,158,,,RGI60-11.01238,-594.797000960238,5159255.054102734,102,192,0102_0192
274,2008-07-23,2008-07-23,46.586852,8.388773,2345.0,159,,,RGI60-11.01238,-591.9625325302862,5159254.164877866,102,192,0102_0192
274,2008-07-23,2008-07-23,46.586844,8.38881,2345.0,159,,,RGI60-11.01238,-589.1280632663007,5159253.275654329,102,192,0102_0192
274,2008-07-23,2008-07-23,46.586836,8.388848,2345.0,160,,,RGI60-11.01238,-586.2169835259843,5159252.38642469,102,192,0102_0192
274,2008-07-23,2008-07-23,46.586827,8.388885,2345.0,161,,,RGI60-11.01238,-583.3825233105381,5159251.386085536,102,192,0102_0192
274,2008-07-23,2008-07-23,46.586818,8.388921,2344.0,161,,,RGI60-11.01238,-580.6246718247049,5159250.385755075,102,192,0102_0192
274,2008-07-23,2008-07-23,46.586809,8.388958,2344.0,162,,,RGI60-11.01238,-577.790209745486,5159249.385418548,102,192,0102_0192
274,2008-07-23,2008-07-23,46.586801,8.388996,2344.0,162,,,RGI60-11.01238,-574.8791264632251,5159248.496194378,102,192,0102_0192
274,2008-07-23,2008-07-23,46.586792,8.389033,2344.0,163,,,RGI60-11.01238,-572.0446625470023,5159247.495860549,102,193,0102_0193
274,2008-07-23,2008-07-23,46.586784,8.38907,2344.0,163,,,RGI60-11.01238,-569.2101872248859,5159246.6066463655,102,193,0102_0193
274,2008-07-23,2008-07-23,46.586775,8.389107,2344.0,163,,,RGI60-11.01238,-566.375721484218,5159245.606315199,103,193,0103_0193
274,2008-07-23,2008-07-23,46.586768,8.389145,2343.0,164,,,RGI60-11.01238,-563.4646243407027,5159244.828214846,103,193,0103_0193
274,2008-07-23,2008-07-23,46.58676,8.389182,2343.0,164,,,RGI60-11.01238,-560.630146505342,5159243.939004689,103,193,0103_0193
274,2008-07-23,2008-07-23,46.586752,8.38922,2343.0,164,,,RGI60-11.01238,-557.7190580751887,5159243.049788793,103,193,0103_0193
274,2008-07-23,2008-07-23,46.586746,8.389258,2343.0,164,,,RGI60-11.01238,-554.8079483835778,5159242.382810925,103,193,0103_0193
274,2008-07-23,2008-07-23,46.586739,8.389296,2343.0,164,,,RGI60-11.01238,-551.8968481983828,5159241.604716148,103,193,0103_0193
274,2008-07-23,2008-07-23,46.586732,8.389333,2343.0,164,,,RGI60-11.01238,-549.0623570526255,5159240.8266297355,103,193,0103_0193
274,2008-07-23,2008-07-23,46.586727,8.389372,2343.0,164,,,RGI60-11.01238,-546.0746254958169,5159240.27076743,103,193,0103_0193
274,2008-07-23,2008-07-23,46.586723,8.389411,2343.0,164,,,RGI60-11.01238,-543.0868834026066,5159239.826024911,103,193,0103_0193
274,2008-07-23,2008-07-23,46.586718,8.389449,2343.0,164,,,RGI60-11.01238,-540.1757606103869,5159239.270172407,103,193,0103_0193
274,2008-07-23,2008-07-23,46.586714,8.389488,2342.0,163,,,RGI60-11.01238,-537.1880175888691,5159238.825432807,103,193,0103_0193
274,2008-07-23,2008-07-23,46.586711,8.389527,2342.0,162,,,RGI60-11.01238,-534.200264304138,5159238.491812997,103,193,0103_0193
274,2008-07-23,2008-07-23,46.586708,8.389566,2342.0,161,,,RGI60-11.01238,-531.2125106896118,5159238.158194662,103,193,0103_0193
274,2008-07-23,2008-07-23,46.586706,8.389605,2342.0,161,,,RGI60-11.01238,-528.2247470320121,5159237.935696117,103,193,0103_0193
274,2008-07-23,2008-07-23,46.586705,8.389644,2342.0,161,,,RGI60-11.01238,-525.2369734956811,5159237.824317361,103,193,0103_0193
274,2008-07-23,2008-07-23,46.586704,8.389683,2342.0,161,,,RGI60-11.01238,-522.2491998496946,5159237.712940083,103,193,0103_0193
274,2008-07-23,2008-07-23,46.586704,8.389722,2342.0,161,,,RGI60-11.01238,-519.2614165447497,5159237.712682593,103,193,0103_0193
274,2008-07-23,2008-07-23,46.586705,8.389761,2342.0,161,,,RGI60-11.01238,-516.2736237460415,5159237.823544892,103,193,0103_0193
274,2008-07-23,2008-07-23,46.586706,8.3898,2341.0,161,,,RGI60-11.01238,-513.2858310573283,5159237.934408667,103,193,0103_0193
274,2008-07-23,2008-07-23,46.586707,8.389839,2341.0,161,,,RGI60-11.01238,-510.29803847824434,5159238.04527392,103,193,0103_0193
274,2008-07-23,2008-07-23,46.58671,8.389878,2341.0,161,,,RGI60-11.01238,-507.31022735118927,5159238.378377273,103,193,0103_0193
274,2008-07-23,2008-07-23,46.586712,8.389917,2341.0,161,,,RGI60-11.01238,-504.322425827636,5159238.600363793,103,193,0103_0193
274,2008-07-23,2008-07-23,46.586715,8.389956,2341.0,160,,,RGI60-11.01238,-501.3346153049266,5159238.933470101,104,193,0104_0193
274,2008-07-23,2008-07-23,46.586719,8.389995,2341.0,158,,,RGI60-11.01238,-498.34679594740146,5159239.3776961975,104,193,0104_0193
274,2008-07-23,2008-07-23,46.586723,8.390034,2340.0,157,,,RGI60-11.01238,-495.35897702952735,5159239.821923774,104,193,0104_0193
274,2008-07-23,2008-07-23,46.586727,8.390072,2340.0,156,,,RGI60-11.01238,-492.447768347172,5159240.266159069,104,193,0104_0193
274,2008-07-23,2008-07-23,46.586731,8.390111,2340.0,155,,,RGI60-11.01238,-489.4599503027224,5159240.710389561,104,193,0104_0193
274,2008-07-23,2008-07-23,46.586735,8.39015,2340.0,154,,,RGI60-11.01238,-486.47213269780246,5159241.154621531,104,193,0104_0193
274,2008-07-23,2008-07-23,46.586739,8.390188,2340.0,153,,,RGI60-11.01238,-483.560925311375,5159241.598861109,104,193,0104_0193
274,2008-07-23,2008-07-23,46.586743,8.390227,2340.0,151,,,RGI60-11.01238,-480.5731085800019,5159242.043095997,104,193,0104_0193
274,2008-07-23,2008-07-23,46.586747,8.390266,2340.0,149,,,RGI60-11.01238,-477.58529228791514,5159242.487332364,104,193,0104_0193
274,2008-07-23,2008-07-23,46.586751,8.390305,2339.0,148,,,RGI60-11.01238,-474.5974764354806,5159242.931570204,104,193,0104_0193
274,2008-07-23,2008-07-23,46.586753,8.390344,2339.0,146,,,RGI60-11.01238,-471.60967836768,5159243.1535729,104,193,0104_0193
274,2008-07-23,2008-07-23,46.586755,8.390383,2339.0,144,,,RGI60-11.01238,-468.6218805196394,5159243.375577073,104,193,0104_0193
274,2008-07-23,2008-07-23,46.586757,8.390422,2339.0,142,,,RGI60-11.01238,-465.63408289148055,5159243.597582723,104,193,0104_0193
274,2008-07-23,2008-07-23,46.586758,8.390461,2339.0,140,,,RGI60-11.01238,-462.6462939905612,5159243.708471539,104,193,0104_0193
274,2008-07-23,2008-07-23,46.586758,8.3905,2338.0,137,,,RGI60-11.01238,-459.65851365241843,5159243.70824352,104,193,0104_0193
274,2008-07-23,2008-07-23,46.586757,8.390539,2338.0,134,,,RGI60-11.01238,-456.67074171210106,5159243.596898666,104,193,0104_0193
274,2008-07-23,2008-07-23,46.586756,8.390578,2338.0,132,,,RGI60-11.01238,-453.6829696618862,5159243.485555288,104,193,0104_0193
274,2008-07-23,2008-07-23,46.586754,8.390617,2338.0,130,,,RGI60-11.01238,-450.69520578960237,5159243.263095077,104,193,0104_0193
274,2008-07-23,2008-07-23,46.58675,8.390656,2338.0,128,,,RGI60-11.01238,-447.7074581637916,5159242.818399718,104,193,0104_0193
274,2008-07-23,2008-07-23,46.586746,8.390694,2338.0,125,,,RGI60-11.01238,-444.79631986740594,5159242.373711475,104,193,0104_0193
274,2008-07-23,2008-07-23,46.586742,8.390733,2338.0,123,,,RGI60-11.01238,-441.80857136799324,5159241.929019034,104,193,0104_0193
274,2008-07-23,2008-07-23,46.586735,8.390771,2338.0,120,,,RGI60-11.01238,-438.89745642237847,5159241.150978697,104,193,0104_0193
274,2008-07-23,2008-07-23,46.586729,8.390809,2337.0,118,,,RGI60-11.01238,-435.98633270993105,5159240.484058077,105,193,0105_0193
274,2008-07-23,2008-07-23,46.586722,8.390847,2337.0,115,,,RGI60-11.01238,-433.07521631885857,5159239.706020548,105,193,0105_0193
274,2008-07-23,2008-07-23,46.586714,8.390884,2337.0,109,,,RGI60-11.01238,-430.24071690310865,5159238.816871565,105,193,0105_0193
274,2008-07-23,2008-07-23,46.586706,8.390922,2337.0,107,,,RGI60-11.01238,-427.32960682763184,5159237.927718495,105,193,0105_0193
274,2008-07-23,2008-07-23,46.586697,8.390958,2336.0,106,,,RGI60-11.01238,-424.57172337683363,5159236.927459281,105,193,0105_0193
274,2008-07-23,2008-07-23,46.586687,8.390995,2336.0,104,,,RGI60-11.01238,-421.7372369175941,5159235.81607767,105,193,0105_0193
274,2008-07-23,2008-07-23,46.586677,8.391031,2336.0,102,,,RGI60-11.01238,-418.97935928213786,5159234.704702701,105,193,0105_0193
274,2008-07-23,2008-07-23,46.586672,8.39105,2336.0,101,,,RGI60-11.01238,-417.5238102106082,5159234.149010396,105,193,0105_0193
274,2008-07-23,2008-07-23,46.586883,8.38464,2344.0,29,,,RGI60-11.01238,-908.5895731829796,5159257.648859863,97,192,0097_0192
274,2008-07-23,2008-07-23,46.586881,8.384679,2344.0,32,,,RGI60-11.01238,-905.6018330221162,5159257.426174712,97,192,0097_0192
274,2008-07-23,2008-07-23,46.586879,8.384718,2345.0,35,,,RGI60-11.01238,-902.6140926414565,5159257.203491043,97,192,0097_0192
274,2008-07-23,2008-07-23,46.586877,8.384757,2345.0,38,,,RGI60-11.01238,-899.6263520408789,5159256.980808848,97,192,0097_0192
274,2008-07-23,2008-07-23,46.586874,8.384796,2345.0,41,,,RGI60-11.01238,-896.6386277093372,5159256.647009817,98,192,0098_0192
274,2008-07-23,2008-07-23,46.586872,8.384835,2346.0,44,,,RGI60-11.01238,-893.650886614223,5159256.424330577,98,192,0098_0192
274,2008-07-23,2008-07-23,46.586869,8.384874,2346.0,48,,,RGI60-11.01238,-890.6631616782576,5159256.090534503,98,192,0098_0192
274,2008-07-23,2008-07-23,46.586866,8.384913,2346.0,50,,,RGI60-11.01238,-887.6754364124863,5159255.756739903,98,192,0098_0192
274,2008-07-23,2008-07-23,46.586864,8.384952,2346.0,53,,,RGI60-11.01238,-884.6876945480968,5159255.534065096,98,192,0098_0192
274,2008-07-23,2008-07-23,46.586861,8.384991,2347.0,56,,,RGI60-11.01238,-881.6999686780244,5159255.200273452,98,192,0098_0192
274,2008-07-23,2008-07-23,46.586858,8.38503,2347.0,58,,,RGI60-11.01238,-878.7122424780249,5159254.866483286,98,192,0098_0192
274,2008-07-23,2008-07-23,46.586855,8.385069,2347.0,60,,,RGI60-11.01238,-875.7245159485852,5159254.532694598,98,192,0098_0192
274,2008-07-23,2008-07-23,46.586852,8.385107,2347.0,63,,,RGI60-11.01238,-872.8133987090528,5159254.1989184525,98,192,0098_0192
274,2008-07-23,2008-07-23,46.58685,8.385146,2348.0,65,,,RGI60-11.01238,-869.8256555288501,5159253.976250994,98,192,0098_0192
274,2008-07-23,2008-07-23,46.586847,8.385185,2348.0,67,,,RGI60-11.01238,-866.8379280694106,5159253.642466699,98,192,0098_0192
274,2008-07-23,2008-07-23,46.586845,8.385224,2348.0,69,,,RGI60-11.01238,-863.8501843946735,5159253.419802195,98,192,0098_0192
274,2008-07-23,2008-07-23,46.586843,8.385263,2348.0,72,,,RGI60-11.01238,-860.8624405001415,5159253.19713917,98,192,0098_0192
274,2008-07-23,2008-07-23,46.586841,8.385303,2349.0,74,,,RGI60-11.01238,-857.7980867504809,5159252.974466747,98,192,0098_0192
274,2008-07-23,2008-07-23,46.586839,8.385341,2349.0,76,,,RGI60-11.01238,-854.8869520516914,5159252.751817551,98,192,0098_0192
274,2008-07-23,2008-07-23,46.586838,8.385381,2349.0,79,,,RGI60-11.01238,-851.822582192373,5159252.6402664725,98,192,0098_0192
274,2008-07-23,2008-07-23,46.586836,8.38542,2349.0,81,,,RGI60-11.01238,-848.8348374707866,5159252.4176093945,98,192,0098_0192
274,2008-07-23,2008-07-23,46.586835,8.385459,2349.0,84,,,RGI60-11.01238,-845.8470769748607,5159252.3060721075,98,192,0098_0192
274,2008-07-23,2008-07-23,46.586834,8.385498,2349.0,87,,,RGI60-11.01238,-842.8593163690275,5159252.1945362985,98,192,0098_0192
274,2008-07-23,2008-07-23,46.586834,8.385537,2349.0,90,,,RGI60-11.01238,-839.8715402087507,5159252.19412028,98,192,0098_0192
274,2008-07-23,2008-07-23,46.586833,8.385576,2349.0,93,,,RGI60-11.01238,-836.8837794379237,5159252.082587426,98,192,0098_0192
274,2008-07-23,2008-07-23,46.586833,8.385615,2349.0,95,,,RGI60-11.01238,-833.8960032225403,5159252.082174362,98,192,0098_0192
274,2008-07-23,2008-07-23,46.586833,8.385655,2349.0,97,,,RGI60-11.01238,-830.8316173606491,5159252.081752241,99,192,0099_0192
274,2008-07-23,2008-07-23,46.586834,8.385694,2349.0,99,,,RGI60-11.01238,-827.8438259216255,5159252.192460484,99,192,0099_0192
274,2008-07-23,2008-07-23,46.586834,8.385733,2349.0,102,,,RGI60-11.01238,-824.8560497611222,5159252.19205189,99,192,0099_0192
274,2008-07-23,2008-07-23,46.586834,8.385772,2349.0,104,,,RGI60-11.01238,-821.8682736007203,5159252.191644774,99,192,0099_0192
274,2008-07-23,2008-07-23,46.586835,8.385811,2349.0,105,,,RGI60-11.01238,-818.8804823814073,5159252.302357447,99,192,0099_0192
274,2008-07-23,2008-07-23,46.586835,8.38585,2349.0,107,,,RGI60-11.01238,-815.8927062759074,5159252.301953287,99,192,0099_0192
274,2008-07-23,2008-07-23,46.586836,8.385889,2349.0,108,,,RGI60-11.01238,-812.9049152213829,5159252.4126689145,99,192,0099_0192
274,2008-07-23,2008-07-23,46.586836,8.385928,2349.0,110,,,RGI60-11.01238,-809.917139170664,5159252.412267707,99,192,0099_0192
274,2008-07-23,2008-07-23,46.586836,8.385968,2349.0,112,,,RGI60-11.01238,-806.8527534776603,5159252.4118577475,99,192,0099_0192
274,2008-07-23,2008-07-23,46.586836,8.386007,2349.0,113,,,RGI60-11.01238,-803.8649774269002,5159252.411459533,99,192,0099_0192
274,2008-07-23,2008-07-23,46.586835,8.386046,2349.0,115,,,RGI60-11.01238,-800.8772161035782,5159252.299944482,99,192,0099_0192
274,2008-07-23,2008-07-23,46.586835,8.386085,2349.0,117,,,RGI60-11.01238,-797.8894399979569,5159252.299549222,99,192,0099_0192
274,2008-07-23,2008-07-23,46.586834,8.386124,2350.0,119,,,RGI60-11.01238,-794.901678509765,5159252.188037126,99,192,0099_0192
274,2008-07-23,2008-07-23,46.586832,8.386163,2350.0,120,,,RGI60-11.01238,-791.9139314746603,5159251.965408193,99,192,0099_0192
274,2008-07-23,2008-07-23,46.586831,8.386202,2350.0,122,,,RGI60-11.01238,-788.9261697117122,5159251.85389905,99,192,0099_0192
274,2008-07-23,2008-07-23,46.586829,8.386241,2350.0,123,,,RGI60-11.01238,-785.9384222918427,5159251.631273073,99,192,0099_0192
274,2008-07-23,2008-07-23,46.586825,8.38628,2350.0,124,,,RGI60-11.01238,-782.9507034481387,5159251.186411946,99,192,0099_0192
274,2008-07-23,2008-07-23,46.586822,8.386319,2350.0,126,,,RGI60-11.01238,-779.9629698216485,5159250.852670608,99,192,0099_0192
274,2008-07-23,2008-07-23,46.586818,8.386358,2350.0,127,,,RGI60-11.01238,-776.975250153752,5159250.407812436,99,192,0099_0192
274,2008-07-23,2008-07-23,46.586813,8.386396,2350.0,128,,,RGI60-11.01238,-774.0641539539239,5159249.85184724,99,192,0099_0192
274,2008-07-23,2008-07-23,46.586808,8.386435,2350.0,129,,,RGI60-11.01238,-771.0764475370115,5159249.295873671,99,192,0099_0192
274,2008-07-23,2008-07-23,46.586803,8.386473,2350.0,130,,,RGI60-11.01238,-768.1653502594039,5159248.739911319,99,192,0099_0192
274,2008-07-23,2008-07-23,46.586796,8.386511,2350.0,130,,,RGI60-11.01238,-765.2542805915097,5159247.961713743,100,192,0100_0192
274,2008-07-23,2008-07-23,46.58679,8.386549,2350.0,131,,,RGI60-11.01238,-762.3431961550403,5159247.294635884,100,193,0100_0193
274,2008-07-23,2008-07-23,46.586784,8.386587,2350.0,132,,,RGI60-11.01238,-759.4321110762547,5159246.62755943,100,193,0100_0193
274,2008-07-23,2008-07-23,46.586777,8.386625,2350.0,132,,,RGI60-11.01238,-756.5210392667814,5159245.849366063,100,193,0100_0193
274,2008-07-23,2008-07-23,46.58677,8.386663,2350.0,133,,,RGI60-11.01238,-753.6099667077983,5159245.071174102,100,193,0100_0193
274,2008-07-23,2008-07-23,46.586763,8.3867,2350.0,133,,,RGI60-11.01238,-750.775503144666,5159244.292993061,100,193,0100_0193
274,2008-07-23,2008-07-23,46.586756,8.386738,2350.0,134,,,RGI60-11.01238,-747.8644290966487,5159243.51480387,100,193,0100_0193
274,2008-07-23,2008-07-23,46.586748,8.386776,2350.0,135,,,RGI60-11.01238,-744.9533679981375,5159242.6254977705,100,193,0100_0193
274,2008-07-23,2008-07-23,46.586742,8.386814,2350.0,136,,,RGI60-11.01238,-742.0422787519661,5159241.958429698,100,193,0100_0193
274,2008-07-23,2008-07-23,46.586735,8.386852,2350.0,137,,,RGI60-11.01238,-739.1312024553011,5159241.180244716,100,193,0100_0193
274,2008-07-23,2008-07-23,46.586729,8.38689,2350.0,137,,,RGI60-11.01238,-736.2201118707209,5159240.51317945,100,193,0100_0193
274,2008-07-23,2008-07-23,46.586723,8.386928,2350.0,137,,,RGI60-11.01238,-733.3090206435816,5159239.846115587,100,193,0100_0193
274,2008-07-23,2008-07-23,46.586985,8.388895,2346.0,160,,,RGI60-11.01238,-582.6147339599697,5159268.942705427,102,192,0102_0192
274,2008-07-23,2008-07-23,46.586984,8.388934,2346.0,159,,,RGI60-11.01238,-579.6269767534457,5159268.831299772,102,192,0102_0192
274,2008-07-23,2008-07-23,46.586985,8.388973,2346.0,159,,,RGI60-11.01238,-576.6391982289155,5159268.942132225,102,192,0102_0192
274,2008-07-23,2008-07-23,46.586985,8.389012,2346.0,159,,,RGI60-11.01238,-573.6514303634887,5159268.941847839,102,192,0102_0192
274,2008-07-23,2008-07-23,46.586987,8.389051,2345.0,159,,,RGI60-11.01238,-570.6636415094711,5159269.163801568,102,192,0102_0192
274,2008-07-23,2008-07-23,46.586989,8.38909,2345.0,159,,,RGI60-11.01238,-567.6758528753334,5159269.38575677,103,192,0103_0192
274,2008-07-23,2008-07-23,46.586993,8.389129,2345.0,159,,,RGI60-11.01238,-564.6880436923921,5159269.829950085,103,192,0103_0192
274,2008-07-23,2008-07-23,46.586996,8.389168,2345.0,159,,,RGI60-11.01238,-561.7002452783189,5159270.16302656,103,192,0103_0192
274,2008-07-23,2008-07-23,46.587001,8.389206,2345.0,159,,,RGI60-11.01238,-558.7890360550686,5159270.71834823,103,192,0103_0192
274,2008-07-23,2008-07-23,46.587005,8.389245,2344.0,159,,,RGI60-11.01238,-555.8012281849593,5159271.162545941,103,192,0103_0192
274,2008-07-23,2008-07-23,46.58701,8.389283,2344.0,158,,,RGI60-11.01238,-552.8900199858742,5159271.717870455,103,192,0103_0192
274,2008-07-23,2008-07-23,46.587016,8.389322,2344.0,158,,,RGI60-11.01238,-549.9021928194824,5159272.384307715,103,192,0103_0192
274,2008-07-23,2008-07-23,46.587022,8.38936,2343.0,158,,,RGI60-11.01238,-546.9909756927774,5159273.0507533895,103,192,0103_0192
274,2008-07-23,2008-07-23,46.587028,8.389398,2343.0,158,,,RGI60-11.01238,-544.0797592083454,5159273.717200468,103,192,0103_0192
274,2008-07-23,2008-07-23,46.587035,8.389436,2343.0,158,,,RGI60-11.01238,-541.1685334146454,5159274.494767267,103,192,0103_0192
274,2008-07-23,2008-07-23,46.587041,8.389474,2342.0,157,,,RGI60-11.01238,-538.2573182685379,5159275.161217151,103,192,0103_0192
274,2008-07-23,2008-07-23,46.587048,8.389512,2342.0,157,,,RGI60-11.01238,-535.3460939201073,5159275.938786757,103,192,0103_0192
274,2008-07-23,2008-07-23,46.587054,8.38955,2342.0,157,,,RGI60-11.01238,-532.4348801124466,5159276.605239448,103,192,0103_0192
274,2008-07-23,2008-07-23,46.58706,8.389588,2342.0,157,,,RGI60-11.01238,-529.5236669470601,5159277.271693541,103,192,0103_0192
274,2008-07-23,2008-07-23,46.587065,8.389626,2342.0,156,,,RGI60-11.01238,-526.6124641083097,5159277.827030721,103,192,0103_0192
274,2008-07-23,2008-07-23,46.58707,8.389665,2342.0,155,,,RGI60-11.01238,-523.6246524919992,5159278.382362663,103,192,0103_0192
274,2008-07-23,2008-07-23,46.587074,8.389704,2342.0,155,,,RGI60-11.01238,-520.6368509995818,5159278.826577766,103,192,0103_0192
274,2008-07-23,2008-07-23,46.587078,8.389742,2342.0,155,,,RGI60-11.01238,-517.7256592479494,5159279.270800908,103,192,0103_0192
274,2008-07-23,2008-07-23,46.58708,8.389781,2342.0,154,,,RGI60-11.01238,-514.7378775604718,5159279.492782291,103,192,0103_0192
274,2008-07-23,2008-07-23,46.587082,8.38982,2342.0,154,,,RGI60-11.01238,-511.75009609251055,5159279.714765151,103,192,0103_0192
274,2008-07-23,2008-07-23,46.587084,8.389859,2342.0,154,,,RGI60-11.01238,-508.76231484443105,5159279.936749487,103,192,0103_0192
274,2008-07-23,2008-07-23,46.587085,8.389899,2341.0,154,,,RGI60-11.01238,-505.697933825523,5159280.047610571,103,192,0103_0192
274,2008-07-23,2008-07-23,46.587086,8.389938,2341.0,154,,,RGI60-11.01238,-502.71016220929096,5159280.1584795825,103,192,0103_0192
274,2008-07-23,2008-07-23,46.587086,8.389977,2341.0,154,,,RGI60-11.01238,-499.7223998928077,5159280.158231752,104,192,0104_0192
274,2008-07-23,2008-07-23,46.587086,8.390016,2341.0,154,,,RGI60-11.01238,-496.7346375761902,5159280.157985399,104,192,0104_0192
274,2008-07-23,2008-07-23,46.587085,8.390055,2341.0,154,,,RGI60-11.01238,-493.7468843391825,5159280.046622204,104,192,0104_0192
274,2008-07-23,2008-07-23,46.587085,8.390094,2341.0,154,,,RGI60-11.01238,-490.7591219677187,5159280.046378805,104,192,0104_0192
274,2008-07-23,2008-07-23,46.587084,8.390134,2341.0,153,,,RGI60-11.01238,-487.6947592729304,5159279.9350123815,104,192,0104_0192
274,2008-07-23,2008-07-23,46.587083,8.390173,2341.0,154,,,RGI60-11.01238,-484.70700575976,5159279.823653657,104,192,0104_0192
274,2008-07-23,2008-07-23,46.587082,8.390212,2340.0,154,,,RGI60-11.01238,-481.7192521369339,5159279.7122964095,104,192,0104_0192
274,2008-07-23,2008-07-23,46.587081,8.390251,2340.0,155,,,RGI60-11.01238,-478.73149840408746,5159279.600940638,104,192,0104_0192
274,2008-07-23,2008-07-23,46.58708,8.39029,2340.0,157,,,RGI60-11.01238,-475.74374456134194,5159279.489586347,104,192,0104_0192
274,2008-07-23,2008-07-23,46.587079,8.390329,2340.0,157,,,RGI60-11.01238,-472.7559906086977,5159279.3782335315,104,192,0104_0192
274,2008-07-23,2008-07-23,46.587077,8.390368,2340.0,158,,,RGI60-11.01238,-469.7682451848202,5159279.155763875,104,192,0104_0192
274,2008-07-23,2008-07-23,46.587077,8.390407,2340.0,158,,,RGI60-11.01238,-466.7804823737133,5159279.155532333,104,192,0104_0192
274,2008-07-23,2008-07-23,46.587076,8.390446,2340.0,158,,,RGI60-11.01238,-463.79272809125143,5159279.04418395,104,192,0104_0192
274,2008-07-23,2008-07-23,46.587075,8.390486,2340.0,158,,,RGI60-11.01238,-460.72836439352704,5159278.932831201,104,192,0104_0192
274,2008-07-23,2008-07-23,46.587074,8.390525,2340.0,159,,,RGI60-11.01238,-457.74060988985906,5159278.821485811,104,192,0104_0192
274,2008-07-23,2008-07-23,46.587073,8.390564,2340.0,159,,,RGI60-11.01238,-454.75285527641506,5159278.710141898,104,192,0104_0192
274,2008-07-23,2008-07-23,46.587073,8.390603,2340.0,159,,,RGI60-11.01238,-451.76509224535494,5159278.70991778,104,192,0104_0192
274,2008-07-23,2008-07-23,46.587072,8.390642,2340.0,159,,,RGI60-11.01238,-448.7773374670579,5159278.59857682,104,192,0104_0192
274,2008-07-23,2008-07-23,46.587071,8.390681,2340.0,158,,,RGI60-11.01238,-445.78958257874103,5159278.48723734,104,192,0104_0192
274,2008-07-23,2008-07-23,46.58707,8.39072,2340.0,157,,,RGI60-11.01238,-442.8018275807699,5159278.375899335,104,192,0104_0192
274,2008-07-23,2008-07-23,46.587069,8.390759,2339.0,156,,,RGI60-11.01238,-439.8140724727787,5159278.264562809,104,192,0104_0192
274,2008-07-23,2008-07-23,46.587066,8.390798,2338.0,154,,,RGI60-11.01238,-436.82633332089017,5159277.930991122,104,192,0104_0192
274,2008-07-23,2008-07-23,46.587063,8.390837,2338.0,153,,,RGI60-11.01238,-433.8385938393294,5159277.597420913,105,192,0105_0192
274,2008-07-23,2008-07-23,46.58706,8.390876,2337.0,150,,,RGI60-11.01238,-430.8508540280965,5159277.263852183,105,192,0105_0192
274,2008-07-23,2008-07-23,46.587057,8.390915,2337.0,148,,,RGI60-11.01238,-427.8631138871916,5159276.930284928,105,192,0105_0192
274,2008-07-23,2008-07-23,46.587058,8.390954,2338.0,146,,,RGI60-11.01238,-424.8753421635919,5159277.0411924245,105,192,0105_0192
274,2008-07-23,2008-07-23,46.587062,8.390992,2338.0,144,,,RGI60-11.01238,-421.96415659919023,5159277.485461703,105,192,0105_0192
274,2008-07-23,2008-07-23,46.587069,8.39103,2338.0,142,,,RGI60-11.01238,-419.0529483444581,5159278.263087341,105,192,0105_0192
274,2008-07-23,2008-07-23,46.587077,8.391068,2338.0,136,,,RGI60-11.01238,-416.14173318669117,5159279.151832698,105,192,0105_0192
274,2008-07-23,2008-07-23,46.587085,8.391105,2338.0,133,,,RGI60-11.01238,-413.3071281769834,5159280.040584699,105,192,0105_0192
274,2008-07-23,2008-07-23,46.587093,8.391143,2338.0,130,,,RGI60-11.01238,-410.39591472101625,5159280.929332828,105,192,0105_0192
274,2008-07-23,2008-07-23,46.587101,8.39118,2338.0,128,,,RGI60-11.01238,-407.56131139044675,5159281.818087527,105,192,0105_0192
274,2008-07-23,2008-07-23,46.587108,8.391218,2338.0,125,,,RGI60-11.01238,-404.65010707758796,5159282.595720108,105,192,0105_0192
274,2008-07-23,2008-07-23,46.587114,8.391256,2338.0,122,,,RGI60-11.01238,-401.7389109018497,5159283.262235773,105,192,0105_0192
274,2008-07-23,2008-07-23,46.587119,8.391295,2338.0,114,,,RGI60-11.01238,-398.7511134592481,5159283.817629465,105,192,0105_0192
274,2008-07-23,2008-07-23,46.587121,8.391333,2338.0,107,,,RGI60-11.01238,-395.83994764041813,5159284.039674694,105,192,0105_0192
274,2008-07-23,2008-07-23,46.587122,8.391372,2338.0,99,,,RGI60-11.01238,-392.8521800220787,5159284.150598026,105,192,0105_0192
274,2008-07-23,2008-07-23,46.587303,8.385027,2362.0,116,,,RGI60-11.01238,-878.9348786830592,5159304.314168473,98,192,0098_0192
274,2008-07-23,2008-07-23,46.587308,8.385066,2362.0,117,,,RGI60-11.01238,-875.9470477495895,5159304.869326227,98,192,0098_0192
274,2008-07-23,2008-07-23,46.587312,8.385104,2362.0,119,,,RGI60-11.01238,-873.0358423906976,5159305.3133782055,98,192,0098_0192
274,2008-07-23,2008-07-23,46.587318,8.385143,2362.0,120,,,RGI60-11.01238,-870.0479964944468,5159305.979657203,98,192,0098_0192
274,2008-07-23,2008-07-23,46.587323,8.385181,2362.0,121,,,RGI60-11.01238,-867.136776158443,5159306.534830346,98,192,0098_0192
274,2008-07-23,2008-07-23,46.587328,8.385219,2362.0,123,,,RGI60-11.01238,-864.2255563578817,5159307.090004894,98,192,0098_0192
274,2008-07-23,2008-07-23,46.587334,8.385258,2362.0,124,,,RGI60-11.01238,-861.2377123124743,5159307.756288249,98,192,0098_0192
274,2008-07-23,2008-07-23,46.58734,8.385296,2362.0,126,,,RGI60-11.01238,-858.3264778588208,5159308.422583962,98,192,0098_0192
274,2008-07-23,2008-07-23,46.587346,8.385334,2362.0,127,,,RGI60-11.01238,-855.4152440474325,5159309.088881079,98,192,0098_0192
274,2008-07-23,2008-07-23,46.587352,8.385372,2362.0,129,,,RGI60-11.01238,-852.5040108785541,5159309.755179601,98,192,0098_0192
274,2008-07-23,2008-07-23,46.587358,8.385411,2361.0,131,,,RGI60-11.01238,-849.5161694450816,5159310.421468754,98,192,0098_0192
274,2008-07-23,2008-07-23,46.587363,8.385449,2361.0,133,,,RGI60-11.01238,-846.6049531382014,5159310.976651792,98,192,0098_0192
274,2008-07-23,2008-07-23,46.587369,8.385487,2361.0,135,,,RGI60-11.01238,-843.6937218512849,5159311.64295456,98,192,0098_0192
274,2008-07-23,2008-07-23,46.587374,8.385526,2362.0,137,,,RGI60-11.01238,-840.705897784017,5159312.198129745,98,192,0098_0192
274,2008-07-23,2008-07-23,46.587378,8.385564,2362.0,138,,,RGI60-11.01238,-837.7946985504387,5159312.642198708,98,192,0098_0192
274,2008-07-23,2008-07-23,46.587383,8.385603,2362.0,140,,,RGI60-11.01238,-834.8068755201247,5159313.197376814,98,192,0098_0192
274,2008-07-23,2008-07-23,46.587387,8.385641,2362.0,141,,,RGI60-11.01238,-831.8956772022253,5159313.641448617,99,192,0099_0192
274,2008-07-23,2008-07-23,46.587391,8.38568,2362.0,141,,,RGI60-11.01238,-828.907870451963,5159314.085511313,99,191,0099_0191
274,2008-07-23,2008-07-23,46.587395,8.385719,2362.0,142,,,RGI60-11.01238,-825.9200641414687,5159314.529575488,99,191,0099_0191
274,2008-07-23,2008-07-23,46.587398,8.385758,2362.0,142,,,RGI60-11.01238,-822.9322734038335,5159314.862522816,99,191,0099_0191
274,2008-07-23,2008-07-23,46.587401,8.385797,2362.0,142,,,RGI60-11.01238,-819.9444829957156,5159315.195471621,99,191,0099_0191
274,2008-07-23,2008-07-23,46.587404,8.385836,2362.0,142,,,RGI60-11.01238,-816.9566929174803,5159315.528421905,99,191,0099_0191
274,2008-07-23,2008-07-23,46.587406,8.385875,2362.0,142,,,RGI60-11.01238,-813.9689181372673,5159315.75025534,99,191,0099_0191
274,2008-07-23,2008-07-23,46.587408,8.385914,2361.0,142,,,RGI60-11.01238,-810.9811435770516,5159315.972090253,99,191,0099_0191
274,2008-07-23,2008-07-23,46.58741,8.385953,2361.0,142,,,RGI60-11.01238,-807.9933692363455,5159316.193926643,99,191,0099_0191
274,2008-07-23,2008-07-23,46.587411,8.385992,2361.0,142,,,RGI60-11.01238,-805.0056099193122,5159316.304646185,99,191,0099_0191
274,2008-07-23,2008-07-23,46.587412,8.386031,2361.0,142,,,RGI60-11.01238,-802.0178507122674,5159316.415367205,99,191,0099_0191
274,2008-07-23,2008-07-23,46.587413,8.38607,2361.0,142,,,RGI60-11.01238,-799.0300916148466,5159316.526089702,99,191,0099_0191
274,2008-07-23,2008-07-23,46.587415,8.386109,2361.0,142,,,RGI60-11.01238,-796.042317988569,5159316.747932003,99,191,0099_0191
274,2008-07-23,2008-07-23,46.587415,8.386148,2361.0,142,,,RGI60-11.01238,-793.054573749849,5159316.747539129,99,191,0099_0191
274,2008-07-23,2008-07-23,46.587416,8.386187,2360.0,142,,,RGI60-11.01238,-790.0668149821513,5159316.858266059,99,191,0099_0191
274,2008-07-23,2008-07-23,46.587417,8.386227,2360.0,143,,,RGI60-11.01238,-787.0024475005692,5159316.9689844875,99,191,0099_0191
274,2008-07-23,2008-07-23,46.587418,8.386266,2360.0,143,,,RGI60-11.01238,-784.0146889538925,5159317.079714409,99,191,0099_0191
274,2008-07-23,2008-07-23,46.587419,8.386305,2360.0,143,,,RGI60-11.01238,-781.0269305173273,5159317.190445807,99,191,0099_0191
274,2008-07-23,2008-07-23,46.58742,8.386344,2360.0,144,,,RGI60-11.01238,-778.0391721905079,5159317.301178684,99,191,0099_0191
274,2008-07-23,2008-07-23,46.587421,8.386383,2360.0,144,,,RGI60-11.01238,-775.0514139734343,5159317.411913037,99,191,0099_0191
274,2008-07-23,2008-07-23,46.587422,8.386422,2359.0,145,,,RGI60-11.01238,-772.0636558664723,5159317.522648869,99,191,0099_0191
274,2008-07-23,2008-07-23,46.587423,8.386461,2359.0,146,,,RGI60-11.01238,-769.0758978691343,5159317.633386179,99,191,0099_0191
274,2008-07-23,2008-07-23,46.587424,8.3865,2359.0,146,,,RGI60-11.01238,-766.0881399819081,5159317.744124963,100,191,0100_0191
274,2008-07-23,2008-07-23,46.587426,8.386539,2359.0,147,,,RGI60-11.01238,-763.1003681711259,5159317.965983553,100,191,0100_0191
274,2008-07-23,2008-07-23,46.587427,8.386578,2359.0,148,,,RGI60-11.01238,-760.112610558457,5159318.076725294,100,191,0100_0191
274,2008-07-23,2008-07-23,46.58743,8.386618,2359.0,148,,,RGI60-11.01238,-757.0482164036274,5159318.409695562,100,191,0100_0191
274,2008-07-23,2008-07-23,46.587432,8.386656,2359.0,149,,,RGI60-11.01238,-754.1370540576739,5159318.631568182,100,191,0100_0191
274,2008-07-23,2008-07-23,46.587434,8.386696,2358.0,150,,,RGI60-11.01238,-751.0726743261031,5159318.853423158,100,191,0100_0191
274,2008-07-23,2008-07-23,46.587436,8.386734,2358.0,151,,,RGI60-11.01238,-748.1615124141473,5159319.075298655,100,191,0100_0191
274,2008-07-23,2008-07-23,46.587439,8.386773,2358.0,151,,,RGI60-11.01238,-745.1737282184956,5159319.408284435,100,191,0100_0191
274,2008-07-23,2008-07-23,46.587442,8.386812,2358.0,150,,,RGI60-11.01238,-742.1859443524856,5159319.7412716895,100,191,0100_0191
274,2008-07-23,2008-07-23,46.587446,8.386851,2358.0,150,,,RGI60-11.01238,-739.1981472224819,5159320.18537875,100,191,0100_0191
274,2008-07-23,2008-07-23,46.58745,8.38689,2358.0,150,,,RGI60-11.01238,-736.2103505321279,5159320.629487285,100,191,0100_0191
274,2008-07-23,2008-07-23,46.587453,8.386929,2358.0,150,,,RGI60-11.01238,-733.2225677648071,5159320.962478976,100,191,0100_0191
274,2008-07-23,2008-07-23,46.587458,8.386967,2358.0,150,,,RGI60-11.01238,-730.3113672356369,5159321.517718052,100,191,0100_0191
274,2008-07-23,2008-07-23,46.587463,8.387006,2358.0,150,,,RGI60-11.01238,-727.323558482958,5159322.072949311,100,191,0100_0191
274,2008-07-23,2008-07-23,46.587467,8.387044,2358.0,149,,,RGI60-11.01238,-724.4123723532226,5159322.517072903,100,191,0100_0191
274,2008-07-23,2008-07-23,46.587472,8.387083,2357.0,149,,,RGI60-11.01238,-721.4245646372628,5159323.072307078,100,191,0100_0191
274,2008-07-23,2008-07-23,46.587478,8.387121,2357.0,149,,,RGI60-11.01238,-718.5133529966882,5159323.738670168,100,191,0100_0191
274,2008-07-23,2008-07-23,46.587483,8.387159,2357.0,148,,,RGI60-11.01238,-715.6021551583585,5159324.293916335,100,191,0100_0191
274,2008-07-23,2008-07-23,46.587488,8.387198,2357.0,147,,,RGI60-11.01238,-712.6143491314958,5159324.849154867,100,191,0100_0191
274,2008-07-23,2008-07-23,46.587494,8.387236,2357.0,147,,,RGI60-11.01238,-709.7031393196108,5159325.515522202,100,191,0100_0191
274,2008-07-23,2008-07-23,46.5875,8.387274,2357.0,146,,,RGI60-11.01238,-706.7919301499987,5159326.181890943,100,191,0100_0191
274,2008-07-23,2008-07-23,46.587506,8.387312,2357.0,146,,,RGI60-11.01238,-703.880721622903,5159326.8482610835,100,191,0100_0191
274,2008-07-23,2008-07-23,46.587513,8.38735,2357.0,146,,,RGI60-11.01238,-700.9695008474283,5159327.625750956,100,191,0100_0191
274,2008-07-23,2008-07-23,46.587519,8.387388,2356.0,146,,,RGI60-11.01238,-698.058293658656,5159328.292123905,101,191,0101_0191
274,2008-07-23,2008-07-23,46.587525,8.387427,2356.0,146,,,RGI60-11.01238,-695.0704784404206,5159328.958489444,101,191,0101_0191
274,2008-07-23,2008-07-23,46.587531,8.387465,2356.0,146,,,RGI60-11.01238,-692.1592725447697,5159329.624865235,101,191,0101_0191
274,2008-07-23,2008-07-23,46.587538,8.387503,2356.0,146,,,RGI60-11.01238,-689.2480546165274,5159330.402360759,101,191,0101_0191
274,2008-07-23,2008-07-23,46.587544,8.387541,2356.0,146,,,RGI60-11.01238,-686.3368500592011,5159331.068739357,101,191,0101_0191
274,2008-07-23,2008-07-23,46.58755,8.387579,2356.0,146,,,RGI60-11.01238,-683.4256461443928,5159331.735119359,101,191,0101_0191
274,2008-07-23,2008-07-23,46.587556,8.387617,2356.0,147,,,RGI60-11.01238,-680.5144428718587,5159332.401500763,101,191,0101_0191
274,2008-07-23,2008-07-23,46.587562,8.387655,2356.0,147,,,RGI60-11.01238,-677.6032402418425,5159333.067883572,101,191,0101_0191
274,2008-07-23,2008-07-23,46.587568,8.387693,2356.0,148,,,RGI60-11.01238,-674.692038254101,5159333.734267782,101,191,0101_0191
274,2008-07-23,2008-07-23,46.587573,8.387732,2356.0,148,,,RGI60-11.01238,-671.7042406587892,5159334.289526553,101,191,0101_0191
274,2008-07-23,2008-07-23,46.587578,8.38777,2356.0,148,,,RGI60-11.01238,-668.793052209723,5159334.844795279,101,191,0101_0191
274,2008-07-23,2008-07-23,46.587583,8.387809,2356.0,149,,,RGI60-11.01238,-665.8052557060782,5159335.400056967,101,191,0101_0191
274,2008-07-23,2008-07-23,46.587587,8.387848,2355.0,149,,,RGI60-11.01238,-662.8174719409279,5159335.844201803,101,191,0101_0191
274,2008-07-23,2008-07-23,46.587591,8.387886,2356.0,149,,,RGI60-11.01238,-659.906297194068,5159336.288356486,101,191,0101_0191
274,2008-07-23,2008-07-23,46.587594,8.387925,2356.0,149,,,RGI60-11.01238,-656.9185263829447,5159336.6213859115,101,191,0101_0191
274,2008-07-23,2008-07-23,46.587597,8.387964,2355.0,149,,,RGI60-11.01238,-653.9307559013445,5159336.954416813,101,191,0101_0191
274,2008-07-23,2008-07-23,46.5876,8.388003,2355.0,148,,,RGI60-11.01238,-650.9429857496327,5159337.287449194,101,191,0101_0191
274,2008-07-23,2008-07-23,46.587602,8.388042,2355.0,148,,,RGI60-11.01238,-647.9552278430928,5159337.509364723,101,191,0101_0191
274,2008-07-23,2008-07-23,46.587603,8.388081,2355.0,148,,,RGI60-11.01238,-644.9674820173815,5159337.620163401,101,191,0101_0191
274,2008-07-23,2008-07-23,46.587604,8.38812,2355.0,148,,,RGI60-11.01238,-641.979736301298,5159337.730963556,101,191,0101_0191
274,2008-07-23,2008-07-23,46.587605,8.388159,2355.0,147,,,RGI60-11.01238,-638.9919906952075,5159337.8417651905,101,191,0101_0191
274,2008-07-23,2008-07-23,46.587605,8.388198,2355.0,147,,,RGI60-11.01238,-636.0042568951063,5159337.84144997,101,191,0101_0191
274,2008-07-23,2008-07-23,46.587604,8.388238,2355.0,147,,,RGI60-11.01238,-632.9399261754699,5159337.730009875,102,191,0102_0191
274,2008-07-23,2008-07-23,46.587604,8.388277,2355.0,146,,,RGI60-11.01238,-629.9521923201487,5159337.729697649,102,191,0102_0191
274,2008-07-23,2008-07-23,46.587602,8.388316,2355.0,146,,,RGI60-11.01238,-626.964481524565,5159337.507150242,102,191,0102_0191
274,2008-07-23,2008-07-23,46.5876,8.388355,2355.0,145,,,RGI60-11.01238,-623.9767705089458,5159337.284604313,102,191,0102_0191
274,2008-07-23,2008-07-23,46.587598,8.388394,2354.0,145,,,RGI60-11.01238,-620.9890592737785,5159337.062059861,102,191,0102_0191
274,2008-07-23,2008-07-23,46.587594,8.388433,2354.0,145,,,RGI60-11.01238,-618.0013705485411,5159336.617280229,102,191,0102_0191
274,2008-07-23,2008-07-23,46.587591,8.388471,2354.0,145,,,RGI60-11.01238,-615.0902786525236,5159336.283628202,102,191,0102_0191
274,2008-07-23,2008-07-23,46.587587,8.38851,2354.0,145,,,RGI60-11.01238,-612.1025891086064,5159335.838851485,102,191,0102_0191
274,2008-07-23,2008-07-23,46.587583,8.388549,2354.0,145,,,RGI60-11.01238,-609.114899125242,5159335.394076249,102,191,0102_0191
274,2008-07-23,2008-07-23,46.587578,8.388587,2353.0,144,,,RGI60-11.01238,-606.2038284459422,5159334.838191847,102,191,0102_0191
274,2008-07-23,2008-07-23,46.587573,8.388626,2353.0,144,,,RGI60-11.01238,-603.2161486270256,5159334.2823012,102,191,0102_0191
274,2008-07-23,2008-07-23,46.587568,8.388664,2352.0,143,,,RGI60-11.01238,-600.3050768699436,5159333.72641964,102,191,0102_0191
274,2008-07-23,2008-07-23,46.587563,8.388703,2352.0,143,,,RGI60-11.01238,-597.3173959592777,5159333.17053191,102,191,0102_0191
274,2008-07-23,2008-07-23,46.587557,8.388741,2351.0,143,,,RGI60-11.01238,-594.4063340554131,5159332.503534866,102,191,0102_0191
274,2008-07-23,2008-07-23,46.587551,8.388779,2351.0,142,,,RGI60-11.01238,-591.495271508986,5159331.836539225,102,191,0102_0191
274,2008-07-23,2008-07-23,46.587545,8.388817,2350.0,142,,,RGI60-11.01238,-588.5842083202405,5159331.1695449855,102,191,0102_0191
274,2008-07-23,2008-07-23,46.587539,8.388855,2350.0,143,,,RGI60-11.01238,-585.6731444889327,5159330.502552152,102,191,0102_0191
274,2008-07-23,2008-07-23,46.587533,8.388894,2350.0,143,,,RGI60-11.01238,-582.685471354826,5159329.835553332,102,191,0102_0191
274,2008-07-23,2008-07-23,46.587527,8.388932,2350.0,144,,,RGI60-11.01238,-579.7744062301849,5159329.168563342,102,191,0102_0191
274,2008-07-23,2008-07-23,46.587521,8.38897,2350.0,145,,,RGI60-11.01238,-576.8633404631046,5159328.501574753,102,191,0102_0191
274,2008-07-23,2008-07-23,46.587515,8.389008,2350.0,146,,,RGI60-11.01238,-573.9522740537064,5159327.834587568,102,191,0102_0191
274,2008-07-23,2008-07-23,46.587509,8.389046,2349.0,147,,,RGI60-11.01238,-571.0412070017472,5159327.167601787,102,191,0102_0191
274,2008-07-23,2008-07-23,46.587504,8.389085,2349.0,147,,,RGI60-11.01238,-568.0535201584875,5159326.611728532,103,191,0103_0191
274,2008-07-23,2008-07-23,46.587498,8.389123,2349.0,147,,,RGI60-11.01238,-565.1424518667328,5159325.944745593,103,191,0103_0191
274,2008-07-23,2008-07-23,46.587493,8.389161,2349.0,148,,,RGI60-11.01238,-562.2313725933755,5159325.388882385,103,191,0103_0191
274,2008-07-23,2008-07-23,46.587488,8.3892,2349.0,148,,,RGI60-11.01238,-559.2436840606484,5159324.833013489,103,191,0103_0191
274,2008-07-23,2008-07-23,46.587483,8.389238,2348.0,148,,,RGI60-11.01238,-556.3326037095128,5159324.277153123,103,191,0103_0191
274,2008-07-23,2008-07-23,46.587478,8.389277,2348.0,148,,,RGI60-11.01238,-553.344914085041,5159323.721287144,103,191,0103_0191
274,2008-07-23,2008-07-23,46.587474,8.389315,2348.0,148,,,RGI60-11.01238,-550.4338225338026,5159323.276547949,103,191,0103_0191
274,2008-07-23,2008-07-23,46.58747,8.389354,2348.0,148,,,RGI60-11.01238,-547.4461218049067,5159322.831803214,103,191,0103_0191
274,2008-07-23,2008-07-23,46.587466,8.389393,2348.0,149,,,RGI60-11.01238,-544.4584206365663,5159322.387059957,103,191,0103_0191
274,2008-07-23,2008-07-23,46.587462,8.389432,2348.0,150,,,RGI60-11.01238,-541.4707190287819,5159321.942318177,103,191,0103_0191
274,2008-07-23,2008-07-23,46.587459,8.38947,2348.0,152,,,RGI60-11.01238,-538.559615843379,5159321.608703029,103,191,0103_0191
274,2008-07-23,2008-07-23,46.587455,8.389509,2348.0,153,,,RGI60-11.01238,-535.571913416921,5159321.163964166,103,191,0103_0191
274,2008-07-23,2008-07-23,46.587452,8.389548,2348.0,155,,,RGI60-11.01238,-532.5842007568291,5159320.830345107,103,191,0103_0191
274,2008-07-23,2008-07-23,46.587449,8.389587,2347.0,156,,,RGI60-11.01238,-529.5964877670606,5159320.496727526,103,191,0103_0191
274,2008-07-23,2008-07-23,46.587446,8.389626,2347.0,157,,,RGI60-11.01238,-526.608774447615,5159320.163111423,103,191,0103_0191
274,2008-07-23,2008-07-23,46.587443,8.389665,2347.0,158,,,RGI60-11.01238,-523.6210607983708,5159319.829496797,103,191,0103_0191
274,2008-07-23,2008-07-23,46.58744,8.389704,2347.0,158,,,RGI60-11.01238,-520.6333468196935,5159319.495883648,103,191,0103_0191
274,2008-07-23,2008-07-23,46.587437,8.389743,2347.0,158,,,RGI60-11.01238,-517.6456325112176,5159319.1622719765,103,191,0103_0191
274,2008-07-23,2008-07-23,46.587434,8.389781,2347.0,157,,,RGI60-11.01238,-514.7345266730274,5159318.828668309,103,191,0103_0191
274,2008-07-23,2008-07-23,46.587431,8.38982,2346.0,155,,,RGI60-11.01238,-511.74681170930364,5159318.495059554,103,191,0103_0191
274,2008-07-23,2008-07-23,46.587428,8.389859,2346.0,153,,,RGI60-11.01238,-508.7590964160255,5159318.161452279,103,191,0103_0191
274,2008-07-23,2008-07-23,46.587425,8.389898,2346.0,151,,,RGI60-11.01238,-505.7713807930711,5159317.82784648,103,191,0103_0191
274,2008-07-23,2008-07-23,46.587421,8.389937,2346.0,149,,,RGI60-11.01238,-502.7836740864755,5159317.383123833,103,191,0103_0191
274,2008-07-23,2008-07-23,46.587417,8.389976,2345.0,147,,,RGI60-11.01238,-499.79596694031557,5159316.938402664,104,191,0104_0191
274,2008-07-23,2008-07-23,46.587414,8.390014,2345.0,145,,,RGI60-11.01238,-496.88485904646296,5159316.604807596,104,191,0104_0191
274,2008-07-23,2008-07-23,46.58741,8.390053,2345.0,144,,,RGI60-11.01238,-493.8971510818762,5159316.160089344,104,191,0104_0191
274,2008-07-23,2008-07-23,46.587405,8.390092,2345.0,143,,,RGI60-11.01238,-490.90945170527004,5159315.604254245,104,191,0104_0191
274,2008-07-23,2008-07-23,46.587401,8.39013,2344.0,143,,,RGI60-11.01238,-487.99835165282286,5159315.159545135,104,191,0104_0191
274,2008-07-23,2008-07-23,46.587396,8.390169,2344.0,143,,,RGI60-11.01238,-485.0106512393004,5159314.603712953,104,191,0104_0191
274,2008-07-23,2008-07-23,46.587391,8.390207,2343.0,143,,,RGI60-11.01238,-482.0995591367479,5159314.047888361,104,191,0104_0191
274,2008-07-23,2008-07-23,46.587386,8.390246,2343.0,143,,,RGI60-11.01238,-479.11185763148677,5159313.492059097,104,192,0104_0192
274,2008-07-23,2008-07-23,46.587381,8.390284,2343.0,143,,,RGI60-11.01238,-476.20076445116325,5159312.936237348,104,192,0104_0192
274,2008-07-23,2008-07-23,46.587375,8.390322,2342.0,142,,,RGI60-11.01238,-473.28967943923374,5159312.269298677,104,192,0104_0192
274,2008-07-23,2008-07-23,46.587369,8.390361,2342.0,141,,,RGI60-11.01238,-470.3019848932087,5159311.602355447,104,192,0104_0192
274,2008-07-23,2008-07-23,46.587363,8.390399,2341.0,139,,,RGI60-11.01238,-467.39089858795745,5159310.93541962,104,192,0104_0192
274,2008-07-23,2008-07-23,46.587358,8.390437,2341.0,134,,,RGI60-11.01238,-464.4798030985305,5159310.37960352,104,192,0104_0192
274,2008-07-23,2008-07-23,46.587352,8.390475,2340.0,128,,,RGI60-11.01238,-461.56871556194716,5159309.712670499,104,192,0104_0192
274,2008-07-23,2008-07-23,46.587346,8.390514,2340.0,127,,,RGI60-11.01238,-458.58101845898693,5159309.045733067,104,192,0104_0192
274,2008-07-23,2008-07-23,46.587341,8.390552,2340.0,126,,,RGI60-11.01238,-455.66992124935706,5159308.489921214,104,192,0104_0192
274,2008-07-23,2008-07-23,46.587335,8.39059,2340.0,124,,,RGI60-11.01238,-452.75883183055544,5159307.822992439,104,192,0104_0192
274,2008-07-23,2008-07-23,46.58733,8.390629,2340.0,123,,,RGI60-11.01238,-449.77112455018084,5159307.267177689,104,192,0104_0192
274,2008-07-23,2008-07-23,46.587326,8.390667,2340.0,121,,,RGI60-11.01238,-446.8600174564182,5159306.822488403,104,192,0104_0192
274,2008-07-23,2008-07-23,46.587321,8.390706,2340.0,120,,,RGI60-11.01238,-443.87230913925276,5159306.26667657,104,192,0104_0192
274,2008-07-23,2008-07-23,46.587318,8.390745,2340.0,118,,,RGI60-11.01238,-440.88458405723605,5159305.933102864,104,192,0104_0192
274,2008-07-23,2008-07-23,46.587314,8.390784,2340.0,115,,,RGI60-11.01238,-437.8968666983022,5159305.4884123085,104,192,0104_0192
274,2008-07-23,2008-07-23,46.587312,8.390823,2340.0,114,,,RGI60-11.01238,-434.90913290418166,5159305.265959878,105,192,0105_0192
274,2008-07-23,2008-07-23,46.587311,8.390862,2340.0,113,,,RGI60-11.01238,-431.92139094740634,5159305.154627249,105,192,0105_0192
274,2008-07-23,2008-07-23,46.58731,8.390901,2340.0,111,,,RGI60-11.01238,-428.93364888073285,5159305.043296097,105,192,0105_0192
274,2008-07-23,2008-07-23,46.58731,8.39094,2340.0,110,,,RGI60-11.01238,-425.94589887117996,5159305.043084745,105,192,0105_0192
274,2008-07-23,2008-07-23,46.587311,8.390979,2340.0,108,,,RGI60-11.01238,-422.95814108357814,5159305.153993193,105,192,0105_0192
274,2008-07-23,2008-07-23,46.587313,8.391018,2340.0,105,,,RGI60-11.01238,-419.970375682636,5159305.376021442,105,192,0105_0192
274,2008-07-23,2008-07-23,46.587316,8.391057,2339.0,103,,,RGI60-11.01238,-416.9826028335494,5159305.709169491,105,192,0105_0192
274,2008-07-23,2008-07-23,46.587318,8.391076,2339.0,101,,,RGI60-11.01238,-415.5270171938597,5159305.931305868,105,192,0105_0192
274,2008-07-23,2008-07-23,46.582427,8.384106,2273.0,54,,,RGI60-11.01238,-949.5768886355868,5158762.512133202,97,200,0097_0200
274,2008-07-23,2008-07-23,46.582426,8.384145,2274.0,58,,,RGI60-11.01238,-946.5888877547633,5158762.400546223,97,200,0097_0200
274,2008-07-23,2008-07-23,46.582426,8.384184,2274.0,62,,,RGI60-11.01238,-943.6008694146743,5158762.400078949,97,200,0097_0200
274,2008-07-23,2008-07-23,46.582425,8.384223,2274.0,66,,,RGI60-11.01238,-940.6128683691076,5158762.288494924,97,200,0097_0200
274,2008-07-23,2008-07-23,46.582423,8.384262,2274.0,70,,,RGI60-11.01238,-937.6248844532464,5158762.065794149,97,200,0097_0200
274,2008-07-23,2008-07-23,46.582422,8.384301,2274.0,73,,,RGI60-11.01238,-934.6368831329371,5158761.95421308,97,200,0097_0200
274,2008-07-23,2008-07-23,46.58242,8.38434,2274.0,76,,,RGI60-11.01238,-931.6488988324536,5158761.73151526,97,200,0097_0200
274,2008-07-23,2008-07-23,46.582418,8.384379,2274.0,78,,,RGI60-11.01238,-928.6609143121896,5158761.508818918,97,200,0097_0200
274,2008-07-23,2008-07-23,46.582416,8.384418,2274.0,80,,,RGI60-11.01238,-925.6729295721448,5158761.2861240525,97,200,0097_0200
274,2008-07-23,2008-07-23,46.582413,8.384457,2274.0,81,,,RGI60-11.01238,-922.6849615772281,5158760.952312437,97,200,0097_0200
274,2008-07-23,2008-07-23,46.58241,8.384496,2273.0,83,,,RGI60-11.01238,-919.696993252651,5158760.6185023,97,200,0097_0200
274,2008-07-23,2008-07-23,46.582407,8.384535,2273.0,84,,,RGI60-11.01238,-916.7090245984147,5158760.284693641,97,200,0097_0200
274,2008-07-23,2008-07-23,46.582403,8.384574,2273.0,85,,,RGI60-11.01238,-913.7210724144848,5158759.839768229,97,200,0097_0200
274,2008-07-23,2008-07-23,46.5824,8.384613,2273.0,87,,,RGI60-11.01238,-910.7331030461108,5158759.505962525,97,200,0097_0200
274,2008-07-23,2008-07-23,46.582396,8.384651,2273.0,88,,,RGI60-11.01238,-907.8217659352429,5158759.061051578,97,200,0097_0200
274,2008-07-23,2008-07-23,46.582391,8.38469,2273.0,89,,,RGI60-11.01238,-904.8338291300677,5158758.505012337,97,200,0097_0200
274,2008-07-23,2008-07-23,46.582387,8.384729,2273.0,91,,,RGI60-11.01238,-901.8458751937363,5158758.060092798,97,200,0097_0200
274,2008-07-23,2008-07-23,46.582382,8.384767,2273.0,92,,,RGI60-11.01238,-898.9345532615866,5158757.504067907,97,200,0097_0200
274,2008-07-23,2008-07-23,46.582377,8.384806,2272.0,93,,,RGI60-11.01238,-895.9466148701359,5158756.948033061,98,200,0098_0200
274,2008-07-23,2008-07-23,46.582372,8.384844,2273.0,95,,,RGI60-11.01238,-893.0352918602784,5158756.392011014,98,200,0098_0200
274,2008-07-23,2008-07-23,46.582367,8.384882,2273.0,96,,,RGI60-11.01238,-890.1239683149681,5158755.835990368,98,200,0098_0200
274,2008-07-23,2008-07-23,46.582362,8.384921,2273.0,97,,,RGI60-11.01238,-887.136028289225,5158755.27995988,98,200,0098_0200
274,2008-07-23,2008-07-23,46.582356,8.384959,2273.0,98,,,RGI60-11.01238,-884.2247199240578,5158754.612823851,98,200,0098_0200
274,2008-07-23,2008-07-23,46.582351,8.384997,2273.0,100,,,RGI60-11.01238,-881.3133947121775,5158754.056807453,98,200,0098_0200
274,2008-07-23,2008-07-23,46.582346,8.385036,2273.0,102,,,RGI60-11.01238,-878.3254529975684,5158753.500781322,98,200,0098_0200
274,2008-07-23,2008-07-23,46.582341,8.385074,2273.0,103,,,RGI60-11.01238,-875.4141267079826,5158752.944767766,98,200,0098_0200
274,2008-07-23,2008-07-23,46.582336,8.385113,2273.0,105,,,RGI60-11.01238,-872.426183901458,5158752.388744552,98,200,0098_0200
274,2008-07-23,2008-07-23,46.582332,8.385152,2273.0,107,,,RGI60-11.01238,-869.4382245596705,5158751.943841043,98,200,0098_0200
274,2008-07-23,2008-07-23,46.582327,8.38519,2273.0,108,,,RGI60-11.01238,-866.5268967036586,5158751.387831769,98,200,0098_0200
274,2008-07-23,2008-07-23,46.582324,8.385229,2274.0,109,,,RGI60-11.01238,-863.5389205559965,5158751.054049403,98,200,0098_0200
274,2008-07-23,2008-07-23,46.582321,8.385268,2274.0,110,,,RGI60-11.01238,-860.5509440787985,5158750.720268514,98,200,0098_0200
274,2008-07-23,2008-07-23,46.582318,8.385307,2274.0,110,,,RGI60-11.01238,-857.5629672720643,5158750.386489104,98,200,0098_0200
274,2008-07-23,2008-07-23,46.582316,8.385346,2275.0,111,,,RGI60-11.01238,-854.5749744228756,5158750.163829396,98,200,0098_0200
274,2008-07-23,2008-07-23,46.582315,8.385385,2275.0,111,,,RGI60-11.01238,-851.5869656965376,5158750.05228939,98,200,0098_0200
274,2008-07-23,2008-07-23,46.582315,8.385424,2275.0,111,,,RGI60-11.01238,-848.5989412573822,5158750.051869089,98,200,0098_0200
274,2008-07-23,2008-07-23,46.582315,8.385463,2276.0,112,,,RGI60-11.01238,-845.6109168183269,5158750.051450263,98,200,0098_0200
274,2008-07-23,2008-07-23,46.582316,8.385502,2276.0,113,,,RGI60-11.01238,-842.6228768864536,5158750.162151139,98,200,0098_0200
274,2008-07-23,2008-07-23,46.582318,8.385541,2277.0,113,,,RGI60-11.01238,-839.6348216265783,5158750.383971722,98,200,0098_0200
274,2008-07-23,2008-07-23,46.58232,8.38558,2277.0,114,,,RGI60-11.01238,-836.6467665865587,5158750.605793779,98,200,0098_0200
274,2008-07-23,2008-07-23,46.582324,8.385619,2278.0,115,,,RGI60-11.01238,-833.6586811100653,5158751.049853767,98,200,0098_0200
274,2008-07-23,2008-07-23,46.582328,8.385658,2278.0,115,,,RGI60-11.01238,-830.6705960731807,5158751.493915231,99,200,0099_0200
274,2008-07-23,2008-07-23,46.582332,8.385696,2279.0,116,,,RGI60-11.01238,-827.7591274631567,5158751.937988668,99,200,0099_0200
274,2008-07-23,2008-07-23,46.582337,8.385735,2279.0,117,,,RGI60-11.01238,-824.7710281349132,5158752.493171275,99,200,0099_0200
274,2008-07-23,2008-07-23,46.582342,8.385773,2280.0,118,,,RGI60-11.01238,-821.8595453294423,5158753.048365778,99,200,0099_0200
274,2008-07-23,2008-07-23,46.582348,8.385812,2280.0,119,,,RGI60-11.01238,-818.8714320368939,5158753.714669533,99,200,0099_0200
274,2008-07-23,2008-07-23,46.582354,8.38585,2280.0,119,,,RGI60-11.01238,-815.9599353599687,5158754.380985108,99,200,0099_0200
274,2008-07-23,2008-07-23,46.58236,8.385888,2281.0,120,,,RGI60-11.01238,-813.0484393252573,5158755.047302084,99,200,0099_0200
274,2008-07-23,2008-07-23,46.582365,8.385926,2281.0,120,,,RGI60-11.01238,-810.1369588285276,5158755.602502238,99,200,0099_0200
274,2008-07-23,2008-07-23,46.58237,8.385965,2281.0,120,,,RGI60-11.01238,-807.1488629331085,5158756.157693562,99,200,0099_0200
274,2008-07-23,2008-07-23,46.582375,8.386003,2282.0,119,,,RGI60-11.01238,-804.2373835138565,5158756.712896559,99,200,0099_0200
274,2008-07-23,2008-07-23,46.58238,8.386042,2282.0,119,,,RGI60-11.01238,-801.2492887103664,5158757.268090801,99,200,0099_0200
274,2008-07-23,2008-07-23,46.582384,8.38608,2283.0,119,,,RGI60-11.01238,-798.3378250473044,5158757.712178413,99,200,0099_0200
274,2008-07-23,2008-07-23,46.582388,8.386119,2283.0,118,,,RGI60-11.01238,-795.3497459040926,5158758.156257346,99,200,0099_0200
274,2008-07-23,2008-07-23,46.582392,8.386158,2283.0,118,,,RGI60-11.01238,-792.3616672003701,5158758.600337757,99,200,0099_0200
274,2008-07-23,2008-07-23,46.582395,8.386197,2284.0,117,,,RGI60-11.01238,-789.3736034500337,5158758.933301418,99,200,0099_0200
274,2008-07-23,2008-07-23,46.582398,8.386236,2284.0,117,,,RGI60-11.01238,-786.3855400290664,5158759.2662665555,99,200,0099_0200
274,2008-07-23,2008-07-23,46.5824,8.386275,2284.0,116,,,RGI60-11.01238,-783.397491341732,5158759.488114945,99,200,0099_0200
274,2008-07-23,2008-07-23,46.582401,8.386314,2284.0,116,,,RGI60-11.01238,-780.4094572230935,5158759.598846583,99,200,0099_0200
274,2008-07-23,2008-07-23,46.582403,8.386353,2285.0,115,,,RGI60-11.01238,-777.4214089202926,5158759.820697926,99,200,0099_0200
274,2008-07-23,2008-07-23,46.582404,8.386392,2285.0,115,,,RGI60-11.01238,-774.4333750761878,5158759.931432518,99,200,0099_0200
274,2008-07-23,2008-07-23,46.582405,8.386431,2285.0,114,,,RGI60-11.01238,-771.4453413421855,5158760.042168589,99,200,0099_0200
274,2008-07-23,2008-07-23,46.582406,8.38647,2286.0,114,,,RGI60-11.01238,-768.4573077179202,5158760.1529061375,99,200,0099_0200
274,2008-07-23,2008-07-23,46.582406,8.386509,2286.0,113,,,RGI60-11.01238,-765.4692882777794,5158760.152526936,100,200,0100_0200
274,2008-07-23,2008-07-23,46.582406,8.386548,2286.0,113,,,RGI60-11.01238,-762.4812688376193,5158760.152149212,100,200,0100_0200
274,2008-07-23,2008-07-23,46.582407,8.386588,2287.0,112,,,RGI60-11.01238,-759.4166195513205,5158760.262881564,100,200,0100_0200
274,2008-07-23,2008-07-23,46.582407,8.386627,2287.0,112,,,RGI60-11.01238,-756.4286001660613,5158760.262506831,100,200,0100_0200
274,2008-07-23,2008-07-23,46.582408,8.386666,2287.0,111,,,RGI60-11.01238,-753.4405669276823,5158760.373251803,100,200,0100_0200
274,2008-07-23,2008-07-23,46.582409,8.386705,2288.0,111,,,RGI60-11.01238,-750.4525337992845,5158760.483998253,100,200,0100_0200
274,2008-07-23,2008-07-23,46.582411,8.386744,2288.0,110,,,RGI60-11.01238,-747.464487037279,5158760.705864407,100,200,0100_0200
274,2008-07-23,2008-07-23,46.582412,8.386783,2288.0,109,,,RGI60-11.01238,-744.4764541834168,5158760.816613813,100,200,0100_0200
274,2008-07-23,2008-07-23,46.582415,8.386822,2288.0,108,,,RGI60-11.01238,-741.488394172722,5158761.149601149,100,200,0100_0200
274,2008-07-23,2008-07-23,46.582418,8.386861,2289.0,108,,,RGI60-11.01238,-738.5003344916414,5158761.482589964,100,200,0100_0200
274,2008-07-23,2008-07-23,46.582421,8.3869,2289.0,107,,,RGI60-11.01238,-735.5122751401749,5158761.815580256,100,200,0100_0200
274,2008-07-23,2008-07-23,46.582425,8.386939,2289.0,106,,,RGI60-11.01238,-732.5242026497916,5158762.259690254,100,200,0100_0200
274,2008-07-23,2008-07-23,46.582429,8.386977,2289.0,106,,,RGI60-11.01238,-729.6127464496453,5158762.703810977,100,200,0100_0200
274,2008-07-23,2008-07-23,46.582434,8.387016,2289.0,105,,,RGI60-11.01238,-726.6246614725459,5158763.2590421215,100,200,0100_0200
274,2008-07-23,2008-07-23,46.58244,8.387054,2290.0,105,,,RGI60-11.01238,-723.713179574818,5158763.925402144,100,200,0100_0200
274,2008-07-23,2008-07-23,46.582445,8.387092,2290.0,105,,,RGI60-11.01238,-720.801711572435,5158764.480645343,100,200,0100_0200
274,2008-07-23,2008-07-23,46.582451,8.38713,2290.0,105,,,RGI60-11.01238,-717.8902309058578,5158765.147008172,100,200,0100_0200
274,2008-07-23,2008-07-23,46.582457,8.387169,2290.0,105,,,RGI60-11.01238,-714.90213507056,5158765.813363341,100,200,0100_0200
274,2008-07-23,2008-07-23,46.582463,8.387207,2291.0,104,,,RGI60-11.01238,-711.9906556971151,5158766.4797290135,100,200,0100_0200
274,2008-07-23,2008-07-23,46.582468,8.387245,2291.0,104,,,RGI60-11.01238,-709.0791900036126,5158767.034977862,100,200,0100_0200
274,2008-07-23,2008-07-23,46.582473,8.387284,2292.0,104,,,RGI60-11.01238,-706.0911090566256,5158767.590219159,100,200,0100_0200
274,2008-07-23,2008-07-23,46.582477,8.387322,2292.0,103,,,RGI60-11.01238,-703.1796573697429,5158768.034352619,100,200,0100_0200
274,2008-07-23,2008-07-23,46.58248,8.387361,2292.0,103,,,RGI60-11.01238,-700.1916032075378,5158768.36736038,101,200,0101_0200
274,2008-07-23,2008-07-23,46.582481,8.3874,2293.0,102,,,RGI60-11.01238,-697.203575013462,5158768.478133159,101,200,0101_0200
274,2008-07-23,2008-07-23,46.582482,8.38744,2293.0,101,,,RGI60-11.01238,-694.1389311530345,5158768.588898613,101,200,0101_0200
274,2008-07-23,2008-07-23,46.58248,8.387478,2294.0,100,,,RGI60-11.01238,-691.2275570822972,5158768.36632846,101,200,0101_0200
274,2008-07-23,2008-07-23,46.582478,8.387518,2294.0,98,,,RGI60-11.01238,-688.1629512342116,5158768.1437422605,101,200,0101_0200
274,2008-07-23,2008-07-23,46.582474,8.387556,2294.0,97,,,RGI60-11.01238,-685.2516019283145,5158767.698938527,101,200,0101_0200
274,2008-07-23,2008-07-23,46.582468,8.387595,2294.0,96,,,RGI60-11.01238,-682.2636614902741,5158767.031891092,101,200,0101_0200
274,2008-07-23,2008-07-23,46.582461,8.387632,2294.0,95,,,RGI60-11.01238,-679.4289644934203,5158766.25374413,101,200,0101_0200
274,2008-07-23,2008-07-23,46.582454,8.38767,2294.0,95,,,RGI60-11.01238,-676.5176509515439,5158765.475589923,101,200,0101_0200
274,2008-07-23,2008-07-23,46.582445,8.387707,2295.0,94,,,RGI60-11.01238,-673.6829772586851,5158764.475209203,101,200,0101_0200
274,2008-07-23,2008-07-23,46.582436,8.387744,2295.0,94,,,RGI60-11.01238,-670.8483026278474,5158763.474829813,101,200,0101_0200
274,2008-07-23,2008-07-23,46.582426,8.38778,2295.0,93,,,RGI60-11.01238,-668.0902551959347,5158762.363341996,101,200,0101_0200
274,2008-07-23,2008-07-23,46.582416,8.387817,2295.0,93,,,RGI60-11.01238,-665.2555908807803,5158761.251847007,101,200,0101_0200
274,2008-07-23,2008-07-23,46.582407,8.387853,2295.0,92,,,RGI60-11.01238,-662.4975292253323,5158760.251479974,101,200,0101_0200
274,2008-07-23,2008-07-23,46.582397,8.38789,2295.0,91,,,RGI60-11.01238,-659.6628628913287,5158759.139987611,101,200,0101_0200
274,2008-07-23,2008-07-23,46.582388,8.387926,2295.0,90,,,RGI60-11.01238,-656.9047993467583,5158758.139623134,101,200,0101_0200
274,2008-07-23,2008-07-23,46.582379,8.387964,2295.0,90,,,RGI60-11.01238,-653.9935030469408,5158757.1392433345,101,200,0101_0200
274,2008-07-23,2008-07-23,46.582371,8.388001,2296.0,89,,,RGI60-11.01238,-651.1588097450505,5158756.24999142,101,200,0101_0200
274,2008-07-23,2008-07-23,46.582364,8.388039,2296.0,89,,,RGI60-11.01238,-648.2474877465003,5158755.471850842,101,200,0101_0200
274,2008-07-23,2008-07-23,46.582357,8.388076,2296.0,88,,,RGI60-11.01238,-645.4127809504406,5158754.693719852,101,200,0101_0200
274,2008-07-23,2008-07-23,46.582352,8.388115,2296.0,88,,,RGI60-11.01238,-642.4248178769018,5158754.137810354,101,200,0101_0200
274,2008-07-23,2008-07-23,46.582348,8.388154,2296.0,87,,,RGI60-11.01238,-639.4368424972434,5158753.693020561,101,200,0101_0200
274,2008-07-23,2008-07-23,46.582346,8.388193,2296.0,86,,,RGI60-11.01238,-636.4488432739081,5158753.470468696,101,200,0101_0200
274,2008-07-23,2008-07-23,46.582344,8.388232,2296.0,86,,,RGI60-11.01238,-633.4608438307995,5158753.247918309,102,200,0102_0200
274,2008-07-23,2008-07-23,46.582344,8.388271,2296.0,86,,,RGI60-11.01238,-630.472820983651,5158753.247605853,102,200,0102_0200
274,2008-07-23,2008-07-23,46.582345,8.38831,2297.0,85,,,RGI60-11.01238,-627.4847865991701,5158753.358413098,102,200,0102_0200
274,2008-07-23,2008-07-23,46.582348,8.388349,2297.0,85,,,RGI60-11.01238,-624.4967293602817,5158753.6914582765,102,200,0102_0200
274,2008-07-23,2008-07-23,46.582351,8.388387,2297.0,84,,,RGI60-11.01238,-621.5852884114065,5158754.024512811,102,200,0102_0200
274,2008-07-23,2008-07-23,46.582357,8.388426,2298.0,83,,,RGI60-11.01238,-618.5971977060386,5158754.690915584,102,200,0102_0200
274,2008-07-23,2008-07-23,46.582363,8.388464,2298.0,82,,,RGI60-11.01238,-615.6857236035312,5158755.357327638,102,200,0102_0200
274,2008-07-23,2008-07-23,46.58237,8.388502,2298.0,81,,,RGI60-11.01238,-612.7742388767579,5158756.134859324,102,200,0102_0200
274,2008-07-23,2008-07-23,46.582379,8.388539,2298.0,81,,,RGI60-11.01238,-609.9393483940573,5158757.1346366,102,200,0102_0200
274,2008-07-23,2008-07-23,46.582387,8.388576,2298.0,81,,,RGI60-11.01238,-607.1044700120094,5158758.023296978,102,200,0102_0200
274,2008-07-23,2008-07-23,46.582396,8.388613,2298.0,81,,,RGI60-11.01238,-604.2695813536336,5158759.023076917,102,200,0102_0200
274,2008-07-23,2008-07-23,46.582406,8.38865,2298.0,80,,,RGI60-11.01238,-601.4346825749253,5158760.133976413,102,200,0102_0200
274,2008-07-23,2008-07-23,46.582415,8.388686,2299.0,80,,,RGI60-11.01238,-598.676411715358,5158761.133766602,102,200,0102_0200
274,2008-07-23,2008-07-23,46.582423,8.388724,2299.0,79,,,RGI60-11.01238,-595.764921006991,5158762.0224247165,102,200,0102_0200
274,2008-07-23,2008-07-23,46.582427,8.388742,2299.0,79,,,RGI60-11.01238,-594.3857918275626,5158762.466761835,102,200,0102_0200
274,2008-07-23,2008-07-23,46.582829,8.384223,2277.0,52,,,RGI60-11.01238,-940.6058813488204,5158807.180260507,97,199,0097_0199
274,2008-07-23,2008-07-23,46.582833,8.384262,2277.0,53,,,RGI60-11.01238,-937.6178161903196,5158807.624269132,97,199,0097_0199
274,2008-07-23,2008-07-23,46.582837,8.384301,2277.0,55,,,RGI60-11.01238,-934.6297514713071,5158808.068279233,97,199,0097_0199
274,2008-07-23,2008-07-23,46.58284,8.384339,2277.0,56,,,RGI60-11.01238,-931.7183195932431,5158808.401184387,97,199,0097_0199
274,2008-07-23,2008-07-23,46.582842,8.384378,2277.0,57,,,RGI60-11.01238,-928.7302898452695,5158808.622960933,97,199,0097_0199
274,2008-07-23,2008-07-23,46.582844,8.384417,2277.0,59,,,RGI60-11.01238,-925.7422603171509,5158808.8447389575,97,199,0097_0199
274,2008-07-23,2008-07-23,46.582844,8.384457,2277.0,60,,,RGI60-11.01238,-922.6776496754221,5158808.84427029,97,199,0097_0199
274,2008-07-23,2008-07-23,46.582845,8.384496,2277.0,61,,,RGI60-11.01238,-919.6896373896803,5158808.9549330715,97,199,0097_0199
274,2008-07-23,2008-07-23,46.582843,8.384535,2278.0,62,,,RGI60-11.01238,-916.7016757792488,5158808.732242621,97,199,0097_0199
274,2008-07-23,2008-07-23,46.582842,8.384574,2278.0,63,,,RGI60-11.01238,-913.7136971487024,5158808.620671884,97,199,0097_0199
274,2008-07-23,2008-07-23,46.582839,8.384613,2278.0,64,,,RGI60-11.01238,-910.7257518990405,5158808.2868661545,97,199,0097_0199
274,2008-07-23,2008-07-23,46.582836,8.384652,2277.0,65,,,RGI60-11.01238,-907.7378063194725,5158807.953061901,97,199,0097_0199
274,2008-07-23,2008-07-23,46.582832,8.38469,2277.0,67,,,RGI60-11.01238,-904.8264923287645,5158807.508152362,97,199,0097_0199
274,2008-07-23,2008-07-23,46.582828,8.384729,2277.0,68,,,RGI60-11.01238,-901.8385626211393,5158807.063232791,97,199,0097_0199
274,2008-07-23,2008-07-23,46.582823,8.384768,2277.0,70,,,RGI60-11.01238,-898.8506490010116,5158806.507196461,97,199,0097_0199
274,2008-07-23,2008-07-23,46.582818,8.384806,2277.0,72,,,RGI60-11.01238,-895.9393501339489,5158805.951172967,98,199,0098_0199
274,2008-07-23,2008-07-23,46.582814,8.384845,2277.0,74,,,RGI60-11.01238,-892.9514190033287,5158805.50625779,98,199,0098_0199
274,2008-07-23,2008-07-23,46.58281,8.384883,2277.0,76,,,RGI60-11.01238,-890.0401027472919,5158805.061355376,98,199,0098_0199
274,2008-07-23,2008-07-23,46.582807,8.384922,2277.0,79,,,RGI60-11.01238,-887.0521544333723,5158804.727561352,98,199,0098_0199
274,2008-07-23,2008-07-23,46.582805,8.384961,2277.0,81,,,RGI60-11.01238,-884.0641895347587,5158804.504887042,98,199,0098_0199
274,2008-07-23,2008-07-23,46.582804,8.385,2277.0,84,,,RGI60-11.01238,-881.0762082162718,5158804.393332442,98,199,0098_0199
274,2008-07-23,2008-07-23,46.582804,8.38504,2277.0,87,,,RGI60-11.01238,-878.0115953202719,5158804.392886425,98,199,0098_0199
274,2008-07-23,2008-07-23,46.582804,8.385079,2277.0,90,,,RGI60-11.01238,-875.0235977468299,5158804.392453056,98,199,0098_0199
274,2008-07-23,2008-07-23,46.582805,8.385118,2278.0,93,,,RGI60-11.01238,-872.0355841392563,5158804.503139396,98,199,0098_0199
274,2008-07-23,2008-07-23,46.582806,8.385157,2278.0,95,,,RGI60-11.01238,-869.0475706417833,5158804.6138272155,98,199,0098_0199
274,2008-07-23,2008-07-23,46.582808,8.385196,2278.0,97,,,RGI60-11.01238,-866.0595413299358,5158804.835634747,98,199,0098_0199
274,2008-07-23,2008-07-23,46.582809,8.385235,2278.0,99,,,RGI60-11.01238,-863.0715281069943,5158804.946325519,98,199,0098_0199
274,2008-07-23,2008-07-23,46.58281,8.385274,2278.0,100,,,RGI60-11.01238,-860.0835149939097,5158805.057017772,98,199,0098_0199
274,2008-07-23,2008-07-23,46.58281,8.385313,2279.0,101,,,RGI60-11.01238,-857.0955177498529,5158805.056593265,98,199,0098_0199
274,2008-07-23,2008-07-23,46.58281,8.385352,2279.0,102,,,RGI60-11.01238,-854.1075205058964,5158805.056170236,98,199,0098_0199
274,2008-07-23,2008-07-23,46.582809,8.385392,2279.0,102,,,RGI60-11.01238,-851.0429235956686,5158804.944619658,98,199,0098_0199
274,2008-07-23,2008-07-23,46.582808,8.385431,2279.0,102,,,RGI60-11.01238,-848.054941889429,5158804.833081386,98,199,0098_0199
274,2008-07-23,2008-07-23,46.582805,8.38547,2280.0,103,,,RGI60-11.01238,-845.0669911495381,5158804.499308122,98,199,0098_0199
274,2008-07-23,2008-07-23,46.582803,8.385509,2280.0,103,,,RGI60-11.01238,-842.0790245966813,5158804.276654569,98,199,0098_0199
274,2008-07-23,2008-07-23,46.582799,8.385547,2280.0,103,,,RGI60-11.01238,-839.1677040099197,5158803.831776663,98,199,0098_0199
274,2008-07-23,2008-07-23,46.582795,8.385586,2281.0,104,,,RGI60-11.01238,-836.179767659744,5158803.386889557,98,199,0098_0199
274,2008-07-23,2008-07-23,46.582791,8.385625,2281.0,105,,,RGI60-11.01238,-833.1918308700282,5158802.942003931,98,199,0098_0199
274,2008-07-23,2008-07-23,46.582785,8.385663,2281.0,106,,,RGI60-11.01238,-830.280539519422,5158802.274893835,99,199,0099_0199
274,2008-07-23,2008-07-23,46.58278,8.385701,2282.0,108,,,RGI60-11.01238,-827.3692323137114,5158801.7189033795,99,199,0099_0199
274,2008-07-23,2008-07-23,46.582774,8.385739,2282.0,110,,,RGI60-11.01238,-824.4579397318427,5158801.051796092,99,199,0099_0199
274,2008-07-23,2008-07-23,46.582767,8.385777,2283.0,111,,,RGI60-11.01238,-821.5466616129762,5158800.273571973,99,199,0099_0199
274,2008-07-23,2008-07-23,46.58276,8.385815,2283.0,111,,,RGI60-11.01238,-818.6353827447697,5158799.495349256,99,199,0099_0199
274,2008-07-23,2008-07-23,46.582753,8.385853,2283.0,112,,,RGI60-11.01238,-815.72410312698,5158798.717127944,99,199,0099_0199
274,2008-07-23,2008-07-23,46.582745,8.385891,2284.0,113,,,RGI60-11.01238,-812.8128377046519,5158797.827789803,99,199,0099_0199
274,2008-07-23,2008-07-23,46.582738,8.385928,2284.0,113,,,RGI60-11.01238,-809.9781719498519,5158797.049581566,99,199,0099_0199
274,2008-07-23,2008-07-23,46.58273,8.385966,2284.0,114,,,RGI60-11.01238,-807.0669048793965,5158796.160246194,99,199,0099_0199
274,2008-07-23,2008-07-23,46.582723,8.386004,2285.0,115,,,RGI60-11.01238,-804.1556221665589,5158795.38203046,99,199,0099_0199
274,2008-07-23,2008-07-23,46.582717,8.386041,2285.0,115,,,RGI60-11.01238,-801.3209394170882,5158794.714944519,99,199,0099_0199
274,2008-07-23,2008-07-23,46.582711,8.38608,2286.0,116,,,RGI60-11.01238,-798.3330251352853,5158794.047839667,99,199,0099_0199
274,2008-07-23,2008-07-23,46.582705,8.386118,2286.0,117,,,RGI60-11.01238,-795.421725656116,5158793.380746375,99,199,0099_0199
274,2008-07-23,2008-07-23,46.582701,8.386157,2287.0,118,,,RGI60-11.01238,-792.4337809236471,5158792.935880907,99,199,0099_0199
274,2008-07-23,2008-07-23,46.582697,8.386195,2287.0,120,,,RGI60-11.01238,-789.522451224967,5158792.491026925,99,199,0099_0199
274,2008-07-23,2008-07-23,46.582695,8.386234,2287.0,121,,,RGI60-11.01238,-786.5344766957271,5158792.2684008395,99,199,0099_0199
274,2008-07-23,2008-07-23,46.582693,8.386273,2287.0,122,,,RGI60-11.01238,-783.5465019468307,5158792.045776233,99,199,0099_0199
274,2008-07-23,2008-07-23,46.582693,8.386313,2288.0,123,,,RGI60-11.01238,-780.4818827955,5158792.045379674,99,199,0099_0199
274,2008-07-23,2008-07-23,46.582693,8.386352,2288.0,123,,,RGI60-11.01238,-777.4938791228686,5158792.044994525,99,199,0099_0199
274,2008-07-23,2008-07-23,46.582695,8.386391,2288.0,124,,,RGI60-11.01238,-774.5058469693423,5158792.266847319,99,199,0099_0199
274,2008-07-23,2008-07-23,46.582697,8.38643,2288.0,124,,,RGI60-11.01238,-771.5178150353091,5158792.48870159,99,199,0099_0199
274,2008-07-23,2008-07-23,46.582701,8.386468,2288.0,125,,,RGI60-11.01238,-768.6063705272218,5158792.932803548,99,199,0099_0199
274,2008-07-23,2008-07-23,46.582704,8.386507,2289.0,125,,,RGI60-11.01238,-765.6183250628151,5158793.265778971,100,199,0100_0199
274,2008-07-23,2008-07-23,46.582709,8.386546,2289.0,125,,,RGI60-11.01238,-762.6302518834727,5158793.820992336,100,199,0100_0199
274,2008-07-23,2008-07-23,46.582713,8.386585,2289.0,124,,,RGI60-11.01238,-759.6421932207755,5158794.265088947,100,199,0100_0199
274,2008-07-23,2008-07-23,46.582718,8.386623,2289.0,123,,,RGI60-11.01238,-756.7307365287382,5158794.820314862,100,199,0100_0199
274,2008-07-23,2008-07-23,46.582723,8.386661,2290.0,122,,,RGI60-11.01238,-753.8192803721059,5158795.37554218,100,199,0100_0199
274,2008-07-23,2008-07-23,46.582728,8.3867,2290.0,122,,,RGI60-11.01238,-750.8312093212152,5158795.93076138,100,199,0100_0199
274,2008-07-23,2008-07-23,46.582733,8.386738,2290.0,121,,,RGI60-11.01238,-747.9197542421921,5158796.48599154,100,199,0100_0199
274,2008-07-23,2008-07-23,46.582737,8.386777,2290.0,120,,,RGI60-11.01238,-744.9316979796864,5158796.930095426,100,199,0100_0199
274,2008-07-23,2008-07-23,46.582742,8.386816,2291.0,120,,,RGI60-11.01238,-741.9436285149225,5158797.485319023,100,199,0100_0199
274,2008-07-23,2008-07-23,46.582745,8.386855,2291.0,120,,,RGI60-11.01238,-738.9555867733973,5158797.81830763,100,199,0100_0199
274,2008-07-23,2008-07-23,46.582748,8.386893,2291.0,120,,,RGI60-11.01238,-736.0441607627358,5158798.1513070455,100,199,0100_0199
274,2008-07-23,2008-07-23,46.582751,8.386932,2291.0,119,,,RGI60-11.01238,-733.0561196763385,5158798.484298569,100,199,0100_0199
274,2008-07-23,2008-07-23,46.582753,8.386971,2292.0,119,,,RGI60-11.01238,-730.0680923428404,5158798.706173336,100,199,0100_0199
274,2008-07-23,2008-07-23,46.582755,8.38701,2292.0,119,,,RGI60-11.01238,-727.0800652292021,5158798.92804958,100,199,0100_0199
274,2008-07-23,2008-07-23,46.582756,8.387049,2292.0,119,,,RGI60-11.01238,-724.0920516490731,5158799.038809069,100,199,0100_0199
274,2008-07-23,2008-07-23,46.582756,8.387089,2293.0,118,,,RGI60-11.01238,-721.0274360472887,5158799.038442658,100,199,0100_0199
274,2008-07-23,2008-07-23,46.582756,8.387128,2293.0,118,,,RGI60-11.01238,-718.0394358355888,5158799.038086905,100,199,0100_0199
274,2008-07-23,2008-07-23,46.582755,8.387167,2293.0,117,,,RGI60-11.01238,-715.0514487712926,5158798.9266143935,100,199,0100_0199
274,2008-07-23,2008-07-23,46.582753,8.387206,2293.0,116,,,RGI60-11.01238,-712.0634746894591,5158798.704025125,100,199,0100_0199
274,2008-07-23,2008-07-23,46.582752,8.387245,2293.0,114,,,RGI60-11.01238,-709.075487350551,5158798.5925555695,100,199,0100_0199
274,2008-07-23,2008-07-23,46.582749,8.387284,2294.0,112,,,RGI60-11.01238,-706.0875258668284,5158798.258851022,100,199,0100_0199
274,2008-07-23,2008-07-23,46.582747,8.387323,2294.0,110,,,RGI60-11.01238,-703.0995511257884,5158798.036266187,100,199,0100_0199
274,2008-07-23,2008-07-23,46.582744,8.387362,2294.0,108,,,RGI60-11.01238,-700.111589037694,5158797.702564596,101,199,0101_0199
274,2008-07-23,2008-07-23,46.582741,8.387401,2294.0,107,,,RGI60-11.01238,-697.1236266198223,5158797.368864482,101,199,0101_0199
274,2008-07-23,2008-07-23,46.582737,8.38744,2294.0,105,,,RGI60-11.01238,-694.1356766353799,5158796.924047612,101,199,0101_0199
274,2008-07-23,2008-07-23,46.582734,8.387478,2295.0,105,,,RGI60-11.01238,-691.2243289243556,5158796.590359215,101,199,0101_0199
274,2008-07-23,2008-07-23,46.58273,8.387517,2295.0,104,,,RGI60-11.01238,-688.2363781212957,5158796.145545261,101,199,0101_0199
274,2008-07-23,2008-07-23,46.582727,8.387556,2295.0,104,,,RGI60-11.01238,-685.2484142792707,5158795.811851019,101,199,0101_0199
274,2008-07-23,2008-07-23,46.582724,8.387595,2295.0,104,,,RGI60-11.01238,-682.260450107712,5158795.478158254,101,199,0101_0199
274,2008-07-23,2008-07-23,46.582721,8.387634,2295.0,104,,,RGI60-11.01238,-679.2724856062546,5158795.144466967,101,199,0101_0199
274,2008-07-23,2008-07-23,46.582718,8.387673,2295.0,104,,,RGI60-11.01238,-676.2845207752638,5158794.810777158,101,199,0101_0199
274,2008-07-23,2008-07-23,46.582716,8.387712,2295.0,103,,,RGI60-11.01238,-673.2965432349483,5158794.588207059,101,199,0101_0199
274,2008-07-23,2008-07-23,46.582714,8.387751,2295.0,102,,,RGI60-11.01238,-670.3085654748578,5158794.365638438,101,199,0101_0199
274,2008-07-23,2008-07-23,46.582712,8.38779,2296.0,101,,,RGI60-11.01238,-667.3205874948703,5158794.143071294,101,199,0101_0199
274,2008-07-23,2008-07-23,46.582711,8.387829,2296.0,100,,,RGI60-11.01238,-664.3325970805007,5158794.031623861,101,199,0101_0199
274,2008-07-23,2008-07-23,46.582711,8.387868,2296.0,99,,,RGI60-11.01238,-661.3445943962025,5158794.031296139,101,199,0101_0199
274,2008-07-23,2008-07-23,46.58271,8.387907,2296.0,97,,,RGI60-11.01238,-658.3566038168597,5158793.91985166,101,199,0101_0199
274,2008-07-23,2008-07-23,46.582711,8.387946,2296.0,96,,,RGI60-11.01238,-655.3685890275563,5158794.0306451265,101,199,0101_0199
274,2008-07-23,2008-07-23,46.582711,8.387985,2296.0,94,,,RGI60-11.01238,-652.3805863430869,5158794.030321836,101,199,0101_0199
274,2008-07-23,2008-07-23,46.582713,8.388025,2297.0,93,,,RGI60-11.01238,-649.3159443278487,5158794.252228256,101,199,0101_0199
274,2008-07-23,2008-07-23,46.582714,8.388064,2297.0,93,,,RGI60-11.01238,-646.3279298695403,5158794.363026192,101,199,0101_0199
274,2008-07-23,2008-07-23,46.582716,8.388103,2297.0,92,,,RGI60-11.01238,-643.3399036923485,5158794.584943839,101,199,0101_0199
274,2008-07-23,2008-07-23,46.582718,8.388142,2297.0,92,,,RGI60-11.01238,-640.3518777346538,5158794.806862962,101,199,0101_0199
274,2008-07-23,2008-07-23,46.582721,8.388181,2297.0,93,,,RGI60-11.01238,-637.3638402778316,5158795.139901797,101,199,0101_0199
274,2008-07-23,2008-07-23,46.582724,8.38822,2297.0,93,,,RGI60-11.01238,-634.3758031506283,5158795.47294211,101,199,0101_0199
274,2008-07-23,2008-07-23,46.582726,8.388258,2297.0,93,,,RGI60-11.01238,-631.4643933944106,5158795.694873671,102,199,0102_0199
274,2008-07-23,2008-07-23,46.582729,8.388297,2297.0,93,,,RGI60-11.01238,-628.4763568674017,5158796.0279169,102,199,0102_0199
274,2008-07-23,2008-07-23,46.582732,8.388336,2298.0,93,,,RGI60-11.01238,-625.4883206697685,5158796.360961607,102,199,0102_0199
274,2008-07-23,2008-07-23,46.582735,8.388375,2298.0,93,,,RGI60-11.01238,-622.5002848018756,5158796.6940077925,102,199,0102_0199
274,2008-07-23,2008-07-23,46.582738,8.388414,2298.0,93,,,RGI60-11.01238,-619.5122492637239,5158797.0270554535,102,199,0102_0199
274,2008-07-23,2008-07-23,46.58274,8.388453,2298.0,93,,,RGI60-11.01238,-616.5242253907744,5158797.24898636,102,199,0102_0199
274,2008-07-23,2008-07-23,46.582742,8.388492,2298.0,93,,,RGI60-11.01238,-613.5362017378101,5158797.470918743,102,199,0102_0199
274,2008-07-23,2008-07-23,46.582744,8.388531,2298.0,93,,,RGI60-11.01238,-610.5481783043437,5158797.692852603,102,199,0102_0199
274,2008-07-23,2008-07-23,46.582745,8.38857,2299.0,93,,,RGI60-11.01238,-607.5601662617504,5158797.803669708,102,199,0102_0199
274,2008-07-23,2008-07-23,46.582747,8.388609,2299.0,92,,,RGI60-11.01238,-604.5721432129501,5158798.025606521,102,199,0102_0199
274,2008-07-23,2008-07-23,46.582747,8.388649,2299.0,91,,,RGI60-11.01238,-601.5075271034782,5158798.02530072,102,199,0102_0199
274,2008-07-23,2008-07-23,46.582747,8.388688,2299.0,90,,,RGI60-11.01238,-598.5195263966668,5158798.025004058,102,199,0102_0199
274,2008-07-23,2008-07-23,46.582746,8.388727,2299.0,89,,,RGI60-11.01238,-595.5315366396843,5158797.913590642,102,199,0102_0199
274,2008-07-23,2008-07-23,46.582745,8.388766,2300.0,88,,,RGI60-11.01238,-592.5435467726859,5158797.802178702,102,199,0102_0199
274,2008-07-23,2008-07-23,46.582743,8.388805,2300.0,88,,,RGI60-11.01238,-589.5555676360021,5158797.579650006,102,199,0102_0199
274,2008-07-23,2008-07-23,46.582741,8.388844,2300.0,87,,,RGI60-11.01238,-586.5675882793014,5158797.357122787,102,199,0102_0199
274,2008-07-23,2008-07-23,46.582738,8.388883,2300.0,86,,,RGI60-11.01238,-583.5796194331559,5158797.023478813,102,199,0102_0199
274,2008-07-23,2008-07-23,46.582735,8.388922,2300.0,86,,,RGI60-11.01238,-580.5916502571146,5158796.689836314,102,199,0102_0199
274,2008-07-23,2008-07-23,46.582732,8.388961,2300.0,85,,,RGI60-11.01238,-577.6036807515425,5158796.356195292,102,199,0102_0199
274,2008-07-23,2008-07-23,46.582728,8.388999,2300.0,85,,,RGI60-11.01238,-574.6923369111495,5158795.911444801,102,199,0102_0199
274,2008-07-23,2008-07-23,46.582724,8.389038,2301.0,84,,,RGI60-11.01238,-571.7043772072929,5158795.466688464,102,199,0102_0199
274,2008-07-23,2008-07-23,46.58272,8.389077,2301.0,84,,,RGI60-11.01238,-568.7164170639044,5158795.021933605,102,199,0102_0199
274,2008-07-23,2008-07-23,46.582716,8.389116,2301.0,83,,,RGI60-11.01238,-565.7284564809839,5158794.5771802245,103,199,0103_0199
274,2008-07-23,2008-07-23,46.582712,8.389154,2301.0,82,,,RGI60-11.01238,-562.8171109106387,5158794.132435455,103,199,0103_0199
274,2008-07-23,2008-07-23,46.582709,8.389193,2301.0,81,,,RGI60-11.01238,-559.8291391607866,5158793.798803224,103,199,0103_0199
274,2008-07-23,2008-07-23,46.582705,8.389232,2301.0,80,,,RGI60-11.01238,-556.8411773198461,5158793.354054237,103,199,0103_0199
274,2008-07-23,2008-07-23,46.582701,8.389271,2302.0,79,,,RGI60-11.01238,-553.8532150393745,5158792.909306728,103,199,0103_0199
274,2008-07-23,2008-07-23,46.582698,8.389309,2302.0,78,,,RGI60-11.01238,-550.9418576625184,5158792.575685915,103,199,0103_0199
274,2008-07-23,2008-07-23,46.582694,8.389348,2302.0,75,,,RGI60-11.01238,-547.9538945636814,5158792.130941322,103,199,0103_0199
274,2008-07-23,2008-07-23,46.582691,8.389387,2302.0,73,,,RGI60-11.01238,-544.9659210051005,5158791.79731644,103,199,0103_0199
274,2008-07-23,2008-07-23,46.582688,8.389426,2302.0,70,,,RGI60-11.01238,-541.9779471167469,5158791.463693038,103,199,0103_0199
274,2008-07-23,2008-07-23,46.582686,8.389465,2302.0,67,,,RGI60-11.01238,-538.9899629887747,5158791.241189345,103,199,0103_0199
274,2008-07-23,2008-07-23,46.582684,8.389504,2302.0,64,,,RGI60-11.01238,-536.0019786407876,5158791.018687128,103,199,0103_0199
274,2008-07-23,2008-07-23,46.582681,8.389543,2303.0,63,,,RGI60-11.01238,-533.0140038736043,5158790.6850681575,103,199,0103_0199
274,2008-07-23,2008-07-23,46.58268,8.389582,2303.0,62,,,RGI60-11.01238,-530.0260092857429,5158790.573687131,103,199,0103_0199
274,2008-07-23,2008-07-23,46.582678,8.389621,2303.0,61,,,RGI60-11.01238,-527.0380242785639,5158790.351189345,103,199,0103_0199
274,2008-07-23,2008-07-23,46.582677,8.38966,2303.0,60,,,RGI60-11.01238,-524.0500294162225,5158790.239811271,103,199,0103_0199
274,2008-07-23,2008-07-23,46.582676,8.389699,2303.0,58,,,RGI60-11.01238,-521.0620344437456,5158790.128434676,103,199,0103_0199
274,2008-07-23,2008-07-23,46.582675,8.389738,2303.0,57,,,RGI60-11.01238,-518.0740393616204,5158790.017059558,103,199,0103_0199
274,2008-07-23,2008-07-23,46.582674,8.389778,2303.0,56,,,RGI60-11.01238,-515.0094286638384,5158789.905679387,103,199,0103_0199
274,2008-07-23,2008-07-23,46.582674,8.389817,2304.0,55,,,RGI60-11.01238,-512.0214239459309,5158789.905425493,103,199,0103_0199
274,2008-07-23,2008-07-23,46.582673,8.389856,2304.0,53,,,RGI60-11.01238,-509.03342858766166,5158789.794054845,103,199,0103_0199
274,2008-07-23,2008-07-23,46.582673,8.389895,2304.0,51,,,RGI60-11.01238,-506.0454238149113,5158789.793803905,103,199,0103_0199
274,2008-07-23,2008-07-23,46.582673,8.389934,2304.0,50,,,RGI60-11.01238,-503.0574190421483,5158789.793554445,103,199,0103_0199
274,2008-07-23,2008-07-23,46.582673,8.389973,2304.0,48,,,RGI60-11.01238,-500.0694142693727,5158789.793306461,104,199,0104_0199
274,2008-07-23,2008-07-23,46.582673,8.390012,2304.0,47,,,RGI60-11.01238,-497.081409496463,5158789.7930599535,104,199,0104_0199
274,2008-07-23,2008-07-23,46.582672,8.390052,2304.0,45,,,RGI60-11.01238,-494.0167983000317,5158789.681690429,104,199,0104_0199
274,2008-07-23,2008-07-23,46.582672,8.390091,2304.0,43,,,RGI60-11.01238,-491.0287934722794,5158789.681446915,104,199,0104_0199
274,2008-07-23,2008-07-23,46.582672,8.39013,2305.0,41,,,RGI60-11.01238,-488.0407886445149,5158789.681204878,104,199,0104_0199
274,2008-07-23,2008-07-23,46.582672,8.390169,2305.0,40,,,RGI60-11.01238,-485.05278381673855,5158789.680964318,104,199,0104_0199
274,2008-07-23,2008-07-23,46.582672,8.390208,2305.0,38,,,RGI60-11.01238,-482.0647789889497,5158789.6807252355,104,199,0104_0199
274,2008-07-23,2008-07-23,46.582672,8.390247,2305.0,38,,,RGI60-11.01238,-479.076774161149,5158789.680487631,104,199,0104_0199
274,2008-07-23,2008-07-23,46.582672,8.390286,2305.0,37,,,RGI60-11.01238,-476.0887693333363,5158789.680251503,104,199,0104_0199
274,2008-07-23,2008-07-23,46.582672,8.390326,2305.0,36,,,RGI60-11.01238,-473.02414899704667,5158789.680010856,104,199,0104_0199
274,2008-07-23,2008-07-23,46.583172,8.384593,2284.0,49,,,RGI60-11.01238,-912.2524717880023,5158845.2894708635,97,199,0097_0199
274,2008-07-23,2008-07-23,46.583176,8.384632,2284.0,50,,,RGI60-11.01238,-909.2644275580752,5158845.73349353,97,199,0097_0199
274,2008-07-23,2008-07-23,46.583181,8.38467,2285.0,51,,,RGI60-11.01238,-906.352981895348,5158846.288647406,97,199,0097_0199
274,2008-07-23,2008-07-23,46.583185,8.384709,2285.0,52,,,RGI60-11.01238,-903.3649385935861,5158846.732672989,97,199,0097_0199
274,2008-07-23,2008-07-23,46.58319,8.384747,2285.0,53,,,RGI60-11.01238,-900.4534939548151,5158847.287829708,97,199,0097_0199
274,2008-07-23,2008-07-23,46.583194,8.384786,2285.0,55,,,RGI60-11.01238,-897.4654515815843,5158847.73185821,98,199,0098_0199
274,2008-07-23,2008-07-23,46.583198,8.384825,2285.0,57,,,RGI60-11.01238,-894.4774096477228,5158848.17588819,98,199,0098_0199
274,2008-07-23,2008-07-23,46.583203,8.384863,2286.0,59,,,RGI60-11.01238,-891.5659665219492,5158848.731049191,98,199,0098_0199
274,2008-07-23,2008-07-23,46.583207,8.384902,2286.0,60,,,RGI60-11.01238,-888.5779255162546,5158849.1750820875,98,199,0098_0199
274,2008-07-23,2008-07-23,46.583211,8.384941,2286.0,61,,,RGI60-11.01238,-885.5898849502959,5158849.619116461,98,199,0098_0199
274,2008-07-23,2008-07-23,46.583215,8.384979,2286.0,62,,,RGI60-11.01238,-882.678459567063,5158850.063163504,98,199,0098_0199
274,2008-07-23,2008-07-23,46.583218,8.385018,2286.0,63,,,RGI60-11.01238,-879.6904360490591,5158850.396082552,98,199,0098_0199
274,2008-07-23,2008-07-23,46.583222,8.385057,2286.0,64,,,RGI60-11.01238,-876.7023967410039,5158850.840121321,98,199,0098_0199
274,2008-07-23,2008-07-23,46.583225,8.385096,2286.0,65,,,RGI60-11.01238,-873.7143739371679,5158851.173043324,98,199,0098_0199
274,2008-07-23,2008-07-23,46.583228,8.385135,2287.0,67,,,RGI60-11.01238,-870.7263514631906,5158851.505966806,98,199,0098_0199
274,2008-07-23,2008-07-23,46.583231,8.385174,2287.0,68,,,RGI60-11.01238,-867.7383293187063,5158851.838891763,98,198,0098_0198
274,2008-07-23,2008-07-23,46.583234,8.385213,2287.0,70,,,RGI60-11.01238,-864.7503075037149,5158852.171818199,98,198,0098_0198
274,2008-07-23,2008-07-23,46.583236,8.385252,2287.0,71,,,RGI60-11.01238,-861.7623018637969,5158852.393627869,98,198,0098_0198
274,2008-07-23,2008-07-23,46.583239,8.385291,2287.0,72,,,RGI60-11.01238,-858.774280653097,5158852.72655726,98,198,0098_0198
274,2008-07-23,2008-07-23,46.58324,8.38533,2287.0,74,,,RGI60-11.01238,-855.7862912429267,5158852.837251643,98,198,0098_0198
274,2008-07-23,2008-07-23,46.583242,8.385369,2287.0,76,,,RGI60-11.01238,-852.7982862619757,5158853.059065744,98,198,0098_0198
274,2008-07-23,2008-07-23,46.583243,8.385408,2287.0,79,,,RGI60-11.01238,-849.8102971263401,5158853.169763081,98,198,0098_0198
274,2008-07-23,2008-07-23,46.583244,8.385447,2287.0,80,,,RGI60-11.01238,-846.8223081006842,5158853.280461893,98,198,0098_0198
274,2008-07-23,2008-07-23,46.583245,8.385486,2287.0,82,,,RGI60-11.01238,-843.8343191846432,5158853.391162185,98,198,0098_0198
274,2008-07-23,2008-07-23,46.583246,8.385525,2287.0,84,,,RGI60-11.01238,-840.846330378704,5158853.501863951,98,198,0098_0198
274,2008-07-23,2008-07-23,46.583246,8.385564,2288.0,85,,,RGI60-11.01238,-837.8583570880778,5158853.501448954,98,198,0098_0198
274,2008-07-23,2008-07-23,46.583245,8.385603,2288.0,85,,,RGI60-11.01238,-834.8703991483101,5158853.389917188,98,198,0098_0198
274,2008-07-23,2008-07-23,46.583245,8.385643,2288.0,86,,,RGI60-11.01238,-831.8058111017202,5158853.389494598,99,198,0099_0198
274,2008-07-23,2008-07-23,46.583243,8.385682,2288.0,87,,,RGI60-11.01238,-828.8178682351505,5158853.166847584,99,198,0099_0198
274,2008-07-23,2008-07-23,46.583242,8.385721,2288.0,88,,,RGI60-11.01238,-825.82990996415,5158853.055320289,99,198,0099_0198
274,2008-07-23,2008-07-23,46.58324,8.38576,2288.0,89,,,RGI60-11.01238,-822.8419667130806,5158852.832676228,99,198,0099_0198
274,2008-07-23,2008-07-23,46.583237,8.385799,2288.0,89,,,RGI60-11.01238,-819.8540383166347,5158852.4989154,99,198,0099_0198
274,2008-07-23,2008-07-23,46.583233,8.385837,2289.0,90,,,RGI60-11.01238,-816.9427393284886,5158852.054048164,99,198,0099_0198
274,2008-07-23,2008-07-23,46.583229,8.385876,2289.0,90,,,RGI60-11.01238,-813.9548251883017,5158851.60917201,99,199,0099_0199
274,2008-07-23,2008-07-23,46.583225,8.385915,2289.0,91,,,RGI60-11.01238,-810.966910608572,5158851.164297334,99,199,0099_0199
274,2008-07-23,2008-07-23,46.58322,8.385953,2289.0,92,,,RGI60-11.01238,-808.055625181918,5158850.608316136,99,199,0099_0199
274,2008-07-23,2008-07-23,46.583215,8.385992,2290.0,92,,,RGI60-11.01238,-805.0677244765577,5158850.052326135,99,199,0099_0199
274,2008-07-23,2008-07-23,46.583209,8.38603,2290.0,93,,,RGI60-11.01238,-802.156452721537,5158849.385229536,99,199,0099_0199
274,2008-07-23,2008-07-23,46.583203,8.386068,2290.0,95,,,RGI60-11.01238,-799.2451803239933,5158848.718134342,99,199,0099_0199
274,2008-07-23,2008-07-23,46.583197,8.386106,2290.0,97,,,RGI60-11.01238,-796.3339072841703,5158848.05104055,99,199,0099_0199
274,2008-07-23,2008-07-23,46.58319,8.386144,2291.0,99,,,RGI60-11.01238,-793.4226481904549,5158847.272829919,99,199,0099_0199
274,2008-07-23,2008-07-23,46.583183,8.386182,2291.0,102,,,RGI60-11.01238,-790.5113883473954,5158846.494620692,99,199,0099_0199
274,2008-07-23,2008-07-23,46.583176,8.38622,2291.0,105,,,RGI60-11.01238,-787.6001277547482,5158845.716412868,99,199,0099_0199
274,2008-07-23,2008-07-23,46.583169,8.386257,2291.0,110,,,RGI60-11.01238,-784.765481220932,5158844.938216396,99,199,0099_0199
274,2008-07-23,2008-07-23,46.583162,8.386295,2292.0,114,,,RGI60-11.01238,-781.8542191392157,5158844.160011343,99,199,0099_0199
274,2008-07-23,2008-07-23,46.583154,8.386333,2292.0,117,,,RGI60-11.01238,-778.9429706305305,5158843.270689451,99,199,0099_0199
274,2008-07-23,2008-07-23,46.583147,8.38637,2292.0,119,,,RGI60-11.01238,-776.1083218357627,5158842.492497042,99,199,0099_0199
274,2008-07-23,2008-07-23,46.58314,8.386408,2293.0,121,,,RGI60-11.01238,-773.1970574619799,5158841.714296162,99,199,0099_0199
274,2008-07-23,2008-07-23,46.583133,8.386446,2293.0,122,,,RGI60-11.01238,-770.2857923388549,5158840.936096686,99,199,0099_0199
274,2008-07-23,2008-07-23,46.583127,8.386484,2293.0,123,,,RGI60-11.01238,-767.3745123564913,5158840.2690168535,99,199,0099_0199
274,2008-07-23,2008-07-23,46.583121,8.386522,2294.0,125,,,RGI60-11.01238,-764.4632317318504,5158839.601938425,100,199,0100_0199
274,2008-07-23,2008-07-23,46.583115,8.38656,2294.0,125,,,RGI60-11.01238,-761.5519504646888,5158838.934861399,100,199,0100_0199
274,2008-07-23,2008-07-23,46.58311,8.386599,2294.0,126,,,RGI60-11.01238,-758.5640397146587,5158838.378894401,100,199,0100_0199
274,2008-07-23,2008-07-23,46.583106,8.386638,2294.0,127,,,RGI60-11.01238,-755.5761145227442,5158837.9340471225,100,199,0100_0199
274,2008-07-23,2008-07-23,46.583102,8.386676,2294.0,128,,,RGI60-11.01238,-752.6648037937307,5158837.489210863,100,199,0100_0199
274,2008-07-23,2008-07-23,46.5831,8.386715,2294.0,128,,,RGI60-11.01238,-749.6768501597813,5158837.266602983,100,199,0100_0199
274,2008-07-23,2008-07-23,46.583098,8.386754,2295.0,129,,,RGI60-11.01238,-746.6888963060536,5158837.04399658,100,199,0100_0199
274,2008-07-23,2008-07-23,46.583098,8.386794,2295.0,130,,,RGI60-11.01238,-743.624299975518,5158837.043618708,100,199,0100_0199
274,2008-07-23,2008-07-23,46.583099,8.386833,2295.0,131,,,RGI60-11.01238,-740.6363049354011,5158837.154370021,100,199,0100_0199
274,2008-07-23,2008-07-23,46.583101,8.386872,2295.0,131,,,RGI60-11.01238,-737.6482964418345,5158837.376241051,100,199,0100_0199
274,2008-07-23,2008-07-23,46.583105,8.38691,2295.0,132,,,RGI60-11.01238,-734.7368760503358,5158837.820359357,100,199,0100_0199
274,2008-07-23,2008-07-23,46.583109,8.386949,2295.0,133,,,RGI60-11.01238,-731.748841194237,5158838.264469786,100,199,0100_0199
274,2008-07-23,2008-07-23,46.583116,8.386987,2295.0,133,,,RGI60-11.01238,-728.8373814616231,5158839.041945657,100,199,0100_0199
274,2008-07-23,2008-07-23,46.583123,8.387025,2296.0,134,,,RGI60-11.01238,-725.9259224782933,5158839.819422931,100,199,0100_0199
274,2008-07-23,2008-07-23,46.583132,8.387061,2296.0,135,,,RGI60-11.01238,-723.1676673772079,5158840.819156428,100,199,0100_0199
274,2008-07-23,2008-07-23,46.583142,8.387098,2296.0,136,,,RGI60-11.01238,-720.3327850963545,5158841.930000291,100,199,0100_0199
274,2008-07-23,2008-07-23,46.583153,8.387134,2296.0,136,,,RGI60-11.01238,-717.5745054962912,5158843.151972826,100,199,0100_0199
274,2008-07-23,2008-07-23,46.583165,8.387169,2296.0,137,,,RGI60-11.01238,-714.8928286824213,5158844.485073926,100,199,0100_0199
274,2008-07-23,2008-07-23,46.583177,8.387204,2297.0,137,,,RGI60-11.01238,-712.2111530518234,5158845.818176219,100,199,0100_0199
274,2008-07-23,2008-07-23,46.58319,8.387238,2297.0,137,,,RGI60-11.01238,-709.6060803370132,5158847.262406944,100,199,0100_0199
274,2008-07-23,2008-07-23,46.583203,8.387272,2297.0,138,,,RGI60-11.01238,-707.0010088675762,5158848.706638794,100,199,0100_0199
274,2008-07-23,2008-07-23,46.583216,8.387306,2298.0,138,,,RGI60-11.01238,-704.3959386432696,5158850.150871772,100,199,0100_0199
274,2008-07-23,2008-07-23,46.58323,8.38734,2298.0,138,,,RGI60-11.01238,-701.7908567605203,5158851.706224118,100,198,0100_0198
274,2008-07-23,2008-07-23,46.583243,8.387374,2298.0,138,,,RGI60-11.01238,-699.1857890747356,5158853.150459346,101,198,0101_0198
274,2008-07-23,2008-07-23,46.583257,8.387408,2299.0,138,,,RGI60-11.01238,-696.5807098260515,5158854.705813947,101,198,0101_0198
274,2008-07-23,2008-07-23,46.58327,8.387442,2299.0,139,,,RGI60-11.01238,-693.9756446786681,5158856.150051428,101,198,0101_0198
274,2008-07-23,2008-07-23,46.583283,8.387477,2300.0,138,,,RGI60-11.01238,-691.2939661287002,5158857.59428127,101,198,0101_0198
274,2008-07-23,2008-07-23,46.583295,8.387512,2300.0,138,,,RGI60-11.01238,-688.6123015223894,5158858.927394062,101,198,0101_0198
274,2008-07-23,2008-07-23,46.583306,8.387547,2300.0,137,,,RGI60-11.01238,-685.9306507114637,5158860.149389802,101,198,0101_0198
274,2008-07-23,2008-07-23,46.583317,8.387583,2301.0,136,,,RGI60-11.01238,-683.1723863855092,5158861.371378073,101,198,0101_0198
274,2008-07-23,2008-07-23,46.583326,8.387619,2301.0,134,,,RGI60-11.01238,-680.4141481965881,5158862.371131113,101,198,0101_0198
274,2008-07-23,2008-07-23,46.583336,8.387656,2301.0,133,,,RGI60-11.01238,-677.5792838876962,5158863.481995068,101,198,0101_0198
274,2008-07-23,2008-07-23,46.583344,8.387694,2301.0,132,,,RGI60-11.01238,-674.6678308724397,5158864.37061531,101,198,0101_0198
274,2008-07-23,2008-07-23,46.58335,8.387732,2302.0,131,,,RGI60-11.01238,-671.7564034170297,5158865.037000466,101,198,0101_0198
274,2008-07-23,2008-07-23,46.583357,8.387769,2302.0,129,,,RGI60-11.01238,-668.9215788491064,5158865.81451375,101,198,0101_0198
274,2008-07-23,2008-07-23,46.58336,8.387808,2302.0,127,,,RGI60-11.01238,-665.9335749222752,5158866.147538492,101,198,0101_0198
274,2008-07-23,2008-07-23,46.583364,8.387847,2302.0,126,,,RGI60-11.01238,-662.9455591351947,5158866.591682959,101,198,0101_0198
274,2008-07-23,2008-07-23,46.583365,8.387886,2302.0,125,,,RGI60-11.01238,-659.9575801919212,5158866.702474166,101,198,0101_0198
274,2008-07-23,2008-07-23,46.583365,8.387925,2303.0,123,,,RGI60-11.01238,-656.9696134381368,5158866.702148603,101,198,0101_0198
274,2008-07-23,2008-07-23,46.583364,8.387964,2303.0,122,,,RGI60-11.01238,-653.9816587090216,5158866.590706271,101,198,0101_0198
274,2008-07-23,2008-07-23,46.58336,8.388003,2303.0,120,,,RGI60-11.01238,-650.9937397798548,5158866.145910678,101,198,0101_0198
274,2008-07-23,2008-07-23,46.583357,8.388042,2303.0,119,,,RGI60-11.01238,-648.005808495979,5158865.81223481,101,198,0101_0198
274,2008-07-23,2008-07-23,46.58335,8.38808,2303.0,117,,,RGI60-11.01238,-645.0945388758482,5158865.034095613,101,198,0101_0198
274,2008-07-23,2008-07-23,46.583344,8.388118,2303.0,116,,,RGI60-11.01238,-642.1832566982727,5158864.367076064,101,198,0101_0198
274,2008-07-23,2008-07-23,46.583337,8.388156,2303.0,114,,,RGI60-11.01238,-639.2719856327503,5158863.588939675,101,198,0101_0198
274,2008-07-23,2008-07-23,46.583329,8.388193,2303.0,113,,,RGI60-11.01238,-636.437340101365,5158862.699694511,101,198,0101_0198
274,2008-07-23,2008-07-23,46.58332,8.38823,2303.0,112,,,RGI60-11.01238,-633.6027053860729,5158861.699332433,102,198,0102_0198
274,2008-07-23,2008-07-23,46.583312,8.388267,2303.0,111,,,RGI60-11.01238,-630.768058134468,5158860.810089931,102,198,0102_0198
274,2008-07-23,2008-07-23,46.583304,8.388305,2304.0,110,,,RGI60-11.01238,-627.8567954309775,5158859.9208408,102,198,0102_0198
274,2008-07-23,2008-07-23,46.583296,8.388342,2304.0,109,,,RGI60-11.01238,-625.0221465003742,5158859.031600996,102,198,0102_0198
274,2008-07-23,2008-07-23,46.583289,8.38838,2304.0,108,,,RGI60-11.01238,-622.110870656213,5158858.2534728795,102,198,0102_0198
274,2008-07-23,2008-07-23,46.583283,8.388418,2304.0,108,,,RGI60-11.01238,-619.1995826774784,5158857.5864644125,102,198,0102_0198
274,2008-07-23,2008-07-23,46.583277,8.388456,2304.0,106,,,RGI60-11.01238,-616.2882940562267,5158856.919457348,102,198,0102_0198
274,2008-07-23,2008-07-23,46.583272,8.388495,2304.0,104,,,RGI60-11.01238,-613.3003788511852,5158856.363562155,102,198,0102_0198
274,2008-07-23,2008-07-23,46.583268,8.388534,2305.0,103,,,RGI60-11.01238,-610.3124518751479,5158855.918786683,102,198,0102_0198
274,2008-07-23,2008-07-23,46.583265,8.388572,2305.0,101,,,RGI60-11.01238,-607.4011279655358,5158855.585138634,102,198,0102_0198
274,2008-07-23,2008-07-23,46.583264,8.388611,2305.0,100,,,RGI60-11.01238,-604.4131668309539,5158855.473720813,102,198,0102_0198
274,2008-07-23,2008-07-23,46.583263,8.38865,2305.0,99,,,RGI60-11.01238,-601.4252055862336,5158855.3623044705,102,198,0102_0198
274,2008-07-23,2008-07-23,46.583263,8.38869,2305.0,98,,,RGI60-11.01238,-598.3606185523662,5158855.3620002605,102,198,0102_0198
274,2008-07-23,2008-07-23,46.583265,8.388729,2305.0,97,,,RGI60-11.01238,-595.3726243002691,5158855.583941641,102,198,0102_0198
274,2008-07-23,2008-07-23,46.583267,8.388768,2305.0,97,,,RGI60-11.01238,-592.384630267672,5158855.805884502,102,198,0102_0198
274,2008-07-23,2008-07-23,46.583269,8.388787,2305.0,97,,,RGI60-11.01238,-590.9289298027925,5158856.027978474,102,198,0102_0198
274,2008-07-23,2008-07-23,46.583357,8.389693,2308.0,95,,,RGI60-11.01238,-521.5151972968075,5158865.799995318,103,198,0103_0198
274,2008-07-23,2008-07-23,46.583351,8.389731,2308.0,95,,,RGI60-11.01238,-518.6039018598149,5158865.133035303,103,198,0103_0198
274,2008-07-23,2008-07-23,46.583344,8.389769,2308.0,95,,,RGI60-11.01238,-515.6926152626218,5158864.354958446,103,198,0103_0198
274,2008-07-23,2008-07-23,46.583336,8.389807,2308.0,95,,,RGI60-11.01238,-512.7813373443876,5158863.465764747,103,198,0103_0198
274,2008-07-23,2008-07-23,46.583328,8.389844,2308.0,95,,,RGI60-11.01238,-509.94667315398056,5158862.576578916,103,198,0103_0198
274,2008-07-23,2008-07-23,46.583319,8.389881,2308.0,95,,,RGI60-11.01238,-507.11201745376025,5158861.576276172,103,198,0103_0198
274,2008-07-23,2008-07-23,46.58331,8.389918,2308.0,94,,,RGI60-11.01238,-504.27736081555514,5158860.575974759,103,198,0103_0198
274,2008-07-23,2008-07-23,46.5833,8.389954,2308.0,93,,,RGI60-11.01238,-501.51932708283533,5158859.464562789,104,198,0104_0198
274,2008-07-23,2008-07-23,46.583292,8.389991,2308.0,93,,,RGI60-11.01238,-498.6846593591577,5158858.575382246,104,198,0104_0198
274,2008-07-23,2008-07-23,46.583283,8.390028,2308.0,92,,,RGI60-11.01238,-495.8499999189466,5158857.575084791,104,198,0104_0198
274,2008-07-23,2008-07-23,46.583275,8.390066,2308.0,91,,,RGI60-11.01238,-492.938715816294,5158856.68590066,104,198,0104_0198
274,2008-07-23,2008-07-23,46.583268,8.390103,2309.0,91,,,RGI60-11.01238,-490.10403651585676,5158855.907842391,104,198,0104_0198
274,2008-07-23,2008-07-23,46.583261,8.390142,2309.0,91,,,RGI60-11.01238,-487.1161271282166,5158855.1297731,104,198,0104_0198
274,2008-07-23,2008-07-23,46.583256,8.39018,2309.0,90,,,RGI60-11.01238,-484.2048138539681,5158854.573947913,104,198,0104_0198
274,2008-07-23,2008-07-23,46.583251,8.390218,2310.0,90,,,RGI60-11.01238,-481.2935000442711,5158854.018124128,104,198,0104_0198
274,2008-07-23,2008-07-23,46.583247,8.390257,2310.0,89,,,RGI60-11.01238,-478.30556220502234,5158853.573413927,104,198,0104_0198
274,2008-07-23,2008-07-23,46.583244,8.390296,2311.0,88,,,RGI60-11.01238,-475.31761518645675,5158853.239823447,104,198,0104_0198
274,2008-07-23,2008-07-23,46.583243,8.390335,2311.0,87,,,RGI60-11.01238,-472.3296504686731,5158853.128470933,104,198,0104_0198
274,2008-07-23,2008-07-23,46.583242,8.390374,2311.0,86,,,RGI60-11.01238,-469.3416856412415,5158853.017119895,104,198,0104_0198
274,2008-07-23,2008-07-23,46.583243,8.390413,2311.0,85,,,RGI60-11.01238,-466.3537035539905,5158853.128006822,104,198,0104_0198
274,2008-07-23,2008-07-23,46.583244,8.390452,2311.0,84,,,RGI60-11.01238,-463.36572157685094,5158853.238895226,104,198,0104_0198
274,2008-07-23,2008-07-23,46.583246,8.390491,2311.0,82,,,RGI60-11.01238,-460.3777312443727,5158853.460903353,104,198,0104_0198
274,2008-07-23,2008-07-23,46.583249,8.39053,2310.0,80,,,RGI60-11.01238,-457.38973272174,5158853.7940312,104,198,0104_0198
274,2008-07-23,2008-07-23,46.583252,8.390569,2310.0,78,,,RGI60-11.01238,-454.40173452885585,5158854.127160523,104,198,0104_0198
274,2008-07-23,2008-07-23,46.583256,8.390608,2310.0,77,,,RGI60-11.01238,-451.41372836520947,5158854.571409571,104,198,0104_0198
274,2008-07-23,2008-07-23,46.58326,8.390647,2310.0,75,,,RGI60-11.01238,-448.4257226413121,5158855.015660095,104,198,0104_0198
274,2008-07-23,2008-07-23,46.583265,8.390685,2310.0,73,,,RGI60-11.01238,-445.51432383951493,5158855.571035987,104,198,0104_0198
274,2008-07-23,2008-07-23,46.583269,8.390724,2310.0,71,,,RGI60-11.01238,-442.5263190438118,5158856.015289429,104,198,0104_0198
274,2008-07-23,2008-07-23,46.583274,8.390762,2310.0,70,,,RGI60-11.01238,-439.6149212661226,5158856.570668166,104,198,0104_0198
274,2008-07-23,2008-07-23,46.583278,8.390801,2310.0,69,,,RGI60-11.01238,-436.626917398736,5158857.014924524,104,198,0104_0198
274,2008-07-23,2008-07-23,46.583283,8.39084,2310.0,68,,,RGI60-11.01238,-433.63890599752864,5158857.570300605,105,198,0105_0198
274,2008-07-23,2008-07-23,46.583286,8.390878,2310.0,67,,,RGI60-11.01238,-430.72752562588187,5158857.903447135,105,198,0105_0198
274,2008-07-23,2008-07-23,46.583289,8.390917,2310.0,65,,,RGI60-11.01238,-427.7395309363577,5158858.236589644,105,198,0105_0198
274,2008-07-23,2008-07-23,46.583292,8.390956,2310.0,62,,,RGI60-11.01238,-424.7515365763389,5158858.56973363,105,198,0105_0198
274,2008-07-23,2008-07-23,46.583294,8.390995,2310.0,60,,,RGI60-11.01238,-421.7635503009253,5158858.791760849,105,198,0105_0198
274,2008-07-23,2008-07-23,46.583295,8.391034,2310.0,59,,,RGI60-11.01238,-418.77557194529805,5158858.902671301,105,198,0105_0198
274,2008-07-23,2008-07-23,46.583295,8.391073,2309.0,57,,,RGI60-11.01238,-415.78760134451574,5158858.902464986,105,198,0105_0198
274,2008-07-23,2008-07-23,46.583295,8.391112,2309.0,55,,,RGI60-11.01238,-412.79963074396693,5158858.902260148,105,198,0105_0198
274,2008-07-23,2008-07-23,46.583295,8.391152,2310.0,53,,,RGI60-11.01238,-409.73504551244,5158858.902051592,105,198,0105_0198
274,2008-07-23,2008-07-23,46.583296,8.391191,2310.0,52,,,RGI60-11.01238,-406.747067433001,5158859.012967992,105,198,0105_0198
274,2008-07-23,2008-07-23,46.583296,8.39123,2310.0,48,,,RGI60-11.01238,-403.7590968871173,5158859.012767623,105,198,0105_0198
274,2008-07-23,2008-07-23,46.583298,8.391269,2310.0,45,,,RGI60-11.01238,-400.77111160336625,5158859.234805223,105,198,0105_0198
274,2008-07-23,2008-07-23,46.583302,8.391308,2311.0,42,,,RGI60-11.01238,-397.7831119112633,5158859.679080789,105,198,0105_0198
274,2008-07-23,2008-07-23,46.583306,8.391346,2312.0,40,,,RGI60-11.01238,-394.8717272738974,5158860.123362838,105,198,0105_0198
274,2008-07-23,2008-07-23,46.583313,8.391384,2312.0,39,,,RGI60-11.01238,-391.96032144392393,5158860.901001025,105,198,0105_0198
274,2008-07-23,2008-07-23,46.583321,8.391421,2313.0,38,,,RGI60-11.01238,-389.1255238040123,5158861.789763794,105,198,0105_0198
274,2008-07-23,2008-07-23,46.583332,8.391457,2313.0,36,,,RGI60-11.01238,-386.36732026840855,5158863.011887527,105,198,0105_0198
274,2008-07-23,2008-07-23,46.583652,8.384567,2291.0,59,,,RGI60-11.01238,-914.236387780157,5158898.62653043,97,198,0097_0198
274,2008-07-23,2008-07-23,46.58365,8.384606,2291.0,60,,,RGI60-11.01238,-911.2484703065621,5158898.40384264,97,198,0097_0198
274,2008-07-23,2008-07-23,46.583647,8.384645,2291.0,61,,,RGI60-11.01238,-908.2605693136007,5158898.070038075,97,198,0097_0198
274,2008-07-23,2008-07-23,46.583643,8.384684,2291.0,62,,,RGI60-11.01238,-905.272684636449,5158897.625116736,97,198,0097_0198
274,2008-07-23,2008-07-23,46.58364,8.384723,2292.0,64,,,RGI60-11.01238,-902.2847829293354,5158897.291315125,97,198,0097_0198
274,2008-07-23,2008-07-23,46.583636,8.384762,2292.0,65,,,RGI60-11.01238,-899.2968974279056,5158896.846396741,97,198,0097_0198
274,2008-07-23,2008-07-23,46.583634,8.384801,2293.0,67,,,RGI60-11.01238,-896.3089785257436,5158896.6237163395,98,198,0098_0198
274,2008-07-23,2008-07-23,46.583632,8.38484,2294.0,68,,,RGI60-11.01238,-893.321059403797,5158896.401037413,98,198,0098_0198
274,2008-07-23,2008-07-23,46.583631,8.384879,2294.0,70,,,RGI60-11.01238,-890.3331236912949,5158896.289478215,98,198,0098_0198
274,2008-07-23,2008-07-23,46.583632,8.384918,2295.0,72,,,RGI60-11.01238,-887.3451552372255,5158896.400156998,98,198,0098_0198
274,2008-07-23,2008-07-23,46.583633,8.384957,2296.0,75,,,RGI60-11.01238,-884.357186893015,5158896.510837257,98,198,0098_0198
274,2008-07-23,2008-07-23,46.583635,8.384996,2296.0,78,,,RGI60-11.01238,-881.3692024527094,5158896.732637246,98,198,0098_0198
274,2008-07-23,2008-07-23,46.583638,8.385035,2297.0,81,,,RGI60-11.01238,-878.3812020811289,5158897.065556963,98,198,0098_0198
274,2008-07-23,2008-07-23,46.583642,8.385074,2297.0,82,,,RGI60-11.01238,-875.3931859430918,5158897.50959641,98,198,0098_0198
274,2008-07-23,2008-07-23,46.583646,8.385112,2297.0,83,,,RGI60-11.01238,-872.4817843808721,5158897.953648395,98,198,0098_0198
274,2008-07-23,2008-07-23,46.58365,8.385151,2297.0,84,,,RGI60-11.01238,-869.49376911607,5158898.397690758,98,198,0098_0198
274,2008-07-23,2008-07-23,46.583655,8.38519,2297.0,85,,,RGI60-11.01238,-866.5057383583421,5158898.952852851,98,198,0098_0198
274,2008-07-23,2008-07-23,46.58366,8.385228,2297.0,85,,,RGI60-11.01238,-863.5943222663462,5158899.508027371,98,198,0098_0198
274,2008-07-23,2008-07-23,46.583665,8.385266,2298.0,85,,,RGI60-11.01238,-860.6829067097607,5158900.063203292,98,198,0098_0198
274,2008-07-23,2008-07-23,46.58367,8.385305,2298.0,85,,,RGI60-11.01238,-857.6948775858256,5158900.618369743,98,198,0098_0198
274,2008-07-23,2008-07-23,46.583675,8.385344,2298.0,86,,,RGI60-11.01238,-854.7068490113868,5158901.173537671,98,198,0098_0198
274,2008-07-23,2008-07-23,46.58368,8.385382,2298.0,86,,,RGI60-11.01238,-851.7954350747518,5158901.728717876,98,198,0098_0198
274,2008-07-23,2008-07-23,46.583685,8.38542,2298.0,86,,,RGI60-11.01238,-848.884021673284,5158902.283899483,98,198,0098_0198
274,2008-07-23,2008-07-23,46.583689,8.385459,2298.0,87,,,RGI60-11.01238,-845.8960102866107,5158902.727953519,98,198,0098_0198
274,2008-07-23,2008-07-23,46.583694,8.385497,2298.0,87,,,RGI60-11.01238,-842.9845979092332,5158903.283137969,98,198,0098_0198
274,2008-07-23,2008-07-23,46.583699,8.385536,2298.0,87,,,RGI60-11.01238,-839.9965720057224,5158903.838313173,98,198,0098_0198
274,2008-07-23,2008-07-23,46.583703,8.385575,2298.0,87,,,RGI60-11.01238,-837.0085620417844,5158904.282371601,98,198,0098_0198
274,2008-07-23,2008-07-23,46.583708,8.385613,2298.0,87,,,RGI60-11.01238,-834.0971512309519,5158904.837560336,98,198,0098_0198
274,2008-07-23,2008-07-23,46.583712,8.385652,2298.0,88,,,RGI60-11.01238,-831.1091421951918,5158905.2816216815,99,198,0099_0198
274,2008-07-23,2008-07-23,46.583717,8.38569,2298.0,88,,,RGI60-11.01238,-828.1977324083292,5158905.836813258,99,198,0099_0198
274,2008-07-23,2008-07-23,46.583721,8.385729,2298.0,89,,,RGI60-11.01238,-825.2097243011125,5158906.280877521,99,198,0099_0198
274,2008-07-23,2008-07-23,46.583725,8.385768,2299.0,89,,,RGI60-11.01238,-822.2217166331496,5158906.724943263,99,198,0099_0198
274,2008-07-23,2008-07-23,46.58373,8.385806,2299.0,90,,,RGI60-11.01238,-819.3103083593038,5158907.280139123,99,198,0099_0198
274,2008-07-23,2008-07-23,46.583734,8.385845,2299.0,92,,,RGI60-11.01238,-816.3223016197636,5158907.724207782,99,198,0099_0198
274,2008-07-23,2008-07-23,46.583738,8.385883,2299.0,95,,,RGI60-11.01238,-813.4109093264517,5158908.168288231,99,198,0099_0198
274,2008-07-23,2008-07-23,46.583743,8.385922,2300.0,97,,,RGI60-11.01238,-810.4228885586497,5158908.723478062,99,198,0099_0198
274,2008-07-23,2008-07-23,46.583747,8.385961,2300.0,100,,,RGI60-11.01238,-807.434883186909,5158909.167551116,99,198,0099_0198
274,2008-07-23,2008-07-23,46.583751,8.385999,2300.0,103,,,RGI60-11.01238,-804.523492243085,5158909.611635848,99,198,0099_0198
274,2008-07-23,2008-07-23,46.583755,8.386038,2300.0,105,,,RGI60-11.01238,-801.5354877447071,5158910.055711818,99,198,0099_0198
274,2008-07-23,2008-07-23,46.583759,8.386077,2301.0,107,,,RGI60-11.01238,-798.5474836858272,5158910.499789269,99,198,0099_0198
274,2008-07-23,2008-07-23,46.583763,8.386116,2301.0,109,,,RGI60-11.01238,-795.5594800664464,5158910.943868196,99,198,0099_0198
274,2008-07-23,2008-07-23,46.583766,8.386154,2302.0,111,,,RGI60-11.01238,-792.6481054271283,5158911.276840395,99,198,0099_0198
274,2008-07-23,2008-07-23,46.583769,8.386193,2302.0,114,,,RGI60-11.01238,-789.660117145793,5158911.609803985,99,198,0099_0198
274,2008-07-23,2008-07-23,46.583772,8.386232,2303.0,116,,,RGI60-11.01238,-786.6721291941998,5158911.942769053,99,198,0099_0198
274,2008-07-23,2008-07-23,46.583775,8.386271,2303.0,119,,,RGI60-11.01238,-783.6841415722266,5158912.2757356,99,198,0099_0198
274,2008-07-23,2008-07-23,46.583777,8.38631,2304.0,121,,,RGI60-11.01238,-780.6961686347984,5158912.497585368,99,198,0099_0198
274,2008-07-23,2008-07-23,46.583779,8.386349,2304.0,122,,,RGI60-11.01238,-777.7081959172324,5158912.719436616,99,198,0099_0198
274,2008-07-23,2008-07-23,46.583781,8.386388,2304.0,124,,,RGI60-11.01238,-774.7202234191644,5158912.941289338,99,198,0099_0198
274,2008-07-23,2008-07-23,46.583782,8.386427,2304.0,124,,,RGI60-11.01238,-771.7322653310637,5158913.052025285,99,198,0099_0198
274,2008-07-23,2008-07-23,46.583784,8.386466,2305.0,124,,,RGI60-11.01238,-768.7442932176594,5158913.273880964,99,198,0099_0198
274,2008-07-23,2008-07-23,46.583785,8.386506,2305.0,125,,,RGI60-11.01238,-765.6797214636931,5158913.384610157,100,198,0100_0198
274,2008-07-23,2008-07-23,46.583786,8.386545,2305.0,125,,,RGI60-11.01238,-762.6917637615246,5158913.495350575,100,198,0100_0198
274,2008-07-23,2008-07-23,46.583786,8.386584,2305.0,125,,,RGI60-11.01238,-759.7038201382745,5158913.494974216,100,198,0100_0198
274,2008-07-23,2008-07-23,46.583787,8.386623,2305.0,126,,,RGI60-11.01238,-756.715862600767,5158913.605717586,100,198,0100_0198
274,2008-07-23,2008-07-23,46.583788,8.386662,2305.0,127,,,RGI60-11.01238,-753.7279051733645,5158913.716462435,100,198,0100_0198
274,2008-07-23,2008-07-23,46.583788,8.386701,2304.0,130,,,RGI60-11.01238,-750.7399616596952,5158913.716090509,100,198,0100_0198
274,2008-07-23,2008-07-23,46.583789,8.38674,2304.0,130,,,RGI60-11.01238,-747.7520043969542,5158913.826838312,100,198,0100_0198
274,2008-07-23,2008-07-23,46.583789,8.386779,2304.0,130,,,RGI60-11.01238,-744.7640609383094,5158913.826469339,100,198,0100_0198
274,2008-07-23,2008-07-23,46.58379,8.386819,2304.0,130,,,RGI60-11.01238,-741.6994899069858,5158913.937210693,100,198,0100_0198
274,2008-07-23,2008-07-23,46.58379,8.386858,2304.0,129,,,RGI60-11.01238,-738.7115465032441,5158913.936844712,100,198,0100_0198
274,2008-07-23,2008-07-23,46.583791,8.386897,2304.0,129,,,RGI60-11.01238,-735.723589571479,5158914.0475984635,100,198,0100_0198
274,2008-07-23,2008-07-23,46.583792,8.386936,2304.0,129,,,RGI60-11.01238,-732.7356327494545,5158914.158353692,100,198,0100_0198
274,2008-07-23,2008-07-23,46.583793,8.386975,2304.0,128,,,RGI60-11.01238,-729.7476760375357,5158914.2691103965,100,198,0100_0198
274,2008-07-23,2008-07-23,46.583794,8.387014,2304.0,128,,,RGI60-11.01238,-726.7597194352358,5158914.37986858,100,198,0100_0198
274,2008-07-23,2008-07-23,46.583796,8.387053,2304.0,127,,,RGI60-11.01238,-723.7717496347976,5158914.601746494,100,198,0100_0198
274,2008-07-23,2008-07-23,46.583797,8.387092,2304.0,126,,,RGI60-11.01238,-720.7837933071626,5158914.712507632,100,198,0100_0198
274,2008-07-23,2008-07-23,46.583799,8.387131,2305.0,126,,,RGI60-11.01238,-717.7958238911473,5158914.934388502,100,198,0100_0198
274,2008-07-23,2008-07-23,46.583801,8.38717,2305.0,126,,,RGI60-11.01238,-714.807854694997,5158915.156270849,100,198,0100_0198
274,2008-07-23,2008-07-23,46.583803,8.387209,2305.0,126,,,RGI60-11.01238,-711.8198857183456,5158915.378154673,100,198,0100_0198
274,2008-07-23,2008-07-23,46.583806,8.387248,2305.0,125,,,RGI60-11.01238,-708.831903928136,5158915.71115823,100,198,0100_0198
274,2008-07-23,2008-07-23,46.583808,8.387287,2305.0,125,,,RGI60-11.01238,-705.8439354459102,5158915.933045008,100,198,0100_0198
274,2008-07-23,2008-07-23,46.583811,8.387326,2305.0,124,,,RGI60-11.01238,-702.8559542598844,5158916.26605152,100,198,0100_0198
274,2008-07-23,2008-07-23,46.583814,8.387365,2306.0,123,,,RGI60-11.01238,-699.8679734034813,5158916.599059509,101,198,0101_0198
274,2008-07-23,2008-07-23,46.583816,8.387404,2306.0,123,,,RGI60-11.01238,-696.8800056904867,5158916.82095072,101,198,0101_0198
274,2008-07-23,2008-07-23,46.583819,8.387443,2306.0,123,,,RGI60-11.01238,-693.8920254385115,5158917.153961664,101,198,0101_0198
274,2008-07-23,2008-07-23,46.583821,8.387482,2306.0,123,,,RGI60-11.01238,-690.9040582198216,5158917.375855832,101,198,0101_0198
274,2008-07-23,2008-07-23,46.583824,8.387521,2306.0,123,,,RGI60-11.01238,-687.9160785720309,5158917.708869731,101,197,0101_0197
274,2008-07-23,2008-07-23,46.583826,8.38756,2307.0,122,,,RGI60-11.01238,-684.9281118478899,5158917.930766853,101,197,0101_0197
274,2008-07-23,2008-07-23,46.583828,8.387599,2307.0,122,,,RGI60-11.01238,-681.9401453434928,5158918.152665451,101,197,0101_0197
274,2008-07-23,2008-07-23,46.58383,8.387638,2307.0,121,,,RGI60-11.01238,-678.9521790587171,5158918.374565527,101,197,0101_0197
274,2008-07-23,2008-07-23,46.583832,8.387677,2308.0,120,,,RGI60-11.01238,-675.9642129939292,5158918.5964670805,101,197,0101_0197
274,2008-07-23,2008-07-23,46.583834,8.387716,2308.0,119,,,RGI60-11.01238,-672.9762471487629,5158918.818370111,101,197,0101_0197
274,2008-07-23,2008-07-23,46.583835,8.387755,2308.0,118,,,RGI60-11.01238,-669.9882938426672,5158918.929156365,101,197,0101_0197
274,2008-07-23,2008-07-23,46.583835,8.387795,2309.0,117,,,RGI60-11.01238,-666.923739040714,5158918.928817384,101,197,0101_0197
274,2008-07-23,2008-07-23,46.583836,8.387834,2309.0,116,,,RGI60-11.01238,-663.9357859008143,5158919.039606631,101,197,0101_0197
274,2008-07-23,2008-07-23,46.583836,8.387873,2310.0,115,,,RGI60-11.01238,-660.9478450238748,5158919.039279098,101,197,0101_0197
274,2008-07-23,2008-07-23,46.583835,8.387912,2310.0,113,,,RGI60-11.01238,-657.9599162450749,5158918.9278347865,101,197,0101_0197
274,2008-07-23,2008-07-23,46.583835,8.387951,2310.0,111,,,RGI60-11.01238,-654.9719753132839,5158918.927510209,101,197,0101_0197
274,2008-07-23,2008-07-23,46.583833,8.38799,2310.0,110,,,RGI60-11.01238,-651.9840583577829,5158918.704950599,101,197,0101_0197
274,2008-07-23,2008-07-23,46.583832,8.388029,2310.0,108,,,RGI60-11.01238,-648.9961292492911,5158918.593510721,101,197,0101_0197
274,2008-07-23,2008-07-23,46.58383,8.388068,2310.0,108,,,RGI60-11.01238,-646.0082119092951,5158918.370954065,101,197,0101_0197
274,2008-07-23,2008-07-23,46.583828,8.388107,2310.0,108,,,RGI60-11.01238,-643.0202943495211,5158918.1483988855,101,197,0101_0197
274,2008-07-23,2008-07-23,46.583825,8.388146,2310.0,107,,,RGI60-11.01238,-640.0323883384801,5158917.81472693,101,197,0101_0197
274,2008-07-23,2008-07-23,46.583822,8.388185,2310.0,107,,,RGI60-11.01238,-637.0444819977794,5158917.481056451,101,198,0101_0198
274,2008-07-23,2008-07-23,46.583819,8.388224,2310.0,107,,,RGI60-11.01238,-634.0565753274187,5158917.14738745,102,198,0102_0198
274,2008-07-23,2008-07-23,46.583816,8.388263,2310.0,107,,,RGI60-11.01238,-631.0686683273981,5158916.813719926,102,198,0102_0198
274,2008-07-23,2008-07-23,46.583812,8.388302,2310.0,106,,,RGI60-11.01238,-628.0807725464654,5158916.368935626,102,198,0102_0198
274,2008-07-23,2008-07-23,46.583809,8.38834,2310.0,106,,,RGI60-11.01238,-625.1694787389241,5158916.0352789825,102,198,0102_0198
274,2008-07-23,2008-07-23,46.583805,8.388379,2310.0,106,,,RGI60-11.01238,-622.1815821393626,5158915.590497597,102,198,0102_0198
274,2008-07-23,2008-07-23,46.583801,8.388418,2311.0,105,,,RGI60-11.01238,-619.1936851005032,5158915.145717692,102,198,0102_0198
274,2008-07-23,2008-07-23,46.583798,8.388457,2311.0,105,,,RGI60-11.01238,-616.2057762914673,5158914.812057518,102,198,0102_0198
274,2008-07-23,2008-07-23,46.583794,8.388496,2311.0,104,,,RGI60-11.01238,-613.2178784283446,5158914.367280567,102,198,0102_0198
274,2008-07-23,2008-07-23,46.583791,8.388535,2311.0,103,,,RGI60-11.01238,-610.2299689052929,5158914.033623348,102,198,0102_0198
274,2008-07-23,2008-07-23,46.583788,8.388573,2311.0,103,,,RGI60-11.01238,-607.3186729886638,5158913.699975305,102,198,0102_0198
274,2008-07-23,2008-07-23,46.583785,8.388612,2311.0,103,,,RGI60-11.01238,-604.330762810399,5158913.366321003,102,198,0102_0198
274,2008-07-23,2008-07-23,46.583782,8.388651,2311.0,103,,,RGI60-11.01238,-601.3428523024754,5158913.032668179,102,198,0102_0198
274,2008-07-23,2008-07-23,46.58378,8.38869,2311.0,102,,,RGI60-11.01238,-598.3549304626162,5158912.810135086,102,198,0102_0198
274,2008-07-23,2008-07-23,46.583778,8.388729,2311.0,102,,,RGI60-11.01238,-595.3670084032232,5158912.587603472,102,198,0102_0198
274,2008-07-23,2008-07-23,46.583776,8.388768,2311.0,102,,,RGI60-11.01238,-592.3790861238099,5158912.365073334,102,198,0102_0198
274,2008-07-23,2008-07-23,46.583775,8.388807,2311.0,102,,,RGI60-11.01238,-589.3911527875302,5158912.253662929,102,198,0102_0198
274,2008-07-23,2008-07-23,46.583774,8.388846,2311.0,102,,,RGI60-11.01238,-586.4032193412334,5158912.142253998,102,198,0102_0198
274,2008-07-23,2008-07-23,46.583774,8.388886,2311.0,102,,,RGI60-11.01238,-583.3386611015379,5158912.141957405,102,198,0102_0198
274,2008-07-23,2008-07-23,46.583774,8.388925,2311.0,101,,,RGI60-11.01238,-580.350716817878,5158912.141669722,102,198,0102_0198
274,2008-07-23,2008-07-23,46.583775,8.388964,2311.0,101,,,RGI60-11.01238,-577.3627619180403,5158912.252501774,102,198,0102_0198
274,2008-07-23,2008-07-23,46.583775,8.389003,2311.0,100,,,RGI60-11.01238,-574.3748176891701,5158912.252217047,102,198,0102_0198
274,2008-07-23,2008-07-23,46.583777,8.389042,2311.0,100,,,RGI60-11.01238,-571.3868524479636,5158912.474170303,102,198,0102_0198
274,2008-07-23,2008-07-23,46.583779,8.389081,2311.0,100,,,RGI60-11.01238,-568.3988874263815,5158912.69612504,102,198,0102_0198
274,2008-07-23,2008-07-23,46.58378,8.38912,2311.0,100,,,RGI60-11.01238,-565.4109330209494,5158912.806962998,103,198,0103_0198
274,2008-07-23,2008-07-23,46.583783,8.389159,2311.0,100,,,RGI60-11.01238,-562.4229580424575,5158913.140038941,103,198,0103_0198
274,2008-07-23,2008-07-23,46.583786,8.389198,2311.0,100,,,RGI60-11.01238,-559.4349833934706,5158913.473116363,103,198,0103_0198
274,2008-07-23,2008-07-23,46.583788,8.389237,2311.0,99,,,RGI60-11.01238,-556.4470193059371,5158913.69507701,103,198,0103_0198
274,2008-07-23,2008-07-23,46.583792,8.389276,2311.0,97,,,RGI60-11.01238,-553.4590350846202,5158914.139275642,103,198,0103_0198
274,2008-07-23,2008-07-23,46.583795,8.389315,2311.0,97,,,RGI60-11.01238,-550.4710614247567,5158914.472357497,103,198,0103_0198
274,2008-07-23,2008-07-23,46.583798,8.389354,2311.0,96,,,RGI60-11.01238,-547.4830880942767,5158914.805440828,103,198,0103_0198
274,2008-07-23,2008-07-23,46.583801,8.389392,2311.0,96,,,RGI60-11.01238,-544.571729011565,5158915.138532541,103,198,0103_0198
274,2008-07-23,2008-07-23,46.583805,8.389431,2311.0,95,,,RGI60-11.01238,-541.5837463779422,5158915.582737044,103,198,0103_0198
274,2008-07-23,2008-07-23,46.583808,8.38947,2312.0,93,,,RGI60-11.01238,-538.5957740871794,5158915.915824772,103,198,0103_0198
274,2008-07-23,2008-07-23,46.583811,8.389509,2312.0,92,,,RGI60-11.01238,-535.6078021260438,5158916.248913975,103,198,0103_0198
274,2008-07-23,2008-07-23,46.583814,8.389548,2312.0,91,,,RGI60-11.01238,-532.6198304945357,5158916.582004657,103,198,0103_0198
274,2008-07-23,2008-07-23,46.583817,8.389587,2312.0,89,,,RGI60-11.01238,-529.6318591926548,5158916.915096818,103,198,0103_0198
274,2008-07-23,2008-07-23,46.583819,8.389626,2312.0,88,,,RGI60-11.01238,-526.6438979039954,5158917.137072199,103,198,0103_0198
274,2008-07-23,2008-07-23,46.583821,8.389665,2312.0,86,,,RGI60-11.01238,-523.6559368349614,5158917.3590490585,103,198,0103_0198
274,2008-07-23,2008-07-23,46.583823,8.389704,2312.0,85,,,RGI60-11.01238,-520.6679759859195,5158917.581027396,103,198,0103_0198
274,2008-07-23,2008-07-23,46.583824,8.389743,2312.0,85,,,RGI60-11.01238,-517.6800248752764,5158917.691888955,103,197,0103_0197
274,2008-07-23,2008-07-23,46.583825,8.389782,2312.0,84,,,RGI60-11.01238,-514.6920738745011,5158917.802751991,103,197,0103_0197
274,2008-07-23,2008-07-23,46.583826,8.389821,2313.0,84,,,RGI60-11.01238,-511.7041229835937,5158917.913616505,103,197,0103_0197
274,2008-07-23,2008-07-23,46.583825,8.38986,2313.0,84,,,RGI60-11.01238,-508.7161909103368,5158917.802245985,103,197,0103_0197
274,2008-07-23,2008-07-23,46.583825,8.389899,2313.0,83,,,RGI60-11.01238,-505.7282494284184,5158917.801995199,103,197,0103_0197
274,2008-07-23,2008-07-23,46.583823,8.389939,2313.0,82,,,RGI60-11.01238,-502.6637125474757,5158917.579503006,103,198,0103_0198
274,2008-07-23,2008-07-23,46.583822,8.389978,2313.0,81,,,RGI60-11.01238,-499.6757801433729,5158917.468136956,104,198,0104_0198
274,2008-07-23,2008-07-23,46.583819,8.390017,2313.0,81,,,RGI60-11.01238,-496.68786589469534,5158917.134535874,104,198,0104_0198
274,2008-07-23,2008-07-23,46.583816,8.390056,2313.0,79,,,RGI60-11.01238,-493.69995131648346,5158916.8009362705,104,198,0104_0198
274,2008-07-23,2008-07-23,46.583813,8.390094,2313.0,77,,,RGI60-11.01238,-490.7886503097364,5158916.467344364,104,198,0104_0198
274,2008-07-23,2008-07-23,46.583809,8.390133,2313.0,75,,,RGI60-11.01238,-487.8007440456846,5158916.022629424,104,198,0104_0198
274,2008-07-23,2008-07-23,46.583804,8.390172,2313.0,73,,,RGI60-11.01238,-484.8128462567651,5158915.466797704,104,198,0104_0198
274,2008-07-23,2008-07-23,46.5838,8.39021,2313.0,72,,,RGI60-11.01238,-481.90155297813277,5158915.0220918255,104,198,0104_0198
274,2008-07-23,2008-07-23,46.583794,8.390249,2313.0,70,,,RGI60-11.01238,-478.91366295806836,5158914.35514477,104,198,0104_0198
274,2008-07-23,2008-07-23,46.583789,8.390287,2313.0,69,,,RGI60-11.01238,-476.0023774627446,5158913.799323481,104,198,0104_0198
274,2008-07-23,2008-07-23,46.583783,8.390325,2313.0,67,,,RGI60-11.01238,-473.0911001308559,5158913.13238534,104,198,0104_0198
274,2008-07-23,2008-07-23,46.583778,8.390363,2313.0,66,,,RGI60-11.01238,-470.1798135113379,5158912.576566856,104,198,0104_0198
274,2008-07-23,2008-07-23,46.583772,8.390402,2313.0,64,,,RGI60-11.01238,-467.19192098943097,5158911.909625599,104,198,0104_0198
274,2008-07-23,2008-07-23,46.583766,8.39044,2314.0,63,,,RGI60-11.01238,-464.2806417755569,5158911.242691703,104,198,0104_0198
274,2008-07-23,2008-07-23,46.58376,8.390478,2314.0,61,,,RGI60-11.01238,-461.36936191916544,5158910.575759213,104,198,0104_0198
274,2008-07-23,2008-07-23,46.583754,8.390516,2314.0,60,,,RGI60-11.01238,-458.45808142050083,5158909.908828124,104,198,0104_0198
274,2008-07-23,2008-07-23,46.583749,8.390555,2314.0,59,,,RGI60-11.01238,-455.4701779117522,5158909.35301092,104,198,0104_0198
274,2008-07-23,2008-07-23,46.583744,8.390593,2314.0,56,,,RGI60-11.01238,-452.5588878520341,5158908.797200929,104,198,0104_0198
274,2008-07-23,2008-07-23,46.583739,8.390632,2314.0,54,,,RGI60-11.01238,-449.57098325161553,5158908.241386642,104,198,0104_0198
274,2008-07-23,2008-07-23,46.583734,8.39067,2314.0,51,,,RGI60-11.01238,-446.65969211419394,5158907.685579494,104,198,0104_0198
274,2008-07-23,2008-07-23,46.58373,8.390709,2314.0,49,,,RGI60-11.01238,-443.6717782640546,5158907.240886377,104,198,0104_0198
274,2008-07-23,2008-07-23,46.583727,8.390748,2314.0,46,,,RGI60-11.01238,-440.6838558712696,5158906.90731299,104,198,0104_0198
274,2008-07-23,2008-07-23,46.583724,8.390786,2314.0,43,,,RGI60-11.01238,-437.7725471754551,5158906.57374663,104,198,0104_0198
274,2008-07-23,2008-07-23,46.583721,8.390825,2314.0,41,,,RGI60-11.01238,-434.78462412771034,5158906.240176161,105,198,0105_0198
274,2008-07-23,2008-07-23,46.583719,8.390864,2313.0,39,,,RGI60-11.01238,-431.79669281073654,5158906.017725423,105,198,0105_0198
274,2008-07-23,2008-07-23,46.583717,8.390903,2313.0,37,,,RGI60-11.01238,-428.8087612739905,5158905.795276162,105,198,0105_0198
274,2008-07-23,2008-07-23,46.583717,8.390943,2313.0,35,,,RGI60-11.01238,-425.7441998217183,5158905.795059486,105,198,0105_0198
274,2008-07-23,2008-07-23,46.583046,8.384451,2281.0,51,,,RGI60-11.01238,-923.1339126223928,5158831.290224537,97,199,0097_0199
274,2008-07-23,2008-07-23,46.583051,8.384489,2282.0,53,,,RGI60-11.01238,-920.2224587259134,5158831.84537172,97,199,0097_0199
274,2008-07-23,2008-07-23,46.583058,8.384527,2282.0,56,,,RGI60-11.01238,-917.3109716318739,5158832.622756787,97,199,0097_0199
274,2008-07-23,2008-07-23,46.583064,8.384565,2282.0,58,,,RGI60-11.01238,-914.3995021000633,5158833.289025016,97,199,0097_0199
274,2008-07-23,2008-07-23,46.58307,8.384603,2282.0,59,,,RGI60-11.01238,-911.4880332107145,5158833.955294648,97,199,0097_0199
274,2008-07-23,2008-07-23,46.583076,8.384641,2282.0,60,,,RGI60-11.01238,-908.576564963584,5158834.621565684,97,199,0097_0199
274,2008-07-23,2008-07-23,46.583082,8.38468,2282.0,62,,,RGI60-11.01238,-905.5884824282049,5158835.287826642,97,199,0097_0199
274,2008-07-23,2008-07-23,46.583086,8.384718,2283.0,63,,,RGI60-11.01238,-902.6770486690582,5158835.731864042,97,199,0097_0199
274,2008-07-23,2008-07-23,46.583091,8.384757,2283.0,64,,,RGI60-11.01238,-899.6889838760835,5158836.287009676,97,199,0097_0199
274,2008-07-23,2008-07-23,46.583094,8.384796,2283.0,66,,,RGI60-11.01238,-896.7009526078173,5158836.619920308,98,199,0098_0199
274,2008-07-23,2008-07-23,46.583097,8.384835,2283.0,67,,,RGI60-11.01238,-893.7129216689201,5158836.952832416,98,199,0098_0199
274,2008-07-23,2008-07-23,46.583098,8.384874,2283.0,69,,,RGI60-11.01238,-890.7249238152214,5158837.063509521,98,199,0098_0199
274,2008-07-23,2008-07-23,46.583099,8.384913,2283.0,70,,,RGI60-11.01238,-887.7369260712577,5158837.1741881035,98,199,0098_0199
274,2008-07-23,2008-07-23,46.583098,8.384952,2283.0,72,,,RGI60-11.01238,-884.7489609726109,5158837.062631682,98,199,0098_0199
274,2008-07-23,2008-07-23,46.583097,8.384991,2283.0,73,,,RGI60-11.01238,-881.7609957643057,5158836.951076737,98,199,0098_0199
274,2008-07-23,2008-07-23,46.583095,8.38503,2283.0,74,,,RGI60-11.01238,-878.7730466037656,5158836.7284050295,98,199,0098_0199
274,2008-07-23,2008-07-23,46.583093,8.385069,2283.0,76,,,RGI60-11.01238,-875.7850972236877,5158836.5057347985,98,199,0098_0199
274,2008-07-23,2008-07-23,46.58309,8.385108,2283.0,78,,,RGI60-11.01238,-872.7971636716142,5158836.171947804,98,199,0098_0199
274,2008-07-23,2008-07-23,46.583086,8.385147,2283.0,80,,,RGI60-11.01238,-869.8092457830884,5158835.727044047,98,199,0098_0199
274,2008-07-23,2008-07-23,46.583081,8.385185,2283.0,81,,,RGI60-11.01238,-866.8979583254161,5158835.171034516,98,199,0098_0199
274,2008-07-23,2008-07-23,46.583077,8.385224,2283.0,83,,,RGI60-11.01238,-863.9100395084979,5158834.726133676,98,199,0098_0199
274,2008-07-23,2008-07-23,46.583072,8.385262,2283.0,85,,,RGI60-11.01238,-860.9987510265179,5158834.170126989,98,199,0098_0199
274,2008-07-23,2008-07-23,46.583067,8.385301,2283.0,86,,,RGI60-11.01238,-858.0108470573507,5158833.614110825,98,199,0098_0199
274,2008-07-23,2008-07-23,46.583062,8.385339,2283.0,90,,,RGI60-11.01238,-855.0995574977744,5158833.05810698,98,199,0098_0199
274,2008-07-23,2008-07-23,46.583057,8.385378,2283.0,91,,,RGI60-11.01238,-852.1116524368017,5158832.502093737,98,199,0098_0199
274,2008-07-23,2008-07-23,46.583052,8.385416,2283.0,91,,,RGI60-11.01238,-849.2003617995091,5158831.946092734,98,199,0098_0199
274,2008-07-23,2008-07-23,46.583047,8.385455,2283.0,91,,,RGI60-11.01238,-846.2124556466099,5158831.390082408,98,199,0098_0199
274,2008-07-23,2008-07-23,46.583043,8.385493,2283.0,92,,,RGI60-11.01238,-843.3011484259367,5158830.945202489,98,199,0098_0199
274,2008-07-23,2008-07-23,46.583038,8.385532,2283.0,93,,,RGI60-11.01238,-840.3132412362958,5158830.389195079,98,199,0098_0199
274,2008-07-23,2008-07-23,46.583034,8.385571,2284.0,94,,,RGI60-11.01238,-837.325318101327,5158829.944307387,98,199,0098_0199
274,2008-07-23,2008-07-23,46.58303,8.385609,2284.0,94,,,RGI60-11.01238,-834.4140095310366,5158829.49943175,98,199,0098_0199
274,2008-07-23,2008-07-23,46.583027,8.385648,2284.0,95,,,RGI60-11.01238,-831.4260702354312,5158829.165665216,99,199,0099_0199
274,2008-07-23,2008-07-23,46.583024,8.385687,2285.0,96,,,RGI60-11.01238,-828.4381306101649,5158828.831900158,99,199,0099_0199
274,2008-07-23,2008-07-23,46.583021,8.385726,2285.0,96,,,RGI60-11.01238,-825.450190655238,5158828.498136578,99,199,0099_0199
274,2008-07-23,2008-07-23,46.583018,8.385765,2285.0,97,,,RGI60-11.01238,-822.46225037065,5158828.164374475,99,199,0099_0199
274,2008-07-23,2008-07-23,46.583015,8.385804,2286.0,98,,,RGI60-11.01238,-819.4743097564013,5158827.83061385,99,199,0099_0199
274,2008-07-23,2008-07-23,46.583013,8.385843,2286.0,99,,,RGI60-11.01238,-816.4863537998845,5158827.607972941,99,199,0099_0199
274,2008-07-23,2008-07-23,46.583011,8.385882,2286.0,99,,,RGI60-11.01238,-813.4983976235878,5158827.385333511,99,199,0099_0199
274,2008-07-23,2008-07-23,46.583009,8.385921,2286.0,101,,,RGI60-11.01238,-810.5104412275115,5158827.162695556,99,199,0099_0199
274,2008-07-23,2008-07-23,46.583007,8.38596,2287.0,103,,,RGI60-11.01238,-807.5224846115333,5158826.940059082,99,199,0099_0199
274,2008-07-23,2008-07-23,46.583006,8.385999,2287.0,105,,,RGI60-11.01238,-804.5345129831719,5158826.828542322,99,199,0099_0199
274,2008-07-23,2008-07-23,46.583004,8.386038,2287.0,107,,,RGI60-11.01238,-801.5465559826964,5158826.6059088,99,199,0099_0199
274,2008-07-23,2008-07-23,46.583003,8.386077,2288.0,111,,,RGI60-11.01238,-798.5585840794743,5158826.494394995,99,199,0099_0199
274,2008-07-23,2008-07-23,46.583002,8.386116,2288.0,115,,,RGI60-11.01238,-795.5706120663525,5158826.382882668,99,199,0099_0199
274,2008-07-23,2008-07-23,46.583001,8.386155,2289.0,118,,,RGI60-11.01238,-792.5826399432094,5158826.271371818,99,199,0099_0199
274,2008-07-23,2008-07-23,46.583,8.386194,2289.0,122,,,RGI60-11.01238,-789.594667710411,5158826.159862445,99,199,0099_0199
274,2008-07-23,2008-07-23,46.583,8.386234,2289.0,125,,,RGI60-11.01238,-786.5300658580153,5158826.159462816,99,199,0099_0199
274,2008-07-23,2008-07-23,46.582999,8.386273,2290.0,126,,,RGI60-11.01238,-783.5420934589495,5158826.047956435,99,199,0099_0199
274,2008-07-23,2008-07-23,46.582999,8.386312,2290.0,126,,,RGI60-11.01238,-780.5541065978206,5158826.047569771,99,199,0099_0199
274,2008-07-23,2008-07-23,46.582999,8.386351,2290.0,127,,,RGI60-11.01238,-777.5661197367941,5158826.047184585,99,199,0099_0199
274,2008-07-23,2008-07-23,46.582999,8.38639,2291.0,127,,,RGI60-11.01238,-774.5781328757485,5158826.046800875,99,199,0099_0199
274,2008-07-23,2008-07-23,46.582999,8.386429,2291.0,128,,,RGI60-11.01238,-771.5901460146832,5158826.046418643,99,199,0099_0199
274,2008-07-23,2008-07-23,46.583,8.386468,2291.0,128,,,RGI60-11.01238,-768.6021450213151,5158826.1571561275,99,199,0099_0199
274,2008-07-23,2008-07-23,46.583001,8.386508,2291.0,129,,,RGI60-11.01238,-765.5375290932097,5158826.267885384,100,199,0100_0199
274,2008-07-23,2008-07-23,46.583001,8.386547,2291.0,129,,,RGI60-11.01238,-762.5495423418441,5158826.267507621,100,199,0100_0199
274,2008-07-23,2008-07-23,46.583003,8.386586,2292.0,129,,,RGI60-11.01238,-759.5615276588336,5158826.489367815,100,199,0100_0199
274,2008-07-23,2008-07-23,46.583004,8.386625,2292.0,129,,,RGI60-11.01238,-756.5735271063138,5158826.600111247,100,199,0100_0199
274,2008-07-23,2008-07-23,46.583005,8.386644,2292.0,129,,,RGI60-11.01238,-755.1178274491531,5158826.711047421,100,199,0100_0199
274,2008-07-23,2008-07-23,46.583083,8.387715,2298.0,109,,,RGI60-11.01238,-673.0621550938178,5158835.368574445,101,199,0101_0199
274,2008-07-23,2008-07-23,46.583084,8.387754,2298.0,108,,,RGI60-11.01238,-670.0741605266148,5158835.479360646,101,199,0101_0199
274,2008-07-23,2008-07-23,46.583086,8.387793,2298.0,107,,,RGI60-11.01238,-667.0861538033902,5158835.701266564,101,199,0101_0199
274,2008-07-23,2008-07-23,46.583088,8.387832,2298.0,106,,,RGI60-11.01238,-664.0981473001508,5158835.923173959,101,199,0101_0199
274,2008-07-23,2008-07-23,46.583089,8.387871,2299.0,105,,,RGI60-11.01238,-661.1101531721711,5158836.033964591,101,199,0101_0199
274,2008-07-23,2008-07-23,46.58309,8.38791,2299.0,105,,,RGI60-11.01238,-658.1221591541763,5158836.144756701,101,199,0101_0199
274,2008-07-23,2008-07-23,46.583091,8.387949,2299.0,104,,,RGI60-11.01238,-655.1341652460442,5158836.255550288,101,199,0101_0199
274,2008-07-23,2008-07-23,46.583091,8.387988,2299.0,104,,,RGI60-11.01238,-652.1461834387184,5158836.255227111,101,199,0101_0199
274,2008-07-23,2008-07-23,46.583092,8.388027,2299.0,103,,,RGI60-11.01238,-649.1581896954947,5158836.366023653,101,199,0101_0199
274,2008-07-23,2008-07-23,46.583092,8.388067,2300.0,103,,,RGI60-11.01238,-646.0935930262881,5158836.36569524,101,199,0101_0199
274,2008-07-23,2008-07-23,46.583092,8.388106,2300.0,102,,,RGI60-11.01238,-643.1056112737316,5158836.365376534,101,199,0101_0199
274,2008-07-23,2008-07-23,46.583091,8.388145,2300.0,101,,,RGI60-11.01238,-640.1176412911789,5158836.253941063,101,199,0101_0199
274,2008-07-23,2008-07-23,46.583091,8.388184,2300.0,100,,,RGI60-11.01238,-637.1296594836508,5158836.253625312,101,199,0101_0199
274,2008-07-23,2008-07-23,46.58309,8.388223,2300.0,99,,,RGI60-11.01238,-634.1416893361251,5158836.142192796,102,199,0102_0199
274,2008-07-23,2008-07-23,46.583089,8.388262,2300.0,98,,,RGI60-11.01238,-631.1537190788258,5158836.030761759,102,199,0102_0199
274,2008-07-23,2008-07-23,46.583089,8.388301,2301.0,95,,,RGI60-11.01238,-628.1657371613707,5158836.030450439,102,199,0102_0199
274,2008-07-23,2008-07-23,46.583087,8.388341,2301.0,95,,,RGI60-11.01238,-625.1011633104629,5158835.807896188,102,199,0102_0199
274,2008-07-23,2008-07-23,46.583086,8.388379,2301.0,95,,,RGI60-11.01238,-622.1898076470687,5158835.696477509,102,199,0102_0199
274,2008-07-23,2008-07-23,46.583085,8.388419,2301.0,94,,,RGI60-11.01238,-619.125222023414,5158835.58504453,102,199,0102_0199
274,2008-07-23,2008-07-23,46.583083,8.388458,2301.0,94,,,RGI60-11.01238,-616.137262544078,5158835.3625026755,102,199,0102_0199
274,2008-07-23,2008-07-23,46.583081,8.388497,2302.0,94,,,RGI60-11.01238,-613.1493028448454,5158835.1399623,102,199,0102_0199
274,2008-07-23,2008-07-23,46.58308,8.388536,2302.0,94,,,RGI60-11.01238,-610.1613317068698,5158835.02854164,102,199,0102_0199
274,2008-07-23,2008-07-23,46.583078,8.388575,2302.0,95,,,RGI60-11.01238,-607.1733716230274,5158834.806004218,102,199,0102_0199
274,2008-07-23,2008-07-23,46.583076,8.388614,2302.0,95,,,RGI60-11.01238,-604.1854113192887,5158834.583468274,102,199,0102_0199
274,2008-07-23,2008-07-23,46.583074,8.388653,2302.0,95,,,RGI60-11.01238,-601.197450796019,5158834.360933808,102,199,0102_0199
274,2008-07-23,2008-07-23,46.583072,8.388692,2302.0,95,,,RGI60-11.01238,-598.2094900527313,5158834.138400818,102,199,0102_0199
274,2008-07-23,2008-07-23,46.58307,8.388731,2302.0,94,,,RGI60-11.01238,-595.2215290899129,5158833.915869306,102,199,0102_0199
274,2008-07-23,2008-07-23,46.583068,8.38877,2303.0,93,,,RGI60-11.01238,-592.2335679071983,5158833.693339271,102,199,0102_0199
274,2008-07-23,2008-07-23,46.583067,8.388809,2303.0,93,,,RGI60-11.01238,-589.2455956701997,5158833.5819289535,102,199,0102_0199
274,2008-07-23,2008-07-23,46.583065,8.388848,2303.0,92,,,RGI60-11.01238,-586.2576341029987,5158833.359401874,102,199,0102_0199
274,2008-07-23,2008-07-23,46.583063,8.388887,2303.0,91,,,RGI60-11.01238,-583.2696723157798,5158833.136876272,102,199,0102_0199
274,2008-07-23,2008-07-23,46.583061,8.388926,2303.0,91,,,RGI60-11.01238,-580.2817103090306,5158832.914352146,102,199,0102_0199
274,2008-07-23,2008-07-23,46.58306,8.388965,2303.0,90,,,RGI60-11.01238,-577.2937374676362,5158832.80294774,102,199,0102_0199
274,2008-07-23,2008-07-23,46.583059,8.389005,2304.0,90,,,RGI60-11.01238,-574.2291495533063,5158832.691537528,102,199,0102_0199
274,2008-07-23,2008-07-23,46.583057,8.389044,2304.0,89,,,RGI60-11.01238,-571.2411869941762,5158832.4690178735,102,199,0102_0199
274,2008-07-23,2008-07-23,46.583056,8.389083,2304.0,89,,,RGI60-11.01238,-568.2532137668734,5158832.357617936,103,199,0103_0199
274,2008-07-23,2008-07-23,46.583056,8.389122,2305.0,89,,,RGI60-11.01238,-565.2652300360949,5158832.357337715,103,199,0103_0199
274,2008-07-23,2008-07-23,46.583055,8.389161,2305.0,89,,,RGI60-11.01238,-562.2772566440663,5158832.245940733,103,199,0103_0199
274,2008-07-23,2008-07-23,46.583054,8.3892,2305.0,88,,,RGI60-11.01238,-559.2892831419005,5158832.1345452275,103,199,0103_0199
274,2008-07-23,2008-07-23,46.583054,8.389239,2305.0,88,,,RGI60-11.01238,-556.3012993014445,5158832.134269439,103,199,0103_0199
274,2008-07-23,2008-07-23,46.583054,8.389278,2306.0,88,,,RGI60-11.01238,-553.3133154608529,5158832.133995129,103,199,0103_0199
274,2008-07-23,2008-07-23,46.583054,8.389317,2306.0,87,,,RGI60-11.01238,-550.3253316201256,5158832.133722294,103,199,0103_0199
274,2008-07-23,2008-07-23,46.583054,8.389357,2306.0,86,,,RGI60-11.01238,-547.2607328092964,5158832.133444,103,199,0103_0199
274,2008-07-23,2008-07-23,46.583055,8.389396,2306.0,85,,,RGI60-11.01238,-544.2727389611903,5158832.244292399,103,199,0103_0199
274,2008-07-23,2008-07-23,46.583055,8.389435,2306.0,84,,,RGI60-11.01238,-541.2847551754833,5158832.2440240355,103,199,0103_0199
274,2008-07-23,2008-07-23,46.583056,8.389474,2306.0,83,,,RGI60-11.01238,-538.296761492169,5158832.3548753895,103,199,0103_0199
274,2008-07-23,2008-07-23,46.583057,8.389513,2307.0,82,,,RGI60-11.01238,-535.3087679185987,5158832.465728221,103,199,0103_0199
274,2008-07-23,2008-07-23,46.583058,8.389552,2307.0,81,,,RGI60-11.01238,-532.3207744551377,5158832.57658253,103,199,0103_0199
274,2008-07-23,2008-07-23,46.583059,8.389591,2307.0,80,,,RGI60-11.01238,-529.332781101421,5158832.687438316,103,199,0103_0199
274,2008-07-23,2008-07-23,46.583061,8.38963,2307.0,79,,,RGI60-11.01238,-526.3447781797344,5158832.909413819,103,199,0103_0199
274,2008-07-23,2008-07-23,46.583062,8.389669,2307.0,77,,,RGI60-11.01238,-523.3567851006892,5158833.0202725595,103,199,0103_0199
274,2008-07-23,2008-07-23,46.583064,8.389709,2307.0,76,,,RGI60-11.01238,-520.2921676073053,5158833.242244422,103,199,0103_0199
274,2008-07-23,2008-07-23,46.583065,8.389748,2308.0,74,,,RGI60-11.01238,-517.3041748043405,5158833.353106155,103,199,0103_0199
274,2008-07-23,2008-07-23,46.583067,8.389787,2308.0,73,,,RGI60-11.01238,-514.3161726545726,5158833.575087605,103,199,0103_0199
274,2008-07-23,2008-07-23,46.583068,8.389826,2308.0,71,,,RGI60-11.01238,-511.32818012640195,5158833.685952294,103,199,0103_0199
274,2008-07-23,2008-07-23,46.58307,8.389865,2308.0,70,,,RGI60-11.01238,-508.34017836106347,5158833.907936699,103,199,0103_0199
274,2008-07-23,2008-07-23,46.583072,8.389904,2308.0,68,,,RGI60-11.01238,-505.3521768155924,5158834.129922582,103,199,0103_0199
274,2008-07-23,2008-07-23,46.583073,8.389943,2308.0,67,,,RGI60-11.01238,-502.3641847267786,5158834.240791702,103,199,0103_0199
274,2008-07-23,2008-07-23,46.583075,8.389982,2308.0,65,,,RGI60-11.01238,-499.3761835658592,5158834.46278054,104,199,0104_0199
274,2008-07-23,2008-07-23,46.583076,8.390021,2308.0,63,,,RGI60-11.01238,-496.38819175159693,5158834.573652615,104,199,0104_0199
274,2008-07-23,2008-07-23,46.583078,8.39006,2308.0,61,,,RGI60-11.01238,-493.4001909753515,5158834.795644408,104,199,0104_0199
274,2008-07-23,2008-07-23,46.583079,8.390099,2308.0,60,,,RGI60-11.01238,-490.4121994358843,5158834.906519437,104,199,0104_0199
274,2008-07-23,2008-07-23,46.583081,8.390138,2308.0,59,,,RGI60-11.01238,-487.4241990440697,5158835.128514186,104,199,0104_0199
274,2008-07-23,2008-07-23,46.583082,8.390177,2308.0,57,,,RGI60-11.01238,-484.4362077792761,5158835.239392169,104,199,0104_0199
274,2008-07-23,2008-07-23,46.583083,8.390217,2308.0,56,,,RGI60-11.01238,-481.37160169486316,5158835.350265528,104,199,0104_0199
274,2008-07-23,2008-07-23,46.583084,8.390256,2308.0,55,,,RGI60-11.01238,-478.3836106512125,5158835.461146506,104,199,0104_0199
274,2008-07-23,2008-07-23,46.583085,8.390295,2308.0,54,,,RGI60-11.01238,-475.39561971742916,5158835.57202896,104,199,0104_0199
274,2008-07-23,2008-07-23,46.583086,8.390334,2308.0,52,,,RGI60-11.01238,-472.4076288936349,5158835.682912892,104,199,0104_0199
274,2008-07-23,2008-07-23,46.583086,8.390373,2308.0,50,,,RGI60-11.01238,-469.41964681063314,5158835.68268006,104,199,0104_0199
274,2008-07-23,2008-07-23,46.583086,8.390412,2308.0,49,,,RGI60-11.01238,-466.4316647277413,5158835.682448706,104,199,0104_0199
274,2008-07-23,2008-07-23,46.583087,8.390451,2308.0,47,,,RGI60-11.01238,-463.44367412354916,5158835.7933370685,104,199,0104_0199
274,2008-07-23,2008-07-23,46.583087,8.390491,2309.0,45,,,RGI60-11.01238,-460.37907717172027,5158835.793102832,104,199,0104_0199
274,2008-07-23,2008-07-23,46.583087,8.39053,2309.0,43,,,RGI60-11.01238,-457.39109514373325,5158835.7928759465,104,199,0104_0199
274,2008-07-23,2008-07-23,46.583087,8.390569,2309.0,41,,,RGI60-11.01238,-454.40311311585674,5158835.79265054,104,199,0104_0199
274,2008-07-23,2008-07-23,46.583086,8.390608,2309.0,39,,,RGI60-11.01238,-451.4151393878468,5158835.68130837,104,199,0104_0199
274,2008-07-23,2008-07-23,46.583086,8.390647,2309.0,37,,,RGI60-11.01238,-448.4271573050081,5158835.681085917,104,199,0104_0199
274,2008-07-23,2008-07-23,46.583086,8.390667,2309.0,37,,,RGI60-11.01238,-446.8948588008309,5158835.680972412,104,199,0104_0199
274,2008-07-23,2008-07-23,46.584171,8.384882,2304.0,44,,,RGI60-11.01238,-890.0944432445887,5158956.293302878,98,197,0098_0197
274,2008-07-23,2008-07-23,46.584172,8.384921,2304.0,47,,,RGI60-11.01238,-887.1065044623201,5158956.403981784,98,197,0098_0197
274,2008-07-23,2008-07-23,46.584172,8.38496,2305.0,49,,,RGI60-11.01238,-884.1185820469661,5158956.403543907,98,197,0098_0197
274,2008-07-23,2008-07-23,46.584172,8.384999,2305.0,52,,,RGI60-11.01238,-881.1306596313466,5158956.403107507,98,197,0098_0197
274,2008-07-23,2008-07-23,46.584173,8.385038,2305.0,55,,,RGI60-11.01238,-878.142721069018,5158956.513790846,98,197,0098_0197
274,2008-07-23,2008-07-23,46.584174,8.385077,2306.0,58,,,RGI60-11.01238,-875.154782616305,5158956.624475663,98,197,0098_0197
274,2008-07-23,2008-07-23,46.584175,8.385116,2307.0,60,,,RGI60-11.01238,-872.1668442735731,5158956.735161957,98,197,0098_0197
274,2008-07-23,2008-07-23,46.584176,8.385156,2307.0,62,,,RGI60-11.01238,-869.1022926511265,5158956.845838708,98,197,0098_0197
274,2008-07-23,2008-07-23,46.584177,8.385195,2308.0,64,,,RGI60-11.01238,-866.1143545295218,5158956.956527993,98,197,0098_0197
274,2008-07-23,2008-07-23,46.584178,8.385234,2309.0,65,,,RGI60-11.01238,-863.1264165176545,5158957.067218759,98,197,0098_0197
274,2008-07-23,2008-07-23,46.584178,8.385273,2310.0,67,,,RGI60-11.01238,-860.1384944317704,5158957.066792738,98,197,0098_0197
274,2008-07-23,2008-07-23,46.584179,8.385312,2310.0,69,,,RGI60-11.01238,-857.1505565846821,5158957.177486457,98,197,0098_0197
274,2008-07-23,2008-07-23,46.58418,8.385351,2310.0,70,,,RGI60-11.01238,-854.1626188476974,5158957.288181652,98,197,0098_0197
274,2008-07-23,2008-07-23,46.58418,8.38539,2310.0,71,,,RGI60-11.01238,-851.1746968715086,5158957.287760063,98,197,0098_0197
274,2008-07-23,2008-07-23,46.58418,8.385429,2310.0,72,,,RGI60-11.01238,-848.186774895177,5158957.287339952,98,197,0098_0197
274,2008-07-23,2008-07-23,46.584181,8.385469,2311.0,74,,,RGI60-11.01238,-845.1222239952344,5158957.3980288645,98,197,0098_0197
274,2008-07-23,2008-07-23,46.584181,8.385508,2311.0,75,,,RGI60-11.01238,-842.1343020739225,5158957.397611746,98,197,0098_0197
274,2008-07-23,2008-07-23,46.584182,8.385547,2311.0,77,,,RGI60-11.01238,-839.146364722703,5158957.5083143655,98,197,0098_0197
274,2008-07-23,2008-07-23,46.584181,8.385586,2311.0,78,,,RGI60-11.01238,-836.158458231236,5158957.39678194,98,197,0098_0197
274,2008-07-23,2008-07-23,46.584181,8.385625,2311.0,79,,,RGI60-11.01238,-833.1705363098615,5158957.396369253,98,197,0098_0197
274,2008-07-23,2008-07-23,46.584181,8.385664,2311.0,80,,,RGI60-11.01238,-830.182614388466,5158957.395958044,99,197,0099_0197
274,2008-07-23,2008-07-23,46.58418,8.385703,2312.0,81,,,RGI60-11.01238,-827.1947076771737,5158957.284430049,99,197,0099_0197
274,2008-07-23,2008-07-23,46.58418,8.385742,2312.0,82,,,RGI60-11.01238,-824.2067857007963,5158957.284021795,99,197,0099_0197
274,2008-07-23,2008-07-23,46.584179,8.385782,2312.0,83,,,RGI60-11.01238,-821.1422654391617,5158957.172486343,99,197,0099_0197
274,2008-07-23,2008-07-23,46.584178,8.385821,2312.0,83,,,RGI60-11.01238,-818.1543584516943,5158957.0609628195,99,197,0099_0197
274,2008-07-23,2008-07-23,46.584177,8.38586,2312.0,84,,,RGI60-11.01238,-815.1664513544472,5158956.949440772,99,197,0099_0197
274,2008-07-23,2008-07-23,46.584175,8.385899,2312.0,84,,,RGI60-11.01238,-812.1785590810638,5158956.726801941,99,197,0099_0197
274,2008-07-23,2008-07-23,46.584174,8.385938,2312.0,84,,,RGI60-11.01238,-809.1906517089496,5158956.6152828485,99,197,0099_0197
274,2008-07-23,2008-07-23,46.584172,8.385977,2312.0,85,,,RGI60-11.01238,-806.2027590510614,5158956.392646971,99,197,0099_0197
274,2008-07-23,2008-07-23,46.58417,8.386016,2312.0,86,,,RGI60-11.01238,-803.21486617339,5158956.170012572,99,197,0099_0197
274,2008-07-23,2008-07-23,46.584168,8.386055,2312.0,87,,,RGI60-11.01238,-800.226973075934,5158955.947379651,99,197,0099_0197
274,2008-07-23,2008-07-23,46.584167,8.386094,2312.0,88,,,RGI60-11.01238,-797.2390650993901,5158955.835866467,99,197,0099_0197
274,2008-07-23,2008-07-23,46.584165,8.386133,2312.0,89,,,RGI60-11.01238,-794.2511716174304,5158955.613236499,99,197,0099_0197
274,2008-07-23,2008-07-23,46.584163,8.386172,2312.0,90,,,RGI60-11.01238,-791.2632779154432,5158955.39060801,99,197,0099_0197
274,2008-07-23,2008-07-23,46.584161,8.386211,2312.0,90,,,RGI60-11.01238,-788.275383993794,5158955.167980998,99,197,0099_0197
274,2008-07-23,2008-07-23,46.584159,8.38625,2312.0,90,,,RGI60-11.01238,-785.2874898523619,5158954.945355462,99,197,0099_0197
274,2008-07-23,2008-07-23,46.584157,8.386289,2313.0,91,,,RGI60-11.01238,-782.2995954911468,5158954.722731405,99,197,0099_0197
274,2008-07-23,2008-07-23,46.584155,8.386328,2313.0,92,,,RGI60-11.01238,-779.3117009100262,5158954.500108825,99,197,0099_0197
274,2008-07-23,2008-07-23,46.584154,8.386368,2313.0,93,,,RGI60-11.01238,-776.2471784140668,5158954.388596142,99,197,0099_0197
274,2008-07-23,2008-07-23,46.584152,8.386407,2313.0,94,,,RGI60-11.01238,-773.2592834455032,5158954.165976555,99,197,0099_0197
274,2008-07-23,2008-07-23,46.584151,8.386446,2313.0,95,,,RGI60-11.01238,-770.2713740939749,5158954.054476705,99,197,0099_0197
274,2008-07-23,2008-07-23,46.58415,8.386485,2313.0,95,,,RGI60-11.01238,-767.2834646323021,5158953.942978336,99,197,0099_0197
274,2008-07-23,2008-07-23,46.584149,8.386524,2313.0,96,,,RGI60-11.01238,-764.2955550608508,5158953.83148144,100,197,0100_0197
274,2008-07-23,2008-07-23,46.584149,8.386563,2313.0,97,,,RGI60-11.01238,-761.3076313808951,5158953.831104284,100,197,0100_0197
274,2008-07-23,2008-07-23,46.584148,8.386602,2313.0,97,,,RGI60-11.01238,-758.3197216445832,5158953.719610346,100,197,0100_0197
274,2008-07-23,2008-07-23,46.584148,8.386641,2313.0,99,,,RGI60-11.01238,-755.331797909771,5158953.719236146,100,197,0100_0197
274,2008-07-23,2008-07-23,46.584148,8.38668,2312.0,100,,,RGI60-11.01238,-752.3438741746965,5158953.718863422,100,197,0100_0197
274,2008-07-23,2008-07-23,46.584149,8.38672,2312.0,101,,,RGI60-11.01238,-749.2793232331321,5158953.829600937,100,197,0100_0197
274,2008-07-23,2008-07-23,46.58415,8.386759,2312.0,102,,,RGI60-11.01238,-746.2913858307128,5158953.940349468,100,197,0100_0197
274,2008-07-23,2008-07-23,46.58415,8.386798,2312.0,103,,,RGI60-11.01238,-743.303462205463,5158953.939981216,100,197,0100_0197
274,2008-07-23,2008-07-23,46.584152,8.386837,2312.0,104,,,RGI60-11.01238,-740.3155113550964,5158954.161850962,100,197,0100_0197
274,2008-07-23,2008-07-23,46.584154,8.386876,2312.0,105,,,RGI60-11.01238,-737.3275607244731,5158954.383722186,100,197,0100_0197
274,2008-07-23,2008-07-23,46.584155,8.386915,2312.0,106,,,RGI60-11.01238,-734.3396238163232,5158954.494476626,100,197,0100_0197
274,2008-07-23,2008-07-23,46.584157,8.386954,2312.0,107,,,RGI60-11.01238,-731.3516735703685,5158954.716350805,100,197,0100_0197
274,2008-07-23,2008-07-23,46.584159,8.386993,2313.0,107,,,RGI60-11.01238,-728.3637235439139,5158954.938226462,100,197,0100_0197
274,2008-07-23,2008-07-23,46.584162,8.387032,2313.0,108,,,RGI60-11.01238,-725.3757603994158,5158955.271221857,100,197,0100_0197
274,2008-07-23,2008-07-23,46.584164,8.387071,2313.0,109,,,RGI60-11.01238,-722.3878108675104,5158955.493100469,100,197,0100_0197
274,2008-07-23,2008-07-23,46.584167,8.38711,2313.0,111,,,RGI60-11.01238,-719.3998483273203,5158955.826098818,100,197,0100_0197
274,2008-07-23,2008-07-23,46.58417,8.387149,2313.0,112,,,RGI60-11.01238,-716.4118861167547,5158956.159098647,100,197,0100_0197
274,2008-07-23,2008-07-23,46.584173,8.387188,2313.0,114,,,RGI60-11.01238,-713.4239242358133,5158956.492099953,100,197,0100_0197
274,2008-07-23,2008-07-23,46.584176,8.387227,2314.0,115,,,RGI60-11.01238,-710.4359626844964,5158956.825102735,100,197,0100_0197
274,2008-07-23,2008-07-23,46.58418,8.387265,2314.0,117,,,RGI60-11.01238,-707.5246018386238,5158957.269234227,100,197,0100_0197
274,2008-07-23,2008-07-23,46.584183,8.387304,2314.0,120,,,RGI60-11.01238,-704.5366409971484,5158957.602239928,100,197,0100_0197
274,2008-07-23,2008-07-23,46.584187,8.387343,2314.0,121,,,RGI60-11.01238,-701.548667585744,5158958.046365367,100,197,0100_0197
274,2008-07-23,2008-07-23,46.58419,8.387382,2315.0,123,,,RGI60-11.01238,-698.5607074584589,5158958.379374022,101,197,0101_0197
274,2008-07-23,2008-07-23,46.584193,8.387421,2315.0,125,,,RGI60-11.01238,-695.5727476610416,5158958.712384155,101,197,0101_0197
274,2008-07-23,2008-07-23,46.584195,8.38746,2315.0,125,,,RGI60-11.01238,-692.5848009279837,5158958.934277503,101,197,0101_0197
274,2008-07-23,2008-07-23,46.584198,8.387499,2315.0,126,,,RGI60-11.01238,-689.596841734755,5158959.26729059,101,197,0101_0197
274,2008-07-23,2008-07-23,46.5842,8.387538,2315.0,127,,,RGI60-11.01238,-686.6088954963708,5158959.489186894,101,197,0101_0197
274,2008-07-23,2008-07-23,46.584202,8.387577,2316.0,128,,,RGI60-11.01238,-683.6209494774877,5158959.711084673,101,197,0101_0197
274,2008-07-23,2008-07-23,46.584204,8.387616,2316.0,129,,,RGI60-11.01238,-680.6330036785934,5158959.932983931,101,197,0101_0197
274,2008-07-23,2008-07-23,46.584206,8.387655,2316.0,129,,,RGI60-11.01238,-677.6450580992001,5158960.154884666,101,197,0101_0197
274,2008-07-23,2008-07-23,46.584207,8.387694,2316.0,129,,,RGI60-11.01238,-674.6571251450101,5158960.265668617,101,197,0101_0197
274,2008-07-23,2008-07-23,46.584207,8.387733,2316.0,128,,,RGI60-11.01238,-671.6692046510789,5158960.265335781,101,197,0101_0197
274,2008-07-23,2008-07-23,46.584207,8.387772,2316.0,128,,,RGI60-11.01238,-668.6812841571312,5158960.265004423,101,197,0101_0197
274,2008-07-23,2008-07-23,46.584206,8.387811,2316.0,127,,,RGI60-11.01238,-665.6933759038019,5158960.15355628,101,197,0101_0197
274,2008-07-23,2008-07-23,46.584205,8.38785,2316.0,126,,,RGI60-11.01238,-662.7054675403307,5158960.042109613,101,197,0101_0197
274,2008-07-23,2008-07-23,46.584204,8.38789,2316.0,125,,,RGI60-11.01238,-659.6409457167974,5158959.930656062,101,197,0101_0197
274,2008-07-23,2008-07-23,46.584202,8.387929,2316.0,124,,,RGI60-11.01238,-656.6530492066458,5158959.708094127,101,197,0101_0197
274,2008-07-23,2008-07-23,46.584201,8.387968,2316.0,123,,,RGI60-11.01238,-653.6651404571301,5158959.596651931,101,197,0101_0197
274,2008-07-23,2008-07-23,46.584198,8.388007,2316.0,122,,,RGI60-11.01238,-650.6772555266368,5158959.262974688,101,197,0101_0197
274,2008-07-23,2008-07-23,46.584195,8.388046,2316.0,121,,,RGI60-11.01238,-647.6893702666032,5158958.929298922,101,197,0101_0197
274,2008-07-23,2008-07-23,46.584192,8.388084,2316.0,121,,,RGI60-11.01238,-644.7780980438562,5158958.595632808,101,197,0101_0197
274,2008-07-23,2008-07-23,46.584188,8.388123,2316.0,120,,,RGI60-11.01238,-641.7902239295867,5158958.150841696,101,197,0101_0197
274,2008-07-23,2008-07-23,46.584184,8.388162,2316.0,119,,,RGI60-11.01238,-638.8023493757722,5158957.706052064,101,197,0101_0197
274,2008-07-23,2008-07-23,46.584181,8.388201,2316.0,119,,,RGI60-11.01238,-635.8144626911906,5158957.3723821705,101,197,0101_0197
274,2008-07-23,2008-07-23,46.584177,8.388239,2316.0,118,,,RGI60-11.01238,-632.9032007015536,5158956.927603515,102,197,0102_0197
274,2008-07-23,2008-07-23,46.584173,8.388278,2316.0,117,,,RGI60-11.01238,-629.9153248896823,5158956.4828182785,102,197,0102_0197
274,2008-07-23,2008-07-23,46.584169,8.388317,2317.0,116,,,RGI60-11.01238,-626.9274486382664,5158956.038034517,102,197,0102_0197
274,2008-07-23,2008-07-23,46.584166,8.388356,2317.0,116,,,RGI60-11.01238,-623.9395604745623,5158955.704370497,102,197,0102_0197
274,2008-07-23,2008-07-23,46.584162,8.388394,2317.0,115,,,RGI60-11.01238,-621.0282968084576,5158955.259597563,102,197,0102_0197
274,2008-07-23,2008-07-23,46.584158,8.388433,2317.0,114,,,RGI60-11.01238,-618.0404192989863,5158954.814818198,102,197,0102_0197
274,2008-07-23,2008-07-23,46.584155,8.388472,2317.0,113,,,RGI60-11.01238,-615.0525300405207,5158954.481158571,102,197,0102_0197
274,2008-07-23,2008-07-23,46.584151,8.388511,2317.0,112,,,RGI60-11.01238,-612.0646517070248,5158954.03638216,102,197,0102_0197
274,2008-07-23,2008-07-23,46.584148,8.38855,2317.0,112,,,RGI60-11.01238,-609.0767617342956,5158953.70272549,102,197,0102_0197
274,2008-07-23,2008-07-23,46.584146,8.388589,2317.0,111,,,RGI60-11.01238,-606.0888602876446,5158953.480188556,102,197,0102_0197
274,2008-07-23,2008-07-23,46.584144,8.388628,2317.0,111,,,RGI60-11.01238,-603.1009586209714,5158953.257653102,102,197,0102_0197
274,2008-07-23,2008-07-23,46.584143,8.388667,2317.0,110,,,RGI60-11.01238,-600.1130457001407,5158953.1462373845,102,197,0102_0197
274,2008-07-23,2008-07-23,46.584142,8.388706,2317.0,110,,,RGI60-11.01238,-597.1251326691696,5158953.034823147,102,197,0102_0197
274,2008-07-23,2008-07-23,46.584142,8.388745,2318.0,110,,,RGI60-11.01238,-594.137208603683,5158953.034528645,102,197,0102_0197
274,2008-07-23,2008-07-23,46.584142,8.388784,2317.0,109,,,RGI60-11.01238,-591.1492845383034,5158953.034235624,102,197,0102_0197
274,2008-07-23,2008-07-23,46.584143,8.388823,2317.0,109,,,RGI60-11.01238,-588.1613496578051,5158953.145062338,102,197,0102_0197
274,2008-07-23,2008-07-23,46.584143,8.388862,2317.0,109,,,RGI60-11.01238,-585.1734256473368,5158953.144772271,102,197,0102_0197
274,2008-07-23,2008-07-23,46.584145,8.388902,2317.0,109,,,RGI60-11.01238,-582.1088667933624,5158953.366712821,102,197,0102_0197
274,2008-07-23,2008-07-23,46.584148,8.38894,2317.0,109,,,RGI60-11.01238,-579.1975243757978,5158953.699787872,102,197,0102_0197
274,2008-07-23,2008-07-23,46.584151,8.388979,2317.0,109,,,RGI60-11.01238,-576.2095688545714,5158954.032857019,102,197,0102_0197
274,2008-07-23,2008-07-23,46.584154,8.389018,2317.0,108,,,RGI60-11.01238,-573.2216136629734,5158954.365927645,102,197,0102_0197
274,2008-07-23,2008-07-23,46.584158,8.389057,2317.0,108,,,RGI60-11.01238,-570.2336483159067,5158954.810118009,102,197,0102_0197
274,2008-07-23,2008-07-23,46.584161,8.389096,2317.0,108,,,RGI60-11.01238,-567.2456938383833,5158955.143191589,103,197,0103_0197
274,2008-07-23,2008-07-23,46.584166,8.389134,2317.0,108,,,RGI60-11.01238,-564.3343323436418,5158955.6985103255,103,197,0103_0197
274,2008-07-23,2008-07-23,46.58417,8.389173,2317.0,108,,,RGI60-11.01238,-561.3463683094661,5158956.142705085,103,197,0103_0197
274,2008-07-23,2008-07-23,46.584175,8.389212,2317.0,108,,,RGI60-11.01238,-558.3583944476884,5158956.698019585,103,197,0103_0197
274,2008-07-23,2008-07-23,46.584179,8.38925,2317.0,108,,,RGI60-11.01238,-555.4470447328667,5158957.14222434,103,197,0103_0197
274,2008-07-23,2008-07-23,46.584184,8.389289,2317.0,108,,,RGI60-11.01238,-552.4590719080052,5158957.697541757,103,197,0103_0197
274,2008-07-23,2008-07-23,46.584189,8.389327,2317.0,108,,,RGI60-11.01238,-549.547713003964,5158958.252867619,103,197,0103_0197
274,2008-07-23,2008-07-23,46.584194,8.389366,2317.0,108,,,RGI60-11.01238,-546.5597412707158,5158958.808187952,103,197,0103_0197
274,2008-07-23,2008-07-23,46.584199,8.389404,2317.0,108,,,RGI60-11.01238,-543.6483834442013,5158959.363516656,103,197,0103_0197
274,2008-07-23,2008-07-23,46.584203,8.389443,2318.0,108,,,RGI60-11.01238,-540.6604227443868,5158959.8077216465,103,197,0103_0197
274,2008-07-23,2008-07-23,46.584208,8.389481,2318.0,108,,,RGI60-11.01238,-537.7490659419905,5158960.363053193,103,197,0103_0197
274,2008-07-23,2008-07-23,46.584212,8.38952,2318.0,108,,,RGI60-11.01238,-534.7611061705007,5158960.807261102,103,197,0103_0197
274,2008-07-23,2008-07-23,46.584216,8.389559,2318.0,108,,,RGI60-11.01238,-531.7731468382775,5158961.251470486,103,197,0103_0197
274,2008-07-23,2008-07-23,46.58422,8.389597,2318.0,108,,,RGI60-11.01238,-528.8618012734487,5158961.695688053,103,197,0103_0197
274,2008-07-23,2008-07-23,46.584224,8.389636,2319.0,107,,,RGI60-11.01238,-525.8738428147328,5158962.139900355,103,197,0103_0197
274,2008-07-23,2008-07-23,46.584226,8.389675,2319.0,107,,,RGI60-11.01238,-522.885904024668,5158962.361877609,103,197,0103_0197
274,2008-07-23,2008-07-23,46.584228,8.389714,2319.0,107,,,RGI60-11.01238,-519.8979654545963,5158962.5838563405,103,197,0103_0197
274,2008-07-23,2008-07-23,46.58423,8.389753,2319.0,107,,,RGI60-11.01238,-516.9100271040301,5158962.805836548,103,197,0103_0197
274,2008-07-23,2008-07-23,46.584231,8.389792,2319.0,107,,,RGI60-11.01238,-513.9220984232668,5158962.916699974,103,197,0103_0197
274,2008-07-23,2008-07-23,46.584233,8.389831,2319.0,107,,,RGI60-11.01238,-510.93416045738115,5158963.1386831375,103,197,0103_0197
274,2008-07-23,2008-07-23,46.584233,8.389871,2319.0,107,,,RGI60-11.01238,-507.8696280816513,5158963.138424812,103,197,0103_0197
274,2008-07-23,2008-07-23,46.584234,8.38991,2319.0,107,,,RGI60-11.01238,-504.88169973178026,5158963.249292706,103,197,0103_0197
274,2008-07-23,2008-07-23,46.584234,8.389949,2319.0,106,,,RGI60-11.01238,-501.8937807204168,5158963.249043815,104,197,0104_0197
274,2008-07-23,2008-07-23,46.584233,8.389988,2319.0,106,,,RGI60-11.01238,-498.90587088261645,5158963.137678134,104,197,0104_0197
274,2008-07-23,2008-07-23,46.584233,8.390027,2319.0,106,,,RGI60-11.01238,-495.91795181640884,5158963.137432196,104,197,0104_0197
274,2008-07-23,2008-07-23,46.584232,8.390066,2320.0,107,,,RGI60-11.01238,-492.9300418138831,5158963.0260694735,104,197,0104_0197
274,2008-07-23,2008-07-23,46.584232,8.390105,2320.0,107,,,RGI60-11.01238,-489.94212269258844,5158963.0258264905,104,197,0104_0197
274,2008-07-23,2008-07-23,46.584231,8.390144,2320.0,107,,,RGI60-11.01238,-486.95421252521584,5158962.914466723,104,197,0104_0197
274,2008-07-23,2008-07-23,46.58423,8.390184,2320.0,107,,,RGI60-11.01238,-483.8896889342694,5158962.803102295,104,197,0104_0197
274,2008-07-23,2008-07-23,46.58423,8.390223,2320.0,107,,,RGI60-11.01238,-480.90176970305646,5158962.802863782,104,197,0104_0197
274,2008-07-23,2008-07-23,46.584229,8.390262,2320.0,106,,,RGI60-11.01238,-477.9138592595342,5158962.691508483,104,197,0104_0197
274,2008-07-23,2008-07-23,46.584228,8.390301,2320.0,105,,,RGI60-11.01238,-474.92594870624066,5158962.580154661,104,197,0104_0197
274,2008-07-23,2008-07-23,46.584228,8.39034,2319.0,104,,,RGI60-11.01238,-471.93802936498884,5158962.57992058,104,197,0104_0197
274,2008-07-23,2008-07-23,46.584227,8.390379,2319.0,103,,,RGI60-11.01238,-468.9501186467273,5158962.468569713,104,197,0104_0197
274,2008-07-23,2008-07-23,46.584228,8.390418,2319.0,102,,,RGI60-11.01238,-465.9621906826934,5158962.57945685,104,197,0104_0197
274,2008-07-23,2008-07-23,46.584229,8.390457,2319.0,101,,,RGI60-11.01238,-462.9742628285292,5158962.690345462,104,197,0104_0197
274,2008-07-23,2008-07-23,46.58423,8.390497,2319.0,100,,,RGI60-11.01238,-459.90972177067437,5158962.801229723,104,197,0104_0197
274,2008-07-23,2008-07-23,46.584231,8.390536,2319.0,99,,,RGI60-11.01238,-456.9217941375367,5158962.912121329,104,197,0104_0197
274,2008-07-23,2008-07-23,46.584232,8.390575,2319.0,98,,,RGI60-11.01238,-453.93386661439064,5158963.023014413,104,197,0104_0197
274,2008-07-23,2008-07-23,46.584234,8.390614,2319.0,96,,,RGI60-11.01238,-450.9459309094086,5158963.245027238,104,197,0104_0197
274,2008-07-23,2008-07-23,46.584236,8.390653,2319.0,95,,,RGI60-11.01238,-447.9579954239343,5158963.467041538,104,197,0104_0197
274,2008-07-23,2008-07-23,46.584238,8.390692,2319.0,94,,,RGI60-11.01238,-444.97006015845494,5158963.689057318,104,197,0104_0197
274,2008-07-23,2008-07-23,46.584241,8.390731,2319.0,93,,,RGI60-11.01238,-441.98211698547647,5158964.022192836,104,197,0104_0197
274,2008-07-23,2008-07-23,46.584243,8.39077,2320.0,91,,,RGI60-11.01238,-438.9941822143187,5158964.24421157,104,197,0104_0197
274,2008-07-23,2008-07-23,46.584245,8.390809,2320.0,89,,,RGI60-11.01238,-436.0062476629126,5158964.466231782,105,197,0105_0197
274,2008-07-23,2008-07-23,46.584248,8.390848,2320.0,87,,,RGI60-11.01238,-433.0183053690727,5158964.799371732,105,197,0105_0197
274,2008-07-23,2008-07-23,46.58425,8.390887,2320.0,85,,,RGI60-11.01238,-430.03037131223226,5158965.021394899,105,197,0105_0197
274,2008-07-23,2008-07-23,46.584252,8.390926,2320.0,84,,,RGI60-11.01238,-427.0424374748997,5158965.243419543,105,197,0105_0197
274,2008-07-23,2008-07-23,46.584254,8.390965,2320.0,82,,,RGI60-11.01238,-424.05450385744103,5158965.465445665,105,197,0105_0197
274,2008-07-23,2008-07-23,46.584255,8.391004,2320.0,81,,,RGI60-11.01238,-421.0665782021578,5158965.576354999,105,197,0105_0197
274,2008-07-23,2008-07-23,46.584256,8.391043,2320.0,80,,,RGI60-11.01238,-418.0786526567454,5158965.6872658115,105,197,0105_0197
274,2008-07-23,2008-07-23,46.584255,8.391082,2320.0,79,,,RGI60-11.01238,-415.09074248616565,5158965.575941573,105,197,0105_0197
274,2008-07-23,2008-07-23,46.584254,8.391121,2320.0,78,,,RGI60-11.01238,-412.1028322059373,5158965.464618813,105,197,0105_0197
274,2008-07-23,2008-07-23,46.584251,8.39116,2320.0,77,,,RGI60-11.01238,-409.11493686101494,5158965.131061003,105,197,0105_0197
274,2008-07-23,2008-07-23,46.584247,8.391199,2319.0,75,,,RGI60-11.01238,-406.12704865415463,5158964.686386406,105,197,0105_0197
274,2008-07-23,2008-07-23,46.58424,8.391237,2319.0,73,,,RGI60-11.01238,-403.21579554556513,5158963.9083636105,105,197,0105_0197
274,2008-07-23,2008-07-23,46.584232,8.391274,2319.0,72,,,RGI60-11.01238,-400.3811623591563,5158963.019229029,105,197,0105_0197
274,2008-07-23,2008-07-23,46.584222,8.39131,2318.0,71,,,RGI60-11.01238,-397.62315628322403,5158961.907864295,105,197,0105_0197
274,2008-07-23,2008-07-23,46.58421,8.391345,2318.0,70,,,RGI60-11.01238,-394.9417770563465,5158960.574269302,105,197,0105_0197
274,2008-07-23,2008-07-23,46.584197,8.39138,2318.0,70,,,RGI60-11.01238,-392.2604038587136,5158959.129557239,105,197,0105_0197
274,2008-07-23,2008-07-23,46.584182,8.391413,2318.0,69,,,RGI60-11.01238,-389.73227046844323,5158957.462619725,105,197,0105_0197
274,2008-07-23,2008-07-23,46.584168,8.391446,2318.0,69,,,RGI60-11.01238,-387.20412856373963,5158955.906801535,105,197,0105_0197
274,2008-07-23,2008-07-23,46.584154,8.391479,2318.0,68,,,RGI60-11.01238,-384.675985357334,5158954.350984407,105,197,0105_0197
274,2008-07-23,2008-07-23,46.58414,8.391513,2319.0,66,,,RGI60-11.01238,-382.071227408873,5158952.795163495,105,197,0105_0197
274,2008-07-23,2008-07-23,46.584127,8.391547,2319.0,64,,,RGI60-11.01238,-379.46646114180226,5158951.350461973,105,197,0105_0197
274,2008-07-23,2008-07-23,46.584115,8.391582,2319.0,60,,,RGI60-11.01238,-376.7850732240018,5158950.0168750575,105,197,0105_0197
274,2008-07-23,2008-07-23,46.584106,8.391619,2320.0,57,,,RGI60-11.01238,-373.9504365097882,5158949.016634634,105,197,0105_0197
274,2008-07-23,2008-07-23,46.584098,8.391656,2320.0,53,,,RGI60-11.01238,-371.11579203355353,5158948.127513803,105,197,0105_0197
274,2008-07-23,2008-07-23,46.584093,8.391694,2320.0,50,,,RGI60-11.01238,-368.2045129011705,5158947.571744416,106,197,0106_0197
274,2008-07-23,2008-07-23,46.584088,8.391733,2320.0,45,,,RGI60-11.01238,-365.2166197197258,5158947.0159718,106,197,0106_0197
274,2008-07-23,2008-07-23,46.584087,8.391772,2320.0,41,,,RGI60-11.01238,-362.2286993471325,5158946.904673703,106,197,0106_0197
274,2008-07-23,2008-07-23,46.584088,8.391811,2319.0,37,,,RGI60-11.01238,-359.24076565329864,5158947.015613604,106,197,0106_0197
274,2008-07-23,2008-07-23,46.584093,8.39185,2319.0,34,,,RGI60-11.01238,-356.25280586712864,5158947.571028024,106,197,0106_0197
274,2008-07-23,2008-07-23,46.584683,8.385759,2324.0,95,,,RGI60-11.01238,-822.8967471298093,5159013.176332542,99,196,0099_0196
274,2008-07-23,2008-07-23,46.584675,8.385796,2324.0,96,,,RGI60-11.01238,-820.0621987735339,5159012.287001028,99,196,0099_0196
274,2008-07-23,2008-07-23,46.584667,8.385834,2324.0,96,,,RGI60-11.01238,-817.151036885109,5159011.397660483,99,196,0099_0196
274,2008-07-23,2008-07-23,46.58466,8.385871,2324.0,97,,,RGI60-11.01238,-814.3164718758389,5159010.619449935,99,196,0099_0196
274,2008-07-23,2008-07-23,46.584653,8.385909,2324.0,98,,,RGI60-11.01238,-811.4052934190706,5159009.841230433,99,196,0099_0196
274,2008-07-23,2008-07-23,46.584647,8.385947,2324.0,99,,,RGI60-11.01238,-808.4940993464314,5159009.174130605,99,196,0099_0196
274,2008-07-23,2008-07-23,46.584641,8.385985,2324.0,100,,,RGI60-11.01238,-805.5829046312538,5159008.507032178,99,196,0099_0196
274,2008-07-23,2008-07-23,46.584636,8.386024,2324.0,101,,,RGI60-11.01238,-802.5950817725326,5159007.951043252,99,196,0099_0196
274,2008-07-23,2008-07-23,46.584631,8.386062,2324.0,101,,,RGI60-11.01238,-799.6838711132265,5159007.39506594,99,196,0099_0196
274,2008-07-23,2008-07-23,46.584627,8.386101,2324.0,102,,,RGI60-11.01238,-796.6960325132411,5159006.950198202,99,196,0099_0196
274,2008-07-23,2008-07-23,46.584624,8.38614,2324.0,103,,,RGI60-11.01238,-793.7081788792104,5159006.616450211,99,196,0099_0196
274,2008-07-23,2008-07-23,46.584621,8.386179,2324.0,104,,,RGI60-11.01238,-790.7203249152678,5159006.282703699,99,196,0099_0196
274,2008-07-23,2008-07-23,46.58462,8.386218,2324.0,106,,,RGI60-11.01238,-787.7324416524391,5159006.171195204,99,196,0099_0196
274,2008-07-23,2008-07-23,46.584618,8.386257,2324.0,108,,,RGI60-11.01238,-784.7445727092542,5159005.948569916,99,196,0099_0196
274,2008-07-23,2008-07-23,46.584617,8.386296,2324.0,110,,,RGI60-11.01238,-781.7566891715582,5159005.837064377,99,196,0099_0196
274,2008-07-23,2008-07-23,46.584617,8.386335,2324.0,111,,,RGI60-11.01238,-778.7687912040536,5159005.836678586,99,196,0099_0196
274,2008-07-23,2008-07-23,46.584617,8.386374,2324.0,112,,,RGI60-11.01238,-775.7808932365299,5159005.836294271,99,196,0099_0196
274,2008-07-23,2008-07-23,46.584618,8.386414,2324.0,113,,,RGI60-11.01238,-772.7163682919129,5159005.947019908,99,196,0099_0196
274,2008-07-23,2008-07-23,46.584619,8.386453,2323.0,114,,,RGI60-11.01238,-769.7284562257378,5159006.057756857,99,196,0099_0196
274,2008-07-23,2008-07-23,46.58462,8.386492,2323.0,116,,,RGI60-11.01238,-766.7405442691819,5159006.168495283,99,196,0099_0196
274,2008-07-23,2008-07-23,46.584621,8.386531,2323.0,117,,,RGI60-11.01238,-763.7526324227327,5159006.279235186,100,196,0100_0196
274,2008-07-23,2008-07-23,46.584623,8.38657,2323.0,118,,,RGI60-11.01238,-760.7647066970502,5159006.501094838,100,196,0100_0196
274,2008-07-23,2008-07-23,46.584625,8.386609,2323.0,120,,,RGI60-11.01238,-757.7767811913557,5159006.722955967,100,196,0100_0196
274,2008-07-23,2008-07-23,46.584626,8.386648,2323.0,122,,,RGI60-11.01238,-754.7888697842554,5159006.833700301,100,196,0100_0196
274,2008-07-23,2008-07-23,46.584628,8.386687,2323.0,124,,,RGI60-11.01238,-751.8009446628661,5159007.055564386,100,196,0100_0196
274,2008-07-23,2008-07-23,46.584629,8.386726,2323.0,126,,,RGI60-11.01238,-748.8130335305552,5159007.166311677,100,196,0100_0196
274,2008-07-23,2008-07-23,46.58463,8.386765,2323.0,128,,,RGI60-11.01238,-745.8251225078639,5159007.277060443,100,196,0100_0196
274,2008-07-23,2008-07-23,46.584631,8.386804,2323.0,129,,,RGI60-11.01238,-742.8372115952794,5159007.3878106885,100,196,0100_0196
274,2008-07-23,2008-07-23,46.584632,8.386844,2323.0,130,,,RGI60-11.01238,-739.7726880451047,5159007.498553032,100,196,0100_0196
274,2008-07-23,2008-07-23,46.584633,8.386883,2323.0,131,,,RGI60-11.01238,-736.7847773535341,5159007.609306268,100,196,0100_0196
274,2008-07-23,2008-07-23,46.584633,8.386922,2323.0,131,,,RGI60-11.01238,-733.7968802648032,5159007.608942713,100,196,0100_0196
274,2008-07-23,2008-07-23,46.584633,8.386961,2323.0,131,,,RGI60-11.01238,-730.8089831760541,5159007.608580634,100,196,0100_0196
274,2008-07-23,2008-07-23,46.584633,8.387,2323.0,130,,,RGI60-11.01238,-727.821086087165,5159007.608220033,100,196,0100_0196
274,2008-07-23,2008-07-23,46.584633,8.387039,2323.0,130,,,RGI60-11.01238,-724.8331889985016,5159007.60786091,100,196,0100_0196
274,2008-07-23,2008-07-23,46.584632,8.387078,2322.0,129,,,RGI60-11.01238,-721.8453051827876,5159007.496384992,100,196,0100_0196
274,2008-07-23,2008-07-23,46.584631,8.387117,2322.0,129,,,RGI60-11.01238,-718.8574212574172,5159007.384910552,100,196,0100_0196
274,2008-07-23,2008-07-23,46.58463,8.387157,2322.0,128,,,RGI60-11.01238,-715.7929244718711,5159007.273428515,100,196,0100_0196
274,2008-07-23,2008-07-23,46.584629,8.387196,2322.0,127,,,RGI60-11.01238,-712.8050403251686,5159007.1619570665,100,196,0100_0196
274,2008-07-23,2008-07-23,46.584628,8.387235,2322.0,127,,,RGI60-11.01238,-709.8171560685663,5159007.050487097,100,196,0100_0196
274,2008-07-23,2008-07-23,46.584627,8.387274,2322.0,127,,,RGI60-11.01238,-706.8292717020635,5159006.939018603,100,196,0100_0196
274,2008-07-23,2008-07-23,46.584625,8.387313,2322.0,127,,,RGI60-11.01238,-703.8414001676936,5159006.716433319,100,196,0100_0196
274,2008-07-23,2008-07-23,46.584624,8.387352,2322.0,126,,,RGI60-11.01238,-700.8535155265716,5159006.6049677795,100,196,0100_0196
274,2008-07-23,2008-07-23,46.584622,8.387391,2322.0,125,,,RGI60-11.01238,-697.8656436076992,5159006.3823854495,101,196,0101_0196
274,2008-07-23,2008-07-23,46.584621,8.38743,2322.0,124,,,RGI60-11.01238,-694.8777586917141,5159006.270922865,101,196,0101_0196
274,2008-07-23,2008-07-23,46.584619,8.387469,2322.0,123,,,RGI60-11.01238,-691.889886388218,5159006.048343489,101,196,0101_0196
274,2008-07-23,2008-07-23,46.584618,8.387508,2322.0,122,,,RGI60-11.01238,-688.9020011973704,5159005.93688386,101,196,0101_0196
274,2008-07-23,2008-07-23,46.584616,8.387547,2322.0,121,,,RGI60-11.01238,-685.9141285093731,5159005.714307438,101,196,0101_0196
274,2008-07-23,2008-07-23,46.584614,8.387587,2322.0,120,,,RGI60-11.01238,-682.8496428287727,5159005.4917238355,101,196,0101_0196
274,2008-07-23,2008-07-23,46.584613,8.387626,2322.0,120,,,RGI60-11.01238,-679.8617571971787,5159005.380268677,101,196,0101_0196
274,2008-07-23,2008-07-23,46.584611,8.387665,2322.0,119,,,RGI60-11.01238,-676.8738839017138,5159005.157696726,101,196,0101_0196
274,2008-07-23,2008-07-23,46.58461,8.387704,2322.0,118,,,RGI60-11.01238,-673.8859979952579,5159005.046244521,101,196,0101_0196
274,2008-07-23,2008-07-23,46.584608,8.387743,2322.0,118,,,RGI60-11.01238,-670.8981243152924,5159004.823675525,101,196,0101_0196
274,2008-07-23,2008-07-23,46.584606,8.387782,2323.0,117,,,RGI60-11.01238,-667.9102504155453,5159004.601108005,101,196,0101_0196
274,2008-07-23,2008-07-23,46.584604,8.387821,2323.0,116,,,RGI60-11.01238,-664.9223762960162,5159004.378541963,101,196,0101_0196
274,2008-07-23,2008-07-23,46.584603,8.38786,2323.0,115,,,RGI60-11.01238,-661.9344897851398,5159004.267095668,101,196,0101_0196
274,2008-07-23,2008-07-23,46.584601,8.387899,2323.0,115,,,RGI60-11.01238,-658.946615280867,5159004.044532581,101,196,0101_0196
274,2008-07-23,2008-07-23,46.5846,8.387938,2323.0,115,,,RGI60-11.01238,-655.9587284953734,5159003.933089242,101,196,0101_0196
274,2008-07-23,2008-07-23,46.584598,8.387977,2323.0,115,,,RGI60-11.01238,-652.9708536066008,5159003.7105291085,101,196,0101_0196
274,2008-07-23,2008-07-23,46.584596,8.388016,2323.0,115,,,RGI60-11.01238,-649.9829784980468,5159003.487970452,101,196,0101_0196
274,2008-07-23,2008-07-23,46.584595,8.388055,2323.0,116,,,RGI60-11.01238,-646.9950912728528,5159003.376531546,101,196,0101_0196
274,2008-07-23,2008-07-23,46.584593,8.388094,2323.0,116,,,RGI60-11.01238,-644.0072157795557,5159003.153975844,101,196,0101_0196
274,2008-07-23,2008-07-23,46.584591,8.388133,2323.0,116,,,RGI60-11.01238,-641.019340066721,5159002.931421623,101,196,0101_0196
274,2008-07-23,2008-07-23,46.58459,8.388173,2323.0,116,,,RGI60-11.01238,-637.9548395954349,5159002.819979058,101,196,0101_0196
274,2008-07-23,2008-07-23,46.584588,8.388212,2323.0,116,,,RGI60-11.01238,-634.9669634951617,5159002.597427826,101,196,0101_0196
274,2008-07-23,2008-07-23,46.584587,8.388251,2323.0,116,,,RGI60-11.01238,-631.9790755541213,5159002.485996344,102,196,0102_0196
274,2008-07-23,2008-07-23,46.584585,8.38829,2322.0,115,,,RGI60-11.01238,-628.9911990691058,5159002.263448068,102,196,0102_0196
274,2008-07-23,2008-07-23,46.584584,8.388329,2322.0,115,,,RGI60-11.01238,-626.00331085345,5159002.15201954,102,196,0102_0196
274,2008-07-23,2008-07-23,46.584583,8.388368,2322.0,115,,,RGI60-11.01238,-623.015422527896,5159002.04059249,102,196,0102_0196
274,2008-07-23,2008-07-23,46.584582,8.388407,2322.0,115,,,RGI60-11.01238,-620.0275340923223,5159001.929166916,102,196,0102_0196
274,2008-07-23,2008-07-23,46.584581,8.388446,2322.0,115,,,RGI60-11.01238,-617.0396455470946,5159001.81774282,102,196,0102_0196
274,2008-07-23,2008-07-23,46.58458,8.388485,2323.0,116,,,RGI60-11.01238,-614.0517568918472,5159001.706320202,102,196,0102_0196
274,2008-07-23,2008-07-23,46.584579,8.388525,2323.0,116,,,RGI60-11.01238,-610.9872553048095,5159001.5948913125,102,196,0102_0196
274,2008-07-23,2008-07-23,46.584578,8.388564,2323.0,116,,,RGI60-11.01238,-607.999366428236,5159001.483471688,102,196,0102_0196
274,2008-07-23,2008-07-23,46.584578,8.388603,2323.0,115,,,RGI60-11.01238,-605.0114663170244,5159001.483171808,102,196,0102_0196
274,2008-07-23,2008-07-23,46.584577,8.388642,2323.0,115,,,RGI60-11.01238,-602.023577275719,5159001.371755136,102,196,0102_0196
274,2008-07-23,2008-07-23,46.584577,8.388681,2323.0,115,,,RGI60-11.01238,-599.0356771095363,5159001.371458212,102,196,0102_0196
274,2008-07-23,2008-07-23,46.584577,8.38872,2323.0,115,,,RGI60-11.01238,-596.0477769434601,5159001.371162765,102,196,0102_0196
274,2008-07-23,2008-07-23,46.584577,8.388759,2323.0,115,,,RGI60-11.01238,-593.0598767771257,5159001.370868796,102,196,0102_0196
274,2008-07-23,2008-07-23,46.584577,8.388798,2323.0,116,,,RGI60-11.01238,-590.0719766108982,5159001.370576302,102,196,0102_0196
274,2008-07-23,2008-07-23,46.584577,8.388837,2323.0,116,,,RGI60-11.01238,-587.0840764446561,5159001.370285287,102,196,0102_0196
274,2008-07-23,2008-07-23,46.584577,8.388877,2324.0,115,,,RGI60-11.01238,-584.0195634535638,5159001.369988345,102,196,0102_0196
274,2008-07-23,2008-07-23,46.584578,8.388916,2324.0,115,,,RGI60-11.01238,-581.0316526034889,5159001.480818592,102,196,0102_0196
274,2008-07-23,2008-07-23,46.584578,8.388955,2323.0,115,,,RGI60-11.01238,-578.0437524921437,5159001.480532046,102,196,0102_0196
274,2008-07-23,2008-07-23,46.584579,8.388994,2323.0,115,,,RGI60-11.01238,-575.055841806619,5159001.591365247,102,196,0102_0196
274,2008-07-23,2008-07-23,46.584579,8.389033,2323.0,114,,,RGI60-11.01238,-572.0679417503081,5159001.5910816565,102,196,0102_0196
274,2008-07-23,2008-07-23,46.58458,8.389072,2323.0,114,,,RGI60-11.01238,-569.0800312295777,5159001.701917813,102,196,0102_0196
274,2008-07-23,2008-07-23,46.584581,8.389111,2323.0,114,,,RGI60-11.01238,-566.0921208189592,5159001.812755447,103,196,0103_0196
274,2008-07-23,2008-07-23,46.584582,8.389151,2323.0,114,,,RGI60-11.01238,-563.0275977002922,5159001.923587419,103,196,0103_0196
274,2008-07-23,2008-07-23,46.584582,8.38919,2323.0,114,,,RGI60-11.01238,-560.0396978086258,5159001.923309776,103,196,0103_0196
274,2008-07-23,2008-07-23,46.584583,8.389229,2323.0,114,,,RGI60-11.01238,-557.0517876739566,5159002.034151881,103,196,0103_0196
274,2008-07-23,2008-07-23,46.584584,8.389268,2323.0,114,,,RGI60-11.01238,-554.0638776491555,5159002.144995461,103,196,0103_0196
274,2008-07-23,2008-07-23,46.584585,8.389307,2323.0,114,,,RGI60-11.01238,-551.0759677341007,5159002.255840519,103,196,0103_0196
274,2008-07-23,2008-07-23,46.584586,8.389346,2323.0,114,,,RGI60-11.01238,-548.0880579291576,5159002.366687056,103,196,0103_0196
274,2008-07-23,2008-07-23,46.584586,8.389385,2323.0,114,,,RGI60-11.01238,-545.1001582570647,5159002.366416799,103,196,0103_0196
274,2008-07-23,2008-07-23,46.584587,8.389424,2323.0,114,,,RGI60-11.01238,-542.1122486169176,5159002.477266289,103,196,0103_0196
274,2008-07-23,2008-07-23,46.584588,8.389464,2323.0,114,,,RGI60-11.01238,-539.0477262771728,5159002.588110422,103,196,0103_0196
274,2008-07-23,2008-07-23,46.584588,8.389503,2323.0,114,,,RGI60-11.01238,-536.0598267150428,5159002.587844635,103,196,0103_0196
274,2008-07-23,2008-07-23,46.584589,8.389542,2323.0,114,,,RGI60-11.01238,-533.0719173508471,5159002.698698596,103,196,0103_0196
274,2008-07-23,2008-07-23,46.584589,8.389581,2323.0,113,,,RGI60-11.01238,-530.0840178436316,5159002.698435765,103,196,0103_0196
274,2008-07-23,2008-07-23,46.58459,8.38962,2323.0,112,,,RGI60-11.01238,-527.0961086441106,5159002.809292679,103,196,0103_0196
274,2008-07-23,2008-07-23,46.58459,8.389659,2323.0,111,,,RGI60-11.01238,-524.1082091919318,5159002.809032801,103,196,0103_0196
274,2008-07-23,2008-07-23,46.58459,8.389698,2323.0,111,,,RGI60-11.01238,-521.120309739618,5159002.808774401,103,196,0103_0196
274,2008-07-23,2008-07-23,46.58459,8.389737,2323.0,110,,,RGI60-11.01238,-518.1324102872912,5159002.808517477,103,196,0103_0196
274,2008-07-23,2008-07-23,46.584589,8.389777,2323.0,110,,,RGI60-11.01238,-515.0679074994191,5159002.697137232,103,196,0103_0196
274,2008-07-23,2008-07-23,46.584588,8.389816,2323.0,110,,,RGI60-11.01238,-512.0800174081813,5159002.585765031,103,196,0103_0196
274,2008-07-23,2008-07-23,46.584587,8.389855,2323.0,109,,,RGI60-11.01238,-509.0921272070484,5159002.474394308,103,196,0103_0196
274,2008-07-23,2008-07-23,46.584585,8.389894,2323.0,109,,,RGI60-11.01238,-506.10424620219396,5159002.251906793,103,196,0103_0196
274,2008-07-23,2008-07-23,46.584584,8.389933,2323.0,108,,,RGI60-11.01238,-503.1163557264518,5159002.140539023,103,196,0103_0196
274,2008-07-23,2008-07-23,46.584582,8.389972,2323.0,108,,,RGI60-11.01238,-500.12847433686176,5159001.918054463,104,196,0104_0196
274,2008-07-23,2008-07-23,46.584579,8.390011,2323.0,107,,,RGI60-11.01238,-497.14060186896586,5159001.584453109,104,196,0104_0196
274,2008-07-23,2008-07-23,46.584577,8.39005,2323.0,106,,,RGI60-11.01238,-494.1527199850016,5159001.361971505,104,196,0104_0196
274,2008-07-23,2008-07-23,46.584574,8.390089,2323.0,105,,,RGI60-11.01238,-491.16484691272683,5159001.028373105,104,196,0104_0196
274,2008-07-23,2008-07-23,46.584571,8.390128,2323.0,104,,,RGI60-11.01238,-488.17697351079187,5159000.694776184,104,196,0104_0196
274,2008-07-23,2008-07-23,46.584568,8.390167,2323.0,103,,,RGI60-11.01238,-485.18909977919697,5159000.36118074,104,196,0104_0196
274,2008-07-23,2008-07-23,46.584565,8.390206,2322.0,101,,,RGI60-11.01238,-482.20122571794246,5159000.027586776,104,196,0104_0196
274,2008-07-23,2008-07-23,46.584561,8.390244,2322.0,99,,,RGI60-11.01238,-479.28997298611574,5158999.582882094,104,196,0104_0196
274,2008-07-23,2008-07-23,46.584558,8.390283,2322.0,98,,,RGI60-11.01238,-476.30209821470504,5158999.249291045,104,196,0104_0196
274,2008-07-23,2008-07-23,46.584554,8.390322,2322.0,96,,,RGI60-11.01238,-473.3142318171043,5158998.804583203,104,196,0104_0196
274,2008-07-23,2008-07-23,46.584551,8.390361,2322.0,95,,,RGI60-11.01238,-470.32635633143326,5158998.47099511,104,196,0104_0196
274,2008-07-23,2008-07-23,46.584547,8.3904,2322.0,93,,,RGI60-11.01238,-467.338489109689,5158998.026290226,104,196,0104_0196
274,2008-07-23,2008-07-23,46.584544,8.390438,2322.0,92,,,RGI60-11.01238,-464.4272257810954,5158997.692710974,104,196,0104_0196
274,2008-07-23,2008-07-23,46.58454,8.390477,2322.0,90,,,RGI60-11.01238,-461.4393577406002,5158997.248009005,104,196,0104_0196
274,2008-07-23,2008-07-23,46.584537,8.390516,2322.0,89,,,RGI60-11.01238,-458.4514808308798,5158996.914426785,104,196,0104_0196
274,2008-07-23,2008-07-23,46.584534,8.390555,2322.0,87,,,RGI60-11.01238,-455.4636035912568,5158996.580846041,104,196,0104_0196
274,2008-07-23,2008-07-23,46.584531,8.390594,2322.0,86,,,RGI60-11.01238,-452.4757260222186,5158996.247266774,104,196,0104_0196
274,2008-07-23,2008-07-23,46.584528,8.390633,2322.0,84,,,RGI60-11.01238,-449.48784812339983,5158995.913688986,104,196,0104_0196
274,2008-07-23,2008-07-23,46.584526,8.390672,2322.0,82,,,RGI60-11.01238,-446.4999616846397,5158995.691230943,104,196,0104_0196
274,2008-07-23,2008-07-23,46.584524,8.390711,2322.0,80,,,RGI60-11.01238,-443.51207502634725,5158995.468774378,104,196,0104_0196
274,2008-07-23,2008-07-23,46.584522,8.39075,2322.0,78,,,RGI60-11.01238,-440.5241881480356,5158995.24631929,104,196,0104_0196
274,2008-07-23,2008-07-23,46.58452,8.390789,2322.0,76,,,RGI60-11.01238,-437.536301050192,5158995.023865679,104,196,0104_0196
274,2008-07-23,2008-07-23,46.584519,8.390828,2322.0,74,,,RGI60-11.01238,-434.5484057419329,5158994.9125318155,105,196,0105_0196
274,2008-07-23,2008-07-23,46.584518,8.390867,2322.0,72,,,RGI60-11.01238,-431.56051032390275,5158994.801199429,105,196,0105_0196
274,2008-07-23,2008-07-23,46.584517,8.390906,2322.0,71,,,RGI60-11.01238,-428.57261479610156,5158994.689868519,105,196,0105_0196
274,2008-07-23,2008-07-23,46.584517,8.390945,2322.0,69,,,RGI60-11.01238,-425.584711332591,5158994.689657356,105,196,0105_0196
274,2008-07-23,2008-07-23,46.584517,8.390984,2321.0,66,,,RGI60-11.01238,-422.59680786931347,5158994.689447669,105,196,0105_0196
274,2008-07-23,2008-07-23,46.584517,8.391024,2321.0,64,,,RGI60-11.01238,-419.5322914965259,5158994.689234141,105,196,0105_0196
274,2008-07-23,2008-07-23,46.584518,8.391063,2321.0,62,,,RGI60-11.01238,-416.54438037364224,5158994.800145716,105,196,0105_0196
274,2008-07-23,2008-07-23,46.584519,8.391102,2321.0,60,,,RGI60-11.01238,-413.55646936087396,5158994.911058769,105,196,0105_0196
274,2008-07-23,2008-07-23,46.58452,8.391141,2320.0,57,,,RGI60-11.01238,-410.56855845785526,5158995.021973297,105,196,0105_0196
274,2008-07-23,2008-07-23,46.584521,8.39118,2320.0,55,,,RGI60-11.01238,-407.5806476645865,5158995.132889304,105,196,0105_0196
274,2008-07-23,2008-07-23,46.584522,8.391219,2320.0,53,,,RGI60-11.01238,-404.59273698143335,5158995.243806789,105,196,0105_0196
274,2008-07-23,2008-07-23,46.584523,8.391258,2319.0,51,,,RGI60-11.01238,-401.6048264079081,5158995.354725751,105,196,0105_0196
274,2008-07-23,2008-07-23,46.584524,8.391297,2319.0,49,,,RGI60-11.01238,-398.6169159444984,5158995.46564619,105,196,0105_0196
274,2008-07-23,2008-07-23,46.584525,8.391337,2319.0,47,,,RGI60-11.01238,-395.5523926927292,5158995.57656309,105,196,0105_0196
274,2008-07-23,2008-07-23,46.584525,8.391376,2319.0,45,,,RGI60-11.01238,-392.5644896687556,5158995.576368253,105,196,0105_0196
274,2008-07-23,2008-07-23,46.584525,8.391415,2318.0,43,,,RGI60-11.01238,-389.5765866447722,5158995.576174893,105,196,0105_0196
274,2008-07-23,2008-07-23,46.584525,8.391454,2318.0,41,,,RGI60-11.01238,-386.5886836207791,5158995.575983011,105,196,0105_0196
274,2008-07-23,2008-07-23,46.584523,8.391493,2318.0,40,,,RGI60-11.01238,-383.60079470394027,5158995.353556068,105,196,0105_0196
274,2008-07-23,2008-07-23,46.584521,8.391532,2317.0,39,,,RGI60-11.01238,-380.61290556732746,5158995.131130603,105,196,0105_0196
274,2008-07-23,2008-07-23,46.584518,8.391571,2317.0,37,,,RGI60-11.01238,-377.6250231545179,5158994.797588346,105,196,0105_0196
274,2008-07-23,2008-07-23,46.584513,8.391609,2317.0,35,,,RGI60-11.01238,-374.7137671047059,5158994.24181578,105,196,0105_0196
274,2008-07-23,2008-07-23,46.584508,8.391648,2316.0,33,,,RGI60-11.01238,-371.72589759749917,5158993.686039902,105,196,0105_0196
274,2008-07-23,2008-07-23,46.584505,8.391667,2316.0,32,,,RGI60-11.01238,-370.27027250494353,5158993.352595731,106,196,0106_0196
274,2008-07-23,2008-07-23,46.581364,8.38842,2288.0,63,,,RGI60-11.01238,-619.068195890623,5158644.350573408,102,202,0102_0202
274,2008-07-23,2008-07-23,46.58139,8.388411,2289.0,63,,,RGI60-11.01238,-619.7574557861536,5158647.2397174705,102,202,0102_0202
274,2008-07-23,2008-07-23,46.581416,8.388399,2289.0,64,,,RGI60-11.01238,-620.6765668553257,5158650.128885225,102,202,0102_0202
274,2008-07-23,2008-07-23,46.581441,8.388385,2289.0,65,,,RGI60-11.01238,-621.7489229589916,5158652.906950687,102,202,0102_0202
274,2008-07-23,2008-07-23,46.581466,8.388369,2289.0,66,,,RGI60-11.01238,-622.9745124907477,5158655.685032145,102,201,0102_0201
274,2008-07-23,2008-07-23,46.581489,8.38835,2289.0,67,,,RGI60-11.01238,-624.4299753731307,5158658.240901189,102,201,0102_0201
274,2008-07-23,2008-07-23,46.581513,8.38833,2290.0,69,,,RGI60-11.01238,-625.9620426578916,5158660.907896738,102,201,0102_0201
274,2008-07-23,2008-07-23,46.581535,8.388309,2290.0,69,,,RGI60-11.01238,-627.5707487742927,5158663.352664222,102,201,0102_0201
274,2008-07-23,2008-07-23,46.581557,8.388286,2290.0,69,,,RGI60-11.01238,-629.3326877470047,5158665.797448097,102,201,0102_0201
274,2008-07-23,2008-07-23,46.581578,8.388262,2290.0,69,,,RGI60-11.01238,-631.1712539469671,5158668.131122286,102,201,0102_0201
274,2008-07-23,2008-07-23,46.581599,8.388237,2290.0,71,,,RGI60-11.01238,-633.0864357466193,5158670.464805068,102,201,0102_0201
274,2008-07-23,2008-07-23,46.581619,8.388211,2290.0,73,,,RGI60-11.01238,-635.078244734092,5158672.687378305,101,201,0101_0201
274,2008-07-23,2008-07-23,46.581639,8.388185,2290.0,74,,,RGI60-11.01238,-637.0700522563352,5158674.909952205,101,201,0101_0201
274,2008-07-23,2008-07-23,46.581659,8.388157,2290.0,75,,,RGI60-11.01238,-639.2150921843642,5158677.132542976,101,201,0101_0201
274,2008-07-23,2008-07-23,46.581678,8.38813,2290.0,75,,,RGI60-11.01238,-641.283525417822,5158679.24400817,101,201,0101_0201
274,2008-07-23,2008-07-23,46.581697,8.388102,2290.0,76,,,RGI60-11.01238,-643.4285740879368,5158681.355482239,101,201,0101_0201
274,2008-07-23,2008-07-23,46.581715,8.388073,2290.0,76,,,RGI60-11.01238,-645.6502499849777,5158683.355847047,101,201,0101_0201
274,2008-07-23,2008-07-23,46.581734,8.388045,2290.0,77,,,RGI60-11.01238,-647.7952956699485,5158685.467322677,101,201,0101_0201
274,2008-07-23,2008-07-23,46.581752,8.388016,2290.0,78,,,RGI60-11.01238,-650.0169686101455,5158687.4676891025,101,201,0101_0201
274,2008-07-23,2008-07-23,46.58177,8.387986,2290.0,79,,,RGI60-11.01238,-652.3152568585687,5158689.46806462,101,201,0101_0201
274,2008-07-23,2008-07-23,46.581787,8.387957,2290.0,80,,,RGI60-11.01238,-654.5369388662915,5158691.357314504,101,201,0101_0201
274,2008-07-23,2008-07-23,46.581805,8.387927,2290.0,82,,,RGI60-11.01238,-656.8352241395597,5158693.357691755,101,201,0101_0201
274,2008-07-23,2008-07-23,46.581822,8.387897,2290.0,83,,,RGI60-11.01238,-659.1335200101364,5158695.246951667,101,201,0101_0201
274,2008-07-23,2008-07-23,46.581839,8.387867,2290.0,84,,,RGI60-11.01238,-661.4318144437904,5158697.136212461,101,201,0101_0201
274,2008-07-23,2008-07-23,46.581856,8.387836,2290.0,85,,,RGI60-11.01238,-663.8067240984554,5158699.0254825475,101,201,0101_0201
274,2008-07-23,2008-07-23,46.581873,8.387806,2290.0,86,,,RGI60-11.01238,-666.1050156344365,5158700.914745131,101,201,0101_0201
274,2008-07-23,2008-07-23,46.58189,8.387775,2290.0,87,,,RGI60-11.01238,-668.4799223434097,5158702.804017067,101,201,0101_0201
274,2008-07-23,2008-07-23,46.581906,8.387744,2290.0,89,,,RGI60-11.01238,-670.8548399019871,5158704.582171722,101,201,0101_0201
274,2008-07-23,2008-07-23,46.581922,8.387713,2290.0,90,,,RGI60-11.01238,-673.2297560630877,5158706.360327319,101,201,0101_0201
274,2008-07-23,2008-07-23,46.581939,8.387681,2290.0,92,,,RGI60-11.01238,-675.6812749457094,5158708.249610637,101,201,0101_0201
274,2008-07-23,2008-07-23,46.581955,8.38765,2290.0,93,,,RGI60-11.01238,-678.0561882456441,5158710.02776814,101,201,0101_0201
274,2008-07-23,2008-07-23,46.581971,8.387619,2290.0,95,,,RGI60-11.01238,-680.4311001481002,5158711.80592658,101,201,0101_0201
274,2008-07-23,2008-07-23,46.581987,8.387588,2290.0,97,,,RGI60-11.01238,-682.8060106531996,5158713.58408596,101,201,0101_0201
274,2008-07-23,2008-07-23,46.582003,8.387556,2290.0,98,,,RGI60-11.01238,-685.2575362114301,5158715.362254965,101,201,0101_0201
274,2008-07-23,2008-07-23,46.582019,8.387524,2289.0,98,,,RGI60-11.01238,-687.7090603271021,5158717.14042497,101,201,0101_0201
274,2008-07-23,2008-07-23,46.582035,8.387492,2289.0,100,,,RGI60-11.01238,-690.1605830003366,5158718.918595973,101,201,0101_0201
274,2008-07-23,2008-07-23,46.58205,8.38746,2289.0,102,,,RGI60-11.01238,-692.6121169654107,5158720.585649756,101,200,0101_0200
274,2008-07-23,2008-07-23,46.582065,8.387428,2289.0,104,,,RGI60-11.01238,-695.0636495782089,5158722.252704538,101,200,0101_0200
274,2008-07-23,2008-07-23,46.58208,8.387396,2289.0,105,,,RGI60-11.01238,-697.5151808384867,5158723.919760319,101,200,0101_0200
274,2008-07-23,2008-07-23,46.582096,8.387363,2289.0,106,,,RGI60-11.01238,-700.0433141964448,5158725.697944195,101,200,0101_0200
274,2008-07-23,2008-07-23,46.582111,8.387331,2289.0,107,,,RGI60-11.01238,-702.4948426858336,5158727.365002004,100,200,0100_0200
274,2008-07-23,2008-07-23,46.582126,8.387299,2289.0,107,,,RGI60-11.01238,-704.9463698227006,5158729.032060814,100,200,0100_0200
274,2008-07-23,2008-07-23,46.582142,8.387267,2289.0,108,,,RGI60-11.01238,-707.3978826008706,5158730.810238845,100,200,0100_0200
274,2008-07-23,2008-07-23,46.582157,8.387235,2289.0,109,,,RGI60-11.01238,-709.8494069878542,5158732.477299652,100,200,0100_0200
274,2008-07-23,2008-07-23,46.582173,8.387203,2288.0,110,,,RGI60-11.01238,-712.300916925977,5158734.25547968,100,200,0100_0200
274,2008-07-23,2008-07-23,46.582189,8.387171,2288.0,111,,,RGI60-11.01238,-714.7524254214128,5158736.033660711,100,200,0100_0200
274,2008-07-23,2008-07-23,46.582205,8.38714,2288.0,112,,,RGI60-11.01238,-717.1273163079877,5158737.811833647,100,200,0100_0200
274,2008-07-23,2008-07-23,46.582221,8.387108,2288.0,113,,,RGI60-11.01238,-719.578821940952,5158739.590016644,100,200,0100_0200
274,2008-07-23,2008-07-23,46.582238,8.387077,2288.0,114,,,RGI60-11.01238,-721.9536967360436,5158741.479309712,100,200,0100_0200
274,2008-07-23,2008-07-23,46.582254,8.387047,2288.0,114,,,RGI60-11.01238,-724.2519672667948,5158743.257476312,100,200,0100_0200
274,2008-07-23,2008-07-23,46.582271,8.387016,2288.0,115,,,RGI60-11.01238,-726.6268391599585,5158745.146771228,100,200,0100_0200
274,2008-07-23,2008-07-23,46.582289,8.386986,2288.0,116,,,RGI60-11.01238,-728.9250801165003,5158747.147176066,100,200,0100_0200
274,2008-07-23,2008-07-23,46.582306,8.386956,2288.0,117,,,RGI60-11.01238,-731.2233329961288,5158749.03646356,100,200,0100_0200
274,2008-07-23,2008-07-23,46.582324,8.386927,2288.0,118,,,RGI60-11.01238,-733.444954953458,5158751.036860859,100,200,0100_0200
274,2008-07-23,2008-07-23,46.582342,8.386898,2288.0,119,,,RGI60-11.01238,-735.6665754400294,5158753.037258982,100,200,0100_0200
274,2008-07-23,2008-07-23,46.58236,8.386869,2288.0,119,,,RGI60-11.01238,-737.8881944557202,5158755.037657928,100,200,0100_0200
274,2008-07-23,2008-07-23,46.582378,8.38684,2288.0,119,,,RGI60-11.01238,-740.1098120008952,5158757.038057698,100,200,0100_0200
274,2008-07-23,2008-07-23,46.582397,8.386812,2288.0,120,,,RGI60-11.01238,-742.2547985305287,5158759.149567107,100,200,0100_0200
274,2008-07-23,2008-07-23,46.582416,8.386783,2288.0,121,,,RGI60-11.01238,-744.4763994302768,5158761.261086723,100,200,0100_0200
274,2008-07-23,2008-07-23,46.582434,8.386756,2288.0,121,,,RGI60-11.01238,-746.5447808194142,5158763.261470004,100,200,0100_0200
274,2008-07-23,2008-07-23,46.582454,8.386728,2288.0,122,,,RGI60-11.01238,-748.6897491260163,5158765.484099947,100,200,0100_0200
274,2008-07-23,2008-07-23,46.582473,8.3867,2288.0,124,,,RGI60-11.01238,-750.834729659876,5158767.59561243,100,200,0100_0200
274,2008-07-23,2008-07-23,46.582492,8.386673,2288.0,124,,,RGI60-11.01238,-752.9030929329176,5158769.707116138,100,200,0100_0200
274,2008-07-23,2008-07-23,46.582511,8.386646,2288.0,125,,,RGI60-11.01238,-754.9714547604228,5158771.818620558,100,200,0100_0200
274,2008-07-23,2008-07-23,46.582531,8.386618,2287.0,126,,,RGI60-11.01238,-757.1164169303505,5158774.041253525,100,200,0100_0200
274,2008-07-23,2008-07-23,46.58255,8.386591,2287.0,127,,,RGI60-11.01238,-759.1847758023405,5158776.152759402,100,200,0100_0200
274,2008-07-23,2008-07-23,46.582569,8.386564,2287.0,128,,,RGI60-11.01238,-761.2531332289136,5158778.264265996,100,200,0100_0200
274,2008-07-23,2008-07-23,46.582589,8.386537,2287.0,128,,,RGI60-11.01238,-763.3214751750824,5158780.486891536,100,200,0100_0200
274,2008-07-23,2008-07-23,46.582608,8.386509,2287.0,128,,,RGI60-11.01238,-765.4664452713629,5158782.598409263,100,200,0100_0200
274,2008-07-23,2008-07-23,46.582627,8.386482,2287.0,128,,,RGI60-11.01238,-767.5347982967537,5158784.70991803,99,200,0099_0200
274,2008-07-23,2008-07-23,46.582646,8.386454,2287.0,128,,,RGI60-11.01238,-769.6797654218984,5158786.821437266,99,199,0099_0199
274,2008-07-23,2008-07-23,46.582665,8.386426,2287.0,127,,,RGI60-11.01238,-771.8247310479693,5158788.932957273,99,199,0099_0199
274,2008-07-23,2008-07-23,46.582684,8.386398,2287.0,127,,,RGI60-11.01238,-773.9696951752094,5158791.044478049,99,199,0099_0199
274,2008-07-23,2008-07-23,46.582702,8.386369,2287.0,127,,,RGI60-11.01238,-776.1912875396822,5158793.044891197,99,199,0099_0199
274,2008-07-23,2008-07-23,46.58272,8.38634,2287.0,125,,,RGI60-11.01238,-778.4128784332615,5158795.045305171,99,199,0099_0199
274,2008-07-23,2008-07-23,46.582738,8.386311,2286.0,123,,,RGI60-11.01238,-780.6344678563114,5158797.045719968,99,199,0099_0199
274,2008-07-23,2008-07-23,46.582756,8.386281,2286.0,121,,,RGI60-11.01238,-782.9326711984372,5158799.046145513,99,199,0099_0199
274,2008-07-23,2008-07-23,46.582773,8.386251,2286.0,119,,,RGI60-11.01238,-785.2308874569939,5158800.935453702,99,199,0099_0199
274,2008-07-23,2008-07-23,46.58279,8.38622,2286.0,116,,,RGI60-11.01238,-787.6057176205444,5158802.8247727575,99,199,0099_0199
274,2008-07-23,2008-07-23,46.582806,8.386189,2286.0,114,,,RGI60-11.01238,-789.9805608245058,5158804.602974515,99,199,0099_0199
274,2008-07-23,2008-07-23,46.582822,8.386158,2286.0,110,,,RGI60-11.01238,-792.3554026309587,5158806.381177212,99,199,0099_0199
274,2008-07-23,2008-07-23,46.582838,8.386126,2286.0,107,,,RGI60-11.01238,-794.8068583143577,5158808.159390924,99,199,0099_0199
274,2008-07-23,2008-07-23,46.582853,8.386094,2285.0,104,,,RGI60-11.01238,-797.2583272142723,5158809.826487398,99,199,0099_0199
274,2008-07-23,2008-07-23,46.582868,8.386061,2285.0,102,,,RGI60-11.01238,-799.7864099939552,5158811.49359501,99,199,0099_0199
274,2008-07-23,2008-07-23,46.582883,8.386028,2285.0,101,,,RGI60-11.01238,-802.31449137895,5158813.160703684,99,199,0099_0199
274,2008-07-23,2008-07-23,46.582898,8.385995,2285.0,99,,,RGI60-11.01238,-804.8425713692569,5158814.82781342,99,199,0099_0199
274,2008-07-23,2008-07-23,46.582912,8.385962,2284.0,98,,,RGI60-11.01238,-807.3706648098215,5158816.383805983,99,199,0099_0199
274,2008-07-23,2008-07-23,46.582926,8.385929,2284.0,97,,,RGI60-11.01238,-809.8987569485569,5158817.939799606,99,199,0099_0199
274,2008-07-23,2008-07-23,46.58294,8.385895,2284.0,96,,,RGI60-11.01238,-812.5034629165923,5158819.495804589,99,199,0099_0199
274,2008-07-23,2008-07-23,46.582954,8.385861,2284.0,95,,,RGI60-11.01238,-815.1081675434745,5158821.0518107,99,199,0099_0199
274,2008-07-23,2008-07-23,46.582967,8.385828,2284.0,93,,,RGI60-11.01238,-817.6362707714885,5158822.496689334,99,199,0099_0199
274,2008-07-23,2008-07-23,46.582981,8.385794,2284.0,92,,,RGI60-11.01238,-820.2409727835624,5158824.052697665,99,199,0099_0199
274,2008-07-23,2008-07-23,46.582995,8.38576,2283.0,91,,,RGI60-11.01238,-822.8456734546035,5158825.6087071225,99,199,0099_0199
274,2008-07-23,2008-07-23,46.583009,8.385727,2283.0,89,,,RGI60-11.01238,-825.373757750806,5158827.1647072425,99,199,0099_0199
274,2008-07-23,2008-07-23,46.583023,8.385693,2283.0,88,,,RGI60-11.01238,-827.9784557591365,5158828.72071892,99,199,0099_0199
274,2008-07-23,2008-07-23,46.583037,8.38566,2283.0,86,,,RGI60-11.01238,-830.5065374321944,5158830.276721195,99,199,0099_0199
274,2008-07-23,2008-07-23,46.583051,8.385626,2283.0,85,,,RGI60-11.01238,-833.1112327779338,5158831.832735094,98,199,0098_0199
274,2008-07-23,2008-07-23,46.583065,8.385593,2283.0,85,,,RGI60-11.01238,-835.6393118278444,5158833.3887395235,98,199,0098_0199
274,2008-07-23,2008-07-23,46.583079,8.38556,2283.0,84,,,RGI60-11.01238,-838.167389576042,5158834.944745015,98,199,0098_0199
274,2008-07-23,2008-07-23,46.583094,8.385527,2283.0,83,,,RGI60-11.01238,-840.6954505647448,5158836.61186981,98,199,0098_0199
274,2008-07-23,2008-07-23,46.583109,8.385495,2284.0,80,,,RGI60-11.01238,-843.1468952659428,5158838.278984976,98,199,0098_0199
274,2008-07-23,2008-07-23,46.583124,8.385462,2284.0,77,,,RGI60-11.01238,-845.6749534863836,5158839.946111863,98,199,0098_0199
274,2008-07-23,2008-07-23,46.583139,8.38543,2284.0,75,,,RGI60-11.01238,-848.1263954617016,5158841.61322906,98,199,0098_0199
274,2008-07-23,2008-07-23,46.583155,8.385398,2285.0,73,,,RGI60-11.01238,-850.577820444942,5158843.391465494,98,199,0098_0199
274,2008-07-23,2008-07-23,46.583171,8.385366,2285.0,71,,,RGI60-11.01238,-853.0292439857018,5158845.169702932,98,199,0098_0199
274,2008-07-23,2008-07-23,46.583187,8.385335,2285.0,69,,,RGI60-11.01238,-855.4040513009315,5158846.947930523,98,199,0098_0199
274,2008-07-23,2008-07-23,46.583203,8.385304,2285.0,67,,,RGI60-11.01238,-857.7788572186384,5158848.726159052,98,199,0098_0199
274,2008-07-23,2008-07-23,46.58322,8.385273,2286.0,66,,,RGI60-11.01238,-860.1536459231935,5158850.615506763,98,199,0098_0199
274,2008-07-23,2008-07-23,46.583237,8.385243,2286.0,65,,,RGI60-11.01238,-862.4518184305068,5158852.504844478,98,198,0098_0198
274,2008-07-23,2008-07-23,46.583254,8.385213,2286.0,63,,,RGI60-11.01238,-864.7499895005992,5158854.394183072,98,198,0098_0198
274,2008-07-23,2008-07-23,46.583272,8.385183,2287.0,62,,,RGI60-11.01238,-867.0481431915325,5158856.394640794,98,198,0098_0198
274,2008-07-23,2008-07-23,46.58329,8.385154,2287.0,61,,,RGI60-11.01238,-869.269680723128,5158858.395088373,98,198,0098_0198
274,2008-07-23,2008-07-23,46.583308,8.385125,2287.0,60,,,RGI60-11.01238,-871.4912167838041,5158860.395536775,98,198,0098_0198
274,2008-07-23,2008-07-23,46.583326,8.385096,2287.0,59,,,RGI60-11.01238,-873.7127513738052,5158862.395986,98,198,0098_0198
274,2008-07-23,2008-07-23,46.583345,8.385068,2288.0,58,,,RGI60-11.01238,-875.8576538269272,5158864.50754319,98,198,0098_0198
274,2008-07-23,2008-07-23,46.583363,8.385039,2288.0,58,,,RGI60-11.01238,-878.0791854597082,5158866.507994033,98,198,0098_0198
274,2008-07-23,2008-07-23,46.583382,8.385011,2289.0,57,,,RGI60-11.01238,-880.224084927548,5158868.619552787,98,198,0098_0198
274,2008-07-23,2008-07-23,46.583401,8.384983,2289.0,56,,,RGI60-11.01238,-882.3689828964037,5158870.731112311,98,198,0098_0198
274,2008-07-23,2008-07-23,46.58342,8.384955,2289.0,56,,,RGI60-11.01238,-884.5138793661527,5158872.842672601,98,198,0098_0198
274,2008-07-23,2008-07-23,46.583439,8.384928,2290.0,55,,,RGI60-11.01238,-886.5821599091129,5158874.954222421,98,198,0098_0198
274,2008-07-23,2008-07-23,46.583458,8.3849,2290.0,54,,,RGI60-11.01238,-888.7270534076563,5158877.0657842215,98,198,0098_0198
274,2008-07-23,2008-07-23,46.583477,8.384872,2290.0,54,,,RGI60-11.01238,-890.8719454073339,5158879.177346791,98,198,0098_0198
274,2008-07-23,2008-07-23,46.583496,8.384844,2291.0,52,,,RGI60-11.01238,-893.0168359080245,5158881.288910127,98,198,0098_0198
274,2008-07-23,2008-07-23,46.583515,8.384816,2291.0,51,,,RGI60-11.01238,-895.1617249094824,5158883.400474234,98,198,0098_0198
274,2008-07-23,2008-07-23,46.583534,8.384788,2291.0,49,,,RGI60-11.01238,-897.3066124121951,5158885.512039109,98,198,0098_0198
274,2008-07-23,2008-07-23,46.583552,8.38476,2291.0,48,,,RGI60-11.01238,-899.4515149541841,5158887.5124865025,97,198,0097_0198
274,2008-07-23,2008-07-23,46.583571,8.384731,2291.0,47,,,RGI60-11.01238,-901.6730137402145,5158889.624064345,97,198,0097_0198
274,2008-07-23,2008-07-23,46.583589,8.384703,2291.0,47,,,RGI60-11.01238,-903.8179133772117,5158891.624513302,97,198,0097_0198
274,2008-07-23,2008-07-23,46.583599,8.384689,2291.0,46,,,RGI60-11.01238,-904.8903460248773,5158892.735856318,97,198,0097_0198
274,2008-07-23,2008-07-23,46.584722,8.384606,2312.0,59,,,RGI60-11.01238,-911.2305084012502,5159017.522619579,97,196,0097_0196
274,2008-07-23,2008-07-23,46.584718,8.384645,2313.0,60,,,RGI60-11.01238,-908.2426830063472,5159017.077696682,97,196,0097_0196
274,2008-07-23,2008-07-23,46.584713,8.384683,2313.0,61,,,RGI60-11.01238,-905.3314864507338,5159016.521668466,97,196,0097_0196
274,2008-07-23,2008-07-23,46.584707,8.384721,2313.0,63,,,RGI60-11.01238,-902.4203059535376,5159015.85452338,97,196,0097_0196
274,2008-07-23,2008-07-23,46.584701,8.384759,2314.0,64,,,RGI60-11.01238,-899.5091248137991,5159015.187379697,97,196,0097_0196
274,2008-07-23,2008-07-23,46.584694,8.384797,2314.0,65,,,RGI60-11.01238,-896.5979595183421,5159014.409119146,98,196,0098_0196
274,2008-07-23,2008-07-23,46.584686,8.384835,2314.0,66,,,RGI60-11.01238,-893.6868099063198,5159013.519741725,98,196,0098_0196
274,2008-07-23,2008-07-23,46.584679,8.384872,2315.0,68,,,RGI60-11.01238,-890.852255739446,5159012.741495274,98,196,0098_0196
274,2008-07-23,2008-07-23,46.584671,8.38491,2315.0,69,,,RGI60-11.01238,-887.9411044791141,5159011.852120626,98,196,0098_0196
274,2008-07-23,2008-07-23,46.584663,8.384947,2315.0,70,,,RGI60-11.01238,-885.1065650658612,5159010.962758601,98,196,0098_0196
274,2008-07-23,2008-07-23,46.584655,8.384985,2316.0,71,,,RGI60-11.01238,-882.1954121036856,5159010.073386722,98,196,0098_0196
274,2008-07-23,2008-07-23,46.584648,8.385023,2316.0,72,,,RGI60-11.01238,-879.2842421168859,5159009.295134519,98,196,0098_0196
274,2008-07-23,2008-07-23,46.584641,8.38506,2316.0,74,,,RGI60-11.01238,-876.4496841152284,5159008.516894828,98,196,0098_0196
274,2008-07-23,2008-07-23,46.584635,8.385098,2317.0,74,,,RGI60-11.01238,-873.5384965766626,5159007.849763666,98,196,0098_0196
274,2008-07-23,2008-07-23,46.584629,8.385136,2317.0,75,,,RGI60-11.01238,-870.6273083957999,5159007.182633907,98,196,0098_0196
274,2008-07-23,2008-07-23,46.584623,8.385175,2318.0,77,,,RGI60-11.01238,-867.6395068124075,5159006.51549455,98,196,0098_0196
274,2008-07-23,2008-07-23,46.584618,8.385213,2318.0,78,,,RGI60-11.01238,-864.7283014376128,5159005.959485904,98,196,0098_0196
274,2008-07-23,2008-07-23,46.584614,8.385252,2318.0,79,,,RGI60-11.01238,-861.7404669080549,5159005.514586007,98,196,0098_0196
274,2008-07-23,2008-07-23,46.584609,8.38529,2318.0,80,,,RGI60-11.01238,-858.8292605090479,5159004.958580202,98,196,0098_0196
274,2008-07-23,2008-07-23,46.584606,8.385329,2319.0,81,,,RGI60-11.01238,-855.84140931385,5159004.624801493,98,196,0098_0196
274,2008-07-23,2008-07-23,46.584602,8.385368,2319.0,82,,,RGI60-11.01238,-852.8535734711428,5159004.179905991,98,196,0098_0196
274,2008-07-23,2008-07-23,46.584599,8.385407,2319.0,83,,,RGI60-11.01238,-849.8657215615411,5159003.846130234,98,196,0098_0196
274,2008-07-23,2008-07-23,46.584595,8.385446,2320.0,84,,,RGI60-11.01238,-846.8778848947892,5159003.401237688,98,196,0098_0196
274,2008-07-23,2008-07-23,46.584593,8.385485,2320.0,85,,,RGI60-11.01238,-843.8900167536925,5159003.178583157,98,196,0098_0196
274,2008-07-23,2008-07-23,46.58459,8.385524,2320.0,86,,,RGI60-11.01238,-840.9021638552023,5159002.844811834,98,196,0098_0196
274,2008-07-23,2008-07-23,46.584587,8.385562,2321.0,88,,,RGI60-11.01238,-837.9909234376298,5159002.511052613,98,196,0098_0196
274,2008-07-23,2008-07-23,46.584584,8.385601,2321.0,89,,,RGI60-11.01238,-835.0030698841493,5159002.177284207,98,196,0098_0196
274,2008-07-23,2008-07-23,46.584581,8.38564,2320.0,89,,,RGI60-11.01238,-832.0152160007549,5159001.84351728,99,196,0099_0196
274,2008-07-23,2008-07-23,46.584578,8.385679,2321.0,90,,,RGI60-11.01238,-829.0273617878129,5159001.50975183,99,196,0099_0196
274,2008-07-23,2008-07-23,46.584575,8.385718,2321.0,91,,,RGI60-11.01238,-826.0395072452017,5159001.175987856,99,196,0099_0196
274,2008-07-23,2008-07-23,46.584572,8.385757,2321.0,93,,,RGI60-11.01238,-823.0516523729212,5159000.842225362,99,196,0099_0196
274,2008-07-23,2008-07-23,46.584568,8.385796,2320.0,93,,,RGI60-11.01238,-820.0638122503022,5159000.397346074,99,196,0099_0196
274,2008-07-23,2008-07-23,46.584565,8.385834,2321.0,95,,,RGI60-11.01238,-817.152569505325,5159000.063596893,99,196,0099_0196
274,2008-07-23,2008-07-23,46.584561,8.385873,2320.0,96,,,RGI60-11.01238,-814.1647285639339,5158999.618720522,99,196,0099_0196
274,2008-07-23,2008-07-23,46.584556,8.385912,2320.0,97,,,RGI60-11.01238,-811.1769020990256,5158999.062727361,99,196,0099_0196
274,2008-07-23,2008-07-23,46.584552,8.38595,2320.0,98,,,RGI60-11.01238,-808.2656730836076,5158998.617864192,99,196,0099_0196
274,2008-07-23,2008-07-23,46.584547,8.385989,2320.0,100,,,RGI60-11.01238,-805.2778455816898,5158998.061873948,99,196,0099_0196
274,2008-07-23,2008-07-23,46.584542,8.386027,2320.0,101,,,RGI60-11.01238,-802.3666304043223,5158997.505895353,99,196,0099_0196
274,2008-07-23,2008-07-23,46.584537,8.386066,2320.0,102,,,RGI60-11.01238,-799.3788018106974,5158996.9499080265,99,196,0099_0196
274,2008-07-23,2008-07-23,46.584532,8.386104,2320.0,104,,,RGI60-11.01238,-796.46758555559,5158996.3939322755,99,196,0099_0196
274,2008-07-23,2008-07-23,46.584526,8.386143,2320.0,105,,,RGI60-11.01238,-793.479770460257,5158995.726829599,99,196,0099_0196
274,2008-07-23,2008-07-23,46.584521,8.386181,2320.0,106,,,RGI60-11.01238,-790.5685530739979,5158995.170856689,99,196,0099_0196
274,2008-07-23,2008-07-23,46.584516,8.386219,2320.0,108,,,RGI60-11.01238,-787.6573351522701,5158994.614885184,99,196,0099_0196
274,2008-07-23,2008-07-23,46.584511,8.386258,2320.0,109,,,RGI60-11.01238,-784.6695037776544,5158994.058905132,99,196,0099_0196
274,2008-07-23,2008-07-23,46.584505,8.386296,2320.0,110,,,RGI60-11.01238,-781.7582991530084,5158993.391818201,99,196,0099_0196
274,2008-07-23,2008-07-23,46.5845,8.386335,2319.0,111,,,RGI60-11.01238,-778.7704666315021,5158992.835841069,99,196,0099_0196
274,2008-07-23,2008-07-23,46.584496,8.386373,2319.0,112,,,RGI60-11.01238,-775.8592322344181,5158992.390993518,99,196,0099_0196
274,2008-07-23,2008-07-23,46.584491,8.386412,2319.0,114,,,RGI60-11.01238,-772.8713986761495,5158991.835019302,99,196,0099_0196
274,2008-07-23,2008-07-23,46.584486,8.38645,2319.0,115,,,RGI60-11.01238,-769.960177521206,5158991.279056326,99,196,0099_0196
274,2008-07-23,2008-07-23,46.584482,8.386489,2319.0,116,,,RGI60-11.01238,-766.9723287681836,5158990.834203295,99,196,0099_0196
274,2008-07-23,2008-07-23,46.584478,8.386528,2319.0,117,,,RGI60-11.01238,-763.9844795753671,5158990.389351742,100,196,0100_0196
274,2008-07-23,2008-07-23,46.584474,8.386566,2319.0,118,,,RGI60-11.01238,-761.0732429129101,5158989.944511318,100,196,0100_0196
274,2008-07-23,2008-07-23,46.58447,8.386605,2319.0,119,,,RGI60-11.01238,-758.0853928468711,5158989.499662682,100,196,0100_0196
274,2008-07-23,2008-07-23,46.584467,8.386644,2319.0,120,,,RGI60-11.01238,-755.0975284564691,5158989.1659337925,100,196,0100_0196
274,2008-07-23,2008-07-23,46.584463,8.386683,2319.0,122,,,RGI60-11.01238,-752.1096775662717,5158988.721088111,100,196,0100_0196
274,2008-07-23,2008-07-23,46.58446,8.386722,2319.0,123,,,RGI60-11.01238,-749.1218124615947,5158988.387362177,100,196,0100_0196
274,2008-07-23,2008-07-23,46.584457,8.386761,2319.0,124,,,RGI60-11.01238,-746.1339470273726,5158988.053637721,100,196,0100_0196
274,2008-07-23,2008-07-23,46.584454,8.386799,2318.0,124,,,RGI60-11.01238,-743.2226942615729,5158987.719924163,100,196,0100_0196
274,2008-07-23,2008-07-23,46.584451,8.386838,2318.0,126,,,RGI60-11.01238,-740.2348281722449,5158987.386202624,100,196,0100_0196
274,2008-07-23,2008-07-23,46.584449,8.386877,2318.0,128,,,RGI60-11.01238,-737.2469481969227,5158987.1636008285,100,196,0100_0196
274,2008-07-23,2008-07-23,46.584446,8.386916,2318.0,129,,,RGI60-11.01238,-734.2590815032041,5158986.829882244,100,196,0100_0196
274,2008-07-23,2008-07-23,46.584443,8.386955,2318.0,129,,,RGI60-11.01238,-731.2712144798195,5158986.496165136,100,196,0100_0196
274,2008-07-23,2008-07-23,46.584441,8.386994,2318.0,130,,,RGI60-11.01238,-728.2833337352656,5158986.2735677725,100,196,0100_0196
274,2008-07-23,2008-07-23,46.584438,8.387033,2318.0,130,,,RGI60-11.01238,-725.2954661073691,5158985.939853621,100,196,0100_0196
274,2008-07-23,2008-07-23,46.584435,8.387072,2318.0,129,,,RGI60-11.01238,-722.3075981500502,5158985.606140946,100,196,0100_0196
274,2008-07-23,2008-07-23,46.584433,8.387111,2318.0,128,,,RGI60-11.01238,-719.3197166361437,5158985.383548015,100,196,0100_0196
274,2008-07-23,2008-07-23,46.584429,8.38715,2318.0,127,,,RGI60-11.01238,-716.3318612461726,5158984.938720029,100,196,0100_0196
274,2008-07-23,2008-07-23,46.584426,8.387189,2318.0,125,,,RGI60-11.01238,-713.3439922997353,5158984.605011786,100,196,0100_0196
274,2008-07-23,2008-07-23,46.584423,8.387228,2318.0,124,,,RGI60-11.01238,-710.3561230235111,5158984.27130502,100,196,0100_0196
274,2008-07-23,2008-07-23,46.584419,8.387266,2318.0,122,,,RGI60-11.01238,-707.4448794720555,5158983.826490433,100,196,0100_0196
274,2008-07-23,2008-07-23,46.584416,8.387305,2318.0,121,,,RGI60-11.01238,-704.4570094859077,5158983.492786586,100,197,0100_0197
274,2008-07-23,2008-07-23,46.584412,8.387344,2318.0,120,,,RGI60-11.01238,-701.4691520685324,5158983.04796595,100,197,0100_0197
274,2008-07-23,2008-07-23,46.584408,8.387383,2318.0,120,,,RGI60-11.01238,-698.481294211609,5158982.603146791,101,197,0101_0197
274,2008-07-23,2008-07-23,46.584403,8.387421,2318.0,119,,,RGI60-11.01238,-695.5700617736323,5158982.04721966,101,197,0101_0197
274,2008-07-23,2008-07-23,46.584398,8.38746,2318.0,118,,,RGI60-11.01238,-692.5822157232053,5158981.491285153,101,197,0101_0197
274,2008-07-23,2008-07-23,46.584394,8.387498,2318.0,117,,,RGI60-11.01238,-689.6709695258885,5158981.046479132,101,197,0101_0197
274,2008-07-23,2008-07-23,46.584389,8.387537,2318.0,116,,,RGI60-11.01238,-686.6831224388278,5158980.4905475415,101,197,0101_0197
274,2008-07-23,2008-07-23,46.584383,8.387575,2317.0,116,,,RGI60-11.01238,-683.7719004718136,5158979.823507832,101,197,0101_0197
274,2008-07-23,2008-07-23,46.584378,8.387613,2318.0,116,,,RGI60-11.01238,-680.860665343033,5158979.267587788,101,197,0101_0197
274,2008-07-23,2008-07-23,46.584372,8.387652,2317.0,116,,,RGI60-11.01238,-677.8728290312398,5158978.600542291,101,197,0101_0197
274,2008-07-23,2008-07-23,46.584367,8.38769,2318.0,115,,,RGI60-11.01238,-674.9615927711961,5158978.044625093,101,197,0101_0197
274,2008-07-23,2008-07-23,46.584361,8.387728,2317.0,115,,,RGI60-11.01238,-672.0503683331584,5158977.377591033,101,197,0101_0197
274,2008-07-23,2008-07-23,46.584355,8.387767,2317.0,114,,,RGI60-11.01238,-669.0625301152689,5158976.710549894,101,197,0101_0197
274,2008-07-23,2008-07-23,46.58435,8.387805,2317.0,114,,,RGI60-11.01238,-666.1512921349658,5158976.154636941,101,197,0101_0197
274,2008-07-23,2008-07-23,46.584344,8.387843,2317.0,113,,,RGI60-11.01238,-663.2400658149043,5158975.487607127,101,197,0101_0197
274,2008-07-23,2008-07-23,46.584338,8.387881,2317.0,112,,,RGI60-11.01238,-660.3288388523124,5158974.820578716,101,197,0101_0197
274,2008-07-23,2008-07-23,46.584333,8.38792,2317.0,112,,,RGI60-11.01238,-657.3409859906021,5158974.264661637,101,197,0101_0197
274,2008-07-23,2008-07-23,46.584327,8.387958,2317.0,112,,,RGI60-11.01238,-654.4297577882744,5158973.597636071,101,197,0101_0197
274,2008-07-23,2008-07-23,46.584322,8.387996,2317.0,112,,,RGI60-11.01238,-651.5185169636187,5158973.041730171,101,197,0101_0197
274,2008-07-23,2008-07-23,46.584317,8.388035,2317.0,112,,,RGI60-11.01238,-648.5306624126437,5158972.485817452,101,197,0101_0197
274,2008-07-23,2008-07-23,46.584312,8.388073,2317.0,112,,,RGI60-11.01238,-645.6194205102614,5158971.929914395,101,197,0101_0197
274,2008-07-23,2008-07-23,46.584307,8.388112,2317.0,111,,,RGI60-11.01238,-642.6315648675935,5158971.374004595,101,197,0101_0197
274,2008-07-23,2008-07-23,46.584302,8.38815,2317.0,111,,,RGI60-11.01238,-639.7203218874848,5158970.818104382,101,197,0101_0197
274,2008-07-23,2008-07-23,46.584298,8.388189,2317.0,110,,,RGI60-11.01238,-636.7324534448528,5158970.373315761,101,197,0101_0197
274,2008-07-23,2008-07-23,46.584293,8.388227,2317.0,110,,,RGI60-11.01238,-633.8212094405515,5158969.817418391,102,197,0102_0197
274,2008-07-23,2008-07-23,46.584289,8.388266,2317.0,110,,,RGI60-11.01238,-630.8333400696439,5158969.372632688,102,197,0102_0197
274,2008-07-23,2008-07-23,46.584285,8.388305,2317.0,110,,,RGI60-11.01238,-627.8454702589472,5158968.927848465,102,197,0102_0197
274,2008-07-23,2008-07-23,46.584281,8.388344,2318.0,110,,,RGI60-11.01238,-624.8576000088274,5158968.483065718,102,197,0102_0197
274,2008-07-23,2008-07-23,46.584278,8.388382,2317.0,110,,,RGI60-11.01238,-621.9463311304776,5158968.149410598,102,197,0102_0197
274,2008-07-23,2008-07-23,46.584274,8.388421,2317.0,110,,,RGI60-11.01238,-618.9584600618446,5158967.704630768,102,197,0102_0197
274,2008-07-23,2008-07-23,46.58427,8.38846,2318.0,110,,,RGI60-11.01238,-615.9705885536666,5158967.259852417,102,197,0102_0197
274,2008-07-23,2008-07-23,46.584267,8.388499,2317.0,110,,,RGI60-11.01238,-612.9827053346306,5158966.926193806,102,197,0102_0197
274,2008-07-23,2008-07-23,46.584264,8.388537,2317.0,110,,,RGI60-11.01238,-610.0714350517013,5158966.5925444085,102,197,0102_0197
274,2008-07-23,2008-07-23,46.58426,8.388576,2317.0,109,,,RGI60-11.01238,-607.083562340286,5158966.147770452,102,197,0102_0197
274,2008-07-23,2008-07-23,46.584257,8.388615,2317.0,109,,,RGI60-11.01238,-604.0956780815507,5158965.814116236,102,197,0102_0197
274,2008-07-23,2008-07-23,46.584253,8.388654,2317.0,110,,,RGI60-11.01238,-601.1078045461106,5158965.369345234,102,197,0102_0197
274,2008-07-23,2008-07-23,46.58425,8.388693,2317.0,110,,,RGI60-11.01238,-598.119919573111,5158965.035693973,102,197,0102_0197
274,2008-07-23,2008-07-23,46.584247,8.388732,2317.0,110,,,RGI60-11.01238,-595.132034270572,5158964.702044191,102,197,0102_0197
274,2008-07-23,2008-07-23,46.584243,8.38877,2317.0,109,,,RGI60-11.01238,-592.220772821615,5158964.25728513,102,197,0102_0197
274,2008-07-23,2008-07-23,46.584239,8.388809,2317.0,108,,,RGI60-11.01238,-589.2328976433956,5158963.81252,102,197,0102_0197
274,2008-07-23,2008-07-23,46.584236,8.388848,2317.0,108,,,RGI60-11.01238,-586.2450112462177,5158963.478874612,102,197,0102_0197
274,2008-07-23,2008-07-23,46.584232,8.388887,2317.0,107,,,RGI60-11.01238,-583.2571352438526,5158963.034112439,102,197,0102_0197
274,2008-07-23,2008-07-23,46.584228,8.388925,2317.0,107,,,RGI60-11.01238,-580.3458721185522,5158962.5893591,102,197,0102_0197
274,2008-07-23,2008-07-23,46.584224,8.388964,2317.0,107,,,RGI60-11.01238,-577.3579952428574,5158962.144599844,102,197,0102_0197
274,2008-07-23,2008-07-23,46.584219,8.389003,2317.0,106,,,RGI60-11.01238,-574.3701284887987,5158961.588723803,102,197,0102_0197
274,2008-07-23,2008-07-23,46.584215,8.389041,2317.0,106,,,RGI60-11.01238,-571.4588640138776,5158961.143974746,102,197,0102_0197
274,2008-07-23,2008-07-23,46.58421,8.38908,2317.0,106,,,RGI60-11.01238,-568.4709962230743,5158960.588101622,102,197,0102_0197
274,2008-07-23,2008-07-23,46.584206,8.389119,2317.0,106,,,RGI60-11.01238,-565.48311748496,5158960.143348238,103,197,0103_0197
274,2008-07-23,2008-07-23,46.584201,8.389157,2316.0,106,,,RGI60-11.01238,-562.5718620046496,5158959.587485202,103,197,0103_0197
274,2008-07-23,2008-07-23,46.584196,8.389196,2317.0,106,,,RGI60-11.01238,-559.5839926276767,5158959.031616474,103,197,0103_0197
274,2008-07-23,2008-07-23,46.584191,8.389234,2316.0,106,,,RGI60-11.01238,-556.6727360696474,5158958.475756279,103,197,0103_0197
274,2008-07-23,2008-07-23,46.584186,8.389273,2316.0,106,,,RGI60-11.01238,-553.6848656008675,5158957.91989047,103,197,0103_0197
274,2008-07-23,2008-07-23,46.584182,8.389311,2316.0,106,,,RGI60-11.01238,-550.773597837716,5158957.475151381,103,197,0103_0197
274,2008-07-23,2008-07-23,46.584177,8.389349,2316.0,106,,,RGI60-11.01238,-547.8623397202862,5158956.919295432,103,197,0103_0197
274,2008-07-23,2008-07-23,46.584172,8.389388,2316.0,105,,,RGI60-11.01238,-544.8744676720173,5158956.36343398,103,197,0103_0197
274,2008-07-23,2008-07-23,46.584167,8.389426,2316.0,104,,,RGI60-11.01238,-541.9632084767478,5158955.807580875,103,197,0103_0197
274,2008-07-23,2008-07-23,46.584162,8.389465,2316.0,103,,,RGI60-11.01238,-538.9753353369173,5158955.251722339,103,197,0103_0197
274,2008-07-23,2008-07-23,46.584157,8.389503,2316.0,102,,,RGI60-11.01238,-536.064075063931,5158954.695872078,103,197,0103_0197
274,2008-07-23,2008-07-23,46.584152,8.389542,2316.0,101,,,RGI60-11.01238,-533.0762008321738,5158954.14001646,103,197,0103_0197
274,2008-07-23,2008-07-23,46.584148,8.389581,2316.0,100,,,RGI60-11.01238,-530.0883163039531,5158953.695280583,103,197,0103_0197
274,2008-07-23,2008-07-23,46.584143,8.389619,2316.0,100,,,RGI60-11.01238,-527.1770544645244,5158953.139434602,103,197,0103_0197
274,2008-07-23,2008-07-23,46.584139,8.389658,2316.0,99,,,RGI60-11.01238,-524.1891690077935,5158952.694701644,103,197,0103_0197
274,2008-07-23,2008-07-23,46.584135,8.389696,2316.0,99,,,RGI60-11.01238,-521.2778965590272,5158952.249976767,103,197,0103_0197
274,2008-07-23,2008-07-23,46.584131,8.389735,2316.0,98,,,RGI60-11.01238,-518.2900102290934,5158951.805246723,103,197,0103_0197
274,2008-07-23,2008-07-23,46.584127,8.389774,2316.0,97,,,RGI60-11.01238,-515.3021234594966,5158951.3605181575,103,197,0103_0197
274,2008-07-23,2008-07-23,46.584123,8.389813,2316.0,96,,,RGI60-11.01238,-512.3142362503596,5158950.915791069,103,197,0103_0197
274,2008-07-23,2008-07-23,46.584119,8.389851,2316.0,95,,,RGI60-11.01238,-509.4029620716069,5158950.471071916,103,197,0103_0197
274,2008-07-23,2008-07-23,46.584116,8.38989,2316.0,94,,,RGI60-11.01238,-506.4150646774103,5158950.137466007,103,197,0103_0197
274,2008-07-23,2008-07-23,46.584113,8.389929,2316.0,93,,,RGI60-11.01238,-503.42716695331245,5158949.803861573,103,197,0103_0197
274,2008-07-23,2008-07-23,46.584109,8.389968,2317.0,92,,,RGI60-11.01238,-500.43927810153144,5158949.359140357,104,197,0104_0197
274,2008-07-23,2008-07-23,46.584106,8.390007,2317.0,90,,,RGI60-11.01238,-497.45137966329895,5158949.025538881,104,197,0104_0197
274,2008-07-23,2008-07-23,46.584104,8.390046,2317.0,88,,,RGI60-11.01238,-494.4634718034374,5158948.803057142,104,197,0104_0197
274,2008-07-23,2008-07-23,46.584101,8.390085,2317.0,87,,,RGI60-11.01238,-491.47557276095233,5158948.469458619,104,197,0104_0197
274,2008-07-23,2008-07-23,46.584098,8.390124,2317.0,85,,,RGI60-11.01238,-488.4876733885661,5158948.135861575,104,197,0104_0197
274,2008-07-23,2008-07-23,46.584096,8.390163,2317.0,84,,,RGI60-11.01238,-485.4997647594969,5158947.913384268,104,197,0104_0197
274,2008-07-23,2008-07-23,46.584093,8.390202,2317.0,83,,,RGI60-11.01238,-482.5118647828591,5158947.579790179,104,197,0104_0197
274,2008-07-23,2008-07-23,46.584091,8.390241,2317.0,82,,,RGI60-11.01238,-479.52395565929834,5158947.357315825,104,197,0104_0197
274,2008-07-23,2008-07-23,46.584089,8.39028,2317.0,81,,,RGI60-11.01238,-476.5360463159626,5158947.134842951,104,197,0104_0197
274,2008-07-23,2008-07-23,46.584087,8.390319,2317.0,79,,,RGI60-11.01238,-473.5481367528519,5158946.9123715535,104,197,0104_0197
274,2008-07-23,2008-07-23,46.584085,8.390358,2317.0,78,,,RGI60-11.01238,-470.5602269698444,5158946.689901633,104,197,0104_0197
274,2008-07-23,2008-07-23,46.584083,8.390397,2317.0,76,,,RGI60-11.01238,-467.572316967306,5158946.46743319,104,197,0104_0197
274,2008-07-23,2008-07-23,46.584081,8.390436,2317.0,75,,,RGI60-11.01238,-464.58440674487093,5158946.244966226,104,197,0104_0197
274,2008-07-23,2008-07-23,46.584079,8.390475,2317.0,73,,,RGI60-11.01238,-461.59649630266125,5158946.022500738,104,197,0104_0197
274,2008-07-23,2008-07-23,46.584077,8.390514,2317.0,72,,,RGI60-11.01238,-458.6085856406772,5158945.8000367265,104,197,0104_0197
274,2008-07-23,2008-07-23,46.584075,8.390553,2317.0,70,,,RGI60-11.01238,-455.62067475879667,5158945.5775741935,104,197,0104_0197
274,2008-07-23,2008-07-23,46.584073,8.390592,2317.0,69,,,RGI60-11.01238,-452.63276365738545,5158945.355113139,104,197,0104_0197
274,2008-07-23,2008-07-23,46.584071,8.390631,2317.0,67,,,RGI60-11.01238,-449.64485233595644,5158945.132653561,104,197,0104_0197
274,2008-07-23,2008-07-23,46.584069,8.39067,2317.0,66,,,RGI60-11.01238,-446.6569407949968,5158944.91019546,104,197,0104_0197
274,2008-07-23,2008-07-23,46.584067,8.390709,2317.0,64,,,RGI60-11.01238,-443.6690290341414,5158944.687738837,104,197,0104_0197
274,2008-07-23,2008-07-23,46.584065,8.390748,2316.0,63,,,RGI60-11.01238,-440.68111705339004,5158944.465283691,104,197,0104_0197
274,2008-07-23,2008-07-23,46.584062,8.390787,2317.0,61,,,RGI60-11.01238,-437.69321290120183,5158944.131711763,104,197,0104_0197
274,2008-07-23,2008-07-23,46.58406,8.390826,2317.0,59,,,RGI60-11.01238,-434.70530042596187,5158943.909259572,105,197,0105_0197
274,2008-07-23,2008-07-23,46.584058,8.390865,2317.0,58,,,RGI60-11.01238,-431.7173877311918,5158943.686808858,105,197,0105_0197
274,2008-07-23,2008-07-23,46.584055,8.390904,2317.0,56,,,RGI60-11.01238,-428.72948269967503,5158943.353241363,105,197,0105_0197
274,2008-07-23,2008-07-23,46.584053,8.390943,2317.0,54,,,RGI60-11.01238,-425.741569510295,5158943.130793603,105,197,0105_0197
274,2008-07-23,2008-07-23,46.58405,8.390982,2317.0,51,,,RGI60-11.01238,-422.7536638746522,5158942.797229062,105,197,0105_0197
274,2008-07-23,2008-07-23,46.584048,8.391021,2317.0,49,,,RGI60-11.01238,-419.7657501906626,5158942.574784258,105,197,0105_0197
274,2008-07-23,2008-07-23,46.584046,8.39106,2317.0,47,,,RGI60-11.01238,-416.77783628714343,5158942.352340932,105,197,0105_0197
274,2008-07-23,2008-07-23,46.584043,8.391099,2317.0,44,,,RGI60-11.01238,-413.7899297721734,5158942.018780824,105,197,0105_0197
274,2008-07-23,2008-07-23,46.584041,8.391138,2317.0,42,,,RGI60-11.01238,-410.80201537404514,5158941.7963404525,105,197,0105_0197
274,2008-07-23,2008-07-23,46.584039,8.391177,2317.0,40,,,RGI60-11.01238,-407.8141007561437,5158941.573901559,105,197,0105_0197
274,2008-07-23,2008-07-23,46.584037,8.391216,2317.0,38,,,RGI60-11.01238,-404.82618591846943,5158941.35146414,105,197,0105_0197
274,2008-07-23,2008-07-23,46.584036,8.391255,2317.0,37,,,RGI60-11.01238,-401.83826347234134,5158941.240146461,105,197,0105_0197
274,2008-07-23,2008-07-23,46.584035,8.391275,2317.0,36,,,RGI60-11.01238,-400.3059990944168,5158941.128926508,105,197,0105_0197
274,2008-07-23,2008-07-23,46.58721,8.391963,2333.0,94,,,RGI60-11.01238,-347.5755570240331,5159293.926236219,106,192,0106_0192
274,2008-07-23,2008-07-23,46.587213,8.391924,2334.0,97,,,RGI60-11.01238,-350.5632931882081,5159294.259763784,106,192,0106_0192
274,2008-07-23,2008-07-23,46.587215,8.391885,2334.0,102,,,RGI60-11.01238,-353.551035524115,5159294.482174504,106,192,0106_0192
274,2008-07-23,2008-07-23,46.587215,8.391846,2334.0,106,,,RGI60-11.01238,-356.5387907536621,5159294.482350059,106,192,0106_0192
274,2008-07-23,2008-07-23,46.587214,8.391807,2334.0,109,,,RGI60-11.01238,-359.5265525946118,5159294.371408772,106,192,0106_0192
274,2008-07-23,2008-07-23,46.587212,8.391768,2334.0,112,,,RGI60-11.01238,-362.5143212117939,5159294.149350638,106,192,0106_0192
274,2008-07-23,2008-07-23,46.587209,8.39173,2334.0,114,,,RGI60-11.01238,-365.4254876534456,5159293.816171028,106,192,0106_0192
274,2008-07-23,2008-07-23,46.587204,8.391691,2334.0,116,,,RGI60-11.01238,-368.41327708726567,5159293.260760849,106,192,0106_0192
274,2008-07-23,2008-07-23,46.587198,8.391653,2335.0,118,,,RGI60-11.01238,-371.3244647680723,5159292.594229119,105,192,0105_0192
274,2008-07-23,2008-07-23,46.587192,8.391615,2335.0,119,,,RGI60-11.01238,-374.23565309116026,5159291.927698791,105,192,0105_0192
274,2008-07-23,2008-07-23,46.587184,8.391577,2335.0,121,,,RGI60-11.01238,-377.146855927884,5159291.038933226,105,192,0105_0192
274,2008-07-23,2008-07-23,46.587176,8.39154,2335.0,123,,,RGI60-11.01238,-379.9814504575763,5159290.150164247,105,192,0105_0192
274,2008-07-23,2008-07-23,46.587168,8.391503,2335.0,124,,,RGI60-11.01238,-382.8160458215097,5159289.261396597,105,192,0105_0192
274,2008-07-23,2008-07-23,46.587159,8.391466,2335.0,126,,,RGI60-11.01238,-385.65064911124847,5159288.261511961,105,192,0105_0192
274,2008-07-23,2008-07-23,46.587149,8.391429,2335.0,126,,,RGI60-11.01238,-388.4852604831669,5159287.150510333,105,192,0105_0192
274,2008-07-23,2008-07-23,46.587139,8.391393,2335.0,128,,,RGI60-11.01238,-391.2432636822519,5159286.0395050775,105,192,0105_0192
274,2008-07-23,2008-07-23,46.58713,8.391356,2336.0,131,,,RGI60-11.01238,-394.07786987830013,5159285.039624399,105,192,0105_0192
274,2008-07-23,2008-07-23,46.58712,8.39132,2336.0,133,,,RGI60-11.01238,-396.83587506939625,5159283.928621698,105,192,0105_0192
274,2008-07-23,2008-07-23,46.58711,8.391283,2336.0,135,,,RGI60-11.01238,-399.67049053111714,5159282.817625327,105,192,0105_0192
274,2008-07-23,2008-07-23,46.587101,8.391246,2336.0,137,,,RGI60-11.01238,-402.50509963335054,5159281.817748604,105,192,0105_0192
274,2008-07-23,2008-07-23,46.587092,8.391209,2336.0,139,,,RGI60-11.01238,-405.3397096740723,5159280.817873214,105,192,0105_0192
274,2008-07-23,2008-07-23,46.587083,8.391172,2337.0,141,,,RGI60-11.01238,-408.17432065291706,5159279.817999156,105,192,0105_0192
274,2008-07-23,2008-07-23,46.587075,8.391135,2337.0,142,,,RGI60-11.01238,-411.00892501177213,5159278.929244746,105,192,0105_0192
274,2008-07-23,2008-07-23,46.587067,8.391098,2337.0,144,,,RGI60-11.01238,-413.8435302046217,5159278.0404916685,105,192,0105_0192
274,2008-07-23,2008-07-23,46.58706,8.39106,2337.0,146,,,RGI60-11.01238,-416.75473789584805,5159277.262863523,105,192,0105_0192
274,2008-07-23,2008-07-23,46.587053,8.391022,2337.0,148,,,RGI60-11.01238,-419.6659463364202,5159276.485236782,105,192,0105_0192
274,2008-07-23,2008-07-23,46.587047,8.390984,2337.0,149,,,RGI60-11.01238,-422.5771477556214,5159275.81872976,105,192,0105_0192
274,2008-07-23,2008-07-23,46.587042,8.390946,2337.0,151,,,RGI60-11.01238,-425.48834199260676,5159275.263342462,105,192,0105_0192
274,2008-07-23,2008-07-23,46.587037,8.390907,2338.0,153,,,RGI60-11.01238,-428.4761461241916,5159274.707961996,105,192,0105_0192
274,2008-07-23,2008-07-23,46.587032,8.390869,2338.0,154,,,RGI60-11.01238,-431.3873414388842,5159274.15257754,105,192,0105_0192
274,2008-07-23,2008-07-23,46.587028,8.39083,2338.0,155,,,RGI60-11.01238,-434.3751386744724,5159273.708318311,105,192,0105_0192
274,2008-07-23,2008-07-23,46.587025,8.390791,2338.0,156,,,RGI60-11.01238,-437.3629283064943,5159273.375178877,104,192,0104_0192
274,2008-07-23,2008-07-23,46.587021,8.390752,2338.0,158,,,RGI60-11.01238,-440.3507263660847,5159272.930922603,104,192,0104_0192
274,2008-07-23,2008-07-23,46.587018,8.390713,2338.0,159,,,RGI60-11.01238,-443.3385167125889,5159272.597786123,104,192,0104_0192
274,2008-07-23,2008-07-23,46.587016,8.390674,2339.0,160,,,RGI60-11.01238,-446.3262991808118,5159272.375769439,104,192,0104_0192
274,2008-07-23,2008-07-23,46.587013,8.390635,2339.0,161,,,RGI60-11.01238,-449.3140901316679,5159272.042635916,104,192,0104_0192
274,2008-07-23,2008-07-23,46.587011,8.390596,2339.0,162,,,RGI60-11.01238,-452.301873094357,5159271.820622187,104,192,0104_0192
274,2008-07-23,2008-07-23,46.587009,8.390557,2339.0,163,,,RGI60-11.01238,-455.2896562770513,5159271.5986099355,104,192,0104_0192
274,2008-07-23,2008-07-23,46.587006,8.390518,2339.0,164,,,RGI60-11.01238,-458.2774481068414,5159271.265480845,104,192,0104_0192
274,2008-07-23,2008-07-23,46.587004,8.390479,2340.0,165,,,RGI60-11.01238,-461.2652317838794,5159271.043471546,104,192,0104_0192
274,2008-07-23,2008-07-23,46.587002,8.39044,2340.0,165,,,RGI60-11.01238,-464.25301568067846,5159270.821463727,104,192,0104_0192
274,2008-07-23,2008-07-23,46.587,8.390401,2340.0,165,,,RGI60-11.01238,-467.2407997971163,5159270.599457386,104,192,0104_0192
274,2008-07-23,2008-07-23,46.586998,8.390362,2340.0,165,,,RGI60-11.01238,-470.2285841335591,5159270.377452522,104,192,0104_0192
274,2008-07-23,2008-07-23,46.586995,8.390323,2340.0,164,,,RGI60-11.01238,-473.2163773918125,5159270.044330816,104,192,0104_0192
274,2008-07-23,2008-07-23,46.586993,8.390284,2341.0,163,,,RGI60-11.01238,-476.20416222259803,5159269.8223289065,104,192,0104_0192
274,2008-07-23,2008-07-23,46.58699,8.390245,2341.0,163,,,RGI60-11.01238,-479.1919560852016,5159269.489210159,104,192,0104_0192
274,2008-07-23,2008-07-23,46.586987,8.390207,2341.0,162,,,RGI60-11.01238,-482.1031408477495,5159269.156086772,104,192,0104_0192
274,2008-07-23,2008-07-23,46.586984,8.390168,2341.0,162,,,RGI60-11.01238,-485.0909353655414,5159268.82297094,104,192,0104_0192
274,2008-07-23,2008-07-23,46.586981,8.390129,2341.0,162,,,RGI60-11.01238,-488.07873021285803,5159268.489856587,104,192,0104_0192
274,2008-07-23,2008-07-23,46.586977,8.39009,2341.0,162,,,RGI60-11.01238,-491.0665344201188,5159268.0456253905,104,192,0104_0192
274,2008-07-23,2008-07-23,46.586973,8.390051,2342.0,162,,,RGI60-11.01238,-494.05433906715444,5159267.601395675,104,192,0104_0192
274,2008-07-23,2008-07-23,46.586969,8.390012,2342.0,162,,,RGI60-11.01238,-497.04214415347815,5159267.157167437,104,192,0104_0192
274,2008-07-23,2008-07-23,46.586965,8.389974,2342.0,162,,,RGI60-11.01238,-499.9533402188825,5159266.712934336,104,192,0104_0192
274,2008-07-23,2008-07-23,46.586961,8.389935,2342.0,163,,,RGI60-11.01238,-502.94114617875545,5159266.268709016,103,192,0103_0192
274,2008-07-23,2008-07-23,46.586956,8.389897,2342.0,163,,,RGI60-11.01238,-505.85235240863267,5159265.713360441,103,192,0103_0192
274,2008-07-23,2008-07-23,46.586951,8.389858,2342.0,164,,,RGI60-11.01238,-508.84016865413304,5159265.158019722,103,192,0103_0192
274,2008-07-23,2008-07-23,46.586946,8.38982,2342.0,165,,,RGI60-11.01238,-511.75137596158913,5159264.602673992,103,192,0103_0192
274,2008-07-23,2008-07-23,46.58694,8.389782,2342.0,165,,,RGI60-11.01238,-514.6625932688207,5159263.9362113485,103,192,0103_0192
274,2008-07-23,2008-07-23,46.586934,8.389743,2342.0,165,,,RGI60-11.01238,-517.6504207226907,5159263.26975667,103,192,0103_0192
274,2008-07-23,2008-07-23,46.586929,8.389705,2343.0,165,,,RGI60-11.01238,-520.5616297503645,5159262.714415185,103,192,0103_0192
274,2008-07-23,2008-07-23,46.586923,8.389667,2343.0,164,,,RGI60-11.01238,-523.4728489395785,5159262.047956789,103,192,0103_0192
274,2008-07-23,2008-07-23,46.586917,8.389629,2343.0,164,,,RGI60-11.01238,-526.3840687713096,5159261.381499795,103,192,0103_0192
274,2008-07-23,2008-07-23,46.586911,8.389591,2343.0,164,,,RGI60-11.01238,-529.2952892453134,5159260.715044204,103,192,0103_0192
274,2008-07-23,2008-07-23,46.586905,8.389552,2343.0,164,,,RGI60-11.01238,-532.2831199069302,5159260.048596766,103,192,0103_0192
274,2008-07-23,2008-07-23,46.586899,8.389514,2343.0,164,,,RGI60-11.01238,-535.1943416741755,5159259.382144018,103,192,0103_0192
274,2008-07-23,2008-07-23,46.586894,8.389476,2343.0,164,,,RGI60-11.01238,-538.1055541885264,5159258.826810989,103,192,0103_0192
274,2008-07-23,2008-07-23,46.586888,8.389438,2343.0,164,,,RGI60-11.01238,-541.0167771870265,5159258.160361049,103,192,0103_0192
274,2008-07-23,2008-07-23,46.586882,8.389399,2343.0,164,,,RGI60-11.01238,-544.0046104056618,5159257.493919408,103,192,0103_0192
274,2008-07-23,2008-07-23,46.586877,8.389361,2343.0,163,,,RGI60-11.01238,-546.9158246399826,5159256.938590623,103,192,0103_0192
274,2008-07-23,2008-07-23,46.586871,8.389323,2343.0,163,,,RGI60-11.01238,-549.8270495207047,5159256.27214493,103,192,0103_0192
274,2008-07-23,2008-07-23,46.586866,8.389284,2344.0,163,,,RGI60-11.01238,-552.8148744793715,5159255.716825962,103,192,0103_0192
274,2008-07-23,2008-07-23,46.586861,8.389246,2344.0,163,,,RGI60-11.01238,-555.7260903802492,5159255.161501424,103,192,0103_0192
274,2008-07-23,2008-07-23,46.586856,8.389207,2344.0,163,,,RGI60-11.01238,-558.7139164306992,5159254.606185376,103,192,0103_0192
274,2008-07-23,2008-07-23,46.58685,8.389169,2344.0,163,,,RGI60-11.01238,-561.6251437371773,5159253.9397453675,103,192,0103_0192
274,2008-07-23,2008-07-23,46.586845,8.389131,2344.0,162,,,RGI60-11.01238,-564.5363613047318,5159253.384425076,103,192,0103_0192
274,2008-07-23,2008-07-23,46.58684,8.389092,2344.0,162,,,RGI60-11.01238,-567.5241890442769,5159252.829113384,103,192,0103_0192
274,2008-07-23,2008-07-23,46.586835,8.389054,2344.0,162,,,RGI60-11.01238,-570.4354076895268,5159252.273795936,102,192,0102_0192
274,2008-07-23,2008-07-23,46.586831,8.389015,2344.0,162,,,RGI60-11.01238,-573.4232259758762,5159251.829605475,102,192,0102_0192
274,2008-07-23,2008-07-23,46.586826,8.388977,2344.0,162,,,RGI60-11.01238,-576.334445645287,5159251.27429087,102,192,0102_0192
274,2008-07-23,2008-07-23,46.586821,8.388938,2345.0,161,,,RGI60-11.01238,-579.3222755135754,5159250.718985013,102,192,0102_0192
274,2008-07-23,2008-07-23,46.586816,8.3889,2345.0,161,,,RGI60-11.01238,-582.2334962605585,5159250.163673251,102,192,0102_0192
274,2008-07-23,2008-07-23,46.586811,8.388861,2345.0,161,,,RGI60-11.01238,-585.2213272205059,5159249.608370311,102,192,0102_0192
274,2008-07-23,2008-07-23,46.586806,8.388822,2345.0,161,,,RGI60-11.01238,-588.2091587298656,5159249.05306885,102,192,0102_0192
274,2008-07-23,2008-07-23,46.586802,8.388784,2345.0,161,,,RGI60-11.01238,-591.1203702267495,5159248.608879684,102,192,0102_0192
274,2008-07-23,2008-07-23,46.586797,8.388746,2345.0,161,,,RGI60-11.01238,-594.0315930755856,5159248.053573608,102,192,0102_0192
274,2008-07-23,2008-07-23,46.586792,8.388707,2345.0,161,,,RGI60-11.01238,-597.0194261641514,5159247.498276505,102,193,0102_0193
274,2008-07-23,2008-07-23,46.586787,8.388669,2345.0,161,,,RGI60-11.01238,-599.9306500906799,5159246.942973271,102,193,0102_0193
274,2008-07-23,2008-07-23,46.586782,8.38863,2345.0,161,,,RGI60-11.01238,-602.9184842711467,5159246.387679085,102,193,0102_0193
274,2008-07-23,2008-07-23,46.586777,8.388592,2345.0,160,,,RGI60-11.01238,-605.8297092753673,5159245.832378695,102,193,0102_0193
274,2008-07-23,2008-07-23,46.586772,8.388553,2345.0,160,,,RGI60-11.01238,-608.817544547491,5159245.277087427,102,193,0102_0193
274,2008-07-23,2008-07-23,46.586766,8.388515,2345.0,160,,,RGI60-11.01238,-611.7287818787679,5159244.610671566,102,193,0102_0193
274,2008-07-23,2008-07-23,46.586761,8.388477,2345.0,159,,,RGI60-11.01238,-614.6400085495366,5159244.055375423,102,193,0102_0193
274,2008-07-23,2008-07-23,46.586756,8.388438,2345.0,159,,,RGI60-11.01238,-617.6278455107478,5159243.500088512,102,193,0102_0193
274,2008-07-23,2008-07-23,46.58675,8.3884,2345.0,159,,,RGI60-11.01238,-620.539084670459,5159242.833676899,102,193,0102_0193
274,2008-07-23,2008-07-23,46.586744,8.388362,2345.0,159,,,RGI60-11.01238,-623.4503244726812,5159242.167266688,102,193,0102_0193
274,2008-07-23,2008-07-23,46.586738,8.388323,2345.0,159,,,RGI60-11.01238,-626.4381746976476,5159241.5008658245,102,193,0102_0193
274,2008-07-23,2008-07-23,46.586732,8.388285,2345.0,158,,,RGI60-11.01238,-629.3494157931015,5159240.834458458,102,193,0102_0193
274,2008-07-23,2008-07-23,46.586726,8.388247,2345.0,158,,,RGI60-11.01238,-632.2606575308222,5159240.1680524945,102,193,0102_0193
274,2008-07-23,2008-07-23,46.58672,8.388209,2345.0,158,,,RGI60-11.01238,-635.1718999110541,5159239.501647934,101,193,0101_0193
274,2008-07-23,2008-07-23,46.586714,8.388171,2345.0,157,,,RGI60-11.01238,-638.0831429335528,5159238.835244779,101,193,0101_0193
274,2008-07-23,2008-07-23,46.586708,8.388133,2345.0,156,,,RGI60-11.01238,-640.9943865985622,5159238.168843024,101,193,0101_0193
274,2008-07-23,2008-07-23,46.586701,8.388095,2345.0,156,,,RGI60-11.01238,-643.9056427467632,5159237.391324362,101,193,0101_0193
274,2008-07-23,2008-07-23,46.586695,8.388057,2345.0,155,,,RGI60-11.01238,-646.8168877500823,5159236.7249254165,101,193,0101_0193
274,2008-07-23,2008-07-23,46.586689,8.388019,2345.0,154,,,RGI60-11.01238,-649.7281333956677,5159236.058527873,101,193,0101_0193
274,2008-07-23,2008-07-23,46.586683,8.38798,2345.0,153,,,RGI60-11.01238,-652.7159895415974,5159235.392140008,101,193,0101_0193
274,2008-07-23,2008-07-23,46.586677,8.387942,2345.0,153,,,RGI60-11.01238,-655.627236480411,5159234.725745308,101,193,0101_0193
274,2008-07-23,2008-07-23,46.586671,8.387904,2345.0,152,,,RGI60-11.01238,-658.5384840617344,5159234.05935201,101,193,0101_0193
274,2008-07-23,2008-07-23,46.586665,8.387866,2345.0,152,,,RGI60-11.01238,-661.4497322853231,5159233.392960116,101,193,0101_0193
274,2008-07-23,2008-07-23,46.586659,8.387828,2345.0,152,,,RGI60-11.01238,-664.3609811514212,5159232.726569625,101,193,0101_0193
274,2008-07-23,2008-07-23,46.586653,8.387789,2345.0,151,,,RGI60-11.01238,-667.3488405601244,5159232.0601889985,101,193,0101_0193
274,2008-07-23,2008-07-23,46.586648,8.387751,2345.0,151,,,RGI60-11.01238,-670.2600783937875,5159231.504919661,101,193,0101_0193
274,2008-07-23,2008-07-23,46.586642,8.387713,2345.0,150,,,RGI60-11.01238,-673.1713291419657,5159230.838533416,101,193,0101_0193
274,2008-07-23,2008-07-23,46.586636,8.387675,2345.0,150,,,RGI60-11.01238,-676.0825805324089,5159230.172148577,101,193,0101_0193
274,2008-07-23,2008-07-23,46.58663,8.387637,2345.0,150,,,RGI60-11.01238,-678.9938325653605,5159229.505765139,101,193,0101_0193
274,2008-07-23,2008-07-23,46.586625,8.387598,2345.0,150,,,RGI60-11.01238,-681.9816826404455,5159228.950510062,101,193,0101_0193
274,2008-07-23,2008-07-23,46.586619,8.38756,2346.0,149,,,RGI60-11.01238,-684.8929359130891,5159228.284129467,101,193,0101_0193
274,2008-07-23,2008-07-23,46.586613,8.387522,2346.0,149,,,RGI60-11.01238,-687.8041898279964,5159227.617750276,101,193,0101_0193
274,2008-07-23,2008-07-23,46.586607,8.387484,2345.0,148,,,RGI60-11.01238,-690.715444385412,5159226.951372488,101,193,0101_0193
274,2008-07-23,2008-07-23,46.586601,8.387445,2346.0,148,,,RGI60-11.01238,-693.7033095585626,5159226.285004899,101,193,0101_0193
274,2008-07-23,2008-07-23,46.586596,8.387407,2346.0,148,,,RGI60-11.01238,-696.6145525990479,5159225.729748264,101,193,0101_0193
274,2008-07-23,2008-07-23,46.58659,8.387369,2345.0,147,,,RGI60-11.01238,-699.5258090384176,5159225.063374722,101,193,0101_0193
274,2008-07-23,2008-07-23,46.586584,8.387331,2346.0,147,,,RGI60-11.01238,-702.4370661202943,5159224.397002585,100,193,0100_0193
274,2008-07-23,2008-07-23,46.586578,8.387293,2345.0,147,,,RGI60-11.01238,-705.3483238444339,5159223.73063185,100,193,0100_0193
274,2008-07-23,2008-07-23,46.586572,8.387254,2345.0,147,,,RGI60-11.01238,-708.3361922252831,5159223.064271498,100,193,0100_0193
274,2008-07-23,2008-07-23,46.586566,8.387216,2345.0,147,,,RGI60-11.01238,-711.2474512426448,5159222.397903607,100,193,0100_0193
274,2008-07-23,2008-07-23,46.58656,8.387178,2345.0,146,,,RGI60-11.01238,-714.1587109025128,5159221.731537118,100,193,0100_0193
274,2008-07-23,2008-07-23,46.586555,8.387139,2345.0,146,,,RGI60-11.01238,-717.1465680567453,5159221.176299433,100,193,0100_0193
274,2008-07-23,2008-07-23,46.586549,8.387101,2345.0,147,,,RGI60-11.01238,-720.0578289561798,5159220.50993579,100,193,0100_0193
274,2008-07-23,2008-07-23,46.586544,8.387063,2345.0,146,,,RGI60-11.01238,-722.9690772033533,5159219.954691857,100,193,0100_0193
274,2008-07-23,2008-07-23,46.586539,8.387024,2345.0,146,,,RGI60-11.01238,-725.9569360464129,5159219.399458529,100,193,0100_0193
274,2008-07-23,2008-07-23,46.586534,8.386986,2345.0,146,,,RGI60-11.01238,-728.8681853712661,5159218.844217438,100,193,0100_0193
274,2008-07-23,2008-07-23,46.58653,8.386947,2345.0,146,,,RGI60-11.01238,-731.8560318480306,5159218.400105338,100,193,0100_0193
274,2008-07-23,2008-07-23,46.586525,8.386909,2345.0,146,,,RGI60-11.01238,-734.7672821970301,5159217.84486709,100,193,0100_0193
274,2008-07-23,2008-07-23,46.586521,8.38687,2345.0,145,,,RGI60-11.01238,-737.755129602022,5159217.400757906,100,193,0100_0193
274,2008-07-23,2008-07-23,46.586518,8.386831,2345.0,145,,,RGI60-11.01238,-740.742963825056,5159217.067768507,100,193,0100_0193
274,2008-07-23,2008-07-23,46.586514,8.386792,2345.0,145,,,RGI60-11.01238,-743.730812054391,5159216.623662279,100,193,0100_0193
274,2008-07-23,2008-07-23,46.586511,8.386754,2345.0,144,,,RGI60-11.01238,-746.6420368913855,5159216.290666369,100,193,0100_0193
274,2008-07-23,2008-07-23,46.586508,8.386715,2345.0,145,,,RGI60-11.01238,-749.6298721540452,5159215.957681364,100,193,0100_0193
274,2008-07-23,2008-07-23,46.586506,8.386676,2345.0,145,,,RGI60-11.01238,-752.6176939063809,5159215.735816145,100,193,0100_0193
274,2008-07-23,2008-07-23,46.586504,8.386637,2345.0,145,,,RGI60-11.01238,-755.6055158784682,5159215.513952403,100,193,0100_0193
274,2008-07-23,2008-07-23,46.586502,8.386598,2345.0,145,,,RGI60-11.01238,-758.593338070429,5159215.292090139,100,193,0100_0193
274,2008-07-23,2008-07-23,46.5865,8.386558,2345.0,145,,,RGI60-11.01238,-761.6577705975245,5159215.07023901,100,193,0100_0193
274,2008-07-23,2008-07-23,46.5865,8.386519,2345.0,144,,,RGI60-11.01238,-764.6455651095272,5159215.070616352,100,193,0100_0193
274,2008-07-23,2008-07-23,46.586499,8.38648,2345.0,144,,,RGI60-11.01238,-767.633373737349,5159214.959876866,99,193,0099_0193
274,2008-07-23,2008-07-23,46.586498,8.386441,2345.0,143,,,RGI60-11.01238,-770.621182475281,5159214.849138854,99,193,0099_0193
274,2008-07-23,2008-07-23,46.586498,8.386402,2345.0,142,,,RGI60-11.01238,-773.6089770969901,5159214.84952063,99,193,0099_0193
274,2008-07-23,2008-07-23,46.586498,8.386363,2345.0,142,,,RGI60-11.01238,-776.5967717186795,5159214.849903882,99,193,0099_0193
274,2008-07-23,2008-07-23,46.586499,8.386324,2345.0,142,,,RGI60-11.01238,-779.5845520044969,5159214.96140692,99,193,0099_0193
274,2008-07-23,2008-07-23,46.586499,8.386285,2345.0,142,,,RGI60-11.01238,-782.5723465710832,5159214.9617931275,99,193,0099_0193
274,2008-07-23,2008-07-23,46.586499,8.386245,2345.0,142,,,RGI60-11.01238,-785.6367512549256,5159214.9621907715,99,193,0099_0193
274,2008-07-23,2008-07-23,46.5865,8.386206,2345.0,140,,,RGI60-11.01238,-788.6245313196251,5159215.0736982785,99,193,0099_0193
274,2008-07-23,2008-07-23,46.5865,8.386167,2345.0,136,,,RGI60-11.01238,-791.6123258312093,5159215.074088955,99,193,0099_0193
274,2008-07-23,2008-07-23,46.586501,8.386128,2345.0,132,,,RGI60-11.01238,-794.6001057310413,5159215.185599416,99,193,0099_0193
274,2008-07-23,2008-07-23,46.586502,8.386089,2345.0,130,,,RGI60-11.01238,-797.587885520845,5159215.297111355,99,193,0099_0193
274,2008-07-23,2008-07-23,46.586502,8.38605,2345.0,128,,,RGI60-11.01238,-800.5756799226058,5159215.297506463,99,193,0099_0193
274,2008-07-23,2008-07-23,46.586503,8.386011,2345.0,127,,,RGI60-11.01238,-803.5634595475412,5159215.409021357,99,193,0099_0193
274,2008-07-23,2008-07-23,46.586503,8.385971,2345.0,126,,,RGI60-11.01238,-806.6278640057124,5159215.409429647,99,193,0099_0193
274,2008-07-23,2008-07-23,46.586504,8.385932,2345.0,123,,,RGI60-11.01238,-809.6156434643694,5159215.520947532,99,193,0099_0193
274,2008-07-23,2008-07-23,46.586504,8.385893,2345.0,120,,,RGI60-11.01238,-812.6034377562856,5159215.521348589,99,193,0099_0193
274,2008-07-23,2008-07-23,46.586504,8.385854,2345.0,117,,,RGI60-11.01238,-815.5912320479379,5159215.521751122,99,193,0099_0193
274,2008-07-23,2008-07-23,46.586504,8.385815,2345.0,114,,,RGI60-11.01238,-818.579026339813,5159215.522155132,99,193,0099_0193
274,2008-07-23,2008-07-23,46.586503,8.385776,2345.0,112,,,RGI60-11.01238,-821.5668357392963,5159215.411442313,99,193,0099_0193
274,2008-07-23,2008-07-23,46.586503,8.385737,2345.0,110,,,RGI60-11.01238,-824.5546300859519,5159215.411849279,99,193,0099_0193
274,2008-07-23,2008-07-23,46.586502,8.385698,2345.0,109,,,RGI60-11.01238,-827.5424396504658,5159215.301139414,99,193,0099_0193
274,2008-07-23,2008-07-23,46.586501,8.385658,2345.0,108,,,RGI60-11.01238,-830.6068594389291,5159215.190441556,99,193,0099_0193
274,2008-07-23,2008-07-23,46.5865,8.385619,2345.0,107,,,RGI60-11.01238,-833.5946692244584,5159215.079734685,98,193,0098_0193
274,2008-07-23,2008-07-23,46.586499,8.38558,2344.0,106,,,RGI60-11.01238,-836.5824791199748,5159214.96902929,98,193,0098_0193
274,2008-07-23,2008-07-23,46.586497,8.385541,2344.0,105,,,RGI60-11.01238,-839.5703045640477,5159214.747207065,98,193,0098_0193
274,2008-07-23,2008-07-23,46.586495,8.385502,2344.0,104,,,RGI60-11.01238,-842.5581302279917,5159214.525386318,98,193,0098_0193
274,2008-07-23,2008-07-23,46.586493,8.385463,2344.0,102,,,RGI60-11.01238,-845.5459561116853,5159214.303567047,98,193,0098_0193
274,2008-07-23,2008-07-23,46.586491,8.385424,2344.0,101,,,RGI60-11.01238,-848.533782215128,5159214.081749256,98,193,0098_0193
274,2008-07-23,2008-07-23,46.586489,8.385385,2344.0,99,,,RGI60-11.01238,-851.5216085384412,5159213.85993294,98,193,0098_0193
274,2008-07-23,2008-07-23,46.586487,8.385346,2344.0,98,,,RGI60-11.01238,-854.5094350812601,5159213.638118103,98,193,0098_0193
274,2008-07-23,2008-07-23,46.586485,8.385307,2343.0,96,,,RGI60-11.01238,-857.4972618440715,5159213.416304743,98,193,0098_0193
274,2008-07-23,2008-07-23,46.586482,8.385268,2343.0,94,,,RGI60-11.01238,-860.4851046499201,5159213.083374552,98,193,0098_0193
274,2008-07-23,2008-07-23,46.58648,8.385229,2343.0,91,,,RGI60-11.01238,-863.4729319070497,5159212.861564148,98,193,0098_0193
274,2008-07-23,2008-07-23,46.586478,8.38519,2343.0,89,,,RGI60-11.01238,-866.4607593840492,5159212.639755219,98,193,0098_0193
274,2008-07-23,2008-07-23,46.586475,8.385151,2343.0,88,,,RGI60-11.01238,-869.4486030689126,5159212.306829463,98,193,0098_0193
274,2008-07-23,2008-07-23,46.586474,8.385112,2342.0,85,,,RGI60-11.01238,-872.4364149970513,5159212.196141797,98,193,0098_0193
274,2008-07-23,2008-07-23,46.586472,8.385073,2342.0,83,,,RGI60-11.01238,-875.4242431330532,5159211.974337301,98,193,0098_0193
274,2008-07-23,2008-07-23,46.58647,8.385034,2342.0,81,,,RGI60-11.01238,-878.412071489047,5159211.752534281,98,193,0098_0193
274,2008-07-23,2008-07-23,46.586469,8.384995,2341.0,79,,,RGI60-11.01238,-881.3998838565395,5159211.641851048,98,193,0098_0193
274,2008-07-23,2008-07-23,46.586468,8.384956,2341.0,78,,,RGI60-11.01238,-884.3876963337736,5159211.5311692925,98,193,0098_0193
274,2008-07-23,2008-07-23,46.586467,8.384917,2341.0,76,,,RGI60-11.01238,-887.3755089211146,5159211.420489012,98,193,0098_0193
274,2008-07-23,2008-07-23,46.586467,8.384877,2341.0,75,,,RGI60-11.01238,-890.4399154073357,5159211.420939804,98,193,0098_0193
274,2008-07-23,2008-07-23,46.586467,8.384838,2340.0,74,,,RGI60-11.01238,-893.4277117314399,5159211.421380824,98,193,0098_0193
274,2008-07-23,2008-07-23,46.586467,8.384799,2340.0,72,,,RGI60-11.01238,-896.4155080556435,5159211.421823321,98,193,0098_0193
274,2008-07-23,2008-07-23,46.586468,8.38476,2340.0,70,,,RGI60-11.01238,-899.403287840388,5159211.533385603,97,193,0097_0193
274,2008-07-23,2008-07-23,46.586469,8.384721,2340.0,67,,,RGI60-11.01238,-902.3910675153459,5159211.64494936,97,193,0097_0193
274,2008-07-23,2008-07-23,46.58647,8.384682,2340.0,62,,,RGI60-11.01238,-905.3788470803956,5159211.756514594,97,193,0097_0193
274,2008-07-23,2008-07-23,46.586472,8.384643,2340.0,58,,,RGI60-11.01238,-908.3666098315141,5159211.979199615,97,193,0097_0193
274,2008-07-23,2008-07-23,46.586474,8.384604,2340.0,55,,,RGI60-11.01238,-911.3543723629593,5159212.201886113,97,193,0097_0193
274,2008-07-23,2008-07-23,46.586476,8.384565,2339.0,52,,,RGI60-11.01238,-914.3421346743659,5159212.4245740855,97,193,0097_0193
274,2008-07-23,2008-07-23,46.586479,8.384526,2339.0,49,,,RGI60-11.01238,-917.3298798973682,5159212.7583818445,97,193,0097_0193
274,2008-07-23,2008-07-23,46.586482,8.384487,2339.0,47,,,RGI60-11.01238,-920.3176247904445,5159213.09219108,97,193,0097_0193
274,2008-07-23,2008-07-23,46.586485,8.384448,2339.0,43,,,RGI60-11.01238,-923.3053693539598,5159213.426001794,97,193,0097_0193
274,2008-07-23,2008-07-23,46.586489,8.384409,2339.0,40,,,RGI60-11.01238,-926.2930965542308,5159213.870932291,97,193,0097_0193
274,2008-07-23,2008-07-23,46.58649,8.38439,2339.0,37,,,RGI60-11.01238,-927.7486719856585,5159213.982273907,97,193,0097_0193
274,2008-07-23,2008-07-23,46.588167,8.383279,2368.0,45,,,RGI60-11.01238,-1012.8312905271993,5159400.341369506,96,190,0096_0190
274,2008-07-23,2008-07-23,46.588171,8.383318,2369.0,46,,,RGI60-11.01238,-1009.8435133233581,5159400.785342793,96,190,0096_0190
274,2008-07-23,2008-07-23,46.588175,8.383356,2370.0,48,,,RGI60-11.01238,-1006.9323443149871,5159401.229330323,96,190,0096_0190
274,2008-07-23,2008-07-23,46.58818,8.383395,2370.0,50,,,RGI60-11.01238,-1003.9445495217204,5159401.784424866,96,190,0096_0190
274,2008-07-23,2008-07-23,46.588185,8.383433,2371.0,52,,,RGI60-11.01238,-1001.0333630198453,5159402.339533578,96,190,0096_0190
274,2008-07-23,2008-07-23,46.588191,8.383471,2371.0,54,,,RGI60-11.01238,-998.1221586975206,5159403.005762033,96,190,0096_0190
274,2008-07-23,2008-07-23,46.588196,8.38351,2372.0,55,,,RGI60-11.01238,-995.1343655935871,5159403.560860936,96,190,0096_0190
274,2008-07-23,2008-07-23,46.588203,8.383548,2372.0,58,,,RGI60-11.01238,-992.2231442637906,5159404.338210574,96,190,0096_0190
274,2008-07-23,2008-07-23,46.588209,8.383586,2373.0,60,,,RGI60-11.01238,-989.3119418772172,5159405.004443277,96,190,0096_0190
274,2008-07-23,2008-07-23,46.588216,8.383624,2374.0,62,,,RGI60-11.01238,-986.4007219928067,5159405.781795722,96,190,0096_0190
274,2008-07-23,2008-07-23,46.588223,8.383662,2374.0,64,,,RGI60-11.01238,-983.4895028579778,5159406.559149572,96,190,0096_0190
274,2008-07-23,2008-07-23,46.58823,8.383699,2375.0,66,,,RGI60-11.01238,-980.6548921508302,5159407.336517258,96,190,0096_0190
274,2008-07-23,2008-07-23,46.588237,8.383737,2376.0,68,,,RGI60-11.01238,-977.7436745050608,5159408.113873878,96,190,0096_0190
274,2008-07-23,2008-07-23,46.588245,8.383774,2376.0,71,,,RGI60-11.01238,-974.9090473384585,5159409.002362603,96,190,0096_0190
274,2008-07-23,2008-07-23,46.588253,8.383812,2377.0,73,,,RGI60-11.01238,-971.997813360024,5159409.890840334,96,190,0096_0190
274,2008-07-23,2008-07-23,46.588261,8.383849,2378.0,76,,,RGI60-11.01238,-969.163187872789,5159410.779331758,96,190,0096_0190
274,2008-07-23,2008-07-23,46.588269,8.383887,2379.0,79,,,RGI60-11.01238,-966.2519555961397,5159411.667812259,96,190,0096_0190
274,2008-07-23,2008-07-23,46.588277,8.383924,2380.0,83,,,RGI60-11.01238,-963.4173317880291,5159412.55630638,97,190,0097_0190
274,2008-07-23,2008-07-23,46.588286,8.383961,2380.0,86,,,RGI60-11.01238,-960.5826911487974,5159413.5559201725,97,190,0097_0190
274,2008-07-23,2008-07-23,46.588294,8.383998,2381.0,90,,,RGI60-11.01238,-957.7480690609092,5159414.444416954,97,190,0097_0190
274,2008-07-23,2008-07-23,46.588303,8.384035,2381.0,93,,,RGI60-11.01238,-954.9134302457842,5159415.44403341,97,190,0097_0190
274,2008-07-23,2008-07-23,46.588313,8.384072,2381.0,96,,,RGI60-11.01238,-952.0787748601615,5159416.554769539,97,190,0097_0190
274,2008-07-23,2008-07-23,46.588322,8.384108,2382.0,99,,,RGI60-11.01238,-949.3207455224955,5159417.554400694,97,190,0097_0190
274,2008-07-23,2008-07-23,46.588332,8.384145,2382.0,101,,,RGI60-11.01238,-946.4860921555111,5159418.665139452,97,190,0097_0190
274,2008-07-23,2008-07-23,46.588343,8.384181,2383.0,103,,,RGI60-11.01238,-943.7280299962715,5159419.887009847,97,190,0097_0190
274,2008-07-23,2008-07-23,46.588353,8.384217,2383.0,106,,,RGI60-11.01238,-940.9699862573619,5159420.99776316,97,190,0097_0190
274,2008-07-23,2008-07-23,46.588364,8.384253,2384.0,107,,,RGI60-11.01238,-938.2119262788907,5159422.219636079,97,190,0097_0190
274,2008-07-23,2008-07-23,46.588375,8.384288,2384.0,108,,,RGI60-11.01238,-935.5304748902327,5159423.4415221205,97,190,0097_0190
274,2008-07-23,2008-07-23,46.588387,8.384324,2385.0,109,,,RGI60-11.01238,-932.7723999737746,5159424.774515869,97,190,0097_0190
274,2008-07-23,2008-07-23,46.588398,8.384359,2385.0,111,,,RGI60-11.01238,-930.0909508192967,5159425.996404328,97,190,0097_0190
274,2008-07-23,2008-07-23,46.588411,8.384394,2386.0,113,,,RGI60-11.01238,-927.4094686389644,5159427.440530669,97,190,0097_0190
274,2008-07-23,2008-07-23,46.588423,8.384429,2386.0,115,,,RGI60-11.01238,-924.7280047466636,5159428.773539857,97,190,0097_0190
274,2008-07-23,2008-07-23,46.588435,8.384463,2386.0,116,,,RGI60-11.01238,-922.1231494273912,5159430.106561928,97,190,0097_0190
274,2008-07-23,2008-07-23,46.588448,8.384498,2386.0,118,,,RGI60-11.01238,-919.4416709759339,5159431.550691813,97,190,0097_0190
274,2008-07-23,2008-07-23,46.588461,8.384533,2387.0,120,,,RGI60-11.01238,-916.7601938066948,5159432.994822892,97,190,0097_0190
274,2008-07-23,2008-07-23,46.588474,8.384567,2387.0,122,,,RGI60-11.01238,-914.1553252539113,5159434.438966753,97,190,0097_0190
274,2008-07-23,2008-07-23,46.588486,8.384602,2387.0,125,,,RGI60-11.01238,-911.4738673926563,5159435.771981837,97,190,0097_0190
274,2008-07-23,2008-07-23,46.588499,8.384636,2387.0,127,,,RGI60-11.01238,-908.8690013009847,5159437.216127984,97,190,0097_0190
274,2008-07-23,2008-07-23,46.588511,8.384671,2388.0,130,,,RGI60-11.01238,-906.1875458386165,5159438.54914542,97,190,0097_0190
274,2008-07-23,2008-07-23,46.588523,8.384706,2389.0,134,,,RGI60-11.01238,-903.5060915598575,5159439.882164049,97,190,0097_0190
274,2008-07-23,2008-07-23,46.588535,8.384741,2389.0,137,,,RGI60-11.01238,-900.8246384643427,5159441.21518387,97,190,0097_0190
274,2008-07-23,2008-07-23,46.588547,8.384777,2390.0,139,,,RGI60-11.01238,-898.0665793204353,5159442.548193497,98,190,0098_0190
274,2008-07-23,2008-07-23,46.588558,8.384812,2391.0,140,,,RGI60-11.01238,-895.3851450749481,5159443.770097391,98,190,0098_0190
274,2008-07-23,2008-07-23,46.588569,8.384848,2391.0,140,,,RGI60-11.01238,-892.6271047135717,5159444.991991158,98,190,0098_0190
274,2008-07-23,2008-07-23,46.58858,8.384883,2391.0,141,,,RGI60-11.01238,-889.9456726532129,5159446.2138974685,98,189,0098_0189
274,2008-07-23,2008-07-23,46.58859,8.38492,2391.0,141,,,RGI60-11.01238,-887.1110436523081,5159447.324664129,98,189,0098_0189
274,2008-07-23,2008-07-23,46.5886,8.384956,2392.0,142,,,RGI60-11.01238,-884.3530228509909,5159448.4354433315,98,189,0098_0189
274,2008-07-23,2008-07-23,46.58861,8.384993,2392.0,142,,,RGI60-11.01238,-881.5183959211088,5159449.546212616,98,189,0098_0189
274,2008-07-23,2008-07-23,46.58862,8.385029,2392.0,143,,,RGI60-11.01238,-878.760377162517,5159450.656994375,98,189,0098_0189
274,2008-07-23,2008-07-23,46.588629,8.385066,2392.0,143,,,RGI60-11.01238,-875.9257684121001,5159451.656647941,98,189,0098_0189
274,2008-07-23,2008-07-23,46.588638,8.385103,2392.0,144,,,RGI60-11.01238,-873.0911605998076,5159452.656302838,98,189,0098_0189
274,2008-07-23,2008-07-23,46.588647,8.38514,2392.0,144,,,RGI60-11.01238,-870.2565537260056,5159453.655959064,98,189,0098_0189
274,2008-07-23,2008-07-23,46.588656,8.385177,2392.0,145,,,RGI60-11.01238,-867.421947790329,5159454.655616622,98,189,0098_0189
274,2008-07-23,2008-07-23,46.588665,8.385214,2392.0,146,,,RGI60-11.01238,-864.5873427928991,5159455.6552755125,98,189,0098_0189
274,2008-07-23,2008-07-23,46.588673,8.385251,2392.0,147,,,RGI60-11.01238,-861.7527545817779,5159456.543817384,98,189,0098_0189
274,2008-07-23,2008-07-23,46.588682,8.385288,2392.0,148,,,RGI60-11.01238,-858.9181514088405,5159457.543478937,98,189,0098_0189
274,2008-07-23,2008-07-23,46.588691,8.385325,2392.0,149,,,RGI60-11.01238,-856.0835491739077,5159458.5431418205,98,189,0098_0189
274,2008-07-23,2008-07-23,46.5887,8.385361,2392.0,150,,,RGI60-11.01238,-853.3255548936818,5159459.542816854,98,189,0098_0189
274,2008-07-23,2008-07-23,46.58871,8.385398,2392.0,151,,,RGI60-11.01238,-850.4909388815969,5159460.653600714,98,189,0098_0189
274,2008-07-23,2008-07-23,46.58872,8.385435,2392.0,152,,,RGI60-11.01238,-847.6563239122535,5159461.764385908,98,189,0098_0189
274,2008-07-23,2008-07-23,46.58873,8.385471,2392.0,153,,,RGI60-11.01238,-844.8983169592385,5159462.875183144,98,189,0098_0189
274,2008-07-23,2008-07-23,46.58874,8.385507,2392.0,155,,,RGI60-11.01238,-842.1403110205465,5159463.98598164,98,189,0098_0189
274,2008-07-23,2008-07-23,46.588751,8.385543,2392.0,156,,,RGI60-11.01238,-839.3822906596005,5159465.207899748,98,189,0098_0189
274,2008-07-23,2008-07-23,46.588762,8.385578,2392.0,157,,,RGI60-11.01238,-836.7008783432798,5159466.429829726,98,189,0098_0189
274,2008-07-23,2008-07-23,46.588774,8.385614,2392.0,158,,,RGI60-11.01238,-833.9428448615496,5159467.762868673,98,189,0098_0189
274,2008-07-23,2008-07-23,46.588786,8.385649,2392.0,159,,,RGI60-11.01238,-831.2614194921861,5159469.09591942,99,189,0099_0189
274,2008-07-23,2008-07-23,46.588798,8.385683,2392.0,160,,,RGI60-11.01238,-828.6566021844731,5159470.428981867,99,189,0099_0189
274,2008-07-23,2008-07-23,46.588811,8.385718,2392.0,161,,,RGI60-11.01238,-825.97516397479,5159471.873153319,99,189,0099_0189
274,2008-07-23,2008-07-23,46.588824,8.385752,2392.0,162,,,RGI60-11.01238,-823.3703338887412,5159473.317336401,99,189,0099_0189
274,2008-07-23,2008-07-23,46.588838,8.385786,2392.0,163,,,RGI60-11.01238,-820.7654899536824,5159474.872638964,99,189,0099_0189
274,2008-07-23,2008-07-23,46.588851,8.38582,2392.0,164,,,RGI60-11.01238,-818.1606624060104,5159476.3168243,99,189,0099_0189
274,2008-07-23,2008-07-23,46.588865,8.385853,2391.0,164,,,RGI60-11.01238,-815.6324278892511,5159477.872139456,99,189,0099_0189
274,2008-07-23,2008-07-23,46.58888,8.385886,2391.0,164,,,RGI60-11.01238,-813.1041797205824,5159479.538574028,99,189,0099_0189
274,2008-07-23,2008-07-23,46.588894,8.385919,2391.0,165,,,RGI60-11.01238,-810.5759478536103,5159481.093891308,99,189,0099_0189
274,2008-07-23,2008-07-23,46.588909,8.385952,2391.0,166,,,RGI60-11.01238,-808.0477024278292,5159482.760328003,99,189,0099_0189
274,2008-07-23,2008-07-23,46.588924,8.385985,2391.0,166,,,RGI60-11.01238,-805.5194583967362,5159484.4267657595,99,189,0099_0189
274,2008-07-23,2008-07-23,46.588939,8.386017,2391.0,167,,,RGI60-11.01238,-803.0678224398425,5159486.093214762,99,189,0099_0189
274,2008-07-23,2008-07-23,46.588954,8.386049,2391.0,167,,,RGI60-11.01238,-800.6161878354958,5159487.759664761,99,189,0099_0189
274,2008-07-23,2008-07-23,46.58897,8.386082,2391.0,167,,,RGI60-11.01238,-798.0879332688218,5159489.537223997,99,189,0099_0189
274,2008-07-23,2008-07-23,46.588985,8.386114,2390.0,166,,,RGI60-11.01238,-795.6363014355392,5159491.203676026,99,189,0099_0189
274,2008-07-23,2008-07-23,46.589001,8.386146,2390.0,166,,,RGI60-11.01238,-793.1846563673342,5159492.981247411,99,189,0099_0189
274,2008-07-23,2008-07-23,46.589016,8.386178,2390.0,166,,,RGI60-11.01238,-790.7330272839846,5159494.647701438,99,189,0099_0189
274,2008-07-23,2008-07-23,46.589031,8.38621,2390.0,166,,,RGI60-11.01238,-788.2813995529408,5159496.314156465,99,189,0099_0189
274,2008-07-23,2008-07-23,46.589047,8.386242,2390.0,165,,,RGI60-11.01238,-785.8297587224596,5159498.091730848,99,189,0099_0189
274,2008-07-23,2008-07-23,46.589062,8.386275,2390.0,165,,,RGI60-11.01238,-783.3015272351282,5159499.758177942,99,189,0099_0189
274,2008-07-23,2008-07-23,46.589077,8.386307,2390.0,164,,,RGI60-11.01238,-780.8499036275841,5159501.424635998,99,189,0099_0189
274,2008-07-23,2008-07-23,46.589092,8.38634,2390.0,164,,,RGI60-11.01238,-778.3216749085101,5159503.091085182,99,189,0099_0189
274,2008-07-23,2008-07-23,46.589106,8.386373,2390.0,163,,,RGI60-11.01238,-775.7934618515743,5159504.646417071,99,189,0099_0189
274,2008-07-23,2008-07-23,46.589121,8.386405,2390.0,162,,,RGI60-11.01238,-773.341842298629,5159506.312878186,99,189,0099_0189
274,2008-07-23,2008-07-23,46.589136,8.386439,2390.0,162,,,RGI60-11.01238,-770.7370112940501,5159507.979320752,99,189,0099_0189
274,2008-07-23,2008-07-23,46.58915,8.386472,2389.0,161,,,RGI60-11.01238,-768.2088022352497,5159509.534655827,99,189,0099_0189
274,2008-07-23,2008-07-23,46.589164,8.386505,2389.0,161,,,RGI60-11.01238,-765.6805944781692,5159511.0899919635,100,189,0100_0189
274,2008-07-23,2008-07-23,46.589178,8.386538,2389.0,161,,,RGI60-11.01238,-763.1523880228098,5159512.645329161,100,188,0100_0188
274,2008-07-23,2008-07-23,46.589192,8.386572,2389.0,161,,,RGI60-11.01238,-760.5475765460936,5159514.2006577775,100,188,0100_0188
274,2008-07-23,2008-07-23,46.589206,8.386606,2388.0,160,,,RGI60-11.01238,-757.9427664104247,5159515.75598752,100,188,0100_0188
274,2008-07-23,2008-07-23,46.58922,8.386639,2388.0,159,,,RGI60-11.01238,-755.4145638996772,5159517.311327967,100,188,0100_0188
274,2008-07-23,2008-07-23,46.589233,8.386673,2388.0,159,,,RGI60-11.01238,-752.8097702715622,5159518.755541569,100,188,0100_0188
274,2008-07-23,2008-07-23,46.589246,8.386707,2388.0,157,,,RGI60-11.01238,-750.2049778887001,5159520.199756298,100,188,0100_0188
274,2008-07-23,2008-07-23,46.58926,8.386741,2388.0,156,,,RGI60-11.01238,-747.600173002192,5159521.755090513,100,188,0100_0188
274,2008-07-23,2008-07-23,46.589273,8.386775,2388.0,155,,,RGI60-11.01238,-744.9953831580998,5159523.199307494,100,188,0100_0188
274,2008-07-23,2008-07-23,46.589286,8.38681,2387.0,154,,,RGI60-11.01238,-742.3139883686134,5159524.643516189,100,188,0100_0188
274,2008-07-23,2008-07-23,46.589299,8.386844,2387.0,153,,,RGI60-11.01238,-739.7092010335882,5159526.087735456,100,188,0100_0188
274,2008-07-23,2008-07-23,46.589312,8.386878,2387.0,153,,,RGI60-11.01238,-737.1044149439393,5159527.531955848,100,188,0100_0188
274,2008-07-23,2008-07-23,46.589325,8.386912,2387.0,153,,,RGI60-11.01238,-734.4996300994243,5159528.976177366,100,188,0100_0188
274,2008-07-23,2008-07-23,46.589339,8.386946,2387.0,153,,,RGI60-11.01238,-731.8948330403072,5159530.531518374,100,188,0100_0188
274,2008-07-23,2008-07-23,46.589352,8.386981,2387.0,153,,,RGI60-11.01238,-729.2134446369018,5159531.975732899,100,188,0100_0188
274,2008-07-23,2008-07-23,46.589365,8.387015,2387.0,153,,,RGI60-11.01238,-726.6086635949777,5159533.419957828,100,188,0100_0188
274,2008-07-23,2008-07-23,46.589378,8.387049,2387.0,153,,,RGI60-11.01238,-724.0038837984321,5159534.864183885,100,188,0100_0188
274,2008-07-23,2008-07-23,46.589392,8.387083,2387.0,153,,,RGI60-11.01238,-721.399091979923,5159536.41952943,100,188,0100_0188
274,2008-07-23,2008-07-23,46.589406,8.387116,2386.0,153,,,RGI60-11.01238,-718.8709075243007,5159537.974885217,100,188,0100_0188
274,2008-07-23,2008-07-23,46.589419,8.38715,2386.0,153,,,RGI60-11.01238,-716.2661315413769,5159539.419114619,100,188,0100_0188
274,2008-07-23,2008-07-23,46.589433,8.387184,2386.0,153,,,RGI60-11.01238,-713.6613436787763,5159540.974463512,100,188,0100_0188
274,2008-07-23,2008-07-23,46.589447,8.387217,2386.0,153,,,RGI60-11.01238,-711.1331631213025,5159542.529822547,100,188,0100_0188
274,2008-07-23,2008-07-23,46.589461,8.387251,2386.0,153,,,RGI60-11.01238,-708.5283779214566,5159544.08517366,100,188,0100_0188
274,2008-07-23,2008-07-23,46.589475,8.387284,2386.0,152,,,RGI60-11.01238,-706.0001999871688,5159545.64053485,100,188,0100_0188
274,2008-07-23,2008-07-23,46.589489,8.387317,2386.0,152,,,RGI60-11.01238,-703.4720233546132,5159547.195897101,100,188,0100_0188
274,2008-07-23,2008-07-23,46.589503,8.387351,2386.0,152,,,RGI60-11.01238,-700.8672421387362,5159548.75125153,100,188,0100_0188
274,2008-07-23,2008-07-23,46.589517,8.387384,2386.0,151,,,RGI60-11.01238,-698.3390681293699,5159550.306615936,101,188,0101_0188
274,2008-07-23,2008-07-23,46.589532,8.387418,2385.0,151,,,RGI60-11.01238,-695.7342767809688,5159551.973090949,101,188,0101_0188
274,2008-07-23,2008-07-23,46.589546,8.387451,2385.0,150,,,RGI60-11.01238,-693.2061054412834,5159553.528457512,101,188,0101_0188
274,2008-07-23,2008-07-23,46.58956,8.387484,2385.0,150,,,RGI60-11.01238,-690.6779354033328,5159555.083825137,101,188,0101_0188
274,2008-07-23,2008-07-23,46.589573,8.387518,2385.0,150,,,RGI60-11.01238,-688.0731735366186,5159556.52806673,101,188,0101_0188
274,2008-07-23,2008-07-23,46.589587,8.387552,2384.0,150,,,RGI60-11.01238,-685.4684003086609,5159558.083427817,101,188,0101_0188
274,2008-07-23,2008-07-23,46.589601,8.387586,2384.0,149,,,RGI60-11.01238,-682.8636284218868,5159559.638790032,101,188,0101_0188
274,2008-07-23,2008-07-23,46.589614,8.38762,2384.0,149,,,RGI60-11.01238,-680.2588703871295,5159561.083035004,101,188,0101_0188
274,2008-07-23,2008-07-23,46.589627,8.387654,2384.0,148,,,RGI60-11.01238,-677.6541135977594,5159562.527281104,101,188,0101_0188
274,2008-07-23,2008-07-23,46.58964,8.387688,2383.0,148,,,RGI60-11.01238,-675.0493580536553,5159563.971528328,101,188,0101_0188
274,2008-07-23,2008-07-23,46.589653,8.387723,2383.0,147,,,RGI60-11.01238,-672.3679980814549,5159565.415768154,101,188,0101_0188
274,2008-07-23,2008-07-23,46.589665,8.387757,2383.0,146,,,RGI60-11.01238,-669.7632573640282,5159566.748899294,101,188,0101_0188
274,2008-07-23,2008-07-23,46.589677,8.387792,2383.0,145,,,RGI60-11.01238,-667.0819121566418,5159568.082023104,101,188,0101_0188
274,2008-07-23,2008-07-23,46.589689,8.387827,2383.0,143,,,RGI60-11.01238,-664.4005681325376,5159569.415148104,101,188,0101_0188
274,2008-07-23,2008-07-23,46.589701,8.387863,2382.0,142,,,RGI60-11.01238,-661.6426196858548,5159570.748265908,101,188,0101_0188
274,2008-07-23,2008-07-23,46.589712,8.387898,2382.0,141,,,RGI60-11.01238,-658.9612901645322,5159571.97027496,101,188,0101_0188
274,2008-07-23,2008-07-23,46.589723,8.387934,2382.0,140,,,RGI60-11.01238,-656.2033561528883,5159573.192276881,101,188,0101_0188
274,2008-07-23,2008-07-23,46.589734,8.38797,2382.0,139,,,RGI60-11.01238,-653.4454232571503,5159574.414280064,101,188,0101_0188
274,2008-07-23,2008-07-23,46.589745,8.388006,2381.0,138,,,RGI60-11.01238,-650.6874914769528,5159575.636284509,101,188,0101_0188
274,2008-07-23,2008-07-23,46.589755,8.388042,2381.0,135,,,RGI60-11.01238,-647.929572728982,5159576.747171843,101,188,0101_0188
274,2008-07-23,2008-07-23,46.589766,8.388078,2381.0,132,,,RGI60-11.01238,-645.1716431298805,5159577.96917881,101,187,0101_0187
274,2008-07-23,2008-07-23,46.589776,8.388114,2381.0,130,,,RGI60-11.01238,-642.4137264613287,5159579.0800686665,101,187,0101_0187
274,2008-07-23,2008-07-23,46.589786,8.388151,2380.0,129,,,RGI60-11.01238,-639.5792053206519,5159580.190951673,101,187,0101_0187
274,2008-07-23,2008-07-23,46.589796,8.388187,2380.0,128,,,RGI60-11.01238,-636.8212906948911,5159581.301844086,101,187,0101_0187
274,2008-07-23,2008-07-23,46.589805,8.388224,2380.0,128,,,RGI60-11.01238,-633.9867832850991,5159582.30161135,102,187,0102_0187
274,2008-07-23,2008-07-23,46.589815,8.38826,2380.0,127,,,RGI60-11.01238,-631.2288706512916,5159583.412506319,102,187,0102_0187
274,2008-07-23,2008-07-23,46.589824,8.388297,2379.0,127,,,RGI60-11.01238,-628.3943651576212,5159584.412276209,102,187,0102_0187
274,2008-07-23,2008-07-23,46.589834,8.388334,2379.0,126,,,RGI60-11.01238,-625.5598490971598,5159585.523165801,102,187,0102_0187
274,2008-07-23,2008-07-23,46.589844,8.38837,2378.0,126,,,RGI60-11.01238,-622.8019394839922,5159586.634064622,102,187,0102_0187
274,2008-07-23,2008-07-23,46.589853,8.388407,2378.0,125,,,RGI60-11.01238,-619.9674368964829,5159587.633838471,102,187,0102_0187
274,2008-07-23,2008-07-23,46.589863,8.388443,2378.0,125,,,RGI60-11.01238,-617.2095292753934,5159588.744739848,102,187,0102_0187
274,2008-07-23,2008-07-23,46.589872,8.38848,2377.0,124,,,RGI60-11.01238,-614.3750286041304,5159589.744516322,102,187,0102_0187
274,2008-07-23,2008-07-23,46.589882,8.388517,2377.0,123,,,RGI60-11.01238,-611.5405176238918,5159590.855412503,102,187,0102_0187
274,2008-07-23,2008-07-23,46.589892,8.388553,2377.0,122,,,RGI60-11.01238,-608.782613023325,5159591.966317731,102,187,0102_0187
274,2008-07-23,2008-07-23,46.589901,8.38859,2377.0,121,,,RGI60-11.01238,-605.9481152583496,5159592.966098164,102,187,0102_0187
274,2008-07-23,2008-07-23,46.589911,8.388626,2376.0,120,,,RGI60-11.01238,-603.1902126497419,5159594.077005949,102,187,0102_0187
274,2008-07-23,2008-07-23,46.589921,8.388662,2376.0,119,,,RGI60-11.01238,-600.4323110556119,5159595.1879149955,102,187,0102_0187
274,2008-07-23,2008-07-23,46.589931,8.388699,2376.0,117,,,RGI60-11.01238,-597.5978051936419,5159596.298817726,102,187,0102_0187
274,2008-07-23,2008-07-23,46.589941,8.388735,2376.0,116,,,RGI60-11.01238,-594.8399056423121,5159597.409729329,102,187,0102_0187
274,2008-07-23,2008-07-23,46.589952,8.388771,2375.0,114,,,RGI60-11.01238,-592.0819962161694,5159598.631760566,102,187,0102_0187
274,2008-07-23,2008-07-23,46.589962,8.388807,2375.0,112,,,RGI60-11.01238,-589.3240987442708,5159599.74267469,102,187,0102_0187
274,2008-07-23,2008-07-23,46.589972,8.388844,2375.0,110,,,RGI60-11.01238,-586.4895970622963,5159600.853582639,102,187,0102_0187
274,2008-07-23,2008-07-23,46.589983,8.38888,2375.0,108,,,RGI60-11.01238,-583.7316908975926,5159602.075617694,102,187,0102_0187
274,2008-07-23,2008-07-23,46.589993,8.388916,2375.0,106,,,RGI60-11.01238,-580.9737965335722,5159603.186535636,102,187,0102_0187
274,2008-07-23,2008-07-23,46.590004,8.388951,2374.0,104,,,RGI60-11.01238,-578.2924977287221,5159604.408580546,102,187,0102_0187
274,2008-07-23,2008-07-23,46.590015,8.388987,2374.0,102,,,RGI60-11.01238,-575.5345948451833,5159605.630619351,102,187,0102_0187
274,2008-07-23,2008-07-23,46.590026,8.389023,2374.0,100,,,RGI60-11.01238,-572.7766930774384,5159606.852659417,102,187,0102_0187
274,2008-07-23,2008-07-23,46.590037,8.389059,2374.0,99,,,RGI60-11.01238,-570.0187924253664,5159608.074700742,102,187,0102_0187
274,2008-07-23,2008-07-23,46.590048,8.389095,2373.0,97,,,RGI60-11.01238,-567.2608928892106,5159609.296743331,103,187,0103_0187
274,2008-07-23,2008-07-23,46.590059,8.38913,2373.0,95,,,RGI60-11.01238,-564.5795995704705,5159610.518794336,103,187,0103_0187
274,2008-07-23,2008-07-23,46.590071,8.389166,2373.0,94,,,RGI60-11.01238,-561.8216919176002,5159611.85195779,103,187,0103_0187
274,2008-07-23,2008-07-23,46.590082,8.389201,2373.0,92,,,RGI60-11.01238,-559.140400833268,5159613.074011215,103,187,0103_0187
274,2008-07-23,2008-07-23,46.590093,8.389237,2372.0,90,,,RGI60-11.01238,-556.3825057800179,5159614.296058777,103,187,0103_0187
274,2008-07-23,2008-07-23,46.590105,8.389272,2372.0,88,,,RGI60-11.01238,-553.7012066974355,5159615.629233,103,187,0103_0187
274,2008-07-23,2008-07-23,46.590116,8.389308,2372.0,87,,,RGI60-11.01238,-550.9433139108775,5159616.851283049,103,187,0103_0187
274,2008-07-23,2008-07-23,46.590128,8.389343,2371.0,85,,,RGI60-11.01238,-548.2620171627323,5159618.184459689,103,187,0103_0187
274,2008-07-23,2008-07-23,46.590139,8.389378,2371.0,83,,,RGI60-11.01238,-545.5807316320241,5159619.406519143,103,187,0103_0187
274,2008-07-23,2008-07-23,46.590151,8.389414,2371.0,81,,,RGI60-11.01238,-542.8228322294057,5159620.739691286,103,187,0103_0187
274,2008-07-23,2008-07-23,46.590162,8.389449,2371.0,79,,,RGI60-11.01238,-540.1415489329888,5159621.961753159,103,187,0103_0187
274,2008-07-23,2008-07-23,46.590174,8.389485,2370.0,77,,,RGI60-11.01238,-537.3836518972142,5159623.29492779,103,187,0103_0187
274,2008-07-23,2008-07-23,46.590186,8.38952,2370.0,74,,,RGI60-11.01238,-534.7023610014927,5159624.628110462,103,187,0103_0187
274,2008-07-23,2008-07-23,46.590197,8.389555,2370.0,70,,,RGI60-11.01238,-532.0210810737262,5159625.850175945,103,187,0103_0187
274,2008-07-23,2008-07-23,46.590208,8.389591,2370.0,67,,,RGI60-11.01238,-529.2631973389417,5159627.072235911,103,187,0103_0187
274,2008-07-23,2008-07-23,46.59022,8.389626,2369.0,63,,,RGI60-11.01238,-526.5819099116555,5159628.405422193,103,187,0103_0187
274,2008-07-23,2008-07-23,46.590231,8.389662,2369.0,59,,,RGI60-11.01238,-523.8240284438141,5159629.627484647,103,187,0103_0187
274,2008-07-23,2008-07-23,46.590242,8.389697,2368.0,52,,,RGI60-11.01238,-521.1427529354527,5159630.849554968,103,187,0103_0187
274,2008-07-23,2008-07-23,46.590254,8.389733,2368.0,46,,,RGI60-11.01238,-518.384864149833,5159632.182738288,103,187,0103_0187
274,2008-07-23,2008-07-23,46.590265,8.389768,2367.0,41,,,RGI60-11.01238,-515.7035908760134,5159633.404811028,103,187,0103_0187
274,2008-07-23,2008-07-23,46.590276,8.389804,2366.0,35,,,RGI60-11.01238,-512.9457138911014,5159634.626878457,103,187,0103_0187
274,2008-07-23,2008-07-23,46.592693,8.38806,2411.0,43,,,RGI60-11.01238,-646.515737049267,5159903.2128817765,101,183,0101_0183
274,2008-07-23,2008-07-23,46.592675,8.388031,2412.0,45,,,RGI60-11.01238,-648.7373921580299,5159901.212988212,101,183,0101_0183
274,2008-07-23,2008-07-23,46.592657,8.388002,2412.0,47,,,RGI60-11.01238,-650.9590487377701,5159899.213095469,101,183,0101_0183
274,2008-07-23,2008-07-23,46.592639,8.387972,2413.0,48,,,RGI60-11.01238,-653.2573082551215,5159897.213211831,101,183,0101_0183
274,2008-07-23,2008-07-23,46.592622,8.387943,2413.0,49,,,RGI60-11.01238,-655.4789557455565,5159895.324439189,101,183,0101_0183
274,2008-07-23,2008-07-23,46.592604,8.387912,2414.0,51,,,RGI60-11.01238,-657.8538197543795,5159893.324565626,101,183,0101_0183
274,2008-07-23,2008-07-23,46.592588,8.387882,2414.0,53,,,RGI60-11.01238,-660.1520595098083,5159891.546921482,101,183,0101_0183
274,2008-07-23,2008-07-23,46.592571,8.387851,2415.0,55,,,RGI60-11.01238,-662.5269143646484,5159889.658168192,101,183,0101_0183
274,2008-07-23,2008-07-23,46.592556,8.387819,2415.0,57,,,RGI60-11.01238,-664.9783478289335,5159887.991661122,101,183,0101_0183
274,2008-07-23,2008-07-23,46.59254,8.387786,2416.0,59,,,RGI60-11.01238,-667.5063965280057,5159886.214045091,101,183,0101_0183
274,2008-07-23,2008-07-23,46.592526,8.387754,2417.0,62,,,RGI60-11.01238,-669.9578204411436,5159884.658658476,101,183,0101_0183
274,2008-07-23,2008-07-23,46.592512,8.38772,2417.0,64,,,RGI60-11.01238,-672.5624489077662,5159883.103289913,101,183,0101_0183
274,2008-07-23,2008-07-23,46.592497,8.387687,2418.0,66,,,RGI60-11.01238,-675.0904894672619,5159881.436795493,101,183,0101_0183
274,2008-07-23,2008-07-23,46.592484,8.387653,2419.0,69,,,RGI60-11.01238,-677.695108179745,5159879.992547574,101,183,0101_0183
274,2008-07-23,2008-07-23,46.592471,8.387619,2419.0,71,,,RGI60-11.01238,-680.2997281376757,5159878.548300782,101,183,0101_0183
274,2008-07-23,2008-07-23,46.592459,8.387584,2419.0,73,,,RGI60-11.01238,-682.9809385007959,5159877.215182199,101,183,0101_0183
274,2008-07-23,2008-07-23,46.592446,8.387549,2420.0,75,,,RGI60-11.01238,-685.6621626588319,5159875.770946386,101,183,0101_0183
274,2008-07-23,2008-07-23,46.592434,8.387514,2420.0,77,,,RGI60-11.01238,-688.3433754381773,5159874.437830187,101,183,0101_0183
274,2008-07-23,2008-07-23,46.592422,8.38748,2420.0,78,,,RGI60-11.01238,-690.9479876284904,5159873.104706421,101,183,0101_0183
274,2008-07-23,2008-07-23,46.592409,8.387445,2421.0,80,,,RGI60-11.01238,-693.6292155156996,5159871.660474153,101,183,0101_0183
274,2008-07-23,2008-07-23,46.592397,8.38741,2421.0,82,,,RGI60-11.01238,-696.3104318779402,5159870.327361497,101,183,0101_0183
274,2008-07-23,2008-07-23,46.592385,8.387375,2421.0,85,,,RGI60-11.01238,-698.9916494233926,5159868.994250039,101,183,0101_0183
274,2008-07-23,2008-07-23,46.592372,8.38734,2422.0,87,,,RGI60-11.01238,-701.672881058209,5159867.5500213485,100,183,0100_0183
274,2008-07-23,2008-07-23,46.592359,8.387306,2422.0,90,,,RGI60-11.01238,-704.27751211385,5159866.10578492,100,183,0100_0183
274,2008-07-23,2008-07-23,46.592346,8.387271,2422.0,92,,,RGI60-11.01238,-706.9587462944994,5159864.661558582,100,183,0100_0183
274,2008-07-23,2008-07-23,46.592333,8.387237,2422.0,95,,,RGI60-11.01238,-709.563379859341,5159863.217324441,100,183,0100_0183
274,2008-07-23,2008-07-23,46.59232,8.387203,2422.0,98,,,RGI60-11.01238,-712.1680146698683,5159861.773091425,100,183,0100_0183
274,2008-07-23,2008-07-23,46.592307,8.387169,2423.0,102,,,RGI60-11.01238,-714.7726507255934,5159860.328859533,100,183,0100_0183
274,2008-07-23,2008-07-23,46.592293,8.387135,2423.0,105,,,RGI60-11.01238,-717.3773012213592,5159858.773510351,100,183,0100_0183
274,2008-07-23,2008-07-23,46.592279,8.387102,2423.0,107,,,RGI60-11.01238,-719.9053510845263,5159857.218153165,100,183,0100_0183
274,2008-07-23,2008-07-23,46.592266,8.387068,2423.0,110,,,RGI60-11.01238,-722.50999095418,5159855.773924621,100,183,0100_0183
274,2008-07-23,2008-07-23,46.592252,8.387034,2423.0,112,,,RGI60-11.01238,-725.1146454060438,5159854.218578783,100,183,0100_0183
274,2008-07-23,2008-07-23,46.592238,8.387001,2424.0,115,,,RGI60-11.01238,-727.6426991675428,5159852.663224846,100,183,0100_0183
274,2008-07-23,2008-07-23,46.592224,8.386967,2424.0,117,,,RGI60-11.01238,-730.2473562821615,5159851.107881229,100,183,0100_0183
274,2008-07-23,2008-07-23,46.592211,8.386933,2424.0,120,,,RGI60-11.01238,-732.852001258957,5159849.663657156,100,183,0100_0183
274,2008-07-23,2008-07-23,46.592197,8.386899,2424.0,123,,,RGI60-11.01238,-735.4566610082746,5159848.108315792,100,183,0100_0183
274,2008-07-23,2008-07-23,46.592184,8.386865,2424.0,126,,,RGI60-11.01238,-738.0613085237233,5159846.664093974,100,183,0100_0183
274,2008-07-23,2008-07-23,46.592171,8.386831,2425.0,129,,,RGI60-11.01238,-740.6659572846089,5159845.21987328,100,183,0100_0183
274,2008-07-23,2008-07-23,46.592158,8.386796,2425.0,132,,,RGI60-11.01238,-743.3472094353687,5159843.775663137,100,183,0100_0183
274,2008-07-23,2008-07-23,46.592146,8.386761,2425.0,135,,,RGI60-11.01238,-746.0284491466912,5159842.442572606,100,183,0100_0183
274,2008-07-23,2008-07-23,46.592134,8.386726,2425.0,138,,,RGI60-11.01238,-748.7096900415829,5159841.109483266,100,184,0100_0184
274,2008-07-23,2008-07-23,46.592122,8.386691,2426.0,141,,,RGI60-11.01238,-751.3909321196784,5159839.776395121,100,184,0100_0184
274,2008-07-23,2008-07-23,46.59211,8.386656,2426.0,144,,,RGI60-11.01238,-754.0721753813424,5159838.443308165,100,184,0100_0184
274,2008-07-23,2008-07-23,46.592099,8.386621,2426.0,147,,,RGI60-11.01238,-756.7534059077097,5159837.221340821,100,184,0100_0184
274,2008-07-23,2008-07-23,46.592088,8.386585,2426.0,151,,,RGI60-11.01238,-759.5112397619644,5159835.999384298,100,184,0100_0184
274,2008-07-23,2008-07-23,46.592077,8.386549,2427.0,154,,,RGI60-11.01238,-762.2690747319185,5159834.777429037,100,184,0100_0184
274,2008-07-23,2008-07-23,46.592066,8.386513,2427.0,156,,,RGI60-11.01238,-765.0269108176944,5159833.555475037,100,184,0100_0184
274,2008-07-23,2008-07-23,46.592056,8.386477,2427.0,159,,,RGI60-11.01238,-767.7847338979176,5159832.444640712,99,184,0099_0184
274,2008-07-23,2008-07-23,46.592045,8.386441,2427.0,162,,,RGI60-11.01238,-770.5425721646166,5159831.222689234,99,184,0099_0184
274,2008-07-23,2008-07-23,46.592035,8.386405,2427.0,166,,,RGI60-11.01238,-773.3003973240812,5159830.111857431,99,184,0099_0184
274,2008-07-23,2008-07-23,46.592024,8.386369,2428.0,169,,,RGI60-11.01238,-776.0582377718239,5159828.889908476,99,184,0099_0184
274,2008-07-23,2008-07-23,46.592013,8.386333,2428.0,172,,,RGI60-11.01238,-778.8160793352649,5159827.66796078,99,184,0099_0184
274,2008-07-23,2008-07-23,46.592003,8.386297,2428.0,174,,,RGI60-11.01238,-781.5739076393144,5159826.55713276,99,184,0099_0184
274,2008-07-23,2008-07-23,46.591992,8.386261,2428.0,177,,,RGI60-11.01238,-784.3317513839185,5159825.335187587,99,184,0099_0184
274,2008-07-23,2008-07-23,46.591981,8.386226,2428.0,179,,,RGI60-11.01238,-787.0129938502874,5159824.113233697,99,184,0099_0184
274,2008-07-23,2008-07-23,46.591969,8.38619,2428.0,181,,,RGI60-11.01238,-789.7708543368659,5159822.780172596,99,184,0099_0184
274,2008-07-23,2008-07-23,46.591957,8.386155,2428.0,182,,,RGI60-11.01238,-792.4521136129542,5159821.44710271,99,184,0099_0184
274,2008-07-23,2008-07-23,46.591945,8.38612,2428.0,184,,,RGI60-11.01238,-795.1333740727267,5159820.114034016,99,184,0099_0184
274,2008-07-23,2008-07-23,46.591932,8.386086,2429.0,186,,,RGI60-11.01238,-797.7380479268571,5159818.669837985,99,184,0099_0184
274,2008-07-23,2008-07-23,46.591919,8.386051,2429.0,187,,,RGI60-11.01238,-800.4193255075762,5159817.225653229,99,184,0099_0184
274,2008-07-23,2008-07-23,46.591906,8.386017,2429.0,187,,,RGI60-11.01238,-803.0240018708762,5159815.781459485,99,184,0099_0184
274,2008-07-23,2008-07-23,46.591892,8.385984,2429.0,188,,,RGI60-11.01238,-805.5520917781084,5159814.22613824,99,184,0099_0184
274,2008-07-23,2008-07-23,46.591878,8.385951,2429.0,189,,,RGI60-11.01238,-808.0801829871175,5159812.670818056,99,184,0099_0184
274,2008-07-23,2008-07-23,46.591863,8.385918,2429.0,189,,,RGI60-11.01238,-810.6082904070596,5159811.00438052,99,184,0099_0184
274,2008-07-23,2008-07-23,46.591848,8.385885,2429.0,190,,,RGI60-11.01238,-813.1363992217587,5159809.337944049,99,184,0099_0184
274,2008-07-23,2008-07-23,46.591833,8.385853,2429.0,190,,,RGI60-11.01238,-815.5879068290114,5159807.671498299,99,184,0099_0184
274,2008-07-23,2008-07-23,46.591817,8.385821,2429.0,190,,,RGI60-11.01238,-818.0394308344416,5159805.893935134,99,184,0099_0184
274,2008-07-23,2008-07-23,46.591801,8.385789,2429.0,191,,,RGI60-11.01238,-820.4909562825229,5159804.11637297,99,184,0099_0184
274,2008-07-23,2008-07-23,46.591786,8.385758,2429.0,191,,,RGI60-11.01238,-822.8658653689843,5159802.449919782,99,184,0099_0184
274,2008-07-23,2008-07-23,46.59177,8.385726,2429.0,192,,,RGI60-11.01238,-825.3173936347442,5159800.672359586,99,184,0099_0184
274,2008-07-23,2008-07-23,46.591753,8.385695,2429.0,192,,,RGI60-11.01238,-827.6923358529656,5159798.783671484,99,184,0099_0184
274,2008-07-23,2008-07-23,46.591737,8.385663,2429.0,192,,,RGI60-11.01238,-830.1438670266851,5159797.006113256,99,184,0099_0184
274,2008-07-23,2008-07-23,46.591721,8.385632,2429.0,192,,,RGI60-11.01238,-832.5187968829326,5159795.228545471,98,184,0098_0184
274,2008-07-23,2008-07-23,46.591705,8.385601,2429.0,192,,,RGI60-11.01238,-834.8937281367436,5159793.450978625,98,184,0098_0184
274,2008-07-23,2008-07-23,46.591689,8.385569,2428.0,192,,,RGI60-11.01238,-837.3452635932005,5159791.673423335,98,184,0098_0184
274,2008-07-23,2008-07-23,46.591673,8.385538,2429.0,192,,,RGI60-11.01238,-839.7201976645568,5159789.895858395,98,184,0098_0184
274,2008-07-23,2008-07-23,46.591656,8.385507,2428.0,192,,,RGI60-11.01238,-842.0951486217651,5159788.007175986,98,184,0098_0184
274,2008-07-23,2008-07-23,46.591641,8.385475,2428.0,192,,,RGI60-11.01238,-844.5466728730296,5159786.3407420395,98,184,0098_0184
274,2008-07-23,2008-07-23,46.591625,8.385443,2428.0,192,,,RGI60-11.01238,-846.9982140549849,5159784.563190685,98,184,0098_0184
274,2008-07-23,2008-07-23,46.591609,8.385411,2428.0,193,,,RGI60-11.01238,-849.4497566797064,5159782.78564033,98,184,0098_0184
274,2008-07-23,2008-07-23,46.591594,8.385379,2428.0,194,,,RGI60-11.01238,-851.9012850784578,5159781.119209381,98,184,0098_0184
274,2008-07-23,2008-07-23,46.591578,8.385347,2428.0,194,,,RGI60-11.01238,-854.3528305433847,5159779.341661024,98,184,0098_0184
274,2008-07-23,2008-07-23,46.591563,8.385315,2428.0,194,,,RGI60-11.01238,-856.8043616921778,5159777.675232073,98,184,0098_0184
274,2008-07-23,2008-07-23,46.591547,8.385283,2428.0,195,,,RGI60-11.01238,-859.2559099973081,5159775.897685715,98,184,0098_0184
274,2008-07-23,2008-07-23,46.591532,8.38525,2428.0,195,,,RGI60-11.01238,-861.7840469225406,5159774.23126969,98,185,0098_0185
274,2008-07-23,2008-07-23,46.591517,8.385218,2428.0,196,,,RGI60-11.01238,-864.2355821949857,5159772.564843767,98,185,0098_0185
274,2008-07-23,2008-07-23,46.591502,8.385185,2428.0,196,,,RGI60-11.01238,-866.7637218885743,5159770.898429833,98,185,0098_0185
274,2008-07-23,2008-07-23,46.591487,8.385153,2428.0,196,,,RGI60-11.01238,-869.2152598871075,5159769.23200594,98,185,0098_0185
274,2008-07-23,2008-07-23,46.591472,8.38512,2429.0,196,,,RGI60-11.01238,-871.7434023490503,5159767.565594098,98,185,0098_0185
274,2008-07-23,2008-07-23,46.591457,8.385088,2429.0,197,,,RGI60-11.01238,-874.1949430737919,5159765.899172234,98,185,0098_0185
274,2008-07-23,2008-07-23,46.591442,8.385055,2429.0,197,,,RGI60-11.01238,-876.7230883040861,5159764.232762483,98,185,0098_0185
274,2008-07-23,2008-07-23,46.591427,8.385023,2429.0,197,,,RGI60-11.01238,-879.1746317547903,5159762.56634265,98,185,0098_0185
274,2008-07-23,2008-07-23,46.591412,8.38499,2429.0,198,,,RGI60-11.01238,-881.7027797534339,5159760.899934992,98,185,0098_0185
274,2008-07-23,2008-07-23,46.591397,8.384958,2429.0,198,,,RGI60-11.01238,-884.1543259303422,5159759.233517185,98,185,0098_0185
274,2008-07-23,2008-07-23,46.591382,8.384925,2429.0,198,,,RGI60-11.01238,-886.682476697211,5159757.567111621,98,185,0098_0185
274,2008-07-23,2008-07-23,46.591366,8.384893,2429.0,198,,,RGI60-11.01238,-889.1340419533598,5159755.78957744,98,185,0098_0185
274,2008-07-23,2008-07-23,46.591351,8.384861,2429.0,199,,,RGI60-11.01238,-891.585592253779,5159754.123162664,98,185,0098_0185
274,2008-07-23,2008-07-23,46.591335,8.384829,2429.0,199,,,RGI60-11.01238,-894.0371603501144,5159752.345630483,98,185,0098_0185
274,2008-07-23,2008-07-23,46.591319,8.384798,2429.0,199,,,RGI60-11.01238,-896.4121265625929,5159750.568087935,98,185,0098_0185
274,2008-07-23,2008-07-23,46.591303,8.384766,2429.0,199,,,RGI60-11.01238,-898.8636975215295,5159748.7905577235,97,185,0097_0185
274,2008-07-23,2008-07-23,46.591287,8.384735,2429.0,199,,,RGI60-11.01238,-901.2386665517674,5159747.0130170835,97,185,0097_0185
274,2008-07-23,2008-07-23,46.591271,8.384704,2429.0,199,,,RGI60-11.01238,-903.6136369793082,5159745.235477382,97,185,0097_0185
274,2008-07-23,2008-07-23,46.591254,8.384673,2430.0,199,,,RGI60-11.01238,-905.9886254676068,5159743.346820217,97,185,0097_0185
274,2008-07-23,2008-07-23,46.591238,8.384642,2430.0,199,,,RGI60-11.01238,-908.3635987340336,5159741.569282392,97,185,0097_0185
274,2008-07-23,2008-07-23,46.591221,8.384611,2430.0,199,,,RGI60-11.01238,-910.7385901484367,5159739.680627107,97,185,0097_0185
274,2008-07-23,2008-07-23,46.591205,8.38458,2430.0,199,,,RGI60-11.01238,-913.1135662536241,5159737.903091161,97,185,0097_0185
274,2008-07-23,2008-07-23,46.591188,8.384549,2430.0,199,,,RGI60-11.01238,-915.4885605941299,5159736.014437754,97,185,0097_0185
274,2008-07-23,2008-07-23,46.591172,8.384518,2430.0,199,,,RGI60-11.01238,-917.8635395380765,5159734.236903681,97,185,0097_0185
274,2008-07-23,2008-07-23,46.591155,8.384487,2430.0,199,,,RGI60-11.01238,-920.2385368045601,5159732.348252152,97,185,0097_0185
274,2008-07-23,2008-07-23,46.591138,8.384456,2430.0,199,,,RGI60-11.01238,-922.6135355560505,5159730.45960156,97,185,0097_0185
274,2008-07-23,2008-07-23,46.591122,8.384425,2430.0,199,,,RGI60-11.01238,-924.9885187799661,5159728.682070307,97,185,0097_0185
274,2008-07-23,2008-07-23,46.591106,8.384394,2430.0,199,,,RGI60-11.01238,-927.3635034014218,5159726.904539992,97,185,0097_0185
274,2008-07-23,2008-07-23,46.591089,8.384363,2430.0,199,,,RGI60-11.01238,-929.7385065202195,5159725.015892216,97,185,0097_0185
274,2008-07-23,2008-07-23,46.591073,8.384332,2431.0,199,,,RGI60-11.01238,-932.1134939804268,5159723.238363777,97,185,0097_0185
274,2008-07-23,2008-07-23,46.591057,8.3843,2431.0,199,,,RGI60-11.01238,-934.5650865337874,5159721.460848127,97,185,0097_0185
274,2008-07-23,2008-07-23,46.591041,8.384268,2431.0,199,,,RGI60-11.01238,-937.0166805296484,5159719.683333473,97,185,0097_0185
274,2008-07-23,2008-07-23,46.591026,8.384237,2431.0,199,,,RGI60-11.01238,-939.3916549501289,5159718.016926306,97,185,0097_0185
274,2008-07-23,2008-07-23,46.59101,8.384205,2431.0,199,,,RGI60-11.01238,-941.8432517637322,5159716.239413622,97,185,0097_0185
274,2008-07-23,2008-07-23,46.590994,8.384173,2431.0,199,,,RGI60-11.01238,-944.294850019834,5159714.461901938,97,185,0097_0185
274,2008-07-23,2008-07-23,46.590979,8.384141,2431.0,199,,,RGI60-11.01238,-946.7464323061325,5159712.795509647,97,185,0097_0185
274,2008-07-23,2008-07-23,46.590963,8.384109,2431.0,199,,,RGI60-11.01238,-949.1980334023935,5159711.017999962,97,185,0097_0185
274,2008-07-23,2008-07-23,46.590948,8.384077,2431.0,198,,,RGI60-11.01238,-951.6496184386895,5159709.35160967,97,186,0097_0186
274,2008-07-23,2008-07-23,46.590933,8.384044,2432.0,198,,,RGI60-11.01238,-954.1778086976349,5159707.685232475,97,186,0097_0186
274,2008-07-23,2008-07-23,46.590917,8.384012,2432.0,198,,,RGI60-11.01238,-956.6294140541314,5159705.9077258175,97,186,0097_0186
274,2008-07-23,2008-07-23,46.590902,8.38398,2432.0,198,,,RGI60-11.01238,-959.0810032140121,5159704.241338555,97,186,0097_0186
274,2008-07-23,2008-07-23,46.590887,8.383948,2432.0,197,,,RGI60-11.01238,-961.5325937262268,5159702.574952291,97,186,0097_0186
274,2008-07-23,2008-07-23,46.590871,8.383915,2431.0,197,,,RGI60-11.01238,-964.060807278075,5159700.797460857,97,186,0097_0186
274,2008-07-23,2008-07-23,46.590856,8.383883,2432.0,196,,,RGI60-11.01238,-966.5124005614127,5159699.131076621,96,186,0096_0186
274,2008-07-23,2008-07-23,46.590841,8.383851,2432.0,196,,,RGI60-11.01238,-968.9639951973274,5159697.464693385,96,186,0096_0186
274,2008-07-23,2008-07-23,46.590825,8.383819,2432.0,195,,,RGI60-11.01238,-971.4156090517374,5159695.687192757,96,186,0096_0186
274,2008-07-23,2008-07-23,46.590809,8.383787,2432.0,194,,,RGI60-11.01238,-973.8672243488821,5159693.909693126,96,186,0096_0186
274,2008-07-23,2008-07-23,46.590794,8.383755,2431.0,194,,,RGI60-11.01238,-976.3188231321948,5159692.243312888,96,186,0096_0186
274,2008-07-23,2008-07-23,46.590778,8.383724,2432.0,193,,,RGI60-11.01238,-978.6938371807976,5159690.465802847,96,186,0096_0186
274,2008-07-23,2008-07-23,46.590762,8.383692,2432.0,193,,,RGI60-11.01238,-981.1454567381567,5159688.688306186,96,186,0096_0186
274,2008-07-23,2008-07-23,46.590745,8.383661,2431.0,192,,,RGI60-11.01238,-983.5204916931007,5159686.799679665,96,186,0096_0186
274,2008-07-23,2008-07-23,46.590729,8.38363,2431.0,191,,,RGI60-11.01238,-985.8955100004972,5159685.022172471,96,186,0096_0186
274,2008-07-23,2008-07-23,46.590712,8.3836,2431.0,189,,,RGI60-11.01238,-988.1939436998339,5159683.133535295,96,186,0096_0186
274,2008-07-23,2008-07-23,46.590695,8.383569,2431.0,188,,,RGI60-11.01238,-990.5689830417581,5159681.244911558,96,186,0096_0186
274,2008-07-23,2008-07-23,46.590677,8.38354,2431.0,187,,,RGI60-11.01238,-992.7908336687234,5159679.245145195,96,186,0096_0186
274,2008-07-23,2008-07-23,46.59066,8.38351,2431.0,185,,,RGI60-11.01238,-995.0892717213377,5159677.35651066,96,186,0096_0186
274,2008-07-23,2008-07-23,46.590642,8.38348,2431.0,184,,,RGI60-11.01238,-997.387729554393,5159675.356758617,96,186,0096_0186
274,2008-07-23,2008-07-23,46.590624,8.383451,2431.0,183,,,RGI60-11.01238,-999.6095846035263,5159673.356994779,96,186,0096_0186
274,2008-07-23,2008-07-23,46.590606,8.383422,2431.0,181,,,RGI60-11.01238,-1001.8314411235464,5159671.357231765,96,186,0096_0186
274,2008-07-23,2008-07-23,46.590588,8.383393,2431.0,180,,,RGI60-11.01238,-1004.053299114088,5159669.357469574,96,186,0096_0186
274,2008-07-23,2008-07-23,46.59057,8.383364,2431.0,178,,,RGI60-11.01238,-1006.2751585755151,5159667.3577082055,96,186,0096_0186
274,2008-07-23,2008-07-23,46.590551,8.383335,2431.0,177,,,RGI60-11.01238,-1008.4970380556884,5159665.246829273,96,186,0096_0186
274,2008-07-23,2008-07-23,46.590533,8.383307,2431.0,175,,,RGI60-11.01238,-1010.6422960656362,5159663.2470567385,96,186,0096_0186
274,2008-07-23,2008-07-23,46.590515,8.383278,2431.0,173,,,RGI60-11.01238,-1012.8641599548446,5159661.247297812,96,186,0096_0186
274,2008-07-23,2008-07-23,46.590496,8.383249,2431.0,171,,,RGI60-11.01238,-1015.0860439840652,5159659.136421325,96,186,0096_0186
274,2008-07-23,2008-07-23,46.590478,8.383221,2431.0,170,,,RGI60-11.01238,-1017.2313063441807,5159657.136651145,96,186,0096_0186
274,2008-07-23,2008-07-23,46.59046,8.383191,2431.0,168,,,RGI60-11.01238,-1019.5297791978677,5159655.136907587,96,186,0096_0186
274,2008-07-23,2008-07-23,46.590442,8.383162,2431.0,166,,,RGI60-11.01238,-1021.7516490109684,5159653.137151956,96,186,0096_0186
274,2008-07-23,2008-07-23,46.590424,8.383133,2431.0,165,,,RGI60-11.01238,-1023.9735202947063,5159651.137397144,96,186,0096_0186
274,2008-07-23,2008-07-23,46.590406,8.383104,2430.0,164,,,RGI60-11.01238,-1026.1953930494456,5159649.1376431575,96,186,0096_0186
274,2008-07-23,2008-07-23,46.590388,8.383074,2430.0,163,,,RGI60-11.01238,-1028.4938719128402,5159647.137903033,96,186,0096_0186
274,2008-07-23,2008-07-23,46.590371,8.383044,2430.0,162,,,RGI60-11.01238,-1030.79233333992,5159645.249282172,95,186,0095_0186
274,2008-07-23,2008-07-23,46.590354,8.383014,2430.0,160,,,RGI60-11.01238,-1033.0907962038311,5159643.360662192,95,187,0095_0187
274,2008-07-23,2008-07-23,46.590336,8.382984,2430.0,158,,,RGI60-11.01238,-1035.389279547128,5159641.360924709,95,187,0095_0187
274,2008-07-23,2008-07-23,46.590319,8.382954,2430.0,157,,,RGI60-11.01238,-1037.687745327325,5159639.472306489,95,187,0095_0187
274,2008-07-23,2008-07-23,46.590302,8.382924,2430.0,154,,,RGI60-11.01238,-1039.9862125444733,5159637.583689148,95,187,0095_0187
274,2008-07-23,2008-07-23,46.590285,8.382894,2429.0,152,,,RGI60-11.01238,-1042.2846811983277,5159635.695072686,95,187,0095_0187
274,2008-07-23,2008-07-23,46.590268,8.382864,2429.0,150,,,RGI60-11.01238,-1044.5831512893749,5159633.806457106,95,187,0095_0187
274,2008-07-23,2008-07-23,46.59025,8.382833,2429.0,148,,,RGI60-11.01238,-1046.9582469035504,5159631.806737297,95,187,0095_0187
274,2008-07-23,2008-07-23,46.590233,8.382803,2429.0,145,,,RGI60-11.01238,-1049.2567199347063,5159629.918123505,95,187,0095_0187
274,2008-07-23,2008-07-23,46.590216,8.382773,2429.0,143,,,RGI60-11.01238,-1051.5551944026874,5159628.029510592,95,187,0095_0187
274,2008-07-23,2008-07-23,46.590199,8.382743,2429.0,140,,,RGI60-11.01238,-1053.8536703076156,5159626.140898561,95,187,0095_0187
274,2008-07-23,2008-07-23,46.590181,8.382713,2429.0,137,,,RGI60-11.01238,-1056.1521670736795,5159624.141169028,95,187,0095_0187
274,2008-07-23,2008-07-23,46.590163,8.382684,2429.0,133,,,RGI60-11.01238,-1058.3740604063205,5159622.141426957,95,187,0095_0187
274,2008-07-23,2008-07-23,46.590146,8.382654,2429.0,130,,,RGI60-11.01238,-1060.672540682656,5159620.252817536,95,187,0095_0187
274,2008-07-23,2008-07-23,46.590128,8.382625,2428.0,126,,,RGI60-11.01238,-1062.8944369410563,5159618.253077139,95,187,0095_0187
274,2008-07-23,2008-07-23,46.590109,8.382596,2428.0,120,,,RGI60-11.01238,-1065.1163542594506,5159616.142219187,95,187,0095_0187
274,2008-07-23,2008-07-23,46.590091,8.382568,2428.0,116,,,RGI60-11.01238,-1067.261648443867,5159614.1424669055,95,187,0095_0187
274,2008-07-23,2008-07-23,46.590073,8.382539,2428.0,111,,,RGI60-11.01238,-1069.4835491299953,5159612.14272895,95,187,0095_0187
274,2008-07-23,2008-07-23,46.590054,8.382511,2428.0,106,,,RGI60-11.01238,-1071.628865888564,5159610.031859854,95,187,0095_0187
274,2008-07-23,2008-07-23,46.590035,8.382483,2428.0,101,,,RGI60-11.01238,-1073.7741841457987,5159607.920991527,95,187,0095_0187
274,2008-07-23,2008-07-23,46.590016,8.382455,2428.0,93,,,RGI60-11.01238,-1075.919503902186,5159605.810123968,95,187,0095_0187
274,2008-07-23,2008-07-23,46.589997,8.382428,2427.0,86,,,RGI60-11.01238,-1077.9882199683584,5159603.699243509,95,187,0095_0187
274,2008-07-23,2008-07-23,46.589978,8.3824,2427.0,76,,,RGI60-11.01238,-1080.1335426957928,5159601.588377461,95,187,0095_0187
274,2008-07-23,2008-07-23,46.589958,8.382372,2427.0,68,,,RGI60-11.01238,-1082.2788868266775,5159599.366393805,95,187,0095_0187
274,2008-07-23,2008-07-23,46.589939,8.382345,2427.0,62,,,RGI60-11.01238,-1084.3476073205304,5159597.255515545,95,187,0095_0187
274,2008-07-23,2008-07-23,46.58992,8.382318,2426.0,58,,,RGI60-11.01238,-1086.416329259996,5159595.144637999,95,187,0095_0187
274,2008-07-23,2008-07-23,46.589901,8.38229,2426.0,54,,,RGI60-11.01238,-1088.5616579688378,5159593.033774971,95,187,0095_0187
274,2008-07-23,2008-07-23,46.589882,8.382262,2426.0,51,,,RGI60-11.01238,-1090.7069881765822,5159590.922912711,95,187,0095_0187
274,2008-07-23,2008-07-23,46.589863,8.382234,2426.0,47,,,RGI60-11.01238,-1092.8523198832306,5159588.812051218,95,187,0095_0187
274,2008-07-23,2008-07-23,46.589845,8.382206,2426.0,44,,,RGI60-11.01238,-1094.9976329505255,5159586.812308867,95,187,0095_0187
274,2008-07-23,2008-07-23,46.589826,8.382177,2425.0,40,,,RGI60-11.01238,-1097.21957304545,5159584.701462825,94,187,0094_0187
274,2008-07-23,2008-07-23,46.589808,8.382148,2425.0,38,,,RGI60-11.01238,-1099.4414944726097,5159582.701735975,94,187,0094_0187
274,2008-07-23,2008-07-23,46.58979,8.382119,2425.0,36,,,RGI60-11.01238,-1101.6634173707478,5159580.702009952,94,187,0094_0187
274,2008-07-23,2008-07-23,46.589772,8.38209,2424.0,34,,,RGI60-11.01238,-1103.8853417394967,5159578.70228475,94,187,0094_0187
274,2008-07-23,2008-07-23,46.589754,8.38206,2424.0,31,,,RGI60-11.01238,-1106.1838731103294,5159576.702574395,94,188,0094_0188
274,2008-07-23,2008-07-23,46.589737,8.38203,2424.0,29,,,RGI60-11.01238,-1108.4823856160674,5159574.813983292,94,188,0094_0188
274,2008-07-23,2008-07-23,46.589719,8.382,2424.0,27,,,RGI60-11.01238,-1110.78091998754,5159572.8142746985,94,188,0094_0188
274,2008-07-23,2008-07-23,46.589702,8.38197,2423.0,26,,,RGI60-11.01238,-1113.0794354095174,5159570.925685356,94,188,0094_0188
274,2008-07-23,2008-07-23,46.595185,8.37786,2488.0,59,,,RGI60-11.01238,-1427.7844728629375,5160180.254205405,89,178,0089_0178
274,2008-07-23,2008-07-23,46.595205,8.377887,2488.0,60,,,RGI60-11.01238,-1425.7158056094572,5160182.476086471,90,178,0090_0178
274,2008-07-23,2008-07-23,46.595222,8.377917,2487.0,62,,,RGI60-11.01238,-1423.417424958603,5160184.3645586725,90,178,0090_0178
274,2008-07-23,2008-07-23,46.595235,8.377952,2487.0,65,,,RGI60-11.01238,-1420.7361612650043,5160185.808467754,90,178,0090_0178
274,2008-07-23,2008-07-23,46.595246,8.377988,2487.0,67,,,RGI60-11.01238,-1417.9783532295733,5160187.030123093,90,178,0090_0178
274,2008-07-23,2008-07-23,46.595255,8.378024,2487.0,69,,,RGI60-11.01238,-1415.2205983753447,5160188.029542739,90,178,0090_0178
274,2008-07-23,2008-07-23,46.595262,8.378062,2487.0,71,,,RGI60-11.01238,-1412.3097008562586,5160188.806690868,90,178,0090_0178
274,2008-07-23,2008-07-23,46.595268,8.3781,2487.0,74,,,RGI60-11.01238,-1409.3988300121227,5160189.472721922,90,178,0090_0178
274,2008-07-23,2008-07-23,46.595274,8.378138,2487.0,77,,,RGI60-11.01238,-1406.4879598105622,5160190.138754382,90,178,0090_0178
274,2008-07-23,2008-07-23,46.595279,8.378177,2487.0,79,,,RGI60-11.01238,-1403.5005183228752,5160190.693651968,90,178,0090_0178
274,2008-07-23,2008-07-23,46.595284,8.378215,2486.0,80,,,RGI60-11.01238,-1400.5896751245273,5160191.248568791,90,178,0090_0178
274,2008-07-23,2008-07-23,46.595289,8.378254,2487.0,82,,,RGI60-11.01238,-1397.6022347289652,5160191.803469297,90,178,0090_0178
274,2008-07-23,2008-07-23,46.595294,8.378292,2486.0,84,,,RGI60-11.01238,-1394.6913926084112,5160192.358388962,90,178,0090_0178
274,2008-07-23,2008-07-23,46.595298,8.378331,2487.0,86,,,RGI60-11.01238,-1391.7039789048072,5160192.802173906,90,178,0090_0178
274,2008-07-23,2008-07-23,46.595303,8.378369,2487.0,88,,,RGI60-11.01238,-1388.7931378085084,5160193.357096415,90,178,0090_0178
274,2008-07-23,2008-07-23,46.595309,8.378408,2487.0,89,,,RGI60-11.01238,-1385.8056740500544,5160194.023121233,90,178,0090_0178
274,2008-07-23,2008-07-23,46.595315,8.378446,2487.0,90,,,RGI60-11.01238,-1382.894808647042,5160194.689165065,90,178,0090_0178
274,2008-07-23,2008-07-23,46.595321,8.378484,2487.0,90,,,RGI60-11.01238,-1379.9839438866065,5160195.355210301,90,178,0090_0178
274,2008-07-23,2008-07-23,46.595328,8.378522,2487.0,91,,,RGI60-11.01238,-1377.0730544375347,5160196.132375416,90,178,0090_0178
274,2008-07-23,2008-07-23,46.595335,8.37856,2487.0,92,,,RGI60-11.01238,-1374.1621657381188,5160196.9095419375,90,178,0090_0178
274,2008-07-23,2008-07-23,46.595342,8.378598,2487.0,93,,,RGI60-11.01238,-1371.2512777881145,5160197.686709862,90,178,0090_0178
274,2008-07-23,2008-07-23,46.595349,8.378635,2487.0,95,,,RGI60-11.01238,-1368.4169882360673,5160198.46389654,90,178,0090_0178
274,2008-07-23,2008-07-23,46.595356,8.378673,2487.0,97,,,RGI60-11.01238,-1365.5061017752691,5160199.241067235,90,178,0090_0178
274,2008-07-23,2008-07-23,46.595363,8.378711,2487.0,99,,,RGI60-11.01238,-1362.5952160641268,5160200.018239331,90,178,0090_0178
274,2008-07-23,2008-07-23,46.59537,8.378749,2487.0,102,,,RGI60-11.01238,-1359.6843311023977,5160200.795412834,91,178,0091_0178
274,2008-07-23,2008-07-23,46.595376,8.378787,2487.0,105,,,RGI60-11.01238,-1356.7734718478082,5160201.461469257,91,178,0091_0178
274,2008-07-23,2008-07-23,46.595383,8.378825,2487.0,109,,,RGI60-11.01238,-1353.86258833161,5160202.238645566,91,178,0091_0178
274,2008-07-23,2008-07-23,46.595388,8.378863,2487.0,111,,,RGI60-11.01238,-1350.9517552661205,5160202.793586316,91,178,0091_0178
274,2008-07-23,2008-07-23,46.595394,8.378902,2487.0,113,,,RGI60-11.01238,-1347.9643003541212,5160203.459629858,91,178,0091_0178
274,2008-07-23,2008-07-23,46.595399,8.37894,2487.0,115,,,RGI60-11.01238,-1345.053468419971,5160204.014573451,91,178,0091_0178
274,2008-07-23,2008-07-23,46.595404,8.378979,2487.0,117,,,RGI60-11.01238,-1342.0660394503852,5160204.569501429,91,178,0091_0178
274,2008-07-23,2008-07-23,46.595408,8.379017,2487.0,120,,,RGI60-11.01238,-1339.1552332274607,5160205.013329385,91,178,0091_0178
274,2008-07-23,2008-07-23,46.595413,8.379056,2487.0,122,,,RGI60-11.01238,-1336.1678052948141,5160205.568260281,91,178,0091_0178
274,2008-07-23,2008-07-23,46.595417,8.379094,2487.0,124,,,RGI60-11.01238,-1333.256999987661,5160206.012091078,91,178,0091_0178
274,2008-07-23,2008-07-23,46.595422,8.379133,2487.0,126,,,RGI60-11.01238,-1330.2695730920755,5160206.567024892,91,178,0091_0178
274,2008-07-23,2008-07-23,46.595426,8.379171,2487.0,128,,,RGI60-11.01238,-1327.3587687006934,5160207.010858533,91,178,0091_0178
274,2008-07-23,2008-07-23,46.595431,8.37921,2487.0,131,,,RGI60-11.01238,-1324.3713428419264,5160207.565795265,91,178,0091_0178
274,2008-07-23,2008-07-23,46.595435,8.379249,2487.0,133,,,RGI60-11.01238,-1321.3839418392972,5160208.009614992,91,178,0091_0178
274,2008-07-23,2008-07-23,46.595439,8.379287,2487.0,134,,,RGI60-11.01238,-1318.4731387977424,5160208.453452916,91,178,0091_0178
274,2008-07-23,2008-07-23,46.595444,8.379326,2487.0,136,,,RGI60-11.01238,-1315.4857144703126,5160209.008394042,91,178,0091_0178
274,2008-07-23,2008-07-23,46.595448,8.379365,2487.0,138,,,RGI60-11.01238,-1312.4983148357037,5160209.452218165,91,178,0091_0178
274,2008-07-23,2008-07-23,46.595452,8.379403,2487.0,140,,,RGI60-11.01238,-1309.5875131438552,5160209.89606037,91,178,0091_0178
274,2008-07-23,2008-07-23,46.595456,8.379442,2487.0,143,,,RGI60-11.01238,-1306.6001143827498,5160210.339887411,91,178,0091_0178
274,2008-07-23,2008-07-23,46.595461,8.379481,2487.0,145,,,RGI60-11.01238,-1303.6126920814202,5160210.8948344095,91,178,0091_0178
274,2008-07-23,2008-07-23,46.595463,8.3795,2487.0,146,,,RGI60-11.01238,-1302.1572918567513,5160211.116757479,91,178,0091_0178
274,2008-07-23,2008-07-23,46.590255,8.385844,2410.0,159,,,RGI60-11.01238,-816.3010210966872,5159632.326762645,99,187,0099_0187
274,2008-07-23,2008-07-23,46.590232,8.385864,2410.0,159,,,RGI60-11.01238,-814.7692692377663,5159629.770833093,99,187,0099_0187
274,2008-07-23,2008-07-23,46.590209,8.385885,2409.0,158,,,RGI60-11.01238,-813.1609111921658,5159627.214893631,99,187,0099_0187
274,2008-07-23,2008-07-23,46.590186,8.385905,2409.0,158,,,RGI60-11.01238,-811.6291567083517,5159624.658964896,99,187,0099_0187
274,2008-07-23,2008-07-23,46.590163,8.385926,2408.0,157,,,RGI60-11.01238,-810.0207959729285,5159622.1030262895,99,187,0099_0187
274,2008-07-23,2008-07-23,46.590141,8.385948,2408.0,157,,,RGI60-11.01238,-808.3358140222224,5159619.658196249,99,187,0099_0187
274,2008-07-23,2008-07-23,46.590118,8.385969,2407.0,156,,,RGI60-11.01238,-806.7274505620065,5159617.10225854,99,187,0099_0187
274,2008-07-23,2008-07-23,46.590096,8.385991,2407.0,156,,,RGI60-11.01238,-805.0424658835806,5159614.657429441,99,187,0099_0187
274,2008-07-23,2008-07-23,46.590074,8.386013,2406.0,156,,,RGI60-11.01238,-803.3574798413588,5159612.21260082,99,187,0099_0187
274,2008-07-23,2008-07-23,46.590052,8.386036,2406.0,155,,,RGI60-11.01238,-801.59588732353,5159609.767762513,99,187,0099_0187
274,2008-07-23,2008-07-23,46.59003,8.386059,2406.0,155,,,RGI60-11.01238,-799.8342933800376,5159607.322924729,99,187,0099_0187
274,2008-07-23,2008-07-23,46.590009,8.386084,2405.0,154,,,RGI60-11.01238,-797.9194729886959,5159604.98918561,99,187,0099_0187
274,2008-07-23,2008-07-23,46.589988,8.386108,2405.0,154,,,RGI60-11.01238,-796.08125631966,5159602.6554572005,99,187,0099_0187
274,2008-07-23,2008-07-23,46.589967,8.386133,2404.0,153,,,RGI60-11.01238,-794.1664329991618,5159600.321719289,99,187,0099_0187
274,2008-07-23,2008-07-23,46.589947,8.386159,2403.0,152,,,RGI60-11.01238,-792.1749883690568,5159598.099090321,99,187,0099_0187
274,2008-07-23,2008-07-23,46.589926,8.386185,2403.0,152,,,RGI60-11.01238,-790.1835568062479,5159595.765343645,99,187,0099_0187
274,2008-07-23,2008-07-23,46.589907,8.386212,2402.0,152,,,RGI60-11.01238,-788.115489397114,5159593.653824389,99,187,0099_0187
274,2008-07-23,2008-07-23,46.589888,8.386239,2402.0,152,,,RGI60-11.01238,-786.0474205426261,5159591.542305848,99,187,0099_0187
274,2008-07-23,2008-07-23,46.589869,8.386267,2401.0,152,,,RGI60-11.01238,-783.9027448730227,5159589.430778081,99,187,0099_0187
274,2008-07-23,2008-07-23,46.58985,8.386296,2400.0,151,,,RGI60-11.01238,-781.6814623082415,5159587.319241172,99,187,0099_0187
274,2008-07-23,2008-07-23,46.589832,8.386324,2400.0,151,,,RGI60-11.01238,-779.5367692770723,5159585.318833342,99,187,0099_0187
274,2008-07-23,2008-07-23,46.589814,8.386353,2399.0,151,,,RGI60-11.01238,-777.3154693787911,5159583.318416424,99,187,0099_0187
274,2008-07-23,2008-07-23,46.589796,8.386383,2399.0,150,,,RGI60-11.01238,-775.0175625373179,5159581.317990502,99,187,0099_0187
274,2008-07-23,2008-07-23,46.589778,8.386412,2398.0,150,,,RGI60-11.01238,-772.7962596719052,5159579.317575259,99,187,0099_0187
274,2008-07-23,2008-07-23,46.58976,8.386441,2397.0,149,,,RGI60-11.01238,-770.5749553354256,5159577.317160838,99,188,0099_0188
274,2008-07-23,2008-07-23,46.589742,8.38647,2397.0,149,,,RGI60-11.01238,-768.3536495280008,5159575.316747242,99,188,0099_0188
274,2008-07-23,2008-07-23,46.589724,8.3865,2396.0,148,,,RGI60-11.01238,-766.0557366760689,5159573.316324755,100,188,0100_0188
274,2008-07-23,2008-07-23,46.589706,8.386528,2396.0,148,,,RGI60-11.01238,-763.9110335003202,5159571.3159225155,100,188,0100_0188
274,2008-07-23,2008-07-23,46.589687,8.386557,2395.0,147,,,RGI60-11.01238,-761.6897372884159,5159569.20439302,100,188,0100_0188
274,2008-07-23,2008-07-23,46.589668,8.386585,2395.0,146,,,RGI60-11.01238,-759.5450451764291,5159567.092873977,100,188,0100_0188
274,2008-07-23,2008-07-23,46.589649,8.386612,2394.0,146,,,RGI60-11.01238,-757.4769572445456,5159564.981365304,100,188,0100_0188
274,2008-07-23,2008-07-23,46.58963,8.386639,2393.0,145,,,RGI60-11.01238,-755.4088678670737,5159562.8698573485,100,188,0100_0188
274,2008-07-23,2008-07-23,46.58961,8.386666,2393.0,145,,,RGI60-11.01238,-753.3407908987806,5159560.647231739,100,188,0100_0188
274,2008-07-23,2008-07-23,46.589589,8.386691,2392.0,145,,,RGI60-11.01238,-751.4259377531812,5159558.313507531,100,188,0100_0188
274,2008-07-23,2008-07-23,46.589569,8.386717,2392.0,145,,,RGI60-11.01238,-749.4344635517912,5159556.090892801,100,188,0100_0188
274,2008-07-23,2008-07-23,46.589548,8.386742,2391.0,146,,,RGI60-11.01238,-747.5196074531227,5159553.757169849,100,188,0100_0188
274,2008-07-23,2008-07-23,46.589526,8.386765,2391.0,146,,,RGI60-11.01238,-745.7579752925344,5159551.312348053,100,188,0100_0188
274,2008-07-23,2008-07-23,46.589504,8.386788,2390.0,146,,,RGI60-11.01238,-743.9963417061829,5159548.867526781,100,188,0100_0188
274,2008-07-23,2008-07-23,46.589483,8.386811,2390.0,147,,,RGI60-11.01238,-742.234693043373,5159546.533824399,100,188,0100_0188
274,2008-07-23,2008-07-23,46.58946,8.386832,2389.0,148,,,RGI60-11.01238,-740.6262821467188,5159543.977904587,100,188,0100_0188
274,2008-07-23,2008-07-23,46.589437,8.386853,2389.0,148,,,RGI60-11.01238,-739.0178698889802,5159541.421985214,100,188,0100_0188
274,2008-07-23,2008-07-23,46.589414,8.386874,2389.0,149,,,RGI60-11.01238,-737.4094562701576,5159538.866066279,100,188,0100_0188
274,2008-07-23,2008-07-23,46.589391,8.386893,2388.0,150,,,RGI60-11.01238,-735.9542533758124,5159536.310166442,100,188,0100_0188
274,2008-07-23,2008-07-23,46.589367,8.386912,2388.0,152,,,RGI60-11.01238,-734.4990627581312,5159533.643148606,100,188,0100_0188
274,2008-07-23,2008-07-23,46.589344,8.386931,2387.0,153,,,RGI60-11.01238,-733.0438573742025,5159531.08724949,100,188,0100_0188
274,2008-07-23,2008-07-23,46.589319,8.386948,2386.0,153,,,RGI60-11.01238,-731.7418899562911,5159528.309132568,100,188,0100_0188
274,2008-07-23,2008-07-23,46.589295,8.386966,2386.0,153,,,RGI60-11.01238,-730.3633017294138,5159525.6421250375,100,188,0100_0188
274,2008-07-23,2008-07-23,46.589271,8.386983,2386.0,153,,,RGI60-11.01238,-729.0613184966916,5159522.975127075,100,188,0100_0188
274,2008-07-23,2008-07-23,46.589246,8.386999,2385.0,152,,,RGI60-11.01238,-727.8359537457046,5159520.197020274,100,188,0100_0188
274,2008-07-23,2008-07-23,46.589222,8.387015,2385.0,152,,,RGI60-11.01238,-726.6105745042615,5159517.530032093,100,188,0100_0188
274,2008-07-23,2008-07-23,46.589197,8.38703,2384.0,152,,,RGI60-11.01238,-725.4618138374079,5159514.75193501,100,188,0100_0188
274,2008-07-23,2008-07-23,46.589172,8.387045,2384.0,151,,,RGI60-11.01238,-724.3130521135282,5159511.973838158,100,188,0100_0188
274,2008-07-23,2008-07-23,46.589147,8.38706,2383.0,151,,,RGI60-11.01238,-723.1642893331108,5159509.195741534,100,189,0100_0189
274,2008-07-23,2008-07-23,46.589122,8.387075,2383.0,151,,,RGI60-11.01238,-722.0155254959119,5159506.417645145,100,189,0100_0189
274,2008-07-23,2008-07-23,46.589097,8.387089,2383.0,150,,,RGI60-11.01238,-720.943367058736,5159503.639558124,100,189,0100_0189
274,2008-07-23,2008-07-23,46.589072,8.387104,2382.0,149,,,RGI60-11.01238,-719.7946011430769,5159500.86146218,100,189,0100_0189
274,2008-07-23,2008-07-23,46.589047,8.387119,2382.0,148,,,RGI60-11.01238,-718.6458341706388,5159498.083366468,100,189,0100_0189
274,2008-07-23,2008-07-23,46.589022,8.387134,2381.0,147,,,RGI60-11.01238,-717.4970661415441,5159495.305270984,100,189,0100_0189
274,2008-07-23,2008-07-23,46.588997,8.387149,2381.0,147,,,RGI60-11.01238,-716.3482970555498,5159492.527175731,100,189,0100_0189
274,2008-07-23,2008-07-23,46.588972,8.387165,2381.0,146,,,RGI60-11.01238,-715.1229202797466,5159489.749071643,100,189,0100_0189
274,2008-07-23,2008-07-23,46.588948,8.38718,2380.0,146,,,RGI60-11.01238,-713.9741359145123,5159487.082095222,100,189,0100_0189
274,2008-07-23,2008-07-23,46.588923,8.387197,2380.0,145,,,RGI60-11.01238,-712.6721502398519,5159484.303982602,100,189,0100_0189
274,2008-07-23,2008-07-23,46.588899,8.387215,2379.0,145,,,RGI60-11.01238,-711.2935435492211,5159481.636979611,100,189,0100_0189
274,2008-07-23,2008-07-23,46.588875,8.387232,2379.0,145,,,RGI60-11.01238,-709.9915424107858,5159478.969985947,100,189,0100_0189
274,2008-07-23,2008-07-23,46.588852,8.387251,2379.0,145,,,RGI60-11.01238,-708.5363134850584,5159476.41409296,100,189,0100_0189
274,2008-07-23,2008-07-23,46.588828,8.387271,2378.0,145,,,RGI60-11.01238,-707.0044894954939,5159473.747073015,100,189,0100_0189
274,2008-07-23,2008-07-23,46.588805,8.387291,2378.0,145,,,RGI60-11.01238,-705.4726511795,5159471.191171823,100,189,0100_0189
274,2008-07-23,2008-07-23,46.588782,8.387312,2377.0,145,,,RGI60-11.01238,-703.8642046662916,5159468.635262106,100,189,0100_0189
274,2008-07-23,2008-07-23,46.58876,8.387333,2377.0,144,,,RGI60-11.01238,-702.2557438771496,5159466.190471178,100,189,0100_0189
274,2008-07-23,2008-07-23,46.588737,8.387355,2376.0,144,,,RGI60-11.01238,-700.5706877072936,5159463.634553454,100,189,0100_0189
274,2008-07-23,2008-07-23,46.588715,8.387377,2376.0,144,,,RGI60-11.01238,-698.8856172585753,5159461.1897545615,101,189,0101_0189
274,2008-07-23,2008-07-23,46.588692,8.387399,2375.0,143,,,RGI60-11.01238,-697.2005582679825,5159458.633837798,101,189,0101_0189
274,2008-07-23,2008-07-23,46.588681,8.38741,2375.0,143,,,RGI60-11.01238,-696.3580218348602,5159457.4114387715,101,189,0101_0189
274,2008-07-23,2008-07-23,46.587999,8.387734,2363.0,138,,,RGI60-11.01238,-671.5457624684141,5159381.625919118,101,190,0101_0190
274,2008-07-23,2008-07-23,46.587973,8.38774,2363.0,138,,,RGI60-11.01238,-671.086435319012,5159378.736791305,101,191,0101_0191
274,2008-07-23,2008-07-23,46.587946,8.387746,2362.0,139,,,RGI60-11.01238,-670.6271200630114,5159375.736545206,101,191,0101_0191
274,2008-07-23,2008-07-23,46.58792,8.387754,2362.0,139,,,RGI60-11.01238,-670.0145757954958,5159372.8474004995,101,191,0101_0191
274,2008-07-23,2008-07-23,46.587893,8.387762,2361.0,141,,,RGI60-11.01238,-669.4020432519469,5159369.847137535,101,191,0101_0191
274,2008-07-23,2008-07-23,46.587867,8.387772,2361.0,143,,,RGI60-11.01238,-668.6362814210078,5159366.957976023,101,191,0101_0191
274,2008-07-23,2008-07-23,46.587841,8.387783,2361.0,144,,,RGI60-11.01238,-667.7939106307877,5159364.068806154,101,191,0101_0191
274,2008-07-23,2008-07-23,46.587816,8.387797,2360.0,146,,,RGI60-11.01238,-666.7217019843009,5159361.290729386,101,191,0101_0191
274,2008-07-23,2008-07-23,46.587791,8.387811,2360.0,147,,,RGI60-11.01238,-665.6494923516311,5159358.51265282,101,191,0101_0191
274,2008-07-23,2008-07-23,46.587767,8.387828,2359.0,148,,,RGI60-11.01238,-664.3474445185965,5159355.845669515,101,191,0101_0191
274,2008-07-23,2008-07-23,46.587742,8.387845,2359.0,148,,,RGI60-11.01238,-663.0454077293016,5159353.067568171,101,191,0101_0191
274,2008-07-23,2008-07-23,46.587719,8.387864,2358.0,149,,,RGI60-11.01238,-661.5901286069997,5159350.511687003,101,191,0101_0191
274,2008-07-23,2008-07-23,46.587696,8.387884,2358.0,149,,,RGI60-11.01238,-660.0582398224449,5159347.955797827,101,191,0101_0191
274,2008-07-23,2008-07-23,46.587673,8.387906,2357.0,149,,,RGI60-11.01238,-658.3731328153129,5159345.399892356,101,191,0101_0191
274,2008-07-23,2008-07-23,46.587651,8.387927,2357.0,149,,,RGI60-11.01238,-656.7646208000693,5159342.955114018,101,191,0101_0191
274,2008-07-23,2008-07-23,46.587628,8.38795,2357.0,149,,,RGI60-11.01238,-655.0029024780338,5159340.39920118,101,191,0101_0191
274,2008-07-23,2008-07-23,46.587606,8.387972,2356.0,149,,,RGI60-11.01238,-653.3177792100063,5159337.954415477,101,191,0101_0191
274,2008-07-23,2008-07-23,46.587584,8.387995,2356.0,148,,,RGI60-11.01238,-651.5560459895198,5159335.509621991,101,191,0101_0191
274,2008-07-23,2008-07-23,46.587562,8.388017,2355.0,148,,,RGI60-11.01238,-649.8709199628256,5159333.064837269,101,191,0101_0191
274,2008-07-23,2008-07-23,46.58754,8.388039,2355.0,148,,,RGI60-11.01238,-648.1857925722965,5159330.620053025,101,191,0101_0191
274,2008-07-23,2008-07-23,46.587517,8.38806,2355.0,147,,,RGI60-11.01238,-646.5772843898109,5159328.064159132,101,191,0101_0191
274,2008-07-23,2008-07-23,46.587495,8.388082,2354.0,147,,,RGI60-11.01238,-644.8921542713656,5159325.619375826,101,191,0101_0191
274,2008-07-23,2008-07-23,46.587471,8.388102,2354.0,147,,,RGI60-11.01238,-643.3602639417668,5159322.952372661,101,191,0101_0191
274,2008-07-23,2008-07-23,46.587448,8.388121,2353.0,147,,,RGI60-11.01238,-641.9049692365338,5159320.396496358,101,191,0101_0191
274,2008-07-23,2008-07-23,46.587424,8.388139,2353.0,147,,,RGI60-11.01238,-640.5262938914741,5159317.7295102095,101,191,0101_0191
274,2008-07-23,2008-07-23,46.5874,8.388157,2353.0,148,,,RGI60-11.01238,-639.1476173293274,5159315.062524389,101,191,0101_0191
274,2008-07-23,2008-07-23,46.587376,8.388174,2352.0,148,,,RGI60-11.01238,-637.8455484312652,5159312.395546981,101,192,0101_0192
274,2008-07-23,2008-07-23,46.587351,8.388189,2352.0,149,,,RGI60-11.01238,-636.6967079229397,5159309.617467682,101,192,0101_0192
274,2008-07-23,2008-07-23,46.587326,8.388204,2352.0,150,,,RGI60-11.01238,-635.5478663578816,5159306.839388614,101,192,0101_0192
274,2008-07-23,2008-07-23,46.5873,8.388217,2351.0,151,,,RGI60-11.01238,-634.552253379898,5159303.950207544,101,192,0101_0192
274,2008-07-23,2008-07-23,46.587275,8.38823,2351.0,152,,,RGI60-11.01238,-633.5566277984553,5159301.172144974,102,192,0102_0192
274,2008-07-23,2008-07-23,46.587249,8.388242,2350.0,152,,,RGI60-11.01238,-632.6376219942705,5159298.282972276,102,192,0102_0192
274,2008-07-23,2008-07-23,46.587223,8.388252,2350.0,153,,,RGI60-11.01238,-631.8718335051477,5159295.393815753,102,192,0102_0192
274,2008-07-23,2008-07-23,46.587197,8.388263,2350.0,155,,,RGI60-11.01238,-631.0294351494772,5159292.504651341,102,192,0102_0192
274,2008-07-23,2008-07-23,46.587171,8.388272,2350.0,157,,,RGI60-11.01238,-630.3402543286445,5159289.615503037,102,192,0102_0192
274,2008-07-23,2008-07-23,46.587145,8.38828,2349.0,158,,,RGI60-11.01238,-629.7276820554523,5159286.726362812,102,192,0102_0192
274,2008-07-23,2008-07-23,46.587118,8.388288,2349.0,159,,,RGI60-11.01238,-629.1151207652954,5159283.726104341,102,192,0102_0192
274,2008-07-23,2008-07-23,46.587092,8.388295,2349.0,159,,,RGI60-11.01238,-628.5791565900778,5159280.836972235,102,192,0102_0192
274,2008-07-23,2008-07-23,46.587065,8.388301,2348.0,159,,,RGI60-11.01238,-628.1198127709754,5159277.836729835,102,192,0102_0192
274,2008-07-23,2008-07-23,46.587038,8.388307,2348.0,159,,,RGI60-11.01238,-627.6604684955231,5159274.836487483,102,192,0102_0192
274,2008-07-23,2008-07-23,46.587012,8.388312,2348.0,159,,,RGI60-11.01238,-627.2777216237101,5159271.947371452,102,192,0102_0192
274,2008-07-23,2008-07-23,46.586985,8.388317,2348.0,159,,,RGI60-11.01238,-626.8949859139487,5159268.947137139,102,192,0102_0192
274,2008-07-23,2008-07-23,46.586958,8.388321,2347.0,160,,,RGI60-11.01238,-626.5888592940889,5159265.94691081,102,192,0102_0192
274,2008-07-23,2008-07-23,46.586931,8.388325,2347.0,160,,,RGI60-11.01238,-626.2827323697873,5159262.9466845095,102,192,0102_0192
274,2008-07-23,2008-07-23,46.586904,8.388329,2347.0,160,,,RGI60-11.01238,-625.9766051410451,5159259.946458239,102,192,0102_0192
274,2008-07-23,2008-07-23,46.586877,8.388332,2346.0,159,,,RGI60-11.01238,-625.7470871923928,5159256.946239931,102,192,0102_0192
274,2008-07-23,2008-07-23,46.58685,8.388335,2346.0,159,,,RGI60-11.01238,-625.5175690154966,5159253.946021648,102,192,0102_0192
274,2008-07-23,2008-07-23,46.586823,8.388338,2346.0,159,,,RGI60-11.01238,-625.2880506102354,5159250.945803386,102,192,0102_0192
274,2008-07-23,2008-07-23,46.586797,8.388341,2346.0,159,,,RGI60-11.01238,-625.0585204821073,5159248.05670346,102,192,0102_0192
274,2008-07-23,2008-07-23,46.58677,8.388343,2345.0,159,,,RGI60-11.01238,-624.9056113594982,5159245.056493166,102,193,0102_0193
274,2008-07-23,2008-07-23,46.586743,8.388346,2345.0,159,,,RGI60-11.01238,-624.6760923114103,5159242.05627497,102,193,0102_0193
274,2008-07-23,2008-07-23,46.586716,8.388348,2345.0,158,,,RGI60-11.01238,-624.5231828463059,5159239.056064715,102,193,0102_0193
274,2008-07-23,2008-07-23,46.586689,8.388349,2345.0,158,,,RGI60-11.01238,-624.4468830784191,5159236.055862394,102,193,0102_0193
274,2008-07-23,2008-07-23,46.586662,8.388351,2345.0,158,,,RGI60-11.01238,-624.293973346773,5159233.055652171,102,193,0102_0193
274,2008-07-23,2008-07-23,46.586635,8.388352,2344.0,158,,,RGI60-11.01238,-624.2176733884191,5159230.055449883,102,193,0102_0193
274,2008-07-23,2008-07-23,46.586608,8.388352,2344.0,158,,,RGI60-11.01238,-624.2179833173491,5159227.055255521,102,193,0102_0193
274,2008-07-23,2008-07-23,46.586581,8.388353,2344.0,157,,,RGI60-11.01238,-624.1416832443605,5159224.055053262,102,193,0102_0193
274,2008-07-23,2008-07-23,46.586554,8.388352,2344.0,157,,,RGI60-11.01238,-624.2186031747898,5159221.054866844,102,193,0102_0193
274,2008-07-23,2008-07-23,46.586527,8.388352,2344.0,157,,,RGI60-11.01238,-624.2189131033008,5159218.054672523,102,193,0102_0193
274,2008-07-23,2008-07-23,46.5865,8.38835,2343.0,157,,,RGI60-11.01238,-624.3724432629667,5159215.054494051,102,193,0102_0193
274,2008-07-23,2008-07-23,46.586473,8.388348,2343.0,157,,,RGI60-11.01238,-624.5259735747645,5159212.054315594,102,193,0102_0193
274,2008-07-23,2008-07-23,46.586446,8.388345,2343.0,156,,,RGI60-11.01238,-624.7561142304152,5159209.054145077,102,193,0102_0193
274,2008-07-23,2008-07-23,46.586419,8.388341,2343.0,156,,,RGI60-11.01238,-625.0628653439095,5159206.0539825065,102,193,0102_0193
274,2008-07-23,2008-07-23,46.586392,8.388338,2343.0,156,,,RGI60-11.01238,-625.2930064937657,5159203.053812038,102,193,0102_0193
274,2008-07-23,2008-07-23,46.586366,8.388332,2342.0,155,,,RGI60-11.01238,-625.7529672822308,5159200.164783692,102,193,0102_0193
274,2008-07-23,2008-07-23,46.586339,8.388326,2342.0,155,,,RGI60-11.01238,-626.2129400257744,5159197.1646370925,102,193,0102_0193
274,2008-07-23,2008-07-23,46.586312,8.38832,2342.0,154,,,RGI60-11.01238,-626.6729132255031,5159194.1644905405,102,193,0102_0193
274,2008-07-23,2008-07-23,46.586286,8.388312,2342.0,154,,,RGI60-11.01238,-627.2860961834745,5159191.275478244,102,193,0102_0193
274,2008-07-23,2008-07-23,46.583454,8.384553,2289.0,54,,,RGI60-11.01238,-915.312317908164,5158876.625279347,97,198,0097_0198
274,2008-07-23,2008-07-23,46.583445,8.38459,2289.0,55,,,RGI60-11.01238,-912.4777358598709,5158875.624786434,97,198,0097_0198
274,2008-07-23,2008-07-23,46.583436,8.384627,2289.0,56,,,RGI60-11.01238,-909.6431528730841,5158874.624294852,97,198,0097_0198
274,2008-07-23,2008-07-23,46.583428,8.384664,2289.0,57,,,RGI60-11.01238,-906.808552274579,5158873.734922848,97,198,0097_0198
274,2008-07-23,2008-07-23,46.583419,8.384701,2289.0,58,,,RGI60-11.01238,-903.9739674636622,5158872.734433929,97,198,0097_0198
274,2008-07-23,2008-07-23,46.58341,8.384738,2289.0,60,,,RGI60-11.01238,-901.1393817142527,5158871.733946342,97,198,0097_0198
274,2008-07-23,2008-07-23,46.583402,8.384775,2289.0,62,,,RGI60-11.01238,-898.3047785096222,5158870.844578331,98,198,0098_0198
274,2008-07-23,2008-07-23,46.583393,8.384813,2289.0,63,,,RGI60-11.01238,-895.3935764432375,5158869.844082055,98,198,0098_0198
274,2008-07-23,2008-07-23,46.583385,8.38485,2289.0,64,,,RGI60-11.01238,-892.5589715070934,5158868.954716741,98,198,0098_0198
274,2008-07-23,2008-07-23,46.583378,8.384888,2289.0,65,,,RGI60-11.01238,-889.6477348636612,5158868.176459727,98,198,0098_0198
274,2008-07-23,2008-07-23,46.58337,8.384925,2289.0,66,,,RGI60-11.01238,-886.8131283003744,5158867.287097113,98,198,0098_0198
274,2008-07-23,2008-07-23,46.583363,8.384963,2289.0,67,,,RGI60-11.01238,-883.9018901143271,5158866.508842868,98,198,0098_0198
274,2008-07-23,2008-07-23,46.583357,8.385001,2289.0,68,,,RGI60-11.01238,-880.9906349800964,5158865.841708275,98,198,0098_0198
274,2008-07-23,2008-07-23,46.583352,8.38504,2289.0,70,,,RGI60-11.01238,-878.0027485076739,5158865.285682198,98,198,0098_0198
274,2008-07-23,2008-07-23,46.583347,8.385078,2289.0,71,,,RGI60-11.01238,-875.0914760433528,5158864.729668693,98,198,0098_0198
274,2008-07-23,2008-07-23,46.583343,8.385117,2289.0,73,,,RGI60-11.01238,-872.1035724437002,5158864.2847637795,98,198,0098_0198
274,2008-07-23,2008-07-23,46.583339,8.385155,2289.0,75,,,RGI60-11.01238,-869.1922829733016,5158863.839871362,98,198,0098_0198
274,2008-07-23,2008-07-23,46.583337,8.385195,2289.0,77,,,RGI60-11.01238,-866.127732074684,5158863.617194875,98,198,0098_0198
274,2008-07-23,2008-07-23,46.583335,8.385234,2290.0,79,,,RGI60-11.01238,-863.1397955249618,5158863.394530885,98,198,0098_0198
274,2008-07-23,2008-07-23,46.583334,8.385273,2290.0,80,,,RGI60-11.01238,-860.1518429400444,5158863.282986619,98,198,0098_0198
274,2008-07-23,2008-07-23,46.583334,8.385312,2290.0,82,,,RGI60-11.01238,-857.1638744842653,5158863.282562074,98,198,0098_0198
274,2008-07-23,2008-07-23,46.583335,8.385351,2290.0,83,,,RGI60-11.01238,-854.1758903229314,5158863.393257252,98,198,0098_0198
274,2008-07-23,2008-07-23,46.583336,8.38539,2290.0,84,,,RGI60-11.01238,-851.1879062713339,5158863.503953909,98,198,0098_0198
274,2008-07-23,2008-07-23,46.583338,8.385429,2290.0,85,,,RGI60-11.01238,-848.1999067335753,5158863.725770287,98,198,0098_0198
274,2008-07-23,2008-07-23,46.583341,8.385468,2291.0,85,,,RGI60-11.01238,-845.2118918748396,5158864.058706389,98,198,0098_0198
274,2008-07-23,2008-07-23,46.583344,8.385507,2291.0,86,,,RGI60-11.01238,-842.223877345476,5158864.391643968,98,198,0098_0198
274,2008-07-23,2008-07-23,46.583348,8.385545,2291.0,87,,,RGI60-11.01238,-839.3124622708968,5158864.835711912,98,198,0098_0198
274,2008-07-23,2008-07-23,46.583352,8.385584,2291.0,87,,,RGI60-11.01238,-836.3244330740512,5158865.279770654,98,198,0098_0198
274,2008-07-23,2008-07-23,46.583357,8.385623,2291.0,88,,,RGI60-11.01238,-833.336388993966,5158865.83494912,98,198,0098_0198
274,2008-07-23,2008-07-23,46.583362,8.385661,2291.0,88,,,RGI60-11.01238,-830.4249599997823,5158866.390139592,99,198,0099_0198
274,2008-07-23,2008-07-23,46.583367,8.3857,2291.0,88,,,RGI60-11.01238,-827.4369170115214,5158866.945320976,99,198,0099_0198
274,2008-07-23,2008-07-23,46.583372,8.385738,2292.0,89,,,RGI60-11.01238,-824.5254890949537,5158867.500514289,99,198,0099_0198
274,2008-07-23,2008-07-23,46.583377,8.385777,2292.0,89,,,RGI60-11.01238,-821.537447198395,5158868.05569859,99,198,0099_0198
274,2008-07-23,2008-07-23,46.583381,8.385815,2292.0,90,,,RGI60-11.01238,-818.626035411588,5158868.499776501,99,198,0099_0198
274,2008-07-23,2008-07-23,46.583386,8.385854,2292.0,90,,,RGI60-11.01238,-815.6379945516721,5158869.05496372,99,198,0099_0198
274,2008-07-23,2008-07-23,46.58339,8.385892,2293.0,91,,,RGI60-11.01238,-812.726583680483,5158869.499044474,99,198,0099_0198
274,2008-07-23,2008-07-23,46.583394,8.385931,2293.0,92,,,RGI60-11.01238,-809.7385587461899,5158869.943116364,99,198,0099_0198
274,2008-07-23,2008-07-23,46.583398,8.38597,2294.0,93,,,RGI60-11.01238,-806.7505342512709,5158870.387189733,99,198,0099_0198
274,2008-07-23,2008-07-23,46.583402,8.386009,2294.0,94,,,RGI60-11.01238,-803.7625101960916,5158870.831264579,99,198,0099_0198
274,2008-07-23,2008-07-23,46.583404,8.386048,2295.0,96,,,RGI60-11.01238,-800.7745160280023,5158871.053104408,99,198,0099_0198
274,2008-07-23,2008-07-23,46.583407,8.386087,2295.0,98,,,RGI60-11.01238,-797.7865074109168,5158871.38606396,99,198,0099_0198
274,2008-07-23,2008-07-23,46.583409,8.386126,2295.0,99,,,RGI60-11.01238,-794.7985137372456,5158871.607906746,99,198,0099_0198
274,2008-07-23,2008-07-23,46.58341,8.386165,2295.0,101,,,RGI60-11.01238,-791.8105348425357,5158871.71863276,99,198,0099_0198
274,2008-07-23,2008-07-23,46.583412,8.386204,2296.0,103,,,RGI60-11.01238,-788.8225415536469,5158871.940478501,99,198,0099_0198
274,2008-07-23,2008-07-23,46.583413,8.386243,2296.0,106,,,RGI60-11.01238,-785.8345629334756,5158872.05120747,99,198,0099_0198
274,2008-07-23,2008-07-23,46.583413,8.386282,2296.0,108,,,RGI60-11.01238,-782.8465988176887,5158872.050819669,99,198,0099_0198
274,2008-07-23,2008-07-23,46.583413,8.386321,2296.0,114,,,RGI60-11.01238,-779.858634701639,5158872.050433346,99,198,0099_0198
274,2008-07-23,2008-07-23,46.583413,8.38636,2297.0,120,,,RGI60-11.01238,-776.8706705858132,5158872.0500485,99,198,0099_0198
274,2008-07-23,2008-07-23,46.583411,8.386399,2297.0,124,,,RGI60-11.01238,-773.882734928646,5158871.827428638,99,198,0099_0198
274,2008-07-23,2008-07-23,46.58341,8.386439,2297.0,127,,,RGI60-11.01238,-770.8181704086242,5158871.715918728,99,198,0099_0198
274,2008-07-23,2008-07-23,46.583409,8.386478,2297.0,129,,,RGI60-11.01238,-767.8302202459697,5158871.604420105,99,198,0099_0198
274,2008-07-23,2008-07-23,46.583407,8.386517,2297.0,131,,,RGI60-11.01238,-764.842284036647,5158871.381804712,100,198,0100_0198
274,2008-07-23,2008-07-23,46.583405,8.386556,2297.0,132,,,RGI60-11.01238,-761.8543476074225,5158871.159190799,100,198,0100_0198
274,2008-07-23,2008-07-23,46.583403,8.386595,2297.0,133,,,RGI60-11.01238,-758.8664109586618,5158870.93657836,100,198,0100_0198
274,2008-07-23,2008-07-23,46.5834,8.386634,2297.0,134,,,RGI60-11.01238,-755.878487988287,5158870.602849154,100,198,0100_0198
274,2008-07-23,2008-07-23,46.583398,8.386673,2297.0,134,,,RGI60-11.01238,-752.8905508450264,5158870.380239672,100,198,0100_0198
274,2008-07-23,2008-07-23,46.583395,8.386712,2297.0,135,,,RGI60-11.01238,-749.9026272703923,5158870.046513421,100,198,0100_0198
274,2008-07-23,2008-07-23,46.583393,8.386751,2297.0,139,,,RGI60-11.01238,-746.9146896323882,5158869.823906894,100,198,0100_0198
274,2008-07-23,2008-07-23,46.58339,8.38679,2297.0,140,,,RGI60-11.01238,-743.9267654534957,5158869.4901835965,100,198,0100_0198
274,2008-07-23,2008-07-23,46.583388,8.386829,2297.0,141,,,RGI60-11.01238,-740.9388273209923,5158869.267580023,100,198,0100_0198
274,2008-07-23,2008-07-23,46.583386,8.386867,2298.0,141,,,RGI60-11.01238,-738.0275034714446,5158869.044987283,100,198,0100_0198
274,2008-07-23,2008-07-23,46.583384,8.386907,2298.0,140,,,RGI60-11.01238,-734.9629503968918,5158868.82237731,100,198,0100_0198
274,2008-07-23,2008-07-23,46.583382,8.386946,2298.0,140,,,RGI60-11.01238,-731.9750116051729,5158868.599778168,100,198,0100_0198
274,2008-07-23,2008-07-23,46.583381,8.386985,2298.0,139,,,RGI60-11.01238,-728.9870591898515,5158868.488298751,100,198,0100_0198
274,2008-07-23,2008-07-23,46.583379,8.387024,2298.0,139,,,RGI60-11.01238,-725.999120013393,5158868.265702568,100,198,0100_0198
274,2008-07-23,2008-07-23,46.583379,8.387063,2299.0,138,,,RGI60-11.01238,-723.0111540292706,5158868.2653443515,100,198,0100_0198
274,2008-07-23,2008-07-23,46.583378,8.387102,2299.0,138,,,RGI60-11.01238,-720.0232012840111,5158868.153869366,100,198,0100_0198
274,2008-07-23,2008-07-23,46.583378,8.387141,2299.0,137,,,RGI60-11.01238,-717.0352352447908,5158868.153514106,100,198,0100_0198
274,2008-07-23,2008-07-23,46.583379,8.38718,2299.0,136,,,RGI60-11.01238,-714.0472560763079,5158868.264278569,100,198,0100_0198
274,2008-07-23,2008-07-23,46.583379,8.38722,2300.0,136,,,RGI60-11.01238,-710.9826755796362,5158868.263917248,100,198,0100_0198
274,2008-07-23,2008-07-23,46.58338,8.387259,2300.0,135,,,RGI60-11.01238,-707.9946965772241,5158868.374684703,100,198,0100_0198
274,2008-07-23,2008-07-23,46.583382,8.387298,2300.0,134,,,RGI60-11.01238,-705.0067047219013,5158868.596571881,100,198,0100_0198
274,2008-07-23,2008-07-23,46.583384,8.387337,2300.0,133,,,RGI60-11.01238,-702.0187130860761,5158868.818460539,100,198,0100_0198
274,2008-07-23,2008-07-23,46.583386,8.387376,2300.0,133,,,RGI60-11.01238,-699.0307216702363,5158869.040350672,101,198,0101_0198
274,2008-07-23,2008-07-23,46.583388,8.387415,2301.0,132,,,RGI60-11.01238,-696.0427304738944,5158869.262242285,101,198,0101_0198
274,2008-07-23,2008-07-23,46.583391,8.387454,2301.0,131,,,RGI60-11.01238,-693.0547267541572,5158869.595253619,101,198,0101_0198
274,2008-07-23,2008-07-23,46.583393,8.387493,2301.0,130,,,RGI60-11.01238,-690.0667360524822,5158869.817148186,101,198,0101_0198
274,2008-07-23,2008-07-23,46.583396,8.387532,2301.0,129,,,RGI60-11.01238,-687.0787329369257,5158870.150162476,101,198,0101_0198
274,2008-07-23,2008-07-23,46.583399,8.38757,2301.0,128,,,RGI60-11.01238,-684.1673446354193,5158870.483186917,101,198,0101_0198
274,2008-07-23,2008-07-23,46.583402,8.387609,2301.0,127,,,RGI60-11.01238,-681.179342175001,5158870.816204124,101,198,0101_0198
274,2008-07-23,2008-07-23,46.583405,8.387648,2302.0,125,,,RGI60-11.01238,-678.1913400442036,5158871.14922281,101,198,0101_0198
274,2008-07-23,2008-07-23,46.583407,8.387687,2302.0,124,,,RGI60-11.01238,-675.2033506580584,5158871.371124724,101,198,0101_0198
274,2008-07-23,2008-07-23,46.58341,8.387726,2302.0,123,,,RGI60-11.01238,-672.2153491314423,5158871.704146366,101,198,0101_0198
274,2008-07-23,2008-07-23,46.583412,8.387765,2302.0,122,,,RGI60-11.01238,-669.2273602398434,5158871.926051235,101,198,0101_0198
274,2008-07-23,2008-07-23,46.583415,8.387804,2302.0,121,,,RGI60-11.01238,-666.2393593176527,5158872.25907583,101,198,0101_0198
274,2008-07-23,2008-07-23,46.583416,8.387843,2303.0,120,,,RGI60-11.01238,-663.2513831156297,5158872.369865408,101,198,0101_0198
274,2008-07-23,2008-07-23,46.583418,8.387882,2303.0,118,,,RGI60-11.01238,-660.2633948831367,5158872.59177471,101,198,0101_0198
274,2008-07-23,2008-07-23,46.58342,8.387921,2303.0,117,,,RGI60-11.01238,-657.2754068702648,5158872.813685491,101,198,0101_0198
274,2008-07-23,2008-07-23,46.583421,8.387961,2303.0,115,,,RGI60-11.01238,-654.2108166545131,5158872.924471207,101,198,0101_0198
274,2008-07-23,2008-07-23,46.583421,8.388,2303.0,113,,,RGI60-11.01238,-651.2228529773363,5158872.924148486,101,198,0101_0198
274,2008-07-23,2008-07-23,46.583422,8.388039,2303.0,112,,,RGI60-11.01238,-648.2348773811005,5158873.034945488,101,198,0101_0198
274,2008-07-23,2008-07-23,46.583422,8.388078,2304.0,110,,,RGI60-11.01238,-645.2469137587098,5158873.03462572,101,198,0101_0198
274,2008-07-23,2008-07-23,46.583421,8.388117,2304.0,109,,,RGI60-11.01238,-642.2589619457098,5158872.923189185,101,198,0101_0198
274,2008-07-23,2008-07-23,46.583421,8.388156,2304.0,108,,,RGI60-11.01238,-639.2709982684688,5158872.922872372,101,198,0101_0198
274,2008-07-23,2008-07-23,46.58342,8.388195,2304.0,108,,,RGI60-11.01238,-636.2830462906167,5158872.811438789,101,198,0101_0198
274,2008-07-23,2008-07-23,46.583419,8.388234,2304.0,107,,,RGI60-11.01238,-633.2950942027468,5158872.700006684,102,198,0102_0198
274,2008-07-23,2008-07-23,46.583418,8.388274,2304.0,106,,,RGI60-11.01238,-630.2305275477968,5158872.588568066,102,198,0102_0198
274,2008-07-23,2008-07-23,46.583416,8.388312,2304.0,105,,,RGI60-11.01238,-627.3192012321467,5158872.36602866,102,198,0102_0198
274,2008-07-23,2008-07-23,46.583414,8.388352,2305.0,105,,,RGI60-11.01238,-624.2546457764727,5158872.143474825,102,198,0102_0198
274,2008-07-23,2008-07-23,46.583413,8.388391,2305.0,104,,,RGI60-11.01238,-621.2666931377296,5158872.032048668,102,198,0102_0198
274,2008-07-23,2008-07-23,46.58341,8.38843,2305.0,103,,,RGI60-11.01238,-618.2787631259215,5158871.698387493,102,198,0102_0198
274,2008-07-23,2008-07-23,46.583408,8.388469,2305.0,103,,,RGI60-11.01238,-615.2908214710425,5158871.475846043,102,198,0102_0198
274,2008-07-23,2008-07-23,46.583406,8.388508,2305.0,102,,,RGI60-11.01238,-612.3028795963872,5158871.253306071,102,198,0102_0198
274,2008-07-23,2008-07-23,46.583404,8.388547,2305.0,102,,,RGI60-11.01238,-609.3149375019561,5158871.030767577,102,198,0102_0198
274,2008-07-23,2008-07-23,46.583402,8.388586,2305.0,101,,,RGI60-11.01238,-606.3269951877494,5158870.808230558,102,198,0102_0198
274,2008-07-23,2008-07-23,46.5834,8.388625,2305.0,101,,,RGI60-11.01238,-603.3390526537665,5158870.585695019,102,198,0102_0198
274,2008-07-23,2008-07-23,46.583398,8.388664,2306.0,101,,,RGI60-11.01238,-600.3511099000079,5158870.363160957,102,198,0102_0198
274,2008-07-23,2008-07-23,46.583397,8.388703,2306.0,100,,,RGI60-11.01238,-597.3631559427023,5158870.251746617,102,198,0102_0198
274,2008-07-23,2008-07-23,46.583395,8.388742,2306.0,100,,,RGI60-11.01238,-594.3752128043327,5158870.02921551,102,198,0102_0198
274,2008-07-23,2008-07-23,46.583395,8.388781,2306.0,100,,,RGI60-11.01238,-591.3872476984058,5158870.028922373,102,198,0102_0198
274,2008-07-23,2008-07-23,46.583394,8.38882,2306.0,100,,,RGI60-11.01238,-588.3992934112933,5158869.917512466,102,198,0102_0198
274,2008-07-23,2008-07-23,46.583393,8.388859,2306.0,100,,,RGI60-11.01238,-585.4113390145297,5158869.806104037,102,198,0102_0198
274,2008-07-23,2008-07-23,46.583393,8.388899,2307.0,100,,,RGI60-11.01238,-582.3467593059052,5158869.805807949,102,198,0102_0198
274,2008-07-23,2008-07-23,46.583394,8.388938,2307.0,100,,,RGI60-11.01238,-579.3587834374389,5158869.916639005,102,198,0102_0198
274,2008-07-23,2008-07-23,46.583395,8.388977,2307.0,99,,,RGI60-11.01238,-576.3708076785939,5158870.02747154,102,198,0102_0198
274,2008-07-23,2008-07-23,46.583396,8.389016,2307.0,99,,,RGI60-11.01238,-573.3828320297365,5158870.13830555,102,198,0102_0198
274,2008-07-23,2008-07-23,46.583397,8.389055,2307.0,99,,,RGI60-11.01238,-570.3948564907447,5158870.249141039,102,198,0102_0198
274,2008-07-23,2008-07-23,46.583399,8.389094,2308.0,98,,,RGI60-11.01238,-567.4068706286549,5158870.471096252,103,198,0103_0198
274,2008-07-23,2008-07-23,46.583402,8.389133,2308.0,98,,,RGI60-11.01238,-564.4188746084086,5158870.804171189,103,198,0103_0198
274,2008-07-23,2008-07-23,46.583404,8.389172,2308.0,98,,,RGI60-11.01238,-561.4308892406273,5158871.0261293575,103,198,0103_0198
274,2008-07-23,2008-07-23,46.583407,8.389211,2308.0,97,,,RGI60-11.01238,-558.4428938245683,5158871.359207249,103,198,0103_0198
274,2008-07-23,2008-07-23,46.58341,8.38925,2308.0,97,,,RGI60-11.01238,-555.4548987381339,5158871.692286618,103,198,0103_0198
274,2008-07-23,2008-07-23,46.583413,8.389289,2309.0,96,,,RGI60-11.01238,-552.466903981324,5158872.025367467,103,198,0103_0198
274,2008-07-23,2008-07-23,46.583416,8.389327,2309.0,96,,,RGI60-11.01238,-549.5555240145161,5158872.358456759,103,198,0103_0198
274,2008-07-23,2008-07-23,46.583419,8.389366,2309.0,95,,,RGI60-11.01238,-546.5675299126084,5158872.6915405225,103,198,0103_0198
274,2008-07-23,2008-07-23,46.583422,8.389405,2309.0,94,,,RGI60-11.01238,-543.5795361404473,5158873.024625762,103,198,0103_0198
274,2008-07-23,2008-07-23,46.583425,8.389444,2309.0,94,,,RGI60-11.01238,-540.5915426980332,5158873.357712483,103,198,0103_0198
274,2008-07-23,2008-07-23,46.583427,8.389483,2310.0,93,,,RGI60-11.01238,-537.6035594699773,5158873.579682433,103,198,0103_0198
274,2008-07-23,2008-07-23,46.583429,8.389522,2310.0,92,,,RGI60-11.01238,-534.6155764619111,5158873.80165386,103,198,0103_0198
274,2008-07-23,2008-07-23,46.583431,8.389561,2310.0,92,,,RGI60-11.01238,-531.6275936733474,5158874.023626765,103,198,0103_0198
274,2008-07-23,2008-07-23,46.583432,8.3896,2310.0,91,,,RGI60-11.01238,-528.6396208248093,5158874.1344829,103,198,0103_0198
274,2008-07-23,2008-07-23,46.583433,8.38964,2310.0,90,,,RGI60-11.01238,-525.5750336498282,5158874.245333846,103,198,0103_0198
274,2008-07-23,2008-07-23,46.583433,8.389679,2310.0,90,,,RGI60-11.01238,-522.5870706313012,5158874.245074726,103,198,0103_0198
274,2008-07-23,2008-07-23,46.583433,8.389718,2310.0,89,,,RGI60-11.01238,-519.5991076126392,5158874.244817083,103,198,0103_0198
274,2008-07-23,2008-07-23,46.583432,8.389757,2311.0,88,,,RGI60-11.01238,-516.6111540931971,5158874.13344267,103,198,0103_0198
274,2008-07-23,2008-07-23,46.583431,8.389796,2310.0,87,,,RGI60-11.01238,-513.6232004636178,5158874.022069734,103,198,0103_0198
274,2008-07-23,2008-07-23,46.583429,8.389835,2310.0,85,,,RGI60-11.01238,-510.6352561134977,5158873.799580027,103,198,0103_0198
274,2008-07-23,2008-07-23,46.583427,8.389874,2310.0,84,,,RGI60-11.01238,-507.6473115433608,5158873.577091798,103,198,0103_0198
274,2008-07-23,2008-07-23,46.583424,8.389913,2310.0,82,,,RGI60-11.01238,-504.6593760327995,5158873.2434868,103,198,0103_0198
274,2008-07-23,2008-07-23,46.583421,8.389952,2310.0,81,,,RGI60-11.01238,-501.67144019270626,5158872.909883279,104,198,0104_0198
274,2008-07-23,2008-07-23,46.583417,8.389991,2310.0,79,,,RGI60-11.01238,-498.68351319206164,5158872.465162988,104,198,0104_0198
274,2008-07-23,2008-07-23,46.583414,8.39003,2310.0,78,,,RGI60-11.01238,-495.69557663772,5158872.131562421,104,198,0104_0198
274,2008-07-23,2008-07-23,46.58341,8.390068,2310.0,77,,,RGI60-11.01238,-492.7842632817819,5158871.686851334,104,198,0104_0198
274,2008-07-23,2008-07-23,46.583406,8.390107,2310.0,76,,,RGI60-11.01238,-489.79633502323054,5158871.242135437,104,198,0104_0198
274,2008-07-23,2008-07-23,46.583402,8.390146,2310.0,75,,,RGI60-11.01238,-486.80840632514474,5158870.7974210195,104,198,0104_0198
274,2008-07-23,2008-07-23,46.583398,8.390184,2310.0,73,,,RGI60-11.01238,-483.89709167314373,5158870.352714214,104,198,0104_0198
274,2008-07-23,2008-07-23,46.583394,8.390223,2310.0,71,,,RGI60-11.01238,-480.9091621016242,5158869.908002713,104,198,0104_0198
274,2008-07-23,2008-07-23,46.58339,8.390262,2310.0,69,,,RGI60-11.01238,-477.92123209057013,5158869.46329269,104,198,0104_0198
274,2008-07-23,2008-07-23,46.583386,8.390301,2310.0,68,,,RGI60-11.01238,-474.9333016401044,5158869.018584143,104,198,0104_0198
274,2008-07-23,2008-07-23,46.583383,8.390339,2310.0,66,,,RGI60-11.01238,-472.0219765789133,5158868.685001306,104,198,0104_0198
274,2008-07-23,2008-07-23,46.583381,8.390378,2311.0,65,,,RGI60-11.01238,-469.0340280616209,5158868.462532171,104,198,0104_0198
274,2008-07-23,2008-07-23,46.583378,8.390417,2311.0,63,,,RGI60-11.01238,-466.0460878936614,5158868.128946268,104,198,0104_0198
274,2008-07-23,2008-07-23,46.583377,8.390456,2311.0,62,,,RGI60-11.01238,-463.05813036735407,5158868.017598334,104,198,0104_0198
274,2008-07-23,2008-07-23,46.583376,8.390496,2311.0,60,,,RGI60-11.01238,-459.9935582146636,5158867.906246045,104,198,0104_0198
274,2008-07-23,2008-07-23,46.583376,8.390515,2311.0,60,,,RGI60-11.01238,-458.53788239778424,5158867.906135419,104,198,0104_0198
274,2008-07-23,2008-07-23,46.582776,8.387006,2292.0,120,,,RGI60-11.01238,-727.3862459364058,5158801.261569382,100,199,0100_0199
274,2008-07-23,2008-07-23,46.582755,8.386981,2291.0,120,,,RGI60-11.01238,-729.3019115812954,5158798.928317298,100,199,0100_0199
274,2008-07-23,2008-07-23,46.582735,8.386956,2291.0,119,,,RGI60-11.01238,-731.2175652606858,5158796.706184065,100,199,0100_0199
274,2008-07-23,2008-07-23,46.582714,8.386931,2291.0,119,,,RGI60-11.01238,-733.1332338285468,5158794.372933214,100,199,0100_0199
274,2008-07-23,2008-07-23,46.582692,8.386907,2291.0,119,,,RGI60-11.01238,-734.9723019102588,5158791.928555427,100,199,0100_0199
274,2008-07-23,2008-07-23,46.58267,8.386884,2290.0,119,,,RGI60-11.01238,-736.7347559683166,5158789.484168867,100,199,0100_0199
274,2008-07-23,2008-07-23,46.582648,8.386861,2290.0,120,,,RGI60-11.01238,-738.4972114518631,5158787.039782831,100,199,0100_0199
274,2008-07-23,2008-07-23,46.582626,8.386839,2290.0,120,,,RGI60-11.01238,-740.1830527876674,5158784.5953879375,100,200,0100_0200
274,2008-07-23,2008-07-23,46.582604,8.386817,2289.0,120,,,RGI60-11.01238,-741.868895486977,5158782.150993521,100,200,0100_0200
274,2008-07-23,2008-07-23,46.582582,8.386794,2289.0,120,,,RGI60-11.01238,-743.6313551850045,5158779.70660901,100,200,0100_0200
274,2008-07-23,2008-07-23,46.58256,8.386772,2289.0,120,,,RGI60-11.01238,-745.3172006423139,5158777.262215573,100,200,0100_0200
274,2008-07-23,2008-07-23,46.582538,8.38675,2288.0,120,,,RGI60-11.01238,-747.0030474633699,5158774.817822617,100,200,0100_0200
274,2008-07-23,2008-07-23,46.582515,8.386727,2288.0,120,,,RGI60-11.01238,-748.7655251429442,5158772.262321402,100,200,0100_0200
274,2008-07-23,2008-07-23,46.582494,8.386705,2288.0,120,,,RGI60-11.01238,-750.4513609546781,5158769.929047655,100,200,0100_0200
274,2008-07-23,2008-07-23,46.582472,8.386682,2288.0,120,,,RGI60-11.01238,-752.2138276870328,5158767.484665696,100,200,0100_0200
274,2008-07-23,2008-07-23,46.58245,8.386658,2287.0,120,,,RGI60-11.01238,-754.0529116660288,5158765.0402938165,100,200,0100_0200
274,2008-07-23,2008-07-23,46.582429,8.386634,2287.0,120,,,RGI60-11.01238,-755.8919832343043,5158762.707040734,100,200,0100_0200
274,2008-07-23,2008-07-23,46.582408,8.38661,2286.0,120,,,RGI60-11.01238,-757.7310562225566,5158760.373788222,100,200,0100_0200
274,2008-07-23,2008-07-23,46.582387,8.386585,2286.0,119,,,RGI60-11.01238,-759.6467465404477,5158758.040545904,100,200,0100_0200
274,2008-07-23,2008-07-23,46.582366,8.386559,2286.0,119,,,RGI60-11.01238,-761.6390542767235,5158755.707313862,100,200,0100_0200
274,2008-07-23,2008-07-23,46.582346,8.386534,2285.0,119,,,RGI60-11.01238,-763.5547335431984,5158753.485191028,100,200,0100_0200
274,2008-07-23,2008-07-23,46.582326,8.386507,2285.0,119,,,RGI60-11.01238,-765.623646209814,5158751.263088219,100,200,0100_0200
274,2008-07-23,2008-07-23,46.582307,8.38648,2284.0,119,,,RGI60-11.01238,-767.6925462824985,5158749.15210435,99,200,0099_0200
274,2008-07-23,2008-07-23,46.582288,8.386452,2284.0,119,,,RGI60-11.01238,-769.8380638498938,5158747.041130957,99,200,0099_0200
274,2008-07-23,2008-07-23,46.582269,8.386423,2284.0,119,,,RGI60-11.01238,-772.06019899205,5158744.93016812,99,200,0099_0200
274,2008-07-23,2008-07-23,46.582251,8.386395,2283.0,118,,,RGI60-11.01238,-774.2057053487731,5158742.930314516,99,200,0099_0200
274,2008-07-23,2008-07-23,46.582234,8.386365,2283.0,118,,,RGI60-11.01238,-776.5044311019778,5158741.04159959,99,200,0099_0200
274,2008-07-23,2008-07-23,46.582216,8.386335,2283.0,119,,,RGI60-11.01238,-778.8031726111774,5158739.041767321,99,200,0099_0200
274,2008-07-23,2008-07-23,46.582199,8.386304,2282.0,119,,,RGI60-11.01238,-781.1785174548206,5158737.153064055,99,200,0099_0200
274,2008-07-23,2008-07-23,46.582183,8.386274,2282.0,119,,,RGI60-11.01238,-783.4772331792021,5158735.375470021,99,200,0099_0200
274,2008-07-23,2008-07-23,46.582167,8.386242,2282.0,119,,,RGI60-11.01238,-785.9291826954801,5158733.59789679,99,200,0099_0200
274,2008-07-23,2008-07-23,46.582151,8.386211,2281.0,119,,,RGI60-11.01238,-788.3045174118276,5158731.820314567,99,200,0099_0200
274,2008-07-23,2008-07-23,46.582135,8.386179,2281.0,119,,,RGI60-11.01238,-790.7564697902894,5158730.042743304,99,200,0099_0200
274,2008-07-23,2008-07-23,46.582119,8.386147,2281.0,119,,,RGI60-11.01238,-793.2084236112946,5158728.265173041,99,200,0099_0200
274,2008-07-23,2008-07-23,46.582104,8.386115,2280.0,119,,,RGI60-11.01238,-795.6603642453806,5158726.598722002,99,200,0099_0200
274,2008-07-23,2008-07-23,46.582088,8.386083,2280.0,119,,,RGI60-11.01238,-798.112320906152,5158724.821153737,99,200,0099_0200
274,2008-07-23,2008-07-23,46.582072,8.386052,2280.0,119,,,RGI60-11.01238,-800.4876626557057,5158723.043576324,99,200,0099_0200
274,2008-07-23,2008-07-23,46.582056,8.38602,2279.0,119,,,RGI60-11.01238,-802.9396221786542,5158721.266010029,99,200,0099_0200
274,2008-07-23,2008-07-23,46.582039,8.38599,2279.0,120,,,RGI60-11.01238,-805.2383651521245,5158719.377306094,99,201,0099_0201
274,2008-07-23,2008-07-23,46.582022,8.385959,2279.0,120,,,RGI60-11.01238,-807.6137259863185,5158717.488613278,99,201,0099_0201
274,2008-07-23,2008-07-23,46.582004,8.38593,2278.0,120,,,RGI60-11.01238,-809.835870298948,5158715.488782646,99,201,0099_0201
274,2008-07-23,2008-07-23,46.581986,8.385901,2278.0,120,,,RGI60-11.01238,-812.0580160822751,5158713.488952836,99,201,0099_0201
274,2008-07-23,2008-07-23,46.581967,8.385873,2278.0,120,,,RGI60-11.01238,-814.2035618061246,5158711.3779953085,99,201,0099_0201
274,2008-07-23,2008-07-23,46.581948,8.385845,2277.0,120,,,RGI60-11.01238,-816.3491090288346,5158709.26703855,99,201,0099_0201
274,2008-07-23,2008-07-23,46.581928,8.38582,2277.0,120,,,RGI60-11.01238,-818.2648231297926,5158707.0449332185,99,201,0099_0201
274,2008-07-23,2008-07-23,46.581907,8.385795,2276.0,120,,,RGI60-11.01238,-820.1805537195162,5158704.711710282,99,201,0099_0201
274,2008-07-23,2008-07-23,46.581886,8.385771,2276.0,120,,,RGI60-11.01238,-822.0196691724661,5158702.378477541,99,201,0099_0201
274,2008-07-23,2008-07-23,46.581864,8.385748,2276.0,120,,,RGI60-11.01238,-823.7821845462859,5158699.934116709,99,201,0099_0201
274,2008-07-23,2008-07-23,46.581841,8.385726,2275.0,119,,,RGI60-11.01238,-825.4680998450623,5158697.378627716,99,201,0099_0201
274,2008-07-23,2008-07-23,46.581818,8.385706,2275.0,119,,,RGI60-11.01238,-827.0007831465293,5158694.823118233,99,201,0099_0201
274,2008-07-23,2008-07-23,46.581795,8.385686,2275.0,118,,,RGI60-11.01238,-828.5334677439647,5158692.267609151,99,201,0099_0201
274,2008-07-23,2008-07-23,46.581771,8.385667,2275.0,118,,,RGI60-11.01238,-829.9895521211117,5158689.6009717295,99,201,0099_0201
274,2008-07-23,2008-07-23,46.581747,8.385649,2274.0,117,,,RGI60-11.01238,-831.3690209714913,5158686.9343241295,99,201,0099_0201
274,2008-07-23,2008-07-23,46.581723,8.385632,2274.0,115,,,RGI60-11.01238,-832.6718741938008,5158684.267666299,98,201,0098_0201
274,2008-07-23,2008-07-23,46.581699,8.385615,2274.0,113,,,RGI60-11.01238,-833.9747285651961,5158681.601008762,98,201,0098_0201
274,2008-07-23,2008-07-23,46.581675,8.385598,2274.0,111,,,RGI60-11.01238,-835.2775840860435,5158678.934351515,98,201,0098_0201
274,2008-07-23,2008-07-23,46.58165,8.385581,2273.0,110,,,RGI60-11.01238,-836.5804561374379,5158676.156576348,98,201,0098_0201
274,2008-07-23,2008-07-23,46.581626,8.385565,2273.0,109,,,RGI60-11.01238,-837.8066969991035,5158673.489909064,98,201,0098_0201
274,2008-07-23,2008-07-23,46.581601,8.385548,2273.0,108,,,RGI60-11.01238,-839.109571385761,5158670.7121344665,98,201,0098_0201
274,2008-07-23,2008-07-23,46.581577,8.385531,2273.0,105,,,RGI60-11.01238,-840.412431517995,5158668.045478372,98,201,0098_0201
274,2008-07-23,2008-07-23,46.581553,8.385513,2272.0,103,,,RGI60-11.01238,-841.7919098842898,5158665.378833241,98,201,0098_0201
274,2008-07-23,2008-07-23,46.581529,8.385495,2272.0,101,,,RGI60-11.01238,-843.1713894672823,5158662.712188436,98,201,0098_0201
274,2008-07-23,2008-07-23,46.581506,8.385475,2272.0,100,,,RGI60-11.01238,-844.7040890414169,5158660.156683581,98,201,0098_0201
274,2008-07-23,2008-07-23,46.581482,8.385456,2271.0,98,,,RGI60-11.01238,-846.1601882854272,5158657.490050189,98,201,0098_0201
274,2008-07-23,2008-07-23,46.58146,8.385435,2271.0,96,,,RGI60-11.01238,-847.7694920770726,5158655.045675069,98,201,0098_0201
274,2008-07-23,2008-07-23,46.581437,8.385413,2270.0,95,,,RGI60-11.01238,-849.4554300347506,5158652.490192948,98,202,0098_0202
274,2008-07-23,2008-07-23,46.581415,8.38539,2270.0,93,,,RGI60-11.01238,-851.2179710480622,5158650.045840304,98,202,0098_0202
274,2008-07-23,2008-07-23,46.581394,8.385367,2269.0,91,,,RGI60-11.01238,-852.9804978039641,5158647.712606393,98,202,0098_0202
274,2008-07-23,2008-07-23,46.581372,8.385343,2269.0,89,,,RGI60-11.01238,-854.8196589753444,5158645.268265631,98,202,0098_0202
274,2008-07-23,2008-07-23,46.581352,8.385317,2268.0,87,,,RGI60-11.01238,-856.8120248692269,5158643.046183575,98,202,0098_0202
274,2008-07-23,2008-07-23,46.581331,8.385292,2268.0,85,,,RGI60-11.01238,-858.7277906203263,5158640.712973091,98,202,0098_0202
274,2008-07-23,2008-07-23,46.581312,8.385265,2268.0,84,,,RGI60-11.01238,-860.7967610515747,5158638.602021458,98,202,0098_0202
274,2008-07-23,2008-07-23,46.581292,8.385238,2267.0,82,,,RGI60-11.01238,-862.8657487924323,5158636.379952332,98,202,0098_0202
274,2008-07-23,2008-07-23,46.581273,8.38521,2267.0,81,,,RGI60-11.01238,-865.0113396311222,5158634.269013094,98,202,0098_0202
274,2008-07-23,2008-07-23,46.581254,8.385182,2266.0,80,,,RGI60-11.01238,-867.156931968528,5158632.158074624,98,202,0098_0202
274,2008-07-23,2008-07-23,46.581236,8.385154,2266.0,79,,,RGI60-11.01238,-869.302509822036,5158630.158255127,98,202,0098_0202
274,2008-07-23,2008-07-23,46.581217,8.385125,2265.0,79,,,RGI60-11.01238,-871.5247226753538,5158628.047329243,98,202,0098_0202
274,2008-07-23,2008-07-23,46.581199,8.385096,2265.0,79,,,RGI60-11.01238,-873.7469210166087,5158626.047522385,98,202,0098_0202
274,2008-07-23,2008-07-23,46.581181,8.385067,2265.0,78,,,RGI60-11.01238,-875.9691208285334,5158624.047716352,98,202,0098_0202
274,2008-07-23,2008-07-23,46.581163,8.385038,2264.0,78,,,RGI60-11.01238,-878.1913221108841,5158622.04791114,98,202,0098_0202
274,2008-07-23,2008-07-23,46.581145,8.385009,2264.0,77,,,RGI60-11.01238,-880.4135248636603,5158620.048106754,98,202,0098_0202
274,2008-07-23,2008-07-23,46.581127,8.38498,2263.0,77,,,RGI60-11.01238,-882.6357290871046,5158618.04830319,98,202,0098_0202
274,2008-07-23,2008-07-23,46.581109,8.384951,2263.0,77,,,RGI60-11.01238,-884.8579347812165,5158616.048500449,98,202,0098_0202
274,2008-07-23,2008-07-23,46.580503,8.386935,2267.0,26,,,RGI60-11.01238,-732.8565630065871,5158548.690529707,100,203,0100_0203
274,2008-07-23,2008-07-23,46.580529,8.386925,2268.0,31,,,RGI60-11.01238,-733.6223979610589,5158551.579695612,100,203,0100_0203
274,2008-07-23,2008-07-23,46.580554,8.386914,2268.0,36,,,RGI60-11.01238,-734.4648641766825,5158554.357752748,100,203,0100_0203
274,2008-07-23,2008-07-23,46.58058,8.386902,2269.0,40,,,RGI60-11.01238,-735.3839345542035,5158557.246937527,100,203,0100_0203
274,2008-07-23,2008-07-23,46.580606,8.38689,2269.0,43,,,RGI60-11.01238,-736.3030040523278,5158560.136122459,100,203,0100_0203
274,2008-07-23,2008-07-23,46.580631,8.386877,2269.0,46,,,RGI60-11.01238,-737.298704608773,5158562.914198698,100,203,0100_0203
274,2008-07-23,2008-07-23,46.580657,8.386864,2270.0,48,,,RGI60-11.01238,-738.2943906757899,5158565.803393307,100,203,0100_0203
274,2008-07-23,2008-07-23,46.580682,8.386851,2270.0,49,,,RGI60-11.01238,-739.2900893823809,5158568.581469898,100,203,0100_0203
274,2008-07-23,2008-07-23,46.580708,8.386838,2270.0,50,,,RGI60-11.01238,-740.2857735629059,5158571.470664861,100,203,0100_0203
274,2008-07-23,2008-07-23,46.580733,8.386825,2271.0,51,,,RGI60-11.01238,-741.2814704197622,5158574.2487418065,100,203,0100_0203
274,2008-07-23,2008-07-23,46.580759,8.386813,2271.0,52,,,RGI60-11.01238,-742.2005345105613,5158577.137927713,100,203,0100_0203
274,2008-07-23,2008-07-23,46.580784,8.3868,2271.0,54,,,RGI60-11.01238,-743.1962295527758,5158579.916004998,100,203,0100_0203
274,2008-07-23,2008-07-23,46.58081,8.386789,2272.0,55,,,RGI60-11.01238,-744.0386737341548,5158582.805181789,100,203,0100_0203
274,2008-07-23,2008-07-23,46.580836,8.386777,2272.0,56,,,RGI60-11.01238,-744.9577352043915,5158585.694368156,100,203,0100_0203
274,2008-07-23,2008-07-23,46.580862,8.386767,2272.0,57,,,RGI60-11.01238,-745.7235596793124,5158588.583535764,100,202,0100_0202
274,2008-07-23,2008-07-23,46.580888,8.386756,2272.0,58,,,RGI60-11.01238,-746.5660014430894,5158591.472712949,100,202,0100_0202
274,2008-07-23,2008-07-23,46.580914,8.386746,2272.0,59,,,RGI60-11.01238,-747.3318244160685,5158594.361880789,100,202,0100_0202
274,2008-07-23,2008-07-23,46.58094,8.386738,2273.0,60,,,RGI60-11.01238,-747.9444107601048,5158597.251029774,100,202,0100_0202
274,2008-07-23,2008-07-23,46.580967,8.386729,2273.0,61,,,RGI60-11.01238,-748.6336006652331,5158600.251306524,100,202,0100_0202
274,2008-07-23,2008-07-23,46.580993,8.386721,2273.0,62,,,RGI60-11.01238,-749.2461857890517,5158603.140455667,100,202,0100_0202
274,2008-07-23,2008-07-23,46.58102,8.386713,2274.0,63,,,RGI60-11.01238,-749.858756540016,5158606.140723086,100,202,0100_0202
274,2008-07-23,2008-07-23,46.581046,8.386706,2274.0,65,,,RGI60-11.01238,-750.394722681295,5158609.029862868,100,202,0100_0202
274,2008-07-23,2008-07-23,46.581073,8.386699,2274.0,66,,,RGI60-11.01238,-750.9306745032363,5158612.030120912,100,202,0100_0202
274,2008-07-23,2008-07-23,46.581099,8.386692,2275.0,67,,,RGI60-11.01238,-751.4666396088294,5158614.919260816,100,202,0100_0202
274,2008-07-23,2008-07-23,46.581126,8.386686,2275.0,68,,,RGI60-11.01238,-751.9259726892209,5158617.919509449,100,202,0100_0202
274,2008-07-23,2008-07-23,46.581152,8.386679,2275.0,68,,,RGI60-11.01238,-752.4619367956303,5158620.808649468,100,202,0100_0202
274,2008-07-23,2008-07-23,46.581179,8.386673,2276.0,70,,,RGI60-11.01238,-752.9212689334157,5158623.808898207,100,202,0100_0202
274,2008-07-23,2008-07-23,46.581206,8.386666,2276.0,71,,,RGI60-11.01238,-753.4572181879392,5158626.809156544,100,202,0100_0202
274,2008-07-23,2008-07-23,46.581232,8.386659,2277.0,72,,,RGI60-11.01238,-753.9931807726298,5158629.69829674,100,202,0100_0202
274,2008-07-23,2008-07-23,46.581259,8.386651,2277.0,74,,,RGI60-11.01238,-754.6057464706288,5158632.698564765,100,202,0100_0202
274,2008-07-23,2008-07-23,46.581285,8.386644,2277.0,75,,,RGI60-11.01238,-755.1417079828813,5158635.587705091,100,202,0100_0202
274,2008-07-23,2008-07-23,46.581311,8.386635,2277.0,77,,,RGI60-11.01238,-755.8309038335174,5158638.476864638,100,202,0100_0202
274,2008-07-23,2008-07-23,46.581338,8.386626,2278.0,78,,,RGI60-11.01238,-756.5200851155386,5158641.477142483,100,202,0100_0202
274,2008-07-23,2008-07-23,46.581364,8.386616,2278.0,79,,,RGI60-11.01238,-757.285896985527,5158644.366311814,100,202,0100_0202
274,2008-07-23,2008-07-23,46.58139,8.386604,2278.0,80,,,RGI60-11.01238,-758.2049427514526,5158647.255500477,100,202,0100_0202
274,2008-07-23,2008-07-23,46.581415,8.386592,2278.0,81,,,RGI60-11.01238,-759.1240015953215,5158650.033571084,100,202,0100_0202
274,2008-07-23,2008-07-23,46.581441,8.386579,2279.0,83,,,RGI60-11.01238,-760.1196628623376,5158652.922769689,100,202,0100_0202
274,2008-07-23,2008-07-23,46.581466,8.386564,2279.0,84,,,RGI60-11.01238,-761.268571585167,5158655.70086956,100,201,0100_0201
274,2008-07-23,2008-07-23,46.58149,8.386549,2279.0,86,,,RGI60-11.01238,-762.4174932689247,5158658.367851454,100,201,0100_0201
274,2008-07-23,2008-07-23,46.581514,8.386531,2279.0,88,,,RGI60-11.01238,-763.7962653573601,5158661.034862621,100,201,0100_0201
274,2008-07-23,2008-07-23,46.581538,8.386513,2279.0,91,,,RGI60-11.01238,-765.1750362283188,5158663.7018741155,100,201,0100_0201
274,2008-07-23,2008-07-23,46.581561,8.386493,2279.0,92,,,RGI60-11.01238,-766.7070541229108,5158666.257787161,99,201,0099_0201
274,2008-07-23,2008-07-23,46.581584,8.386472,2279.0,92,,,RGI60-11.01238,-768.3156877623496,5158668.813710346,99,201,0099_0201
274,2008-07-23,2008-07-23,46.581606,8.38645,2279.0,93,,,RGI60-11.01238,-770.0009512066243,5158671.258525517,99,201,0099_0201
274,2008-07-23,2008-07-23,46.581628,8.386426,2279.0,93,,,RGI60-11.01238,-771.8394472452514,5158673.703360737,99,201,0099_0201
274,2008-07-23,2008-07-23,46.581649,8.386402,2279.0,94,,,RGI60-11.01238,-773.6779560211328,5158676.037078312,99,201,0099_0201
274,2008-07-23,2008-07-23,46.581669,8.386375,2279.0,94,,,RGI60-11.01238,-775.7463283993606,5158678.259707743,99,201,0099_0201
274,2008-07-23,2008-07-23,46.581689,8.386349,2279.0,95,,,RGI60-11.01238,-777.738082363069,5158680.4823280275,99,201,0099_0201
274,2008-07-23,2008-07-23,46.581708,8.386321,2279.0,96,,,RGI60-11.01238,-779.8830829302003,5158682.593850535,99,201,0099_0201
274,2008-07-23,2008-07-23,46.581726,8.386292,2279.0,97,,,RGI60-11.01238,-782.1047132180698,5158684.594265512,99,201,0099_0201
274,2008-07-23,2008-07-23,46.581744,8.386263,2279.0,99,,,RGI60-11.01238,-784.326342034947,5158686.594681312,99,201,0099_0201
274,2008-07-23,2008-07-23,46.581761,8.386233,2279.0,101,,,RGI60-11.01238,-786.6246006343155,5158688.483989691,99,201,0099_0201
274,2008-07-23,2008-07-23,46.581778,8.386203,2279.0,102,,,RGI60-11.01238,-788.9228577968713,5158690.3732989505,99,201,0099_0201
274,2008-07-23,2008-07-23,46.581795,8.386172,2279.0,104,,,RGI60-11.01238,-791.2977302662143,5158692.262619121,99,201,0099_0201
274,2008-07-23,2008-07-23,46.581812,8.386141,2279.0,106,,,RGI60-11.01238,-793.6726012507258,5158694.151940231,99,201,0099_0201
274,2008-07-23,2008-07-23,46.581828,8.38611,2278.0,108,,,RGI60-11.01238,-796.047485386599,5158695.930144063,99,201,0099_0201
274,2008-07-23,2008-07-23,46.581844,8.386078,2278.0,109,,,RGI60-11.01238,-798.4989847998032,5158697.7083589565,99,201,0099_0201
274,2008-07-23,2008-07-23,46.581861,8.386047,2278.0,110,,,RGI60-11.01238,-800.8738513930931,5158699.597682913,99,201,0099_0201
274,2008-07-23,2008-07-23,46.581877,8.386016,2278.0,112,,,RGI60-11.01238,-803.2487312702931,5158701.37588959,99,201,0099_0201
274,2008-07-23,2008-07-23,46.581893,8.385985,2278.0,113,,,RGI60-11.01238,-805.6236097500042,5158703.154097206,99,201,0099_0201
274,2008-07-23,2008-07-23,46.58191,8.385954,2278.0,114,,,RGI60-11.01238,-807.9984719762595,5158705.043423979,99,201,0099_0201
274,2008-07-23,2008-07-23,46.581927,8.385924,2278.0,116,,,RGI60-11.01238,-810.2967161599056,5158706.932741417,99,201,0099_0201
274,2008-07-23,2008-07-23,46.581944,8.385894,2277.0,117,,,RGI60-11.01238,-812.5949589063674,5158708.822059735,99,201,0099_0201
274,2008-07-23,2008-07-23,46.581962,8.385864,2277.0,118,,,RGI60-11.01238,-814.8931852333696,5158710.822497152,99,201,0099_0201
274,2008-07-23,2008-07-23,46.581979,8.385834,2277.0,119,,,RGI60-11.01238,-817.1914250639273,5158712.711817229,99,201,0099_0201
274,2008-07-23,2008-07-23,46.581997,8.385805,2277.0,119,,,RGI60-11.01238,-819.4130319309653,5158714.71224602,99,201,0099_0201
274,2008-07-23,2008-07-23,46.582015,8.385776,2277.0,120,,,RGI60-11.01238,-821.6346373271218,5158716.712675633,99,201,0099_0201
274,2008-07-23,2008-07-23,46.582034,8.385747,2276.0,121,,,RGI60-11.01238,-823.8562261050434,5158718.824224287,99,201,0099_0201
274,2008-07-23,2008-07-23,46.582053,8.385719,2276.0,122,,,RGI60-11.01238,-826.0011969502154,5158720.935763294,99,200,0099_0200
274,2008-07-23,2008-07-23,46.582071,8.385691,2276.0,122,,,RGI60-11.01238,-828.1461815228138,5158722.936184849,99,200,0099_0200
274,2008-07-23,2008-07-23,46.58209,8.385663,2276.0,122,,,RGI60-11.01238,-830.2911494095448,5158725.0477253925,99,200,0099_0200
274,2008-07-23,2008-07-23,46.582109,8.385636,2276.0,123,,,RGI60-11.01238,-832.3594994956983,5158727.159256153,98,200,0098_0200
274,2008-07-23,2008-07-23,46.582128,8.385608,2275.0,123,,,RGI60-11.01238,-834.5044644113029,5158729.270798205,98,200,0098_0200
274,2008-07-23,2008-07-23,46.582147,8.38558,2275.0,124,,,RGI60-11.01238,-836.6494278279599,5158731.382341029,98,200,0098_0200
274,2008-07-23,2008-07-23,46.582166,8.385552,2275.0,124,,,RGI60-11.01238,-838.794389745426,5158733.493884619,98,200,0098_0200
274,2008-07-23,2008-07-23,46.582185,8.385524,2275.0,125,,,RGI60-11.01238,-840.939350164187,5158735.60542898,98,200,0098_0200
274,2008-07-23,2008-07-23,46.582204,8.385496,2275.0,125,,,RGI60-11.01238,-843.0843090838771,5158737.716974107,98,200,0098_0200
274,2008-07-23,2008-07-23,46.582222,8.385467,2274.0,125,,,RGI60-11.01238,-845.3058981876115,5158739.717412496,98,200,0098_0200
274,2008-07-23,2008-07-23,46.58224,8.385438,2274.0,125,,,RGI60-11.01238,-847.527485820578,5158741.717851706,98,200,0098_0200
274,2008-07-23,2008-07-23,46.582257,8.385408,2274.0,125,,,RGI60-11.01238,-849.8257036994651,5158743.607184289,98,200,0098_0200
274,2008-07-23,2008-07-23,46.582275,8.385378,2274.0,125,,,RGI60-11.01238,-852.1239044740566,5158745.607635977,98,200,0098_0200
274,2008-07-23,2008-07-23,46.582292,8.385347,2273.0,125,,,RGI60-11.01238,-854.4987354804886,5158747.496981152,98,200,0098_0200
274,2008-07-23,2008-07-23,46.582308,8.385316,2273.0,124,,,RGI60-11.01238,-856.8735807568825,5158749.275209041,98,200,0098_0200
274,2008-07-23,2008-07-23,46.582324,8.385284,2273.0,123,,,RGI60-11.01238,-859.325040634288,5158751.053448763,98,200,0098_0200
274,2008-07-23,2008-07-23,46.582338,8.385252,2273.0,123,,,RGI60-11.01238,-861.7765307591853,5158752.609453032,98,200,0098_0200
274,2008-07-23,2008-07-23,46.582353,8.385219,2272.0,121,,,RGI60-11.01238,-864.3046196894309,5158754.276587482,98,200,0098_0200
274,2008-07-23,2008-07-23,46.582366,8.385185,2272.0,120,,,RGI60-11.01238,-866.9093550402596,5158755.72149753,98,200,0098_0200
274,2008-07-23,2008-07-23,46.582379,8.38515,2272.0,120,,,RGI60-11.01238,-869.5907050668984,5158757.16641973,98,200,0098_0200
274,2008-07-23,2008-07-23,46.582391,8.385115,2272.0,118,,,RGI60-11.01238,-872.2720698494232,5158758.500224894,98,200,0098_0200
274,2008-07-23,2008-07-23,46.582402,8.385079,2272.0,116,,,RGI60-11.01238,-875.030065424877,5158759.722924116,98,200,0098_0200
274,2008-07-23,2008-07-23,46.582412,8.385043,2272.0,114,,,RGI60-11.01238,-877.7880760237636,5158760.834506371,98,200,0098_0200
274,2008-07-23,2008-07-23,46.582422,8.385006,2272.0,112,,,RGI60-11.01238,-880.6227014688031,5158761.946101052,98,200,0098_0200
274,2008-07-23,2008-07-23,46.58243,8.38497,2272.0,110,,,RGI60-11.01238,-883.3807425097406,5158762.835449409,98,200,0098_0200
274,2008-07-23,2008-07-23,46.582439,8.384932,2272.0,109,,,RGI60-11.01238,-886.2919981191634,5158763.835939724,98,200,0098_0200
274,2008-07-23,2008-07-23,46.582447,8.384895,2272.0,106,,,RGI60-11.01238,-889.126653289074,5158764.725301942,98,200,0098_0200
274,2008-07-23,2008-07-23,46.582537,8.384527,2273.0,84,,,RGI60-11.01238,-917.3197590304349,5158774.730156364,97,200,0097_0200
274,2008-07-23,2008-07-23,46.582549,8.384491,2273.0,82,,,RGI60-11.01238,-920.0777211722913,5158776.063994408,97,200,0097_0200
274,2008-07-23,2008-07-23,46.582561,8.384456,2274.0,80,,,RGI60-11.01238,-922.7590664323304,5158777.397822014,97,200,0097_0200
274,2008-07-23,2008-07-23,46.582573,8.384421,2274.0,78,,,RGI60-11.01238,-925.4404105091263,5158778.7316508135,97,200,0097_0200
274,2008-07-23,2008-07-23,46.582586,8.384387,2274.0,76,,,RGI60-11.01238,-928.0451207079136,5158780.1765872715,97,200,0097_0200
274,2008-07-23,2008-07-23,46.582599,8.384353,2274.0,73,,,RGI60-11.01238,-930.6498296613462,5158781.621524854,97,200,0097_0200
274,2008-07-23,2008-07-23,46.582613,8.384319,2274.0,71,,,RGI60-11.01238,-933.254520210179,5158783.177581795,97,200,0097_0200
274,2008-07-23,2008-07-23,46.582626,8.384285,2275.0,68,,,RGI60-11.01238,-935.8592266249993,5158784.622521631,97,200,0097_0200
274,2008-07-23,2008-07-23,46.58264,8.384251,2275.0,65,,,RGI60-11.01238,-938.4639145392991,5158786.178580823,97,199,0097_0199
274,2008-07-23,2008-07-23,46.582653,8.384217,2275.0,62,,,RGI60-11.01238,-941.0686184156283,5158787.623522912,97,199,0097_0199
274,2008-07-23,2008-07-23,46.582666,8.384183,2275.0,60,,,RGI60-11.01238,-943.6733210464782,5158789.068466127,97,199,0097_0199
274,2008-07-23,2008-07-23,46.582679,8.384148,2275.0,58,,,RGI60-11.01238,-946.354637930624,5158790.513422463,97,199,0097_0199
274,2008-07-23,2008-07-23,46.582691,8.384114,2275.0,55,,,RGI60-11.01238,-948.9593555006157,5158791.847249729,97,199,0097_0199
274,2008-07-23,2008-07-23,46.582703,8.384078,2275.0,53,,,RGI60-11.01238,-951.7173028503702,5158793.181102251,97,199,0097_0199
274,2008-07-23,2008-07-23,46.582714,8.384042,2274.0,51,,,RGI60-11.01238,-954.4752665325499,5158794.403837799,97,199,0097_0199
274,2008-07-23,2008-07-23,46.582723,8.384006,2274.0,49,,,RGI60-11.01238,-957.2332642998675,5158795.404338143,97,199,0097_0199
274,2008-07-23,2008-07-23,46.581035,8.384514,2257.0,82,,,RGI60-11.01238,-918.3411235341507,5158607.830748338,97,202,0097_0202
274,2008-07-23,2008-07-23,46.581057,8.384491,2258.0,83,,,RGI60-11.01238,-920.1029610983394,5158610.275616778,97,202,0097_0202
274,2008-07-23,2008-07-23,46.581079,8.384469,2257.0,83,,,RGI60-11.01238,-921.7881794846321,5158612.720474055,97,202,0097_0202
274,2008-07-23,2008-07-23,46.581101,8.384446,2258.0,84,,,RGI60-11.01238,-923.5500142283887,5158615.165343518,97,202,0097_0202
274,2008-07-23,2008-07-23,46.581123,8.384424,2258.0,84,,,RGI60-11.01238,-925.2352298562295,5158617.610201774,97,202,0097_0202
274,2008-07-23,2008-07-23,46.581145,8.384401,2257.0,84,,,RGI60-11.01238,-926.9970617795506,5158620.055072262,97,202,0097_0202
274,2008-07-23,2008-07-23,46.581167,8.384378,2258.0,84,,,RGI60-11.01238,-928.7588922772792,5158622.499943273,97,202,0097_0202
274,2008-07-23,2008-07-23,46.581189,8.384355,2257.0,84,,,RGI60-11.01238,-930.5207213494141,5158624.944814808,97,202,0097_0202
274,2008-07-23,2008-07-23,46.58121,8.384331,2258.0,84,,,RGI60-11.01238,-932.3591837041323,5158627.278580479,97,202,0097_0202
274,2008-07-23,2008-07-23,46.581232,8.384308,2258.0,85,,,RGI60-11.01238,-934.1210099260052,5158629.723453082,97,202,0097_0202
274,2008-07-23,2008-07-23,46.581545,8.384041,2259.0,76,,,RGI60-11.01238,-954.5723989165078,5158664.506648464,97,201,0097_0201
274,2008-07-23,2008-07-23,46.581569,8.384024,2259.0,76,,,RGI60-11.01238,-955.8744677561843,5158667.173691386,97,201,0097_0201
274,2008-07-23,2008-07-23,46.581593,8.384006,2259.0,75,,,RGI60-11.01238,-957.2531524746965,5158669.840746733,97,201,0097_0201
274,2008-07-23,2008-07-23,46.581617,8.383987,2260.0,74,,,RGI60-11.01238,-958.7084529703742,5158672.507814563,97,201,0097_0201
274,2008-07-23,2008-07-23,46.58164,8.383966,2260.0,73,,,RGI60-11.01238,-960.31700375889,5158675.063788885,97,201,0097_0201
274,2008-07-23,2008-07-23,46.581662,8.383944,2260.0,71,,,RGI60-11.01238,-962.0021878034436,5158677.5086576305,97,201,0097_0201
274,2008-07-23,2008-07-23,46.581683,8.383919,2260.0,70,,,RGI60-11.01238,-963.9172389070985,5158679.842445297,97,201,0097_0201
274,2008-07-23,2008-07-23,46.581701,8.383891,2260.0,68,,,RGI60-11.01238,-966.0621924334384,5158681.842915675,96,201,0096_0201
274,2008-07-23,2008-07-23,46.581719,8.383861,2260.0,67,,,RGI60-11.01238,-968.360378241464,5158683.843411369,96,201,0096_0201
274,2008-07-23,2008-07-23,46.581733,8.383828,2260.0,65,,,RGI60-11.01238,-970.8884844074032,5158685.399472009,96,201,0096_0201
274,2008-07-23,2008-07-23,46.581744,8.383792,2260.0,63,,,RGI60-11.01238,-973.6464934102762,5158686.622216093,96,201,0096_0201
274,2008-07-23,2008-07-23,46.581753,8.383755,2260.0,61,,,RGI60-11.01238,-976.4811540045602,5158687.622737387,96,201,0096_0201
274,2008-07-23,2008-07-23,46.583993,8.384533,2296.0,45,,,RGI60-11.01238,-916.8355194642472,5158936.518250015,97,197,0097_0197
274,2008-07-23,2008-07-23,46.583995,8.384572,2296.0,47,,,RGI60-11.01238,-913.8475536079202,5158936.740033955,97,197,0097_0197
274,2008-07-23,2008-07-23,46.583997,8.384611,2297.0,49,,,RGI60-11.01238,-910.8595879713315,5158936.961819374,97,197,0097_0197
274,2008-07-23,2008-07-23,46.584001,8.38465,2297.0,51,,,RGI60-11.01238,-907.8715891674141,5158937.405842787,97,197,0097_0197
274,2008-07-23,2008-07-23,46.584004,8.384689,2298.0,53,,,RGI60-11.01238,-904.8836074417711,5158937.738749419,97,197,0097_0197
274,2008-07-23,2008-07-23,46.584007,8.384728,2298.0,55,,,RGI60-11.01238,-901.8956260455024,5158938.071657529,97,197,0097_0197
274,2008-07-23,2008-07-23,46.584011,8.384767,2299.0,57,,,RGI60-11.01238,-898.9076284504426,5158938.515685375,97,197,0097_0197
274,2008-07-23,2008-07-23,46.584014,8.384806,2300.0,59,,,RGI60-11.01238,-895.9196477684723,5158938.84859644,98,197,0098_0197
274,2008-07-23,2008-07-23,46.584016,8.384845,2301.0,61,,,RGI60-11.01238,-892.9316838347733,5158939.070390725,98,197,0098_0197
274,2008-07-23,2008-07-23,46.584019,8.384884,2301.0,62,,,RGI60-11.01238,-889.9437037572221,5158939.403304744,98,197,0098_0197
274,2008-07-23,2008-07-23,46.58402,8.384923,2302.0,65,,,RGI60-11.01238,-886.9557566268353,5158939.513983725,98,197,0098_0197
274,2008-07-23,2008-07-23,46.584022,8.384962,2303.0,66,,,RGI60-11.01238,-883.9677933525967,5158939.73578244,98,197,0098_0197
274,2008-07-23,2008-07-23,46.584022,8.385001,2303.0,68,,,RGI60-11.01238,-880.9798626958816,5158939.735346115,98,197,0098_0197
274,2008-07-23,2008-07-23,46.584022,8.38504,2304.0,70,,,RGI60-11.01238,-877.9919320392661,5158939.734911268,98,197,0098_0197
274,2008-07-23,2008-07-23,46.584022,8.385079,2305.0,71,,,RGI60-11.01238,-875.0040013827503,5158939.734477898,98,197,0098_0197
274,2008-07-23,2008-07-23,46.584021,8.385118,2305.0,73,,,RGI60-11.01238,-872.0160867601608,5158939.622927747,98,197,0098_0197
274,2008-07-23,2008-07-23,46.58402,8.385157,2306.0,74,,,RGI60-11.01238,-869.0281720279119,5158939.511379073,98,197,0098_0197
274,2008-07-23,2008-07-23,46.584018,8.385196,2306.0,76,,,RGI60-11.01238,-866.0402731098264,5158939.288713617,98,197,0098_0197
274,2008-07-23,2008-07-23,46.584016,8.385235,2307.0,77,,,RGI60-11.01238,-863.0523739720775,5158939.06604964,98,197,0098_0197
274,2008-07-23,2008-07-23,46.584013,8.385274,2307.0,78,,,RGI60-11.01238,-860.0644904289713,5158938.732268881,98,197,0098_0197
274,2008-07-23,2008-07-23,46.584011,8.385313,2307.0,79,,,RGI60-11.01238,-857.0765907967119,5158938.509607857,98,197,0098_0197
274,2008-07-23,2008-07-23,46.584009,8.385352,2308.0,80,,,RGI60-11.01238,-854.0886909447897,5158938.286948312,98,197,0098_0197
274,2008-07-23,2008-07-23,46.584007,8.385391,2308.0,82,,,RGI60-11.01238,-851.1007908728395,5158938.064290244,98,197,0098_0197
274,2008-07-23,2008-07-23,46.584007,8.385431,2308.0,82,,,RGI60-11.01238,-848.0362457641241,5158938.063859418,98,197,0098_0197
274,2008-07-23,2008-07-23,46.584007,8.38547,2309.0,83,,,RGI60-11.01238,-845.0483142832851,5158938.063440859,98,197,0098_0197
274,2008-07-23,2008-07-23,46.584008,8.385509,2309.0,83,,,RGI60-11.01238,-842.0603673188078,5158938.174142037,98,197,0098_0197
274,2008-07-23,2008-07-23,46.584011,8.385548,2309.0,84,,,RGI60-11.01238,-839.0723896074444,5158938.507081209,98,197,0098_0197
274,2008-07-23,2008-07-23,46.584014,8.385587,2309.0,84,,,RGI60-11.01238,-836.0844122258226,5158938.840021858,98,197,0098_0197
274,2008-07-23,2008-07-23,46.584019,8.385625,2309.0,85,,,RGI60-11.01238,-833.1730181473422,5158939.395211066,98,197,0098_0197
274,2008-07-23,2008-07-23,46.584024,8.385664,2309.0,86,,,RGI60-11.01238,-830.1850110004448,5158939.95039115,99,197,0099_0197
274,2008-07-23,2008-07-23,46.58403,8.385702,2310.0,86,,,RGI60-11.01238,-827.2736027880978,5158940.6167014595,99,197,0099_0197
274,2008-07-23,2008-07-23,46.584036,8.38574,2310.0,87,,,RGI60-11.01238,-824.3621952182264,5158941.283013171,99,197,0099_0197
274,2008-07-23,2008-07-23,46.584042,8.385778,2310.0,87,,,RGI60-11.01238,-821.4507882905859,5158941.949326287,99,197,0099_0197
274,2008-07-23,2008-07-23,46.584049,8.385816,2310.0,88,,,RGI60-11.01238,-818.5393669545183,5158942.726759066,99,197,0099_0197
274,2008-07-23,2008-07-23,46.584055,8.385854,2310.0,89,,,RGI60-11.01238,-815.6279613651162,5158943.393074987,99,197,0099_0197
274,2008-07-23,2008-07-23,46.584061,8.385892,2310.0,89,,,RGI60-11.01238,-812.7165564181901,5158944.059392312,99,197,0099_0197
274,2008-07-23,2008-07-23,46.584067,8.38593,2310.0,90,,,RGI60-11.01238,-809.8051521134962,5158944.72571104,99,197,0099_0197
274,2008-07-23,2008-07-23,46.584072,8.385969,2311.0,91,,,RGI60-11.01238,-806.8171497519662,5158945.280902684,99,197,0099_0197
274,2008-07-23,2008-07-23,46.584076,8.386007,2311.0,92,,,RGI60-11.01238,-803.9057762505875,5158945.724987737,99,197,0099_0197
274,2008-07-23,2008-07-23,46.584081,8.386046,2311.0,92,,,RGI60-11.01238,-800.9177749255911,5158946.280182297,99,197,0099_0197
274,2008-07-23,2008-07-23,46.584084,8.386085,2311.0,93,,,RGI60-11.01238,-797.9298034941446,5158946.613141814,99,197,0099_0197
274,2008-07-23,2008-07-23,46.584087,8.386124,2311.0,93,,,RGI60-11.01238,-794.9418323920764,5158946.946102811,99,197,0099_0197
274,2008-07-23,2008-07-23,46.584089,8.386163,2311.0,95,,,RGI60-11.01238,-791.9538761819559,5158947.167947024,99,197,0099_0197
274,2008-07-23,2008-07-23,46.58409,8.386202,2311.0,96,,,RGI60-11.01238,-788.9659346984768,5158947.278674455,99,197,0099_0197
274,2008-07-23,2008-07-23,46.584091,8.386241,2312.0,98,,,RGI60-11.01238,-785.9779933249804,5158947.389403362,99,197,0099_0197
274,2008-07-23,2008-07-23,46.58409,8.38628,2312.0,99,,,RGI60-11.01238,-782.99008085599,5158947.277897227,99,197,0099_0197
274,2008-07-23,2008-07-23,46.584089,8.386319,2312.0,101,,,RGI60-11.01238,-780.0021682768548,5158947.166392568,99,197,0099_0197
274,2008-07-23,2008-07-23,46.584087,8.386358,2312.0,102,,,RGI60-11.01238,-777.014269875442,5158946.943771128,99,197,0099_0197
274,2008-07-23,2008-07-23,46.584084,8.386397,2312.0,104,,,RGI60-11.01238,-774.0263854864404,5158946.610032902,99,197,0099_0197
274,2008-07-23,2008-07-23,46.58408,8.386436,2312.0,105,,,RGI60-11.01238,-771.0385149453922,5158946.165177896,99,197,0099_0197
274,2008-07-23,2008-07-23,46.584076,8.386474,2312.0,106,,,RGI60-11.01238,-768.127257495383,5158945.720334105,99,197,0099_0197
274,2008-07-23,2008-07-23,46.584071,8.386513,2312.0,108,,,RGI60-11.01238,-765.1394001497742,5158945.164363755,100,197,0100_0197
274,2008-07-23,2008-07-23,46.584064,8.386551,2311.0,110,,,RGI60-11.01238,-762.2281838305086,5158944.386168029,100,197,0100_0197
274,2008-07-23,2008-07-23,46.584058,8.386589,2311.0,112,,,RGI60-11.01238,-759.3169527996907,5158943.719091962,100,197,0100_0197
274,2008-07-23,2008-07-23,46.58405,8.386626,2311.0,114,,,RGI60-11.01238,-756.482362510645,5158942.829790372,100,197,0100_0197
274,2008-07-23,2008-07-23,46.584042,8.386664,2311.0,117,,,RGI60-11.01238,-753.5711578089889,5158941.940480559,100,197,0100_0197
274,2008-07-23,2008-07-23,46.584033,8.3867,2311.0,121,,,RGI60-11.01238,-750.8131932358845,5158940.940072926,100,197,0100_0197
274,2008-07-23,2008-07-23,46.584023,8.386737,2311.0,123,,,RGI60-11.01238,-747.9786278994962,5158939.828538811,100,197,0100_0197
274,2008-07-23,2008-07-23,46.584014,8.386774,2311.0,126,,,RGI60-11.01238,-745.1440478191556,5158938.828124287,100,197,0100_0197
274,2008-07-23,2008-07-23,46.584003,8.38681,2311.0,128,,,RGI60-11.01238,-742.3861077325223,5158937.605483987,100,197,0100_0197
274,2008-07-23,2008-07-23,46.583993,8.386846,2310.0,129,,,RGI60-11.01238,-739.6281529302343,5158936.493963207,100,197,0100_0197
274,2008-07-23,2008-07-23,46.583983,8.386882,2310.0,131,,,RGI60-11.01238,-736.8701971134994,5158935.382443688,100,197,0100_0197
274,2008-07-23,2008-07-23,46.583973,8.386919,2310.0,132,,,RGI60-11.01238,-734.0356266068693,5158934.270916123,100,197,0100_0197
274,2008-07-23,2008-07-23,46.583963,8.386955,2310.0,133,,,RGI60-11.01238,-731.2776687475189,5158933.15939916,100,197,0100_0197
274,2008-07-23,2008-07-23,46.583954,8.386992,2310.0,133,,,RGI60-11.01238,-728.4430827757647,5158932.158992479,100,197,0100_0197
274,2008-07-23,2008-07-23,46.583946,8.387029,2310.0,133,,,RGI60-11.01238,-725.6084825236741,5158931.269705389,100,197,0100_0197
274,2008-07-23,2008-07-23,46.583939,8.387067,2310.0,133,,,RGI60-11.01238,-722.697254424031,5158930.491528722,100,197,0100_0197
274,2008-07-23,2008-07-23,46.583934,8.387106,2310.0,133,,,RGI60-11.01238,-719.7093853744823,5158929.935580851,100,197,0100_0197
274,2008-07-23,2008-07-23,46.58393,8.387144,2310.0,132,,,RGI60-11.01238,-716.7981163328611,5158929.4907618,100,197,0100_0197
274,2008-07-23,2008-07-23,46.583927,8.387183,2310.0,131,,,RGI60-11.01238,-713.8102199959212,5158929.157053359,100,197,0100_0197
274,2008-07-23,2008-07-23,46.583925,8.387222,2310.0,129,,,RGI60-11.01238,-710.8223102593649,5158928.934464652,100,197,0100_0197
274,2008-07-23,2008-07-23,46.583926,8.387261,2309.0,128,,,RGI60-11.01238,-707.8343612570131,5158929.0452321945,100,197,0100_0197
274,2008-07-23,2008-07-23,46.583927,8.3873,2309.0,128,,,RGI60-11.01238,-704.8464123647678,5158929.156001214,100,197,0100_0197
274,2008-07-23,2008-07-23,46.58393,8.387339,2309.0,128,,,RGI60-11.01238,-701.8584377713878,5158929.489008225,100,197,0100_0197
274,2008-07-23,2008-07-23,46.583933,8.387378,2309.0,128,,,RGI60-11.01238,-698.8704635078749,5158929.822016713,101,197,0101_0197
274,2008-07-23,2008-07-23,46.583937,8.387417,2309.0,128,,,RGI60-11.01238,-695.8824767783663,5158930.266144937,101,197,0101_0197
274,2008-07-23,2008-07-23,46.583941,8.387456,2309.0,128,,,RGI60-11.01238,-692.8944904882385,5158930.710274638,101,197,0101_0197
274,2008-07-23,2008-07-23,46.583946,8.387494,2309.0,128,,,RGI60-11.01238,-689.983105665852,5158931.2655328205,101,197,0101_0197
274,2008-07-23,2008-07-23,46.583952,8.387532,2309.0,128,,,RGI60-11.01238,-687.0717087451425,5158931.931910664,101,197,0101_0197
274,2008-07-23,2008-07-23,46.583959,8.38757,2308.0,128,,,RGI60-11.01238,-684.1602998869454,5158932.709408168,101,197,0101_0197
274,2008-07-23,2008-07-23,46.583965,8.387608,2309.0,128,,,RGI60-11.01238,-681.2489043044815,5158933.375788818,101,197,0101_0197
274,2008-07-23,2008-07-23,46.583972,8.387646,2309.0,129,,,RGI60-11.01238,-678.3374968915914,5158934.15328913,101,197,0101_0197
274,2008-07-23,2008-07-23,46.583979,8.387684,2309.0,129,,,RGI60-11.01238,-675.426090227998,5158934.930790845,101,197,0101_0197
274,2008-07-23,2008-07-23,46.583987,8.387721,2310.0,129,,,RGI60-11.01238,-672.5912856039574,5158935.819420747,101,197,0101_0197
274,2008-07-23,2008-07-23,46.583994,8.387759,2310.0,129,,,RGI60-11.01238,-669.679880482872,5158936.5969252335,101,197,0101_0197
274,2008-07-23,2008-07-23,46.584001,8.387797,2310.0,128,,,RGI60-11.01238,-666.7684761113275,5158937.374431122,101,197,0101_0197
274,2008-07-23,2008-07-23,46.584008,8.387834,2311.0,127,,,RGI60-11.01238,-663.9336861154778,5158938.1519468315,101,197,0101_0197
274,2008-07-23,2008-07-23,46.584015,8.387872,2311.0,126,,,RGI60-11.01238,-661.0222832329125,5158938.92945549,101,197,0101_0197
274,2008-07-23,2008-07-23,46.584022,8.38791,2312.0,125,,,RGI60-11.01238,-658.1108810996449,5158939.706965551,101,197,0101_0197
274,2008-07-23,2008-07-23,46.584028,8.387948,2312.0,124,,,RGI60-11.01238,-655.1994917633996,5158940.373358757,101,197,0101_0197
274,2008-07-23,2008-07-23,46.584034,8.387987,2313.0,123,,,RGI60-11.01238,-652.2114894796201,5158941.039745099,101,197,0101_0197
274,2008-07-23,2008-07-23,46.584039,8.388025,2313.0,122,,,RGI60-11.01238,-649.3001133755562,5158941.595022891,101,197,0101_0197
274,2008-07-23,2008-07-23,46.584043,8.388064,2313.0,121,,,RGI60-11.01238,-646.3121361151755,5158942.039175631,101,197,0101_0197
274,2008-07-23,2008-07-23,46.584047,8.388102,2313.0,119,,,RGI60-11.01238,-643.4007728657596,5158942.483338005,101,197,0101_0197
274,2008-07-23,2008-07-23,46.58405,8.388141,2314.0,119,,,RGI60-11.01238,-640.4128082543548,5158942.816375403,101,197,0101_0197
274,2008-07-23,2008-07-23,46.584051,8.38818,2314.0,118,,,RGI60-11.01238,-637.424867413772,5158942.92717776,101,197,0101_0197
274,2008-07-23,2008-07-23,46.584053,8.388219,2314.0,117,,,RGI60-11.01238,-634.4369150175795,5158943.149099853,101,197,0101_0197
274,2008-07-23,2008-07-23,46.584053,8.388258,2314.0,116,,,RGI60-11.01238,-631.4489860624457,5158943.148786905,102,197,0102_0197
274,2008-07-23,2008-07-23,46.584052,8.388298,2314.0,115,,,RGI60-11.01238,-628.3844550989598,5158943.037349207,102,197,0102_0197
274,2008-07-23,2008-07-23,46.584051,8.388337,2314.0,115,,,RGI60-11.01238,-625.3965375884633,5158942.925920993,102,197,0102_0197
274,2008-07-23,2008-07-23,46.584049,8.388376,2314.0,114,,,RGI60-11.01238,-622.4086314126171,5158942.703375995,102,197,0102_0197
274,2008-07-23,2008-07-23,46.584046,8.388415,2314.0,113,,,RGI60-11.01238,-619.420736406598,5158942.369714216,102,197,0102_0197
274,2008-07-23,2008-07-23,46.584043,8.388454,2314.0,112,,,RGI60-11.01238,-616.4328410709181,5158942.036053914,102,197,0102_0197
274,2008-07-23,2008-07-23,46.584039,8.388492,2314.0,112,,,RGI60-11.01238,-613.5215702680342,5158941.5912846085,102,197,0102_0197
274,2008-07-23,2008-07-23,46.584034,8.388531,2314.0,111,,,RGI60-11.01238,-610.5336966745783,5158941.035390705,102,197,0102_0197
274,2008-07-23,2008-07-23,46.58403,8.388569,2314.0,110,,,RGI60-11.01238,-607.6224249559823,5158940.590624241,102,197,0102_0197
274,2008-07-23,2008-07-23,46.584024,8.388608,2314.0,110,,,RGI60-11.01238,-604.6345614434986,5158939.923614997,102,197,0102_0197
274,2008-07-23,2008-07-23,46.584018,8.388646,2314.0,110,,,RGI60-11.01238,-601.7233108839031,5158939.256614859,102,197,0102_0197
274,2008-07-23,2008-07-23,46.584012,8.388684,2314.0,110,,,RGI60-11.01238,-598.8120596820264,5158938.589616124,102,197,0102_0197
274,2008-07-23,2008-07-23,46.584006,8.388722,2314.0,110,,,RGI60-11.01238,-595.9008078376254,5158937.922618793,102,197,0102_0197
274,2008-07-23,2008-07-23,46.584,8.38876,2314.0,109,,,RGI60-11.01238,-592.9895553509439,5158937.255622864,102,197,0102_0197
274,2008-07-23,2008-07-23,46.583993,8.388798,2314.0,109,,,RGI60-11.01238,-590.0783130717892,5158936.47751008,102,197,0102_0197
274,2008-07-23,2008-07-23,46.583987,8.388836,2314.0,109,,,RGI60-11.01238,-587.1670592467704,5158935.810516957,102,197,0102_0197
274,2008-07-23,2008-07-23,46.583981,8.388874,2314.0,109,,,RGI60-11.01238,-584.2558047792276,5158935.14352524,102,197,0102_0197
274,2008-07-23,2008-07-23,46.583975,8.388912,2314.0,109,,,RGI60-11.01238,-581.3445496694047,5158934.4765349245,102,197,0102_0197
274,2008-07-23,2008-07-23,46.583969,8.388951,2314.0,108,,,RGI60-11.01238,-578.3566802357095,5158933.809538678,102,197,0102_0197
274,2008-07-23,2008-07-23,46.583964,8.388989,2314.0,108,,,RGI60-11.01238,-575.4454132516524,5158933.253669463,102,197,0102_0197
274,2008-07-23,2008-07-23,46.583959,8.389028,2314.0,107,,,RGI60-11.01238,-572.4575320368226,5158932.697794395,102,197,0102_0197
274,2008-07-23,2008-07-23,46.583955,8.389066,2314.0,107,,,RGI60-11.01238,-569.5462535025456,5158932.253046282,102,197,0102_0197
274,2008-07-23,2008-07-23,46.58395,8.389105,2314.0,107,,,RGI60-11.01238,-566.5583712507321,5158931.697174131,103,197,0103_0197
274,2008-07-23,2008-07-23,46.583947,8.389144,2314.0,106,,,RGI60-11.01238,-563.5704677243726,5158931.363539971,103,197,0103_0197
274,2008-07-23,2008-07-23,46.583944,8.389183,2314.0,106,,,RGI60-11.01238,-560.5825638684769,5158931.02990729,103,197,0103_0197
274,2008-07-23,2008-07-23,46.583941,8.389221,2314.0,106,,,RGI60-11.01238,-557.6712734034744,5158930.696283155,103,197,0103_0197
274,2008-07-23,2008-07-23,46.583939,8.38926,2314.0,106,,,RGI60-11.01238,-554.6833586931583,5158930.473771648,103,197,0103_0197
274,2008-07-23,2008-07-23,46.583937,8.389299,2314.0,106,,,RGI60-11.01238,-551.6954437630657,5158930.251261619,103,197,0103_0197
274,2008-07-23,2008-07-23,46.583935,8.389338,2314.0,105,,,RGI60-11.01238,-548.7075286131966,5158930.028753066,103,197,0103_0197
274,2008-07-23,2008-07-23,46.583934,8.389378,2314.0,105,,,RGI60-11.01238,-545.6429894785072,5158929.917357331,103,197,0103_0197
274,2008-07-23,2008-07-23,46.583933,8.389417,2314.0,104,,,RGI60-11.01238,-542.6550639631724,5158929.805970029,103,197,0103_0197
274,2008-07-23,2008-07-23,46.583932,8.389456,2314.0,104,,,RGI60-11.01238,-539.667138338065,5158929.694584203,103,197,0103_0197
274,2008-07-23,2008-07-23,46.583932,8.389495,2314.0,104,,,RGI60-11.01238,-536.6792027346636,5158929.694318113,103,197,0103_0197
274,2008-07-23,2008-07-23,46.583932,8.389534,2314.0,104,,,RGI60-11.01238,-533.691267131371,5158929.6940535,103,197,0103_0197
274,2008-07-23,2008-07-23,46.583932,8.389573,2315.0,103,,,RGI60-11.01238,-530.703331528065,5158929.693790364,103,197,0103_0197
274,2008-07-23,2008-07-23,46.583932,8.389612,2315.0,103,,,RGI60-11.01238,-527.7153959247455,5158929.693528706,103,197,0103_0197
274,2008-07-23,2008-07-23,46.583932,8.389652,2315.0,102,,,RGI60-11.01238,-524.6508465880568,5158929.693261873,103,197,0103_0197
274,2008-07-23,2008-07-23,46.583932,8.389691,2315.0,101,,,RGI60-11.01238,-521.6629109847112,5158929.693003207,103,197,0103_0197
274,2008-07-23,2008-07-23,46.583933,8.38973,2315.0,101,,,RGI60-11.01238,-518.6749658441267,5158929.803864277,103,197,0103_0197
274,2008-07-23,2008-07-23,46.583933,8.389769,2315.0,100,,,RGI60-11.01238,-515.6870302958173,5158929.803608566,103,197,0103_0197
274,2008-07-23,2008-07-23,46.583934,8.389808,2315.0,99,,,RGI60-11.01238,-512.6990853200285,5158929.914472588,103,197,0103_0197
274,2008-07-23,2008-07-23,46.583934,8.389847,2315.0,99,,,RGI60-11.01238,-509.7111498266339,5158929.914219833,103,197,0103_0197
274,2008-07-23,2008-07-23,46.583934,8.389886,2315.0,98,,,RGI60-11.01238,-506.7232143329831,5158929.913968554,103,197,0103_0197
274,2008-07-23,2008-07-23,46.583934,8.389925,2316.0,97,,,RGI60-11.01238,-503.73527883944143,5158929.913718752,103,197,0103_0197
274,2008-07-23,2008-07-23,46.583934,8.389965,2316.0,96,,,RGI60-11.01238,-500.67072961534564,5158929.91346408,104,197,0104_0197
274,2008-07-23,2008-07-23,46.583934,8.390004,2316.0,96,,,RGI60-11.01238,-497.68279412177867,5158929.91321727,104,197,0104_0197
274,2008-07-23,2008-07-23,46.583934,8.390043,2316.0,95,,,RGI60-11.01238,-494.69485862807744,5158929.912971938,104,197,0104_0197
274,2008-07-23,2008-07-23,46.583933,8.390082,2316.0,94,,,RGI60-11.01238,-491.7069321758386,5158929.801609826,104,197,0104_0197
274,2008-07-23,2008-07-23,46.583931,8.390121,2316.0,93,,,RGI60-11.01238,-488.7190145997528,5158929.579130935,104,197,0104_0197
274,2008-07-23,2008-07-23,46.58393,8.39016,2316.0,92,,,RGI60-11.01238,-485.73108787278653,5158929.467771779,104,197,0104_0197
274,2008-07-23,2008-07-23,46.583928,8.390199,2316.0,92,,,RGI60-11.01238,-482.743169912092,5158929.245295841,104,197,0104_0197
274,2008-07-23,2008-07-23,46.583926,8.390238,2316.0,91,,,RGI60-11.01238,-479.7552517317451,5158929.022821382,104,197,0104_0197
274,2008-07-23,2008-07-23,46.583924,8.390277,2316.0,90,,,RGI60-11.01238,-476.7673333317454,5158928.800348399,104,197,0104_0197
274,2008-07-23,2008-07-23,46.583921,8.390316,2316.0,89,,,RGI60-11.01238,-473.7794234233142,5158928.466758638,104,197,0104_0197
274,2008-07-23,2008-07-23,46.583918,8.390355,2316.0,88,,,RGI60-11.01238,-470.79151318547054,5158928.133170353,104,197,0104_0197
274,2008-07-23,2008-07-23,46.583915,8.390394,2316.0,87,,,RGI60-11.01238,-467.80360261772734,5158927.799583547,104,197,0104_0197
274,2008-07-23,2008-07-23,46.583911,8.390433,2316.0,86,,,RGI60-11.01238,-464.81570026721386,5158927.354879962,104,197,0104_0197
274,2008-07-23,2008-07-23,46.583907,8.390471,2316.0,85,,,RGI60-11.01238,-461.90441124586596,5158926.910183709,104,197,0104_0197
274,2008-07-23,2008-07-23,46.583903,8.39051,2316.0,84,,,RGI60-11.01238,-458.9165080217907,5158926.46548304,104,197,0104_0197
274,2008-07-23,2008-07-23,46.583898,8.390549,2316.0,83,,,RGI60-11.01238,-455.928612741771,5158925.909665592,104,197,0104_0197
274,2008-07-23,2008-07-23,46.583894,8.390587,2316.0,81,,,RGI60-11.01238,-453.01732237069785,5158925.464973622,104,197,0104_0197
274,2008-07-23,2008-07-23,46.583889,8.390626,2316.0,80,,,RGI60-11.01238,-450.0294260538245,5158924.909159092,104,197,0104_0197
274,2008-07-23,2008-07-23,46.583884,8.390664,2316.0,78,,,RGI60-11.01238,-447.1181429883941,5158924.353351708,104,197,0104_0197
274,2008-07-23,2008-07-23,46.583878,8.390702,2316.0,77,,,RGI60-11.01238,-444.20686755556477,5158923.68642747,104,197,0104_0197
274,2008-07-23,2008-07-23,46.583873,8.390741,2316.0,76,,,RGI60-11.01238,-441.2189695493377,5158923.130617299,104,197,0104_0197
274,2008-07-23,2008-07-23,46.583868,8.390779,2316.0,74,,,RGI60-11.01238,-438.30768481733804,5158922.574814161,104,197,0104_0197
274,2008-07-23,2008-07-23,46.583862,8.390818,2316.0,73,,,RGI60-11.01238,-435.31979372395756,5158921.907888653,105,197,0105_0197
274,2008-07-23,2008-07-23,46.583857,8.390856,2316.0,71,,,RGI60-11.01238,-432.4085078607204,5158921.352088356,105,197,0105_0197
274,2008-07-23,2008-07-23,46.583852,8.390894,2316.0,70,,,RGI60-11.01238,-429.49722146227487,5158920.796289465,105,197,0105_0197
274,2008-07-23,2008-07-23,46.583846,8.390933,2316.0,69,,,RGI60-11.01238,-426.5093285175368,5158920.129368313,105,197,0105_0197
274,2008-07-23,2008-07-23,46.583841,8.390971,2316.0,67,,,RGI60-11.01238,-423.5980409878545,5158919.573572262,105,197,0105_0197
274,2008-07-23,2008-07-23,46.583836,8.39101,2316.0,65,,,RGI60-11.01238,-420.61013905411545,5158919.017772284,105,197,0105_0197
274,2008-07-23,2008-07-23,46.583831,8.391048,2316.0,63,,,RGI60-11.01238,-417.6988504467296,5158918.461979079,105,197,0105_0197
274,2008-07-23,2008-07-23,46.583827,8.391087,2316.0,61,,,RGI60-11.01238,-414.7109397956342,5158918.017300274,105,197,0105_0197
274,2008-07-23,2008-07-23,46.583823,8.391125,2316.0,58,,,RGI60-11.01238,-411.79964259216626,5158917.572628166,105,198,0105_0198
274,2008-07-23,2008-07-23,46.583819,8.391164,2316.0,56,,,RGI60-11.01238,-408.8117310677573,5158917.127952275,105,198,0105_0198
274,2008-07-23,2008-07-23,46.583816,8.391203,2316.0,53,,,RGI60-11.01238,-405.8238116416615,5158916.79439612,105,198,0105_0198
274,2008-07-23,2008-07-23,46.583813,8.391242,2316.0,51,,,RGI60-11.01238,-402.835891886156,5158916.460841442,105,198,0105_0198
274,2008-07-23,2008-07-23,46.583811,8.391281,2316.0,49,,,RGI60-11.01238,-399.84796444872717,5158916.238406497,105,198,0105_0198
274,2008-07-23,2008-07-23,46.583809,8.39132,2316.0,47,,,RGI60-11.01238,-396.8600367915261,5158916.01597303,105,198,0105_0198
274,2008-07-23,2008-07-23,46.583807,8.391359,2316.0,46,,,RGI60-11.01238,-393.8721089145535,5158915.7935410375,105,198,0105_0198
274,2008-07-23,2008-07-23,46.583807,8.391398,2316.0,44,,,RGI60-11.01238,-390.8841664430342,5158915.793347034,105,198,0105_0198
274,2008-07-23,2008-07-23,46.583807,8.391437,2316.0,43,,,RGI60-11.01238,-387.89622397174867,5158915.793154507,105,198,0105_0198
274,2008-07-23,2008-07-23,46.583807,8.391476,2316.0,41,,,RGI60-11.01238,-384.90828150020985,5158915.792963457,105,198,0105_0198
274,2008-07-23,2008-07-23,46.583808,8.391516,2316.0,40,,,RGI60-11.01238,-381.843718098225,5158915.903887299,105,198,0105_0198
274,2008-07-23,2008-07-23,46.583809,8.391555,2316.0,38,,,RGI60-11.01238,-378.85576871557225,5158916.014817498,105,198,0105_0198
274,2008-07-23,2008-07-23,46.583812,8.391594,2316.0,36,,,RGI60-11.01238,-375.86780562035756,5158916.347985682,105,198,0105_0198
274,2008-07-23,2008-07-23,46.583815,8.391633,2316.0,35,,,RGI60-11.01238,-372.8798428547747,5158916.681155344,105,198,0105_0198
274,2008-07-23,2008-07-23,46.583818,8.391671,2316.0,33,,,RGI60-11.01238,-369.9684943127901,5158917.014331174,106,198,0106_0198
274,2008-07-23,2008-07-23,46.583822,8.39171,2316.0,31,,,RGI60-11.01238,-366.9805254545618,5158917.458622009,106,198,0106_0198
274,2008-07-23,2008-07-23,46.583827,8.391749,2315.0,29,,,RGI60-11.01238,-363.9925503427362,5158918.014032576,106,197,0106_0197
274,2008-07-23,2008-07-23,46.584374,8.384575,2306.0,49,,,RGI60-11.01238,-913.6113457851613,5158978.853820516,97,197,0097_0197
274,2008-07-23,2008-07-23,46.584372,8.384614,2306.0,51,,,RGI60-11.01238,-910.6234679566288,5158978.631133001,97,197,0097_0197
274,2008-07-23,2008-07-23,46.584371,8.384653,2306.0,53,,,RGI60-11.01238,-907.6355732187161,5158978.519565228,97,197,0097_0197
274,2008-07-23,2008-07-23,46.58437,8.384692,2307.0,55,,,RGI60-11.01238,-904.6476783711416,5158978.407998934,97,197,0097_0197
274,2008-07-23,2008-07-23,46.58437,8.384732,2308.0,57,,,RGI60-11.01238,-901.5831537176789,5158978.407540952,97,197,0097_0197
274,2008-07-23,2008-07-23,46.584371,8.384771,2308.0,58,,,RGI60-11.01238,-898.595225657348,5158978.51821418,97,197,0097_0197
274,2008-07-23,2008-07-23,46.584372,8.38481,2309.0,61,,,RGI60-11.01238,-895.6072977071199,5158978.628888887,98,197,0098_0197
274,2008-07-23,2008-07-23,46.584374,8.384849,2310.0,62,,,RGI60-11.01238,-892.6193534532706,5158978.850683337,98,197,0098_0197
274,2008-07-23,2008-07-23,46.584376,8.384888,2310.0,64,,,RGI60-11.01238,-889.6314094192828,5158979.072479264,98,197,0098_0197
274,2008-07-23,2008-07-23,46.584378,8.384927,2311.0,65,,,RGI60-11.01238,-886.6434656051572,5158979.294276668,98,197,0098_0197
274,2008-07-23,2008-07-23,46.58438,8.384966,2312.0,66,,,RGI60-11.01238,-883.655522010528,5158979.516075551,98,197,0098_0197
274,2008-07-23,2008-07-23,46.584383,8.385005,2313.0,68,,,RGI60-11.01238,-880.6675624424076,5158979.848994176,98,197,0098_0197
274,2008-07-23,2008-07-23,46.584385,8.385044,2313.0,69,,,RGI60-11.01238,-877.6796193422005,5158980.070796011,98,197,0098_0197
274,2008-07-23,2008-07-23,46.584388,8.385083,2313.0,70,,,RGI60-11.01238,-874.6916603782595,5158980.403717591,98,197,0098_0197
274,2008-07-23,2008-07-23,46.58439,8.385122,2314.0,72,,,RGI60-11.01238,-871.7037177725961,5158980.625522384,98,197,0098_0197
274,2008-07-23,2008-07-23,46.584392,8.385161,2314.0,73,,,RGI60-11.01238,-868.7157753866727,5158980.847328654,98,197,0098_0197
274,2008-07-23,2008-07-23,46.584394,8.3852,2315.0,75,,,RGI60-11.01238,-865.7278332206122,5158981.069136399,98,197,0098_0197
274,2008-07-23,2008-07-23,46.584395,8.385239,2315.0,76,,,RGI60-11.01238,-862.7399071378836,5158981.179827356,98,197,0098_0197
274,2008-07-23,2008-07-23,46.584396,8.385278,2315.0,77,,,RGI60-11.01238,-859.751981165137,5158981.290519792,98,197,0098_0197
274,2008-07-23,2008-07-23,46.584397,8.385317,2316.0,79,,,RGI60-11.01238,-856.7640553022499,5158981.401213704,98,197,0098_0197
274,2008-07-23,2008-07-23,46.584397,8.385356,2316.0,80,,,RGI60-11.01238,-853.7761452482347,5158981.400790827,98,197,0098_0197
274,2008-07-23,2008-07-23,46.584397,8.385395,2316.0,81,,,RGI60-11.01238,-850.7882351941989,5158981.400369428,98,197,0098_0197
274,2008-07-23,2008-07-23,46.584396,8.385435,2316.0,82,,,RGI60-11.01238,-847.7237276496161,5158981.288820491,98,197,0098_0197
274,2008-07-23,2008-07-23,46.584395,8.385474,2317.0,83,,,RGI60-11.01238,-844.735833073254,5158981.177283819,98,197,0098_0197
274,2008-07-23,2008-07-23,46.584393,8.385513,2317.0,84,,,RGI60-11.01238,-841.7479538650714,5158980.954630357,98,197,0098_0197
274,2008-07-23,2008-07-23,46.584391,8.385552,2317.0,85,,,RGI60-11.01238,-838.7600744368596,5158980.731978373,98,197,0098_0197
274,2008-07-23,2008-07-23,46.584389,8.385591,2317.0,86,,,RGI60-11.01238,-835.7721947891056,5158980.509327866,98,197,0098_0197
274,2008-07-23,2008-07-23,46.584386,8.38563,2317.0,87,,,RGI60-11.01238,-832.7843302343368,5158980.175560572,98,197,0098_0197
274,2008-07-23,2008-07-23,46.584382,8.385669,2317.0,88,,,RGI60-11.01238,-829.7964806080936,5158979.730676485,99,197,0099_0197
274,2008-07-23,2008-07-23,46.584379,8.385707,2317.0,89,,,RGI60-11.01238,-826.885228442898,5158979.396922627,99,197,0099_0197
274,2008-07-23,2008-07-23,46.584375,8.385746,2317.0,90,,,RGI60-11.01238,-823.897377998128,5158978.952041463,99,197,0099_0197
274,2008-07-23,2008-07-23,46.584371,8.385785,2317.0,91,,,RGI60-11.01238,-820.9095271138067,5158978.507161772,99,197,0099_0197
274,2008-07-23,2008-07-23,46.584367,8.385824,2317.0,92,,,RGI60-11.01238,-817.9216757899336,5158978.062283562,99,197,0099_0197
274,2008-07-23,2008-07-23,46.584363,8.385862,2317.0,92,,,RGI60-11.01238,-815.0104371527808,5158977.61741716,99,197,0099_0197
274,2008-07-23,2008-07-23,46.584359,8.385901,2317.0,93,,,RGI60-11.01238,-812.0225849553186,5158977.172541866,99,197,0099_0197
274,2008-07-23,2008-07-23,46.584354,8.385939,2317.0,94,,,RGI60-11.01238,-809.1113603335534,5158976.616560042,99,197,0099_0197
274,2008-07-23,2008-07-23,46.58435,8.385978,2317.0,95,,,RGI60-11.01238,-806.1235072079262,5158976.171687666,99,197,0099_0197
274,2008-07-23,2008-07-23,46.584346,8.386017,2317.0,96,,,RGI60-11.01238,-803.1356536425045,5158975.726816766,99,197,0099_0197
274,2008-07-23,2008-07-23,46.584342,8.386056,2317.0,97,,,RGI60-11.01238,-800.1477996377757,5158975.2819473455,99,197,0099_0197
274,2008-07-23,2008-07-23,46.584339,8.386094,2317.0,98,,,RGI60-11.01238,-797.2365436953997,5158974.948207774,99,197,0099_0197
274,2008-07-23,2008-07-23,46.584336,8.386133,2317.0,99,,,RGI60-11.01238,-794.248674267742,5158974.614459535,99,197,0099_0197
274,2008-07-23,2008-07-23,46.584333,8.386172,2317.0,100,,,RGI60-11.01238,-791.2608045101734,5158974.280712772,99,197,0099_0197
274,2008-07-23,2008-07-23,46.58433,8.386211,2317.0,101,,,RGI60-11.01238,-788.2729344230596,5158973.94696749,99,197,0099_0197
274,2008-07-23,2008-07-23,46.584328,8.38625,2317.0,102,,,RGI60-11.01238,-785.285049566699,5158973.7243419485,99,197,0099_0197
274,2008-07-23,2008-07-23,46.584326,8.386289,2316.0,104,,,RGI60-11.01238,-782.297164490554,5158973.501717884,99,197,0099_0197
274,2008-07-23,2008-07-23,46.584324,8.386328,2316.0,105,,,RGI60-11.01238,-779.3092791945038,5158973.279095298,99,197,0099_0197
274,2008-07-23,2008-07-23,46.584323,8.386367,2316.0,106,,,RGI60-11.01238,-776.3213794041565,5158973.167592453,99,197,0099_0197
274,2008-07-23,2008-07-23,46.584323,8.386406,2316.0,107,,,RGI60-11.01238,-773.3334652839702,5158973.1672093505,99,197,0099_0197
274,2008-07-23,2008-07-23,46.584322,8.386446,2316.0,108,,,RGI60-11.01238,-770.2689521447239,5158973.055699695,99,197,0099_0197
274,2008-07-23,2008-07-23,46.584322,8.386485,2316.0,110,,,RGI60-11.01238,-767.2810379694363,5158973.055319586,99,197,0099_0197
274,2008-07-23,2008-07-23,46.584322,8.386524,2316.0,111,,,RGI60-11.01238,-764.2931237942512,5158973.054940953,100,197,0100_0197
274,2008-07-23,2008-07-23,46.584323,8.386563,2316.0,113,,,RGI60-11.01238,-761.3051956204034,5158973.165682063,100,197,0100_0197
274,2008-07-23,2008-07-23,46.584324,8.386602,2316.0,115,,,RGI60-11.01238,-758.3172675564181,5158973.276424649,100,197,0100_0197
274,2008-07-23,2008-07-23,46.584325,8.386641,2316.0,117,,,RGI60-11.01238,-755.329339602417,5158973.387168715,100,197,0100_0197
274,2008-07-23,2008-07-23,46.584326,8.38668,2316.0,118,,,RGI60-11.01238,-752.3414117580352,5158973.497914256,100,197,0100_0197
274,2008-07-23,2008-07-23,46.584327,8.386719,2316.0,120,,,RGI60-11.01238,-749.353484023638,5158973.608661274,100,197,0100_0197
274,2008-07-23,2008-07-23,46.584328,8.386759,2316.0,121,,,RGI60-11.01238,-746.288943223636,5158973.719400308,100,197,0100_0197
274,2008-07-23,2008-07-23,46.584329,8.386798,2317.0,123,,,RGI60-11.01238,-743.3010157102507,5158973.83015032,100,197,0100_0197
274,2008-07-23,2008-07-23,46.584331,8.386837,2317.0,124,,,RGI60-11.01238,-740.3130746941993,5158974.052020074,100,197,0100_0197
274,2008-07-23,2008-07-23,46.584332,8.386876,2317.0,125,,,RGI60-11.01238,-737.3251474556022,5158974.162773041,100,197,0100_0197
274,2008-07-23,2008-07-23,46.584333,8.386915,2317.0,127,,,RGI60-11.01238,-734.3372203268684,5158974.273527484,100,197,0100_0197
274,2008-07-23,2008-07-23,46.584335,8.386954,2317.0,127,,,RGI60-11.01238,-731.3492798602903,5158974.495401671,100,197,0100_0197
274,2008-07-23,2008-07-23,46.584336,8.386993,2317.0,128,,,RGI60-11.01238,-728.3613530061018,5158974.606159069,100,197,0100_0197
274,2008-07-23,2008-07-23,46.584337,8.387032,2317.0,128,,,RGI60-11.01238,-725.3734262618984,5158974.716917944,100,197,0100_0197
274,2008-07-23,2008-07-23,46.584338,8.387071,2317.0,129,,,RGI60-11.01238,-722.3854996275583,5158974.827678299,100,197,0100_0197
274,2008-07-23,2008-07-23,46.584339,8.38711,2317.0,128,,,RGI60-11.01238,-719.3975731030818,5158974.938440129,100,197,0100_0197
274,2008-07-23,2008-07-23,46.58434,8.38715,2317.0,128,,,RGI60-11.01238,-716.3330335299019,5158975.0491943555,100,197,0100_0197
274,2008-07-23,2008-07-23,46.58434,8.387189,2317.0,128,,,RGI60-11.01238,-713.3451203433374,5158975.048840913,100,197,0100_0197
274,2008-07-23,2008-07-23,46.584341,8.387228,2317.0,127,,,RGI60-11.01238,-710.3571940947978,5158975.159607214,100,197,0100_0197
274,2008-07-23,2008-07-23,46.584341,8.387267,2317.0,127,,,RGI60-11.01238,-707.3692809632604,5158975.1592567265,100,197,0100_0197
274,2008-07-23,2008-07-23,46.584342,8.387306,2317.0,126,,,RGI60-11.01238,-704.3813548795079,5158975.270025982,100,197,0100_0197
274,2008-07-23,2008-07-23,46.584342,8.387345,2317.0,126,,,RGI60-11.01238,-701.3934418028765,5158975.269678447,100,197,0100_0197
274,2008-07-23,2008-07-23,46.584343,8.387384,2317.0,125,,,RGI60-11.01238,-698.4055158839111,5158975.380450658,101,197,0101_0197
274,2008-07-23,2008-07-23,46.584344,8.387423,2317.0,125,,,RGI60-11.01238,-695.4175900749315,5158975.491224345,101,197,0101_0197
274,2008-07-23,2008-07-23,46.584344,8.387463,2317.0,124,,,RGI60-11.01238,-692.3530639550721,5158975.490872466,101,197,0101_0197
274,2008-07-23,2008-07-23,46.584345,8.387502,2317.0,123,,,RGI60-11.01238,-689.3651383122887,5158975.6016491465,101,197,0101_0197
274,2008-07-23,2008-07-23,46.584345,8.387541,2317.0,122,,,RGI60-11.01238,-686.3772254001492,5158975.601309038,101,197,0101_0197
274,2008-07-23,2008-07-23,46.584346,8.38758,2317.0,122,,,RGI60-11.01238,-683.3892999222758,5158975.712088672,101,197,0101_0197
274,2008-07-23,2008-07-23,46.584347,8.387619,2318.0,121,,,RGI60-11.01238,-680.401374554023,5158975.822869784,101,197,0101_0197
274,2008-07-23,2008-07-23,46.584348,8.387658,2318.0,121,,,RGI60-11.01238,-677.4134492958786,5158975.933652372,101,197,0101_0197
274,2008-07-23,2008-07-23,46.584349,8.387697,2318.0,120,,,RGI60-11.01238,-674.4255241474767,5158976.04443644,101,197,0101_0197
274,2008-07-23,2008-07-23,46.58435,8.387736,2318.0,120,,,RGI60-11.01238,-671.4375991088182,5158976.155221984,101,197,0101_0197
274,2008-07-23,2008-07-23,46.584352,8.387775,2318.0,119,,,RGI60-11.01238,-668.4496618890104,5158976.37712727,101,197,0101_0197
274,2008-07-23,2008-07-23,46.584354,8.387815,2318.0,119,,,RGI60-11.01238,-665.3851117498526,5158976.599025596,101,197,0101_0197
274,2008-07-23,2008-07-23,46.584356,8.387854,2319.0,118,,,RGI60-11.01238,-662.3971749722322,5158976.820933876,101,197,0101_0197
274,2008-07-23,2008-07-23,46.584358,8.387893,2319.0,117,,,RGI60-11.01238,-659.409238414358,5158977.042843632,101,197,0101_0197
274,2008-07-23,2008-07-23,46.584361,8.387932,2319.0,116,,,RGI60-11.01238,-656.421290006143,5158977.375873132,101,197,0101_0197
274,2008-07-23,2008-07-23,46.584363,8.38797,2319.0,115,,,RGI60-11.01238,-653.5099670689988,5158977.597794129,101,197,0101_0197
274,2008-07-23,2008-07-23,46.584366,8.388009,2319.0,115,,,RGI60-11.01238,-650.52201926075,5158977.930826546,101,197,0101_0197
274,2008-07-23,2008-07-23,46.584369,8.388048,2319.0,115,,,RGI60-11.01238,-647.534071782372,5158978.263860439,101,197,0101_0197
274,2008-07-23,2008-07-23,46.584372,8.388087,2319.0,115,,,RGI60-11.01238,-644.546124633378,5158978.59689581,101,197,0101_0197
274,2008-07-23,2008-07-23,46.584375,8.388126,2319.0,115,,,RGI60-11.01238,-641.5581778141332,5158978.92993266,101,197,0101_0197
274,2008-07-23,2008-07-23,46.584379,8.388165,2320.0,115,,,RGI60-11.01238,-638.5702195826618,5158979.374089251,101,197,0101_0197
274,2008-07-23,2008-07-23,46.584382,8.388204,2320.0,115,,,RGI60-11.01238,-635.5822734776126,5158979.707129057,101,197,0101_0197
274,2008-07-23,2008-07-23,46.584385,8.388243,2320.0,115,,,RGI60-11.01238,-632.5943277023126,5158980.040170339,102,197,0102_0197
274,2008-07-23,2008-07-23,46.584389,8.388281,2320.0,115,,,RGI60-11.01238,-629.6829837690369,5158980.484339347,102,197,0102_0197
274,2008-07-23,2008-07-23,46.584392,8.38832,2320.0,115,,,RGI60-11.01238,-626.6950387035856,5158980.817383546,102,197,0102_0197
274,2008-07-23,2008-07-23,46.584395,8.388359,2320.0,114,,,RGI60-11.01238,-623.7070939677625,5158981.150429222,102,197,0102_0197
274,2008-07-23,2008-07-23,46.584398,8.388398,2320.0,114,,,RGI60-11.01238,-620.7191495614455,5158981.483476375,102,197,0102_0197
274,2008-07-23,2008-07-23,46.5844,8.388437,2320.0,114,,,RGI60-11.01238,-617.7312168436814,5158981.705406741,102,197,0102_0197
274,2008-07-23,2008-07-23,46.584403,8.388476,2320.0,114,,,RGI60-11.01238,-614.743273041681,5158982.03845685,102,197,0102_0197
274,2008-07-23,2008-07-23,46.584405,8.388515,2320.0,114,,,RGI60-11.01238,-611.7553408183527,5158982.260390169,102,197,0102_0197
274,2008-07-23,2008-07-23,46.584407,8.388554,2320.0,114,,,RGI60-11.01238,-608.7674088146499,5158982.482324968,102,197,0102_0197
274,2008-07-23,2008-07-23,46.584408,8.388593,2320.0,114,,,RGI60-11.01238,-605.7794881694917,5158982.593142976,102,197,0102_0197
274,2008-07-23,2008-07-23,46.584409,8.388632,2320.0,114,,,RGI60-11.01238,-602.7915676344438,5158982.703962462,102,197,0102_0197
274,2008-07-23,2008-07-23,46.584409,8.388671,2320.0,114,,,RGI60-11.01238,-599.8036582380558,5158982.703665158,102,197,0102_0197
274,2008-07-23,2008-07-23,46.584409,8.388711,2320.0,113,,,RGI60-11.01238,-596.739135780272,5158982.703361766,102,197,0102_0197
274,2008-07-23,2008-07-23,46.584408,8.38875,2320.0,113,,,RGI60-11.01238,-593.7512373018436,5158982.59194919,102,197,0102_0197
274,2008-07-23,2008-07-23,46.584407,8.388789,2320.0,113,,,RGI60-11.01238,-590.7633387133966,5158982.480538089,102,197,0102_0197
274,2008-07-23,2008-07-23,46.584405,8.388828,2320.0,113,,,RGI60-11.01238,-587.7754508229173,5158982.258010199,102,197,0102_0197
274,2008-07-23,2008-07-23,46.584403,8.388867,2320.0,113,,,RGI60-11.01238,-584.7875627126581,5158982.035483788,102,197,0102_0197
274,2008-07-23,2008-07-23,46.5844,8.388906,2320.0,112,,,RGI60-11.01238,-581.7996850804797,5158981.701840587,102,197,0102_0197
274,2008-07-23,2008-07-23,46.584396,8.388945,2320.0,112,,,RGI60-11.01238,-578.8118177619228,5158981.257080598,102,197,0102_0197
274,2008-07-23,2008-07-23,46.584393,8.388983,2320.0,111,,,RGI60-11.01238,-575.900552499525,5158980.923447654,102,197,0102_0197
274,2008-07-23,2008-07-23,46.584388,8.389022,2319.0,111,,,RGI60-11.01238,-572.9126948968994,5158980.367572315,102,197,0102_0197
274,2008-07-23,2008-07-23,46.584383,8.38906,2320.0,110,,,RGI60-11.01238,-570.0014498428574,5158979.811705681,102,197,0102_0197
274,2008-07-23,2008-07-23,46.584378,8.389099,2319.0,110,,,RGI60-11.01238,-567.0135911485426,5158979.255833261,103,197,0103_0197
274,2008-07-23,2008-07-23,46.584373,8.389137,2319.0,110,,,RGI60-11.01238,-564.1023450167781,5158978.699969468,103,197,0103_0197
274,2008-07-23,2008-07-23,46.584368,8.389176,2319.0,110,,,RGI60-11.01238,-561.114485230409,5158978.144099966,103,197,0103_0197
274,2008-07-23,2008-07-23,46.584362,8.389214,2319.0,110,,,RGI60-11.01238,-558.2032482851265,5158977.4771207515,103,197,0103_0197
274,2008-07-23,2008-07-23,46.584357,8.389252,2319.0,110,,,RGI60-11.01238,-555.292000486768,5158976.921261205,103,197,0103_0197
274,2008-07-23,2008-07-23,46.584352,8.389291,2319.0,110,,,RGI60-11.01238,-552.304139011508,5158976.365396063,103,197,0103_0197
274,2008-07-23,2008-07-23,46.584348,8.389329,2319.0,110,,,RGI60-11.01238,-549.3928800333535,5158975.920657624,103,197,0103_0197
274,2008-07-23,2008-07-23,46.584344,8.389368,2319.0,110,,,RGI60-11.01238,-546.4050074740932,5158975.475913663,103,197,0103_0197
274,2008-07-23,2008-07-23,46.58434,8.389407,2319.0,110,,,RGI60-11.01238,-543.4171344750459,5158975.031171178,103,197,0103_0197
274,2008-07-23,2008-07-23,46.584337,8.389446,2319.0,110,,,RGI60-11.01238,-540.4292510994494,5158974.697548436,103,197,0103_0197
274,2008-07-23,2008-07-23,46.584334,8.389485,2320.0,110,,,RGI60-11.01238,-537.4413673939488,5158974.363927172,103,197,0103_0197
274,2008-07-23,2008-07-23,46.584332,8.389524,2320.0,110,,,RGI60-11.01238,-534.4534735315425,5158974.141425651,103,197,0103_0197
274,2008-07-23,2008-07-23,46.584331,8.389563,2320.0,110,,,RGI60-11.01238,-531.4655696769322,5158974.03004387,103,197,0103_0197
274,2008-07-23,2008-07-23,46.584329,8.389602,2320.0,110,,,RGI60-11.01238,-528.4776754299124,5158973.807545304,103,197,0103_0197
274,2008-07-23,2008-07-23,46.584329,8.389641,2320.0,109,,,RGI60-11.01238,-525.489761638148,5158973.807284744,103,197,0103_0197
274,2008-07-23,2008-07-23,46.584329,8.38968,2320.0,109,,,RGI60-11.01238,-522.5018478461268,5158973.807025663,103,197,0103_0197
274,2008-07-23,2008-07-23,46.584329,8.389719,2320.0,109,,,RGI60-11.01238,-519.5139340542147,5158973.806768057,103,197,0103_0197
274,2008-07-23,2008-07-23,46.58433,8.389758,2320.0,108,,,RGI60-11.01238,-516.5260107645671,5158973.917630196,103,197,0103_0197
274,2008-07-23,2008-07-23,46.584331,8.389798,2320.0,108,,,RGI60-11.01238,-513.461474413394,5158974.028487299,103,197,0103_0197
274,2008-07-23,2008-07-23,46.584332,8.389837,2320.0,107,,,RGI60-11.01238,-510.47355134489214,5158974.139352431,103,197,0103_0197
274,2008-07-23,2008-07-23,46.584334,8.389876,2319.0,106,,,RGI60-11.01238,-507.4856190548894,5158974.361337301,103,197,0103_0197
274,2008-07-23,2008-07-23,46.584336,8.389915,2319.0,106,,,RGI60-11.01238,-504.49768698439317,5158974.583323651,103,197,0103_0197
274,2008-07-23,2008-07-23,46.584337,8.389954,2319.0,105,,,RGI60-11.01238,-501.5097643555013,5158974.694193212,104,197,0104_0197
274,2008-07-23,2008-07-23,46.584339,8.389993,2319.0,104,,,RGI60-11.01238,-498.5218326695649,5158974.91618252,104,197,0104_0197
274,2008-07-23,2008-07-23,46.58434,8.390032,2319.0,103,,,RGI60-11.01238,-495.5339103152302,5158975.027055034,104,197,0104_0197
274,2008-07-23,2008-07-23,46.584342,8.390071,2319.0,102,,,RGI60-11.01238,-492.5459790139762,5158975.249047294,104,197,0104_0197
274,2008-07-23,2008-07-23,46.584343,8.39011,2319.0,101,,,RGI60-11.01238,-489.5580569343206,5158975.359922766,104,197,0104_0197
274,2008-07-23,2008-07-23,46.584344,8.390149,2319.0,100,,,RGI60-11.01238,-486.57013496465606,5158975.470799715,104,197,0104_0197
274,2008-07-23,2008-07-23,46.584345,8.390188,2319.0,98,,,RGI60-11.01238,-483.58221310461755,5158975.581678142,104,197,0104_0197
274,2008-07-23,2008-07-23,46.584345,8.390228,2319.0,97,,,RGI60-11.01238,-480.5176870399206,5158975.581433687,104,197,0104_0197
274,2008-07-23,2008-07-23,46.584345,8.390267,2319.0,96,,,RGI60-11.01238,-477.5297741270088,5158975.581196841,104,197,0104_0197
274,2008-07-23,2008-07-23,46.584345,8.390306,2319.0,95,,,RGI60-11.01238,-474.5418612138414,5158975.580961471,104,197,0104_0197
274,2008-07-23,2008-07-23,46.584344,8.390345,2319.0,94,,,RGI60-11.01238,-471.55395697170013,5158975.469609315,104,197,0104_0197
274,2008-07-23,2008-07-23,46.584343,8.390384,2319.0,92,,,RGI60-11.01238,-468.5660526195433,5158975.358258634,104,197,0104_0197
274,2008-07-23,2008-07-23,46.584342,8.390423,2319.0,91,,,RGI60-11.01238,-465.57814815737146,5158975.246909432,104,197,0104_0197
274,2008-07-23,2008-07-23,46.584341,8.390462,2319.0,89,,,RGI60-11.01238,-462.59024358554944,5158975.1355617065,104,197,0104_0197
274,2008-07-23,2008-07-23,46.58434,8.390501,2319.0,88,,,RGI60-11.01238,-459.6023389035905,5158975.024215459,104,197,0104_0197
274,2008-07-23,2008-07-23,46.584339,8.39054,2319.0,86,,,RGI60-11.01238,-456.61443411198195,5158974.912870689,104,197,0104_0197
274,2008-07-23,2008-07-23,46.584338,8.39058,2319.0,84,,,RGI60-11.01238,-453.54991604881906,5158974.801521646,104,197,0104_0197
274,2008-07-23,2008-07-23,46.584337,8.390619,2319.0,83,,,RGI60-11.01238,-450.56201103589336,5158974.690179867,104,197,0104_0197
274,2008-07-23,2008-07-23,46.584336,8.390658,2319.0,81,,,RGI60-11.01238,-447.57410591307456,5158974.578839567,104,197,0104_0197
274,2008-07-23,2008-07-23,46.584336,8.390697,2319.0,79,,,RGI60-11.01238,-444.5861925054462,5158974.578619008,104,197,0104_0197
274,2008-07-23,2008-07-23,46.584336,8.390736,2319.0,77,,,RGI60-11.01238,-441.5982790976846,5158974.578399927,104,197,0104_0197
274,2008-07-23,2008-07-23,46.584337,8.390775,2319.0,75,,,RGI60-11.01238,-438.6103576251209,5158974.689300589,104,197,0104_0197
274,2008-07-23,2008-07-23,46.584338,8.390814,2319.0,73,,,RGI60-11.01238,-435.62243626218395,5158974.80020273,105,197,0105_0197
274,2008-07-23,2008-07-23,46.584339,8.390853,2319.0,71,,,RGI60-11.01238,-432.6345150093614,5158974.911106346,105,197,0105_0197
274,2008-07-23,2008-07-23,46.584342,8.390892,2319.0,69,,,RGI60-11.01238,-429.64657806586183,5158975.244247971,105,197,0105_0197
274,2008-07-23,2008-07-23,46.584345,8.390931,2319.0,67,,,RGI60-11.01238,-426.6586414518736,5158975.577391071,105,197,0105_0197
274,2008-07-23,2008-07-23,46.584348,8.39097,2319.0,65,,,RGI60-11.01238,-423.67070516776243,5158975.91053565,105,197,0105_0197
274,2008-07-23,2008-07-23,46.584352,8.391009,2319.0,63,,,RGI60-11.01238,-420.68276147764897,5158976.354799974,105,197,0105_0197
274,2008-07-23,2008-07-23,46.584356,8.391047,2319.0,62,,,RGI60-11.01238,-417.7714313633571,5158976.79907107,105,197,0105_0197
274,2008-07-23,2008-07-23,46.584361,8.391086,2319.0,60,,,RGI60-11.01238,-414.78348091983963,5158977.354456573,105,197,0105_0197
274,2008-07-23,2008-07-23,46.584366,8.391124,2319.0,58,,,RGI60-11.01238,-411.8721441478159,5158977.909848778,105,197,0105_0197
274,2008-07-23,2008-07-23,46.584372,8.391163,2319.0,57,,,RGI60-11.01238,-408.88418727747506,5158978.576355467,105,197,0105_0197
274,2008-07-23,2008-07-23,46.584377,8.391201,2319.0,55,,,RGI60-11.01238,-405.9728516365216,5158979.131750514,105,197,0105_0197
274,2008-07-23,2008-07-23,46.584383,8.391239,2319.0,54,,,RGI60-11.01238,-403.061509119613,5158979.79826523,105,197,0105_0197
274,2008-07-23,2008-07-23,46.584388,8.391278,2319.0,52,,,RGI60-11.01238,-400.0735615118232,5158980.353658011,105,197,0105_0197
274,2008-07-23,2008-07-23,46.584394,8.391316,2319.0,51,,,RGI60-11.01238,-397.1622202345793,5158981.020175571,105,197,0105_0197
274,2008-07-23,2008-07-23,46.584399,8.391355,2319.0,49,,,RGI60-11.01238,-394.1742737733566,5158981.575571269,105,197,0105_0197
274,2008-07-23,2008-07-23,46.584404,8.391393,2319.0,46,,,RGI60-11.01238,-391.26294093022,5158982.130973406,105,197,0105_0197
274,2008-07-23,2008-07-23,46.584408,8.391432,2319.0,44,,,RGI60-11.01238,-388.27500270036995,5158982.575253756,105,197,0105_0197
274,2008-07-23,2008-07-23,46.584412,8.39147,2319.0,43,,,RGI60-11.01238,-385.3636779673341,5158983.019540469,105,197,0105_0197
274,2008-07-23,2008-07-23,46.584416,8.391509,2319.0,41,,,RGI60-11.01238,-382.37574061088105,5158983.463823735,105,197,0105_0197
274,2008-07-23,2008-07-23,46.58442,8.391548,2319.0,40,,,RGI60-11.01238,-379.3878036938219,5158983.90810848,105,196,0105_0196
274,2008-07-23,2008-07-23,46.584423,8.391587,2319.0,39,,,RGI60-11.01238,-376.399874137671,5158984.2412764365,105,196,0105_0196
274,2008-07-23,2008-07-23,46.584426,8.391626,2318.0,37,,,RGI60-11.01238,-373.41194491091164,5158984.574445871,105,196,0105_0196
274,2008-07-23,2008-07-23,46.584428,8.391665,2318.0,36,,,RGI60-11.01238,-370.4240228252983,5158984.796498515,105,196,0105_0196
274,2008-07-23,2008-07-23,46.58443,8.391704,2318.0,34,,,RGI60-11.01238,-367.43610095919547,5158985.018552636,106,196,0106_0196
274,2008-07-23,2008-07-23,46.584828,8.384677,2319.0,52,,,RGI60-11.01238,-905.7892468498054,5159029.300338799,97,196,0097_0196
274,2008-07-23,2008-07-23,46.584824,8.384715,2320.0,56,,,RGI60-11.01238,-902.8780393553687,5159028.8554300275,97,196,0097_0196
274,2008-07-23,2008-07-23,46.584823,8.384754,2321.0,59,,,RGI60-11.01238,-899.8901693088565,5159028.743866074,97,196,0097_0196
274,2008-07-23,2008-07-23,46.584827,8.384793,2322.0,62,,,RGI60-11.01238,-896.902216690942,5159029.187894966,98,196,0098_0196
274,2008-07-23,2008-07-23,46.584833,8.384831,2323.0,65,,,RGI60-11.01238,-893.9908441021762,5159029.854173224,98,196,0098_0196
274,2008-07-23,2008-07-23,46.584841,8.384869,2323.0,67,,,RGI60-11.01238,-891.0794393852689,5159030.742689433,98,196,0098_0196
274,2008-07-23,2008-07-23,46.58485,8.384905,2324.0,69,,,RGI60-11.01238,-888.3212440735817,5159031.742347843,98,196,0098_0196
274,2008-07-23,2008-07-23,46.584861,8.384941,2325.0,71,,,RGI60-11.01238,-885.5630171071948,5159032.964244063,98,196,0098_0196
274,2008-07-23,2008-07-23,46.584872,8.384977,2325.0,73,,,RGI60-11.01238,-882.8047912563662,5159034.186141545,98,196,0098_0196
274,2008-07-23,2008-07-23,46.584883,8.385012,2325.0,74,,,RGI60-11.01238,-880.1231789149291,5159035.408051446,98,196,0098_0196
274,2008-07-23,2008-07-23,46.584895,8.385048,2326.0,76,,,RGI60-11.01238,-877.3649391470497,5159036.741069691,98,196,0098_0196
274,2008-07-23,2008-07-23,46.584906,8.385084,2326.0,77,,,RGI60-11.01238,-874.6067166783575,5159037.962970922,98,196,0098_0196
274,2008-07-23,2008-07-23,46.584916,8.385119,2326.0,79,,,RGI60-11.01238,-871.9251237044286,5159039.073766191,98,196,0098_0196
274,2008-07-23,2008-07-23,46.584925,8.385156,2327.0,80,,,RGI60-11.01238,-869.090323031209,5159040.073422336,98,196,0098_0196
274,2008-07-23,2008-07-23,46.584934,8.385193,2327.0,81,,,RGI60-11.01238,-866.2555232961781,5159041.073079814,98,196,0098_0196
274,2008-07-23,2008-07-23,46.584941,8.385231,2327.0,83,,,RGI60-11.01238,-863.3441439407661,5159041.850491122,98,196,0098_0196
274,2008-07-23,2008-07-23,46.584948,8.385269,2328.0,84,,,RGI60-11.01238,-860.4327653346562,5159042.627903834,98,196,0098_0196
274,2008-07-23,2008-07-23,46.584952,8.385308,2328.0,85,,,RGI60-11.01238,-857.4448224861393,5159043.07195225,98,196,0098_0196
274,2008-07-23,2008-07-23,46.584957,8.385346,2328.0,87,,,RGI60-11.01238,-854.5334766546383,5159043.627131252,98,196,0098_0196
274,2008-07-23,2008-07-23,46.584958,8.385385,2329.0,88,,,RGI60-11.01238,-851.5455817094769,5159043.737827751,98,196,0098_0196
274,2008-07-23,2008-07-23,46.58496,8.385424,2329.0,89,,,RGI60-11.01238,-848.5576712705689,5159043.959644004,98,196,0098_0196
274,2008-07-23,2008-07-23,46.584959,8.385464,2329.0,90,,,RGI60-11.01238,-845.493195410142,5159043.8480961835,98,196,0098_0196
274,2008-07-23,2008-07-23,46.584958,8.385503,2329.0,91,,,RGI60-11.01238,-842.5053317251761,5159043.7365606,98,196,0098_0196
274,2008-07-23,2008-07-23,46.584955,8.385542,2330.0,92,,,RGI60-11.01238,-839.5174988044438,5159043.402789937,98,196,0098_0196
274,2008-07-23,2008-07-23,46.584952,8.385581,2329.0,92,,,RGI60-11.01238,-836.529665553918,5159043.069020753,98,196,0098_0196
274,2008-07-23,2008-07-23,46.584948,8.385619,2329.0,93,,,RGI60-11.01238,-833.6184596032394,5159042.624145337,98,196,0098_0196
274,2008-07-23,2008-07-23,46.584943,8.385658,2329.0,94,,,RGI60-11.01238,-830.6306561901997,5159042.0681425175,99,196,0099_0196
274,2008-07-23,2008-07-23,46.584937,8.385696,2330.0,95,,,RGI60-11.01238,-827.7194797641362,5159041.401033389,99,196,0099_0196
274,2008-07-23,2008-07-23,46.584931,8.385734,2329.0,96,,,RGI60-11.01238,-824.80830269553,5159040.733925667,99,196,0099_0196
274,2008-07-23,2008-07-23,46.584925,8.385772,2329.0,97,,,RGI60-11.01238,-821.8971249846254,5159040.066819346,99,196,0099_0196
274,2008-07-23,2008-07-23,46.584918,8.38581,2329.0,98,,,RGI60-11.01238,-818.9859616907529,5159039.288596153,99,196,0099_0196
274,2008-07-23,2008-07-23,46.58491,8.385847,2329.0,99,,,RGI60-11.01238,-816.1514250091185,5159038.399266434,99,196,0099_0196
274,2008-07-23,2008-07-23,46.584902,8.385885,2329.0,99,,,RGI60-11.01238,-813.2402751265108,5159037.509927736,99,196,0099_0196
274,2008-07-23,2008-07-23,46.584895,8.385922,2329.0,100,,,RGI60-11.01238,-810.4057218637859,5159036.731718989,99,196,0099_0196
274,2008-07-23,2008-07-23,46.584887,8.38596,2329.0,101,,,RGI60-11.01238,-807.4945703328691,5159035.842383061,99,196,0099_0196
274,2008-07-23,2008-07-23,46.584879,8.385997,2329.0,102,,,RGI60-11.01238,-804.660030344878,5159034.953058737,99,196,0099_0196
274,2008-07-23,2008-07-23,46.584871,8.386035,2328.0,103,,,RGI60-11.01238,-801.7488771122405,5159034.0637255795,99,196,0099_0196
274,2008-07-23,2008-07-23,46.584864,8.386072,2328.0,103,,,RGI60-11.01238,-798.9143207542372,5159033.285522229,99,196,0099_0196
274,2008-07-23,2008-07-23,46.584856,8.38611,2328.0,104,,,RGI60-11.01238,-796.0031658732928,5159032.39619184,99,196,0099_0196
274,2008-07-23,2008-07-23,46.584849,8.386148,2328.0,105,,,RGI60-11.01238,-793.0919955522722,5159031.617981132,99,196,0099_0196
274,2008-07-23,2008-07-23,46.584842,8.386186,2327.0,106,,,RGI60-11.01238,-790.1808244818865,5159030.839771827,99,196,0099_0196
274,2008-07-23,2008-07-23,46.584836,8.386224,2327.0,107,,,RGI60-11.01238,-787.2696381855625,5159030.1726822,99,196,0099_0196
274,2008-07-23,2008-07-23,46.58483,8.386262,2327.0,108,,,RGI60-11.01238,-784.358451246942,5159029.505593976,99,196,0099_0196
274,2008-07-23,2008-07-23,46.584825,8.3863,2327.0,109,,,RGI60-11.01238,-781.4472492965197,5159028.949625431,99,196,0099_0196
274,2008-07-23,2008-07-23,46.584821,8.386339,2327.0,110,,,RGI60-11.01238,-778.4594200140676,5159028.504766692,99,196,0099_0196
274,2008-07-23,2008-07-23,46.584817,8.386378,2327.0,112,,,RGI60-11.01238,-775.4715902920615,5159028.059909432,99,196,0099_0196
274,2008-07-23,2008-07-23,46.584815,8.386417,2327.0,113,,,RGI60-11.01238,-772.4837317216301,5159027.837290197,99,196,0099_0196
274,2008-07-23,2008-07-23,46.584813,8.386456,2327.0,114,,,RGI60-11.01238,-769.4958729314129,5159027.61467244,99,196,0099_0196
274,2008-07-23,2008-07-23,46.584811,8.386495,2327.0,116,,,RGI60-11.01238,-766.5080139214106,5159027.392056162,99,196,0099_0196
274,2008-07-23,2008-07-23,46.584811,8.386534,2327.0,117,,,RGI60-11.01238,-763.5201266124004,5159027.391677908,100,196,0100_0196
274,2008-07-23,2008-07-23,46.584811,8.386573,2327.0,119,,,RGI60-11.01238,-760.532239303371,5159027.391301132,100,196,0100_0196
274,2008-07-23,2008-07-23,46.584857,8.387372,2328.0,131,,,RGI60-11.01238,-699.3182641938942,5159032.495347863,101,196,0101_0196
274,2008-07-23,2008-07-23,46.584859,8.387411,2328.0,129,,,RGI60-11.01238,-696.3303538033578,5159032.717239383,101,196,0101_0196
274,2008-07-23,2008-07-23,46.584861,8.387451,2328.0,128,,,RGI60-11.01238,-693.2658312080767,5159032.939123588,101,196,0101_0196
274,2008-07-23,2008-07-23,46.584863,8.38749,2328.0,126,,,RGI60-11.01238,-690.2779212599738,5159033.161018099,101,196,0101_0196
274,2008-07-23,2008-07-23,46.584864,8.387529,2328.0,125,,,RGI60-11.01238,-687.2900241695339,5159033.271795813,101,196,0101_0196
274,2008-07-23,2008-07-23,46.584866,8.387568,2328.0,124,,,RGI60-11.01238,-684.3021146059848,5159033.493693278,101,196,0101_0196
274,2008-07-23,2008-07-23,46.584868,8.387607,2328.0,123,,,RGI60-11.01238,-681.3142052621831,5159033.7155922195,101,196,0101_0196
274,2008-07-23,2008-07-23,46.584869,8.387646,2328.0,122,,,RGI60-11.01238,-678.3263086112219,5159033.826374364,101,196,0101_0196
274,2008-07-23,2008-07-23,46.584871,8.387685,2328.0,121,,,RGI60-11.01238,-675.3383996519744,5159034.048276263,101,196,0101_0196
274,2008-07-23,2008-07-23,46.584873,8.387724,2328.0,120,,,RGI60-11.01238,-672.3504909124745,5159034.270179638,101,196,0101_0196
274,2008-07-23,2008-07-23,46.584874,8.387763,2328.0,120,,,RGI60-11.01238,-669.3625947009925,5159034.380966215,101,196,0101_0196
274,2008-07-23,2008-07-23,46.584876,8.387802,2328.0,120,,,RGI60-11.01238,-666.3746863459256,5159034.602872546,101,196,0101_0196
274,2008-07-23,2008-07-23,46.584877,8.387841,2327.0,119,,,RGI60-11.01238,-663.3867904092381,5159034.713662077,101,196,0101_0196
274,2008-07-23,2008-07-23,46.584879,8.38788,2327.0,119,,,RGI60-11.01238,-660.398882438848,5159034.935571362,101,196,0101_0196
274,2008-07-23,2008-07-23,46.584881,8.387919,2327.0,119,,,RGI60-11.01238,-657.4109746882064,5159035.157482125,101,196,0101_0196
274,2008-07-23,2008-07-23,46.584882,8.387958,2327.0,119,,,RGI60-11.01238,-654.4230791908773,5159035.268276087,101,196,0101_0196
274,2008-07-23,2008-07-23,46.584884,8.387998,2327.0,119,,,RGI60-11.01238,-651.3585594324504,5159035.490181548,101,196,0101_0196
274,2008-07-23,2008-07-23,46.584885,8.388037,2327.0,119,,,RGI60-11.01238,-648.3706642112036,5159035.600978504,101,196,0101_0196
274,2008-07-23,2008-07-23,46.584887,8.388076,2328.0,119,,,RGI60-11.01238,-645.3827572324901,5159035.822895212,101,196,0101_0196
274,2008-07-23,2008-07-23,46.584889,8.388115,2328.0,119,,,RGI60-11.01238,-642.3948504734037,5159036.0448134,101,196,0101_0196
274,2008-07-23,2008-07-23,46.58489,8.388154,2328.0,119,,,RGI60-11.01238,-639.4069556917601,5159036.15561479,101,196,0101_0196
274,2008-07-23,2008-07-23,46.584892,8.388193,2328.0,119,,,RGI60-11.01238,-636.4190493173518,5159036.37753593,101,196,0101_0196
274,2008-07-23,2008-07-23,46.584893,8.388232,2328.0,118,,,RGI60-11.01238,-633.4311548102609,5159036.4883402735,102,196,0102_0196
274,2008-07-23,2008-07-23,46.584895,8.388271,2328.0,118,,,RGI60-11.01238,-630.443248820409,5159036.71026437,102,196,0102_0196
274,2008-07-23,2008-07-23,46.584896,8.38831,2328.0,118,,,RGI60-11.01238,-627.455354587871,5159036.821071668,102,196,0102_0196
274,2008-07-23,2008-07-23,46.584898,8.388349,2328.0,118,,,RGI60-11.01238,-624.4674489826982,5159037.04299872,102,196,0102_0196
274,2008-07-23,2008-07-23,46.584899,8.388388,2328.0,118,,,RGI60-11.01238,-621.4795550248352,5159037.153808973,102,196,0102_0196
274,2008-07-23,2008-07-23,46.5849,8.388427,2328.0,118,,,RGI60-11.01238,-618.491661177083,5159037.264620703,102,196,0102_0196
274,2008-07-23,2008-07-23,46.584901,8.388466,2328.0,118,,,RGI60-11.01238,-615.5037674390759,5159037.375433912,102,196,0102_0196
274,2008-07-23,2008-07-23,46.584901,8.388506,2328.0,118,,,RGI60-11.01238,-612.4392727055196,5159037.3751225555,102,196,0102_0196
274,2008-07-23,2008-07-23,46.584901,8.388545,2328.0,118,,,RGI60-11.01238,-609.4513903403447,5159037.374820479,102,196,0102_0196
274,2008-07-23,2008-07-23,46.584901,8.388584,2328.0,118,,,RGI60-11.01238,-606.4635079751545,5159037.37451988,102,196,0102_0196
274,2008-07-23,2008-07-23,46.584901,8.388623,2328.0,118,,,RGI60-11.01238,-603.4756256099492,5159037.374220759,102,196,0102_0196
274,2008-07-23,2008-07-23,46.5849,8.388662,2328.0,118,,,RGI60-11.01238,-600.4877542865354,5159037.262804837,102,196,0102_0196
274,2008-07-23,2008-07-23,46.584899,8.388701,2328.0,118,,,RGI60-11.01238,-597.4998828532232,5159037.151390394,102,196,0102_0196
274,2008-07-23,2008-07-23,46.584899,8.38874,2328.0,118,,,RGI60-11.01238,-594.5120003780903,5159037.151095704,102,196,0102_0196
274,2008-07-23,2008-07-23,46.584897,8.388779,2328.0,119,,,RGI60-11.01238,-591.5241396569058,5159036.928565941,102,196,0102_0196
274,2008-07-23,2008-07-23,46.584895,8.388819,2327.0,119,,,RGI60-11.01238,-588.459666339088,5159036.706030193,102,196,0102_0196
274,2008-07-23,2008-07-23,46.584893,8.388858,2327.0,118,,,RGI60-11.01238,-585.4718051755237,5159036.483503421,102,196,0102_0196
274,2008-07-23,2008-07-23,46.584891,8.388897,2327.0,118,,,RGI60-11.01238,-582.4839437921788,5159036.260978128,102,196,0102_0196
274,2008-07-23,2008-07-23,46.584888,8.388935,2327.0,118,,,RGI60-11.01238,-579.5727052315737,5159035.9273433825,102,196,0102_0196
274,2008-07-23,2008-07-23,46.584885,8.388974,2327.0,118,,,RGI60-11.01238,-576.5848539588162,5159035.59370273,102,196,0102_0196
274,2008-07-23,2008-07-23,46.584882,8.389013,2327.0,118,,,RGI60-11.01238,-573.5970023563945,5159035.260063554,102,196,0102_0196
274,2008-07-23,2008-07-23,46.584878,8.389052,2327.0,118,,,RGI60-11.01238,-570.6091609166975,5159034.815307581,102,196,0102_0196
274,2008-07-23,2008-07-23,46.584874,8.389091,2327.0,118,,,RGI60-11.01238,-567.6213190373311,5159034.370553084,103,196,0103_0196
274,2008-07-23,2008-07-23,46.58487,8.38913,2327.0,118,,,RGI60-11.01238,-564.6334767186605,5159033.925800067,103,196,0103_0196
274,2008-07-23,2008-07-23,46.584866,8.389168,2327.0,118,,,RGI60-11.01238,-561.7222463779083,5159033.481055647,103,196,0103_0196
274,2008-07-23,2008-07-23,46.584862,8.389207,2326.0,117,,,RGI60-11.01238,-558.7344031856562,5159033.036305547,103,196,0103_0196
274,2008-07-23,2008-07-23,46.584857,8.389245,2326.0,117,,,RGI60-11.01238,-555.8231822032111,5159032.480445693,103,196,0103_0196
274,2008-07-23,2008-07-23,46.584853,8.389284,2326.0,117,,,RGI60-11.01238,-552.8353380826796,5159032.035698511,103,196,0103_0196
274,2008-07-23,2008-07-23,46.584848,8.389323,2326.0,117,,,RGI60-11.01238,-549.8475036330909,5159031.47983453,103,196,0103_0196
274,2008-07-23,2008-07-23,46.584843,8.389361,2326.0,117,,,RGI60-11.01238,-546.9362810840618,5159030.92397896,103,196,0103_0196
274,2008-07-23,2008-07-23,46.584838,8.389399,2326.0,117,,,RGI60-11.01238,-544.0250579998118,5159030.368124793,103,196,0103_0196
274,2008-07-23,2008-07-23,46.584834,8.389438,2326.0,118,,,RGI60-11.01238,-541.0372119672938,5159029.9233834455,103,196,0103_0196
274,2008-07-23,2008-07-23,46.584829,8.389477,2325.0,118,,,RGI60-11.01238,-538.0493753891338,5159029.3675253,103,196,0103_0196
274,2008-07-23,2008-07-23,46.584825,8.389515,2325.0,118,,,RGI60-11.01238,-535.1381408980521,5159028.92279369,103,196,0103_0196
274,2008-07-23,2008-07-23,46.58482,8.389554,2325.0,118,,,RGI60-11.01238,-532.1503032828955,5159028.366938463,103,196,0103_0196
274,2008-07-23,2008-07-23,46.584816,8.389593,2325.0,118,,,RGI60-11.01238,-529.1624553880652,5159027.922202986,103,196,0103_0196
274,2008-07-23,2008-07-23,46.584812,8.389631,2325.0,118,,,RGI60-11.01238,-526.2512195474752,5159027.47747566,103,196,0103_0196
274,2008-07-23,2008-07-23,46.584808,8.38967,2325.0,118,,,RGI60-11.01238,-523.2633707790661,5159027.032743103,103,196,0103_0196
274,2008-07-23,2008-07-23,46.584806,8.389689,2325.0,118,,,RGI60-11.01238,-521.8077524811515,5159026.810380684,103,196,0103_0196
274,2008-07-23,2008-07-23,46.584796,8.39023,2324.0,109,,,RGI60-11.01238,-480.3604771291255,5159025.695761125,104,196,0104_0196
274,2008-07-23,2008-07-23,46.584798,8.390269,2324.0,108,,,RGI60-11.01238,-477.37257143878384,5159025.917760903,104,196,0104_0196
274,2008-07-23,2008-07-23,46.5848,8.390308,2324.0,106,,,RGI60-11.01238,-474.3846659680728,5159026.1397621585,104,196,0104_0196
274,2008-07-23,2008-07-23,46.584803,8.390347,2324.0,105,,,RGI60-11.01238,-471.39675204894957,5159026.472883165,104,196,0104_0196
274,2008-07-23,2008-07-23,46.584806,8.390386,2324.0,103,,,RGI60-11.01238,-468.4088384597046,5159026.806005648,104,196,0104_0196
274,2008-07-23,2008-07-23,46.584809,8.390425,2324.0,102,,,RGI60-11.01238,-465.4209251998507,5159027.139129611,104,196,0104_0196
274,2008-07-23,2008-07-23,46.584813,8.390464,2324.0,100,,,RGI60-11.01238,-462.43300376665474,5159027.583373323,104,196,0104_0196
274,2008-07-23,2008-07-23,46.584817,8.390503,2324.0,99,,,RGI60-11.01238,-459.4450827727313,5159028.027618516,104,196,0104_0196
274,2008-07-23,2008-07-23,46.58482,8.390541,2324.0,97,,,RGI60-11.01238,-456.5337830941877,5159028.360752697,104,196,0104_0196
274,2008-07-23,2008-07-23,46.584824,8.39058,2324.0,94,,,RGI60-11.01238,-453.545862918966,5159028.805000805,104,196,0104_0196
274,2008-07-23,2008-07-23,46.584827,8.390619,2324.0,92,,,RGI60-11.01238,-450.5579514680057,5159029.138132117,104,196,0104_0196
274,2008-07-23,2008-07-23,46.584831,8.390658,2324.0,90,,,RGI60-11.01238,-447.5700321167554,5159029.58238318,104,196,0104_0196
274,2008-07-23,2008-07-23,46.584834,8.390697,2324.0,88,,,RGI60-11.01238,-444.5821213800067,5159029.9155174475,104,196,0104_0196
274,2008-07-23,2008-07-23,46.584837,8.390736,2324.0,86,,,RGI60-11.01238,-441.5942109727718,5159030.248653191,104,196,0104_0196
274,2008-07-23,2008-07-23,46.58484,8.390775,2324.0,84,,,RGI60-11.01238,-438.60630089541627,5159030.581790413,104,196,0104_0196
274,2008-07-23,2008-07-23,46.584842,8.390814,2324.0,83,,,RGI60-11.01238,-435.6183991576145,5159030.803810837,105,196,0105_0196
274,2008-07-23,2008-07-23,46.584843,8.390853,2324.0,81,,,RGI60-11.01238,-432.6305055950311,5159030.914714463,105,196,0105_0196
274,2008-07-23,2008-07-23,46.584845,8.390892,2324.0,80,,,RGI60-11.01238,-429.64260424191787,5159031.136737842,105,196,0105_0196
274,2008-07-23,2008-07-23,46.584846,8.390931,2324.0,79,,,RGI60-11.01238,-426.65471095377546,5159031.2476444235,105,196,0105_0196
274,2008-07-23,2008-07-23,46.584846,8.39097,2324.0,78,,,RGI60-11.01238,-423.66682556614575,5159031.247434207,105,196,0105_0196
274,2008-07-23,2008-07-23,46.584846,8.391009,2324.0,77,,,RGI60-11.01238,-420.6789401782617,5159031.247225467,105,196,0105_0196
274,2008-07-23,2008-07-23,46.584845,8.391048,2324.0,76,,,RGI60-11.01238,-417.69106247112524,5159031.135899931,105,196,0105_0196
274,2008-07-23,2008-07-23,46.584844,8.391087,2324.0,74,,,RGI60-11.01238,-414.7031846538519,5159031.0245758705,105,196,0105_0196
274,2008-07-23,2008-07-23,46.584842,8.391126,2324.0,73,,,RGI60-11.01238,-411.7153142974388,5159030.802135014,105,196,0105_0196
274,2008-07-23,2008-07-23,46.584839,8.391165,2324.0,72,,,RGI60-11.01238,-408.72745123693926,5159030.46857736,105,196,0105_0196
274,2008-07-23,2008-07-23,46.584835,8.391204,2324.0,71,,,RGI60-11.01238,-405.73959530752825,5159030.023902907,105,196,0105_0196
274,2008-07-23,2008-07-23,46.584831,8.391243,2324.0,70,,,RGI60-11.01238,-402.7517389386967,5159029.579229933,105,196,0105_0196
274,2008-07-23,2008-07-23,46.584826,8.391281,2324.0,69,,,RGI60-11.01238,-399.84050195501953,5159029.023445231,105,196,0105_0196
274,2008-07-23,2008-07-23,46.584821,8.39132,2324.0,67,,,RGI60-11.01238,-396.85265195500574,5159028.467656898,105,196,0105_0196
274,2008-07-23,2008-07-23,46.584815,8.391358,2324.0,65,,,RGI60-11.01238,-393.94142113740634,5159027.800756764,105,196,0105_0196
274,2008-07-23,2008-07-23,46.584809,8.391396,2323.0,63,,,RGI60-11.01238,-391.03018967752456,5159027.133858033,105,196,0105_0196
274,2008-07-23,2008-07-23,46.584802,8.391434,2322.0,61,,,RGI60-11.01238,-388.11896471184815,5159026.355842433,105,196,0105_0196
274,2008-07-23,2008-07-23,46.584795,8.391471,2321.0,57,,,RGI60-11.01238,-385.28435151457217,5159025.577833117,105,196,0105_0196
274,2008-07-23,2008-07-23,46.584788,8.391509,2321.0,53,,,RGI60-11.01238,-382.3731250598167,5159024.799820286,105,196,0105_0196
274,2008-07-23,2008-07-23,46.584781,8.391547,2320.0,50,,,RGI60-11.01238,-379.46189785571295,5159024.021808858,105,196,0105_0196
274,2008-07-23,2008-07-23,46.584773,8.391585,2320.0,47,,,RGI60-11.01238,-376.5506768260241,5159023.132680559,105,196,0105_0196
274,2008-07-23,2008-07-23,46.584767,8.391623,2320.0,44,,,RGI60-11.01238,-373.6394411989747,5159022.465790209,105,196,0105_0196
274,2008-07-23,2008-07-23,46.584761,8.391661,2320.0,42,,,RGI60-11.01238,-370.72820492940053,5159021.798901266,105,196,0105_0196
274,2008-07-23,2008-07-23,46.584757,8.3917,2320.0,39,,,RGI60-11.01238,-367.74034191932697,5159021.354245609,106,196,0106_0196
274,2008-07-23,2008-07-23,46.584754,8.391739,2321.0,36,,,RGI60-11.01238,-364.7524717628997,5159021.020709701,106,196,0106_0196
