# Mass Balance;  Rhone; 1; annual
# name; date0; time0; date1; time1; period; date_quality; x_pos ; y_pos ; z_pos ; position_quality; mb_raw ; density ;  density_quality ; mb_we ; measurement_quality ; measurement_type ; mb_error ; reading_error ; density_error ; error_evaluation_method; source
# (-);  (yyyymmdd); (hhmm) ; (yyyymmdd); (hhmm) ; (d) ; (#) ; (m) ; (m) ; (m a.s.l.) ; (#) ; (cm) ; (kg m-3) ; (#) ; (mm w.e.) ; (#) ; (#) ; (mm w.e.) ; (mm w.e.) ; (mm w.e.) ; (#) ; (-) 
#  GLAMOS / VAW-ETHZ    ; production-date 20231122 ;   reference ; http://www.glamos.ch
         II   18840915 1200   18850909 1200  359.0  3   671995.0 162990.0  2675.0   5  -262   900   1  -2358   1   1   178   174    35   0  merc
        III   18840915 1200   18850909 1200  359.0  3   672167.0 163038.0  2653.0   5  -220   900   1  -1980   1   1   177   174    29   0  merc
         IV   18840915 1200   18850909 1200  359.0  3   672950.0 163075.0  2810.0   3  -305   900   1  -2745   1   1   179   174    41   0  merc
         IX   18840915 1200   18850909 1200  359.0  3   671662.0 164218.0  2965.0   5  -100   900   1   -900   1   1   175   174    13   0  merc
          V   18840915 1200   18850909 1200  359.0  3   673150.0 162950.0  2809.0   3   -90   900   1   -810   1   1   175   174    12   0  merc
         VI   18840915 1200   18850909 1200  359.0  3   673575.0 162850.0  2812.0   3   -20   900   1   -180   1   1   174   174     2   0  merc
       XIII   18840915 1200   18850909 1200  359.0  3   673850.0 164550.0  2948.0   3    -8   900   1    -72   1   1   174   174     1   0  merc
        XIV   18840915 1200   18850909 1200  359.0  3   673075.0 164575.0  2945.0   3    60   539   6    323   1   1   175   171    38   0  merc
         XV   18840915 1200   18850909 1200  359.0  3   673450.0 164700.0  2938.0   3    50   539   6    269   1   1   174   171    32   0  merc
        XVI   18840915 1200   18850909 1200  359.0  3   673850.0 164875.0  2927.0   3   -50   700   4   -350   1   1   177   172    41   0  merc
        XII   18840915 1200   18850911 1200  361.0  3   672650.0 164550.0  2990.0   3    50   539   6    269   1   1   174   171    32   0  merc
         II   18850909 1200   18860916 1200  372.0  1   671995.0 162990.0  2675.0   4  -141   900   1  -1269   1   1    48    45    19   0  merc
        III   18850909 1200   18860916 1200  372.0  1   672167.0 163038.0  2653.0   4    25   900   1    225   1   1    45    45     3   0  merc
         IV   18850909 1200   18860916 1200  372.0  1   672925.0 163025.0  2795.0   3  -234   900   1  -2106   1   1    54    45    31   0  merc
         IX   18850909 1200   18860916 1200  372.0  1   671662.0 164218.0  2965.0   4   140   539   6    754   1   1    94    26    90   0  merc
      ja_dr   18850909 1200   18860916 1200  372.0  1   672200.0 159875.0  2417.0   3  -726   900   1  -6534   1   1   107    45    98   0  merc
      ja_ga   18850909 1200   18860916 1200  372.0  1   672475.0 159875.0  2417.0   3  -341   900   1  -3069   1   1    64    45    46   0  merc
      ja_mi   18850909 1200   18860916 1200  372.0  1   672275.0 159875.0  2417.0   4  -583   900   1  -5247   1   1    90    45    78   0  merc
      ro_dr   18850909 1200   18860916 1200  372.0  1   671950.0 161075.0  2556.0   3  -307   900   1  -2763   1   1    61    45    41   0  merc
      ro_ga   18850909 1200   18860916 1200  372.0  1   672175.0 161075.0  2556.0   3  -308   900   1  -2772   1   1    61    45    41   0  merc
      ro_mi   18850909 1200   18860916 1200  372.0  1   672075.0 161075.0  2556.0   3  -344   900   1  -3096   1   1    64    45    46   0  merc
          V   18850909 1200   18860916 1200  372.0  1   673100.0 162875.0  2800.0   3   100   539   6    539   1   1    70    26    64   0  merc
         VI   18850909 1200   18860916 1200  372.0  1   673525.0 162800.0  2806.0   3    60   539   6    323   1   1    47    26    38   0  merc
       XIII   18850909 1200   18860916 1200  372.0  1   672900.0 164525.0  2942.0   3   360   539   6   1940   1   1   234    26   232   0  merc
        XIV   18850909 1200   18860916 1200  372.0  1   673100.0 164525.0  2940.0   3  -350   800   4  -2800   1   1   338    40   335   0  merc
         XV   18850909 1200   18860916 1200  372.0  1   673475.0 164650.0  2931.0   3   290   539   6   1563   1   1   189    26   187   0  merc
        XVI   18850909 1200   18860916 1200  372.0  1   673850.0 164850.0  2920.0   3   405   539   6   2182   1   1   263    26   261   0  merc
      ve_dr   18850915 1200   18861130 1200  441.0  1   672248.0 158145.0  1859.0   3 -1345   900   1 -12105   1   1   187    45   181   0  merc
      ve_ga   18850915 1200   18861130 1200  441.0  1   672400.0 158100.0  1859.0   3 -1189   900   1 -10701   1   1   166    45   160   0  merc
      ve_mi   18850915 1200   18861130 1200  441.0  1   672150.0 158150.0  1859.0   3 -1337   900   1 -12033   1   1   186    45   180   0  merc
         II   18860915 1200   18870913 1200  363.0  1   671995.0 162990.0  2675.0   4  -424   900   1  -3816   1   1    72    45    57   0  merc
        III   18860915 1200   18870913 1200  363.0  1   672167.0 163038.0  2653.0   4  -180   900   1  -1620   1   1    51    45    24   0  merc
         IX   18860915 1200   18870913 1200  363.0  1   671662.0 164218.0  2965.0   4  -110   700   4   -770   1   1    98    35    92   0  merc
       XIII   18860916 1200   18870914 1200  363.0  1   672925.0 164500.0  2939.0   3    92   539   6    495   1   1    65    26    59   0  merc
        XIV   18860916 1200   18870914 1200  363.0  1   673125.0 164475.0  2936.0   3    55   539   6    296   1   1    44    26    35   0  merc
         XV   18860916 1200   18870914 1200  363.0  1   673475.0 164650.0  2931.0   3    32   539   6    172   1   1    33    26    20   0  merc
        XVI   18860916 1200   18870914 1200  363.0  1   673850.0 164850.0  2920.0   3    10   539   6     53   1   1    27    26     6   0  merc
         IV   18860915 1200   18870915 1200  365.0  1   672850.0 162975.0  2777.0   3  -337   900   1  -3033   1   1    63    45    45   0  merc
          V   18860915 1200   18870915 1200  365.0  1   672950.0 162750.0  2780.0   3  -184   700   4  -1288   1   1   158    35   154   0  merc
         VI   18860915 1200   18870915 1200  365.0  1   673025.0 162800.0  2790.0   3   -70   700   4   -490   1   1    68    35    58   0  merc
      ja_dr   18861026 1200   18871005 1200  344.0  1   672200.0 159875.0  2417.0   4  -413   900   1  -3717   1   1    71    45    55   0  merc
      ja_ga   18861026 1200   18871005 1200  344.0  1   672475.0 159875.0  2417.0   4  -362   900   1  -3258   1   1    66    45    48   0  merc
      ja_mi   18861026 1200   18871005 1200  344.0  1   672275.0 159875.0  2416.0   4  -399   900   1  -3591   1   1    70    45    53   0  merc
      ro_dr   18861026 1200   18871005 1200  344.0  1   671950.0 161075.0  2556.0   4  -114   900   1  -1026   1   1    47    45    15   0  merc
      ro_ga   18861026 1200   18871005 1200  344.0  1   672175.0 161075.0  2556.0   4  -453   900   1  -4077   1   1    75    45    61   0  merc
      ro_mi   18861026 1200   18871005 1200  344.0  1   672075.0 161075.0  2556.0   4  -159   900   1  -1431   1   1    49    45    21   0  merc
      ve_dr   18861027 1200   18871029 1200  367.0  1   672248.0 158145.0  1855.0   4 -1272   900   1 -11448   1   1   177    45   171   0  merc
      ve_ga   18861027 1200   18871029 1200  367.0  1   672400.0 158100.0  1855.0   4 -1186   900   1 -10674   1   1   166    45   160   0  merc
      ve_mi   18861027 1200   18871029 1200  367.0  1   672150.0 158150.0  1855.0   4 -1192   900   1 -10728   1   1   167    45   160   0  merc
        XIV   18870830 1200   18880828 1200  364.0  1   673150.0 164425.0  2929.0   3   319   539   6   1719   1   1   208    26   206   0  merc
         II   18870913 1200   18880829 1200  351.0  1   671995.0 162990.0  2675.0   4  -243   900   1  -2187   1   1    55    45    32   0  merc
        III   18870915 1200   18880915 1200  366.0  1   672167.0 163038.0  2653.0   4    74   900   1    666   1   1    46    45     9   0  merc
         IV   18870915 1200   18880915 1200  366.0  1   672850.0 162975.0  2777.0   3   -45   900   1   -405   1   1    45    45     6   0  merc
         IX   18870915 1200   18880915 1200  366.0  1   671662.0 164218.0  2965.0   4    40   539   6    215   1   1    37    26    25   0  merc
          V   18870915 1200   18880915 1200  366.0  1   672950.0 162750.0  2780.0   3  -212   900   1  -1908   1   1    53    45    28   0  merc
         VI   18870915 1200   18880915 1200  366.0  1   673425.0 162650.0  2792.0   3    83   539   6    447   1   1    60    26    53   0  merc
      ja_dr   18871005 1200   18881017 1200  378.0  1   672200.0 159875.0  2417.0   4  -354   900   1  -3186   1   1    65    45    47   0  merc
      ja_ga   18871005 1200   18881017 1200  378.0  1   672475.0 159875.0  2416.0   4   -76   900   1   -684   1   1    46    45    10   0  merc
      ja_mi   18871005 1200   18881017 1200  378.0  1   672275.0 159875.0  2416.0   4  -336   900   1  -3024   1   1    63    45    45   0  merc
      ve_dr   18871029 1200   18881017 1200  354.0  1   672248.0 158145.0  1851.0   4 -1123   900   1 -10107   1   1   158    45   151   0  merc
      ve_ga   18871029 1200   18881017 1200  354.0  1   672400.0 158100.0  1851.0   4 -1070   900   1  -9630   1   1   151    45   144   0  merc
      ve_mi   18871029 1200   18881017 1200  354.0  1   672150.0 158150.0  1851.0   4 -1096   900   1  -9864   1   1   154    45   147   0  merc
      ro_dr   18871005 1200   18881018 1200  379.0  1   671950.0 161075.0  2556.0   4  -299   900   1  -2691   1   1    60    45    40   0  merc
      ro_ga   18871005 1200   18881018 1200  379.0  1   672175.0 161075.0  2556.0   4  -462   900   1  -4158   1   1    76    45    62   0  merc
      ro_mi   18871005 1200   18881018 1200  379.0  1   672075.0 161075.0  2556.0   4  -413   900   1  -3717   1   1    71    45    55   0  merc
         II   18880829 1200   18890828 1200  364.0  1   671995.0 162990.0  2675.0   4  -263   900   1  -2367   1   1    57    45    35   0  merc
        III   18880829 1200   18890828 1200  364.0  1   672167.0 163038.0  2653.0   4  -134   900   1  -1206   1   1    48    45    18   0  merc
         IV   18880829 1200   18890828 1200  364.0  1   672825.0 162950.0  2770.0   3  -173   900   1  -1557   1   1    50    45    23   0  merc
         IX   18880829 1200   18890828 1200  364.0  1   671662.0 164218.0  2965.0   4   -80   750   4   -600   1   1    81    37    71   0  merc
          V   18880829 1200   18890828 1200  364.0  1   672850.0 162700.0  2760.0   3  -195   900   1  -1755   1   1    52    45    26   0  merc
         VI   18880829 1200   18890828 1200  364.0  1   673350.0 162600.0  2788.0   3     9   539   6     48   1   1    27    26     5   0  merc
        XIV   18880829 1200   18890828 1200  364.0  1   673175.0 164375.0  2926.0   3   179   539   6    964   1   1   118    26   115   0  merc
      ro_dr   18881018 1200   18891003 1200  350.0  1   671950.0 161075.0  2556.0   4  -322   900   1  -2898   1   1    62    45    43   0  merc
      ro_ga   18881018 1200   18891003 1200  350.0  1   672175.0 161075.0  2556.0   4  -487   900   1  -4383   1   1    79    45    65   0  merc
      ro_mi   18881018 1200   18891003 1200  350.0  1   672075.0 161075.0  2556.0   4  -340   900   1  -3060   1   1    64    45    45   0  merc
      ja_dr   18881017 1200   18891125 1200  404.0  1   672200.0 159875.0  2416.0   4  -648   900   1  -5832   1   1    98    45    87   0  merc
      ja_ga   18881017 1200   18891125 1200  404.0  1   672475.0 159875.0  2416.0   4  -535   900   1  -4815   1   1    85    45    72   0  merc
      ja_mi   18881017 1200   18891125 1200  404.0  1   672275.0 159875.0  2417.0   4  -471   900   1  -4239   1   1    77    45    63   0  merc
      ve_dr   18881017 1200   18891126 1200  405.0  1   672248.0 158145.0  1850.0   4 -1154   900   1 -10386   1   1   162    45   155   0  merc
      ve_ga   18881017 1200   18891126 1200  405.0  1   672400.0 158100.0  1850.0   4 -1186   900   1 -10674   1   1   166    45   160   0  merc
      ve_mi   18881017 1200   18891126 1200  405.0  1   672150.0 158150.0  1850.0   4 -1173   900   1 -10557   1   1   164    45   158   0  merc
        XIV   18890829 1200   18900823 1200  359.0  1   673200.0 164325.0  2923.0   3   188   539   6   1013   1   1   124    26   121   0  merc
         II   18890828 1200   18900826 1200  363.0  1   671995.0 162990.0  2675.0   4   -76   900   1   -684   1   1    46    45    10   0  merc
        III   18890828 1200   18900826 1200  363.0  1   672167.0 163038.0  2653.0   4   -50   900   1   -450   1   1    45    45     6   0  merc
         IX   18890828 1200   18900826 1200  363.0  1   671662.0 164218.0  2965.0   4    80   539   6    431   1   1    58    26    51   0  merc
         IV   18890828 1200   18900828 1200  365.0  1   672800.0 162925.0  2753.0   3  -210   900   1  -1890   1   1    53    45    28   0  merc
          V   18890828 1200   18900828 1200  365.0  1   672750.0 162650.0  2735.0   3  -245   900   1  -2205   1   1    55    45    33   0  merc
         VI   18890828 1200   18900828 1200  365.0  1   673300.0 162525.0  2783.0   3    41   539   6    220   1   1    37    26    26   0  merc
      ja_dr   18891125 1200   18901008 1200  317.0  1   672200.0 159875.0  2416.0   4  -402   900   1  -3618   1   1    70    45    54   0  merc
      ja_ga   18891125 1200   18901008 1200  317.0  1   672475.0 159875.0  2417.0   4  -275   900   1  -2475   1   1    58    45    37   0  merc
      ja_mi   18891125 1200   18901008 1200  317.0  1   672275.0 159875.0  2417.0   4  -331   900   1  -2979   1   1    63    45    44   0  merc
      ve_dr   18891126 1200   18901008 1200  316.0  1   672248.0 158145.0  1848.0   4 -1165   900   1 -10485   1   1   163    45   157   0  merc
      ve_ga   18891126 1200   18901008 1200  316.0  1   672400.0 158100.0  1848.0   4 -1068   900   1  -9612   1   1   151    45   144   0  merc
      ve_mi   18891126 1200   18901008 1200  316.0  1   672150.0 158150.0  1848.0   4 -1128   900   1 -10152   1   1   158    45   152   0  merc
      ro_dr   18891003 1200   18901009 1200  371.0  1   671950.0 161075.0  2556.0   4  -159   900   1  -1431   1   1    49    45    21   0  merc
      ro_ga   18891003 1200   18901009 1200  371.0  1   672175.0 161075.0  2556.0   4  -231   900   1  -2079   1   1    54    45    31   0  merc
      ro_mi   18891003 1200   18901009 1200  371.0  1   672075.0 161075.0  2556.0   4  -131   900   1  -1179   1   1    48    45    17   0  merc
        XIV   18900823 1200   18910827 1200  369.0  1   673275.0 164200.0  2915.0   3   244   539   6   1315   1   1   160    26   157   0  merc
         NN   18900828 1200   18910828 1200  365.0  1   673250.0 164250.0  2920.0   3   216   539   6   1164   1   1   142    26   139   0  merc_nf
         II   18900826 1200   18910828 1200  367.0  1   671995.0 162990.0  2675.0   4    -9   900   1    -81   1   1    45    45     1   0  merc
        III   18900826 1200   18910828 1200  367.0  1   672167.0 163038.0  2653.0   4     2   900   1     18   1   1    45    45     0   0  merc
         IV   18900828 1200   18910828 1200  365.0  1   672775.0 162900.0  2742.0   3   -70   900   1   -630   1   1    45    45     9   0  merc
         IX   18900826 1200   18910828 1200  367.0  1   671662.0 164218.0  2965.0   4   117   539   6    630   1   1    80    26    75   0  merc
          V   18900828 1200   18910828 1200  365.0  1   672675.0 162600.0  2717.0   3   -88   900   1   -792   1   1    46    45    11   0  merc
         VI   18900828 1200   18910828 1200  365.0  1   673250.0 162450.0  2778.0   3    68   539   6    366   1   1    51    26    43   0  merc
      ja_dr   18901008 1200   18911017 1200  374.0  1   672200.0 159875.0  2417.0   4  -418   900   1  -3762   1   1    72    45    56   0  merc
      ja_ga   18901008 1200   18911017 1200  374.0  1   672475.0 159875.0  2416.0   4  -357   900   1  -3213   1   1    65    45    48   0  merc
      ja_mi   18901008 1200   18911017 1200  374.0  1   672275.0 159875.0  2416.0   4  -359   900   1  -3231   1   1    66    45    48   0  merc
      ve_dr   18901008 1200   18911017 1200  374.0  1   672248.0 158145.0  1848.0   4 -1115   900   1 -10035   1   1   157    45   150   0  merc
      ve_ga   18901008 1200   18911017 1200  374.0  1   672400.0 158100.0  1848.0   4 -1022   900   1  -9198   1   1   145    45   137   0  merc
      ve_mi   18901008 1200   18911017 1200  374.0  1   672150.0 158150.0  1848.0   4 -1060   900   1  -9540   1   1   150    45   143   0  merc
      ro_dr   18901009 1200   18911018 1200  374.0  1   671950.0 161075.0  2556.0   4  -139   900   1  -1251   1   1    48    45    18   0  merc
      ro_ga   18901009 1200   18911018 1200  374.0  1   672175.0 161075.0  2556.0   4  -477   900   1  -4293   1   1    78    45    64   0  merc
      ro_mi   18901009 1200   18911018 1200  374.0  1   672075.0 161075.0  2556.0   4  -203   900   1  -1827   1   1    52    45    27   0  merc
         IV   18910828 1200   18920917 1200  386.0  1   672715.0 162875.0  2731.0   3  -299   900   1  -2691   1   1    60    45    40   0  merc
          V   18910828 1200   18920917 1200  386.0  1   672600.0 162550.0  2708.0   3  -225   900   1  -2025   1   1    54    45    30   0  merc
         VI   18910828 1200   18920917 1200  386.0  1   673150.0 162375.0  2771.0   3  -104   700   4   -728   1   1    94    35    87   0  merc
        XIV   18910827 1200   18920917 1200  387.0  1   673275.0 164200.0  2915.0   3    97   539   6    522   1   1    68    26    62   0  merc
         II   18910828 1200   18920919 1200  388.0  1   671995.0 162990.0  2675.0   4  -177   900   1  -1593   1   1    50    45    23   0  merc
        III   18910828 1200   18920919 1200  388.0  1   672167.0 163038.0  2653.0   4  -182   900   1  -1638   1   1    51    45    24   0  merc
         IX   18910828 1200   18920919 1200  388.0  1   671662.0 164218.0  2965.0   4  -198   750   4  -1485   1   1   182    37   178   0  merc
      ja_dr   18911017 1200   18921013 1200  362.0  1   672200.0 159875.0  2416.0   4  -489   900   1  -4401   1   1    79    45    66   0  merc
      ja_ga   18911017 1200   18921013 1200  362.0  1   672475.0 159875.0  2415.0   4  -400   900   1  -3600   1   1    70    45    53   0  merc
      ro_dr   18911018 1200   18921013 1200  361.0  1   671950.0 161075.0  2556.0   4  -271   900   1  -2439   1   1    57    45    36   0  merc
      ro_ga   18911018 1200   18921013 1200  361.0  1   672175.0 161075.0  2556.0   4  -586   900   1  -5274   1   1    91    45    79   0  merc
      ro_mi   18911018 1200   18921013 1200  361.0  1   672075.0 161075.0  2556.0   4  -312   900   1  -2808   1   1    61    45    42   0  merc
      ve_dr   18911017 1200   18921122 1200  402.0  1   672248.0 158145.0  1847.0   4 -1088   900   1  -9792   1   1   153    45   146   0  merc
      ve_ga   18911017 1200   18921122 1200  402.0  1   672400.0 158100.0  1847.0   4 -1029   900   1  -9261   1   1   146    45   138   0  merc
      ve_mi   18911017 1200   18921122 1200  402.0  1   672150.0 158150.0  1847.0   4 -1084   900   1  -9756   1   1   153    45   146   0  merc
      ja_dr   18921013 1200   18931026 1200  378.0  1   672200.0 159875.0  2415.0   4  -672   900   1  -6048   1   1   101    45    90   0  merc
      ja_ga   18921013 1200   18931026 1200  378.0  1   672475.0 159875.0  2413.0   4  -515   900   1  -4635   1   1    82    45    69   0  merc
      ja_mi   18921013 1200   18931026 1200  378.0  1   672275.0 159875.0  2417.0   4  -626   900   1  -5634   1   1    95    45    84   0  merc
      ve_dr   18921122 1200   18931026 1200  338.0  1   672248.0 158145.0  1842.0   4 -1350   900   1 -12150   1   1   187    45   182   0  merc
      ve_ga   18921122 1200   18931026 1200  338.0  1   672400.0 158100.0  1842.0   4 -1288   900   1 -11592   1   1   179    45   173   0  merc
      ve_mi   18921122 1200   18931026 1200  338.0  1   672150.0 158150.0  1842.0   4 -1340   900   1 -12060   1   1   186    45   180   0  merc
         II   18920919 1200   18931027 1200  403.0  1   671995.0 162990.0  2675.0   4  -330   900   1  -2970   1   1    63    45    44   0  merc
        III   18920919 1200   18931027 1200  403.0  1   672167.0 163038.0  2653.0   4  -173   900   1  -1557   1   1    50    45    23   0  merc
         IV   18920917 1200   18931027 1200  405.0  1   672650.0 162850.0  2707.0   3  -183   900   1  -1647   1   1    51    45    24   0  merc
         IX   18920919 1200   18931027 1200  403.0  1   671662.0 164218.0  2965.0   4   -85   800   4   -680   1   1    90    40    81   0  merc
      ro_dr   18921013 1200   18931027 1200  379.0  1   671950.0 161075.0  2554.0   4  -389   900   1  -3501   1   1    69    45    52   0  merc
      ro_ga   18921013 1200   18931027 1200  379.0  1   672175.0 161075.0  2554.0   4  -601   900   1  -5409   1   1    92    45    81   0  merc
      ro_mi   18921013 1200   18931027 1200  379.0  1   672075.0 161075.0  2554.0   4  -457   900   1  -4113   1   1    76    45    61   0  merc
          V   18920917 1200   18931027 1200  405.0  1   672525.0 162500.0  2699.0   3  -291   900   1  -2619   1   1    59    45    39   0  merc
         VI   18920917 1200   18931027 1200  405.0  1   672700.0 162850.0  2720.0   3     2   539   6     10   1   1    26    26     1   0  merc
        XIV   18920917 1200   18931027 1200  405.0  1   673300.0 164175.0  2910.0   3   139   539   6    749   1   1    93    26    89   0  merc
         NN   18931026 1200   18941011 1200  350.0  1   672975.0 162225.0  2742.0   3  -162   800   4  -1296   1   1   160    40   155   0  merc_nf
         II   18931027 1200   18941011 1200  349.0  1   671995.0 162990.0  2675.0   4  -212   900   1  -1908   1   1    53    45    28   0  merc
        III   18931027 1200   18941011 1200  349.0  1   672167.0 163038.0  2653.0   4  -187   900   1  -1683   1   1    51    45    25   0  merc
         IV   18931027 1200   18941011 1200  349.0  1   672650.0 162850.0  2707.0   4  -148   900   1  -1332   1   1    49    45    19   0  merc
         IX   18931027 1200   18941011 1200  349.0  1   671662.0 164218.0  2965.0   4   -42   850   1   -357   1   1    42    42     5   0  merc
      ja_dr   18931026 1200   18941011 1200  350.0  1   672200.0 159875.0  2413.0   4  -521   900   1  -4689   1   1    83    45    70   0  merc
      ja_ga   18931026 1200   18941011 1200  350.0  1   672475.0 159875.0  2412.0   4  -508   900   1  -4572   1   1    82    45    68   0  merc
      ja_mi   18931026 1200   18941011 1200  350.0  1   672275.0 159875.0  2415.0   4  -513   900   1  -4617   1   1    82    45    69   0  merc
      ro_dr   18931027 1200   18941011 1200  349.0  1   671950.0 161075.0  2553.0   4  -311   900   1  -2799   1   1    61    45    41   0  merc
      ro_ga   18931027 1200   18941011 1200  349.0  1   672175.0 161075.0  2553.0   4  -649   900   1  -5841   1   1    98    45    87   0  merc
      ro_mi   18931027 1200   18941011 1200  349.0  1   672075.0 161075.0  2553.0   4  -414   900   1  -3726   1   1    71    45    55   0  merc
          V   18931027 1200   18941011 1200  349.0  1   672400.0 162400.0  2681.0   3   -68   900   1   -612   1   1    45    45     9   0  merc
         VI   18931027 1200   18941011 1200  349.0  1   672675.0 162850.0  2712.0   3  -257   900   1  -2313   1   1    56    45    34   0  merc
        XIV   18931027 1200   18941011 1200  349.0  1   673325.0 164125.0  2902.0   3   151   539   6    813   1   1   101    26    97   0  merc
      ve_dr   18931026 1200   18941108 1200  378.0  1   672248.0 158145.0  1835.0   4 -1275   900   1 -11475   1   1   177    45   172   0  merc
      ve_ga   18931026 1200   18941108 1200  378.0  1   672400.0 158100.0  1835.0   4 -1314   900   1 -11826   1   1   183    45   177   0  merc
      ve_mi   18931026 1200   18941108 1200  378.0  1   672150.0 158150.0  1835.0   4 -1295   900   1 -11655   1   1   180    45   174   0  merc
         II   18941011 1200   18950911 1200  335.0  1   671995.0 162990.0  2675.0   4  -156   900   1  -1404   1   1    49    45    21   0  merc
        III   18941011 1200   18950911 1200  335.0  1   672167.0 163038.0  2653.0   4   -97   900   1   -873   1   1    46    45    13   0  merc
         IX   18941011 1200   18950911 1200  335.0  1   671662.0 164218.0  2965.0   4  -172   900   1  -1548   1   1    50    45    23   0  merc
         IV   18941011 1200   18950919 1200  343.0  1   672650.0 162850.0  2707.0   4  -136   900   1  -1224   1   1    48    45    18   0  merc
          V   18941011 1200   18950919 1200  343.0  1   672400.0 162400.0  2681.0   3  -187   900   1  -1683   1   1    51    45    25   0  merc
         VI   18941011 1200   18950919 1200  343.0  1   672900.0 162125.0  2723.0   3  -478   900   1  -4302   1   1    78    45    64   0  merc
        XIV   18941011 1200   18950919 1200  343.0  1   673350.0 164050.0  2899.0   3    33   539   6    177   1   1    34    26    21   0  merc
      ja_dr   18941011 1200   18951010 1200  364.0  1   672200.0 159875.0  2412.0   4  -520   900   1  -4680   1   1    83    45    70   0  merc
      ja_ga   18941011 1200   18951010 1200  364.0  1   672475.0 159875.0  2412.0   4  -433   900   1  -3897   1   1    73    45    58   0  merc
      ja_mi   18941011 1200   18951010 1200  364.0  1   672275.0 159875.0  2413.0   4  -489   900   1  -4401   1   1    79    45    66   0  merc
      ro_dr   18941011 1200   18951011 1200  365.0  1   671950.0 161075.0  2552.0   4  -337   900   1  -3033   1   1    63    45    45   0  merc
      ro_ga   18941011 1200   18951011 1200  365.0  1   672175.0 161075.0  2552.0   4  -480   900   1  -4320   1   1    78    45    64   0  merc
      ro_mi   18941011 1200   18951011 1200  365.0  1   672075.0 161075.0  2552.0   4  -220   900   1  -1980   1   1    53    45    29   0  merc
      ve_dr   18941108 1200   18951111 1200  368.0  1   672248.0 158145.0  1828.0   4 -1276   900   1 -11484   1   1   178    45   172   0  merc
      ve_ga   18941108 1200   18951111 1200  368.0  1   672400.0 158100.0  1828.0   4 -1274   900   1 -11466   1   1   177    45   171   0  merc
      ve_mi   18941108 1200   18951111 1200  368.0  1   672150.0 158150.0  1828.0   4 -1235   900   1 -11115   1   1   172    45   166   0  merc
      ja_dr   18951010 1200   18961005 1200  361.0  1   672200.0 159875.0  2412.0   4  -365   900   1  -3285   1   1    66    45    49   0  merc
      ja_mi   18951010 1200   18961005 1200  361.0  1   672275.0 159875.0  2412.0   4  -245   900   1  -2205   1   1    55    45    33   0  merc
      ro_dr   18951011 1200   18961005 1200  360.0  1   671950.0 161075.0  2551.0   4  -115   900   1  -1035   1   1    47    45    15   0  merc
      ro_ga   18951011 1200   18961005 1200  360.0  1   672175.0 161075.0  2551.0   4  -257   900   1  -2313   1   1    56    45    34   0  merc
      ro_mi   18951011 1200   18961005 1200  360.0  1   672075.0 161075.0  2551.0   4  -130   900   1  -1170   1   1    48    45    17   0  merc
         II   18950911 1200   18961006 1200  391.0  1   671995.0 162990.0  2675.0   4   -76   900   1   -684   1   1    46    45    10   0  merc
        III   18950911 1200   18961006 1200  391.0  1   672167.0 163038.0  2653.0   4   -62   900   1   -558   1   1    45    45     8   0  merc
         IV   18950919 1200   18961006 1200  383.0  1   672625.0 162850.0  2702.0   3   -48   900   1   -432   1   1    45    45     6   0  merc
          V   18950919 1200   18961006 1200  383.0  1   672350.0 162350.0  2673.0   3  -114   900   1  -1026   1   1    47    45    15   0  merc
         VI   18950919 1200   18961006 1200  383.0  1   672850.0 162050.0  2694.0   3  -267   900   1  -2403   1   1    57    45    36   0  merc
      bl_dr   18951111 1200   18961007 1200  331.0  1   672385.0 158418.0  1843.0   3  -753   900   1  -6777   1   1   111    45   101   0  merc
      bl_ga   18951111 1200   18961007 1200  331.0  1   672325.0 158375.0  1900.0   3  -817   900   1  -7353   1   1   119    45   110   0  merc
      bl_mi   18951111 1200   18961007 1200  331.0  1   672250.0 158400.0  1880.0   3  -911   900   1  -8199   1   1   130    45   122   0  merc
      ve_mi   18951111 1200   18961007 1200  331.0  1   672150.0 158150.0  1819.0   4  -896   900   1  -8064   1   1   129    45   120   0  merc
        III   18961006 1200   18971011 1200  370.0  1   672167.0 163038.0  2653.0   4   136   539   6    733   1   1    92    26    87   0  merc
         IV   18961006 1200   18971011 1200  370.0  1   672600.0 162825.0  2697.0   3   -66   900   1   -594   1   1    45    45     8   0  merc
         IX   18961006 1200   18971011 1200  370.0  1   671662.0 164218.0  2965.0   4   -92   900   1   -828   1   1    46    45    12   0  merc
          V   18961006 1200   18971011 1200  370.0  1   672325.0 162250.0  2666.0   3   -34   900   1   -306   1   1    45    45     4   0  merc
         VI   18961006 1200   18971011 1200  370.0  1   672800.0 161975.0  2671.0   3   -69   900   1   -621   1   1    45    45     9   0  merc
        XIV   18961006 1200   18971011 1200  370.0  1   673400.0 163950.0  2889.0   3   239   539   6   1288   1   1   156    26   154   0  merc
      bl_dr   18961007 1200   18971122 1200  411.0  1   672385.0 158418.0  1875.0   4  -966   900   1  -8694   1   1   137    45   130   0  merc
      bl_ga   18961007 1200   18971122 1200  411.0  1   672325.0 158375.0  1898.0   4  -872   900   1  -7848   1   1   126    45   117   0  merc
      bl_mi   18961007 1200   18971122 1200  411.0  1   672250.0 158400.0  1875.0   4  -919   900   1  -8271   1   1   131    45   124   0  merc
      ve_mi   18961007 1200   18971122 1200  411.0  1   672150.0 158150.0  1808.0   4  -914   900   1  -8226   1   1   131    45   123   0  merc
      ja_dr   18961005 1200   18971123 1200  414.0  1   672200.0 159875.0  2412.0   4  -363   900   1  -3267   1   1    66    45    49   0  merc
      ja_ga   18961005 1200   18971123 1200  414.0  1   672475.0 159875.0  2411.0   4  -248   900   1  -2232   1   1    56    45    33   0  merc
      ja_mi   18961005 1200   18971123 1200  414.0  1   672275.0 159875.0  2412.0   4  -343   900   1  -3087   1   1    64    45    46   0  merc
      ro_dr   18961005 1200   18971123 1200  414.0  1   671950.0 161075.0  2551.0   4   -72   900   1   -648   1   1    46    45     9   0  merc
      ro_ga   18961005 1200   18971123 1200  414.0  1   672175.0 161075.0  2551.0   4  -329   900   1  -2961   1   1    63    45    44   0  merc
        XIV   18971011 1200   18980915 1200  339.0  1   673425.0 163850.0  2882.0   3    91   539   6    490   1   1    64    26    58   0  merc
         IV   18971011 1200   18980930 1200  354.0  1   672690.0 162825.0  2695.0   3   -79   900   1   -711   1   1    46    45    10   0  merc
         VI   18971011 1200   18980930 1200  354.0  1   672750.0 161900.0  2661.0   3  -158   900   1  -1422   1   1    49    45    21   0  merc
      ja_dr   18971123 1200   18981025 1200  336.0  1   672200.0 159875.0  2412.0   4  -458   900   1  -4122   1   1    76    45    61   0  merc
      ja_ga   18971123 1200   18981025 1200  336.0  1   672475.0 159875.0  2411.0   4  -422   900   1  -3798   1   1    72    45    56   0  merc
      ja_mi   18971123 1200   18981025 1200  336.0  1   672275.0 159875.0  2412.0   4  -508   900   1  -4572   1   1    82    45    68   0  merc
      bl_dr   18971122 1200   18981118 1200  361.0  1   672385.0 158418.0  1873.0   4 -1321   900   1 -11889   1   1   183    45   178   0  merc
      bl_ga   18971122 1200   18981118 1200  361.0  1   672325.0 158375.0  1897.0   4 -1343   900   1 -12087   1   1   186    45   181   0  merc
      bl_mi   18971122 1200   18981118 1200  361.0  1   672250.0 158400.0  1873.0   4 -1364   900   1 -12276   1   1   189    45   184   0  merc
      ve_mi   18971122 1200   18981118 1200  361.0  1   672150.0 158150.0  1804.0   4 -1408   900   1 -12672   1   1   195    45   190   0  merc
      ro_dr   18971123 1200   18981125 1200  367.0  1   671950.0 161075.0  2553.0   4  -252   900   1  -2268   1   1    56    45    34   0  merc
      ro_ga   18971123 1200   18981125 1200  367.0  1   672175.0 161075.0  2553.0   4  -413   900   1  -3717   1   1    71    45    55   0  merc
      ro_mi   18971123 1200   18981125 1200  367.0  1   672075.0 161075.0  2552.0   4  -292   900   1  -2628   1   1    59    45    39   0  merc
         II   18980930 1200   18991016 1200  381.0  1   671995.0 162990.0  2675.0   4  -277   900   1  -2493   1   1    58    45    37   0  merc
        III   18980930 1200   18991016 1200  381.0  1   672167.0 163038.0  2653.0   4  -146   900   1  -1314   1   1    49    45    19   0  merc
         IV   18980930 1200   18991016 1200  381.0  1   672575.0 162825.0  2694.0   3  -244   900   1  -2196   1   1    55    45    32   0  merc
         IX   18980930 1200   18991016 1200  381.0  1   671662.0 164218.0  2965.0   4   -89   900   1   -801   1   1    46    45    12   0  merc
          V   18980930 1200   18991016 1200  381.0  1   672250.0 162175.0  2653.0   3  -308   900   1  -2772   1   1    61    45    41   0  merc
         VI   18980930 1200   18991016 1200  381.0  1   672750.0 161900.0  2661.0   3  -437   900   1  -3933   1   1    74    45    58   0  merc
        XIV   18980915 1200   18991016 1200  396.0  1   673425.0 163850.0  2882.0   4    13   539   6     70   1   1    28    26     8   0  merc
      ja_dr   18981025 1200   18991111 1200  382.0  1   672200.0 159875.0  2411.0   4  -557   900   1  -5013   1   1    87    45    75   0  merc
      ja_ga   18981025 1200   18991111 1200  382.0  1   672475.0 159875.0  2410.0   4  -535   900   1  -4815   1   1    85    45    72   0  merc
      ja_mi   18981025 1200   18991111 1200  382.0  1   672275.0 159875.0  2412.0   4  -563   900   1  -5067   1   1    88    45    76   0  merc
      ro_dr   18981125 1200   18991111 1200  351.0  1   671950.0 161075.0  2552.0   4  -230   900   1  -2070   1   1    54    45    31   0  merc
      ro_ga   18981125 1200   18991111 1200  351.0  1   672175.0 161075.0  2552.0   4  -487   900   1  -4383   1   1    79    45    65   0  merc
      ro_mi   18981125 1200   18991111 1200  351.0  1   672075.0 161075.0  2551.0   4  -351   900   1  -3159   1   1    65    45    47   0  merc
      bl_dr   18981118 1200   18991204 1200  381.0  1   672385.0 158418.0  1870.0   4 -1111   900   1  -9999   1   1   156    45   149   0  merc
      bl_ga   18981118 1200   18991204 1200  381.0  1   672325.0 158375.0  1893.0   4 -1077   900   1  -9693   1   1   152    45   145   0  merc
      bl_mi   18981118 1200   18991204 1200  381.0  1   672250.0 158400.0  1870.0   4 -1155   900   1 -10395   1   1   162    45   155   0  merc
      ve_mi   18981118 1200   18991204 1200  381.0  1   672150.0 158150.0  1794.0   4 -1141   900   1 -10269   1   1   160    45   154   0  merc
      ve_mi   18991204 1200   19000813 1200  252.0  1   672150.0 158150.0  1785.0   4  -732   900   1  -6588   1   1   108    45    98   0  merc
         II   18991016 1200   19001006 1200  355.0  1   671995.0 162990.0  2675.0   4  -264   900   1  -2376   1   1    57    45    35   0  merc
        III   18991016 1200   19001006 1200  355.0  1   672167.0 163038.0  2653.0   4  -374   900   1  -3366   1   1    67    45    50   0  merc
         IV   18991016 1200   19001006 1200  355.0  1   672550.0 162825.0  2694.0   3  -116   900   1  -1044   1   1    47    45    15   0  merc
         IX   18991016 1200   19001006 1200  355.0  1   671662.0 164218.0  2965.0   4    31   539   6    167   1   1    33    26    20   0  merc
          V   18991016 1200   19001006 1200  355.0  1   672200.0 162125.0  2645.0   3  -203   900   1  -1827   1   1    52    45    27   0  merc
         VI   18991016 1200   19001006 1200  355.0  1   672700.0 161825.0  2658.0   3  -517   900   1  -4653   1   1    83    45    69   0  merc
        XIV   18991016 1200   19001006 1200  355.0  1   673450.0 163800.0  2878.0   3    80   539   6    431   1   1    58    26    51   0  merc
      ja_dr   18991111 1200   19001016 1200  339.0  1   672200.0 159875.0  2411.0   4  -587   900   1  -5283   1   1    91    45    79   0  merc
      ja_ga   18991111 1200   19001016 1200  339.0  1   672475.0 159875.0  2409.0   4  -563   900   1  -5067   1   1    88    45    76   0  merc
      ja_mi   18991111 1200   19001016 1200  339.0  1   672275.0 159875.0  2411.0   4  -554   900   1  -4986   1   1    87    45    74   0  merc
      ro_dr   18991111 1200   19001016 1200  339.0  1   671950.0 161075.0  2551.0   4  -381   900   1  -3429   1   1    68    45    51   0  merc
      ro_ga   18991111 1200   19001016 1200  339.0  1   672175.0 161075.0  2552.0   4  -417   900   1  -3753   1   1    72    45    56   0  merc
      ro_mi   18991111 1200   19001016 1200  339.0  1   672075.0 161075.0  2550.0   4  -359   900   1  -3231   1   1    66    45    48   0  merc
      bl_dr   18991204 1200   19001030 1200  330.0  1   672385.0 158418.0  1864.0   4 -1216   900   1 -10944   1   1   170    45   164   0  merc
      bl_ga   18991204 1200   19001030 1200  330.0  1   672325.0 158375.0  1887.0   4 -1174   900   1 -10566   1   1   164    45   158   0  merc
      bl_mi   18991204 1200   19001030 1200  330.0  1   672250.0 158400.0  1864.0   4 -1062   900   1  -9558   1   1   150    45   143   0  merc
         NN   19001006 1200   19011004 1200  363.0  1   672625.0 161650.0  2638.0   3  -396   800   4  -3168   1   1   382    40   380   0  merc_nf
         NN   19001006 1200   19011004 1200  363.0  1   673450.0 163725.0  2874.0   3   -12   800   4    -96   1   1    41    40    11   0  merc_nf
         II   19001006 1200   19011004 1200  363.0  1   671995.0 162990.0  2675.0   4  -217   900   1  -1953   1   1    53    45    29   0  merc
        III   19001006 1200   19011004 1200  363.0  1   672167.0 163038.0  2653.0   4  -180   900   1  -1620   1   1    51    45    24   0  merc
         IV   19001006 1200   19011004 1200  363.0  1   672550.0 162800.0  2694.0   3  -147   900   1  -1323   1   1    49    45    19   0  merc
         IX   19001006 1200   19011004 1200  363.0  1   671662.0 164218.0  2965.0   4  -141   900   1  -1269   1   1    48    45    19   0  merc
          V   19001006 1200   19011004 1200  363.0  1   672150.0 162075.0  2637.0   3  -229   900   1  -2061   1   1    54    45    30   0  merc
         VI   19001006 1200   19011004 1200  363.0  1   672650.0 161725.0  2652.0   3  -403   900   1  -3627   1   1    70    45    54   0  merc
        XIV   19001006 1200   19011004 1200  363.0  1   673450.0 163800.0  2878.0   4   -20   600   4   -120   1   1    33    30    14   0  merc
      ja_dr   19001016 1200   19011017 1200  366.0  1   672200.0 159875.0  2410.0   4  -428   900   1  -3852   1   1    73    45    57   0  merc
      ja_ga   19001016 1200   19011017 1200  366.0  1   672475.0 159875.0  2409.0   4  -318   900   1  -2862   1   1    62    45    42   0  merc
      ja_mi   19001016 1200   19011017 1200  366.0  1   672275.0 159875.0  2411.0   4  -433   900   1  -3897   1   1    73    45    58   0  merc
      ro_dr   19001016 1200   19011017 1200  366.0  1   671950.0 161075.0  2550.0   4  -303   900   1  -2727   1   1    60    45    40   0  merc
      ro_ga   19001016 1200   19011017 1200  366.0  1   672175.0 161075.0  2550.0   4  -403   900   1  -3627   1   1    70    45    54   0  merc
      ro_mi   19001016 1200   19011017 1200  366.0  1   672075.0 161075.0  2549.0   4  -400   900   1  -3600   1   1    70    45    53   0  merc
      bl_dr   19001030 1200   19011109 1200  375.0  1   672385.0 158418.0  1857.0   4 -1071   900   1  -9639   1   1   151    45   144   0  merc
      bl_ga   19001030 1200   19011109 1200  375.0  1   672325.0 158375.0  1880.0   4 -1032   900   1  -9288   1   1   146    45   139   0  merc
      bl_mi   19001030 1200   19011109 1200  375.0  1   672250.0 158400.0  1857.0   4  -998   900   1  -8982   1   1   142    45   134   0  merc
         NN   19011004 1200   19020916 1200  347.0  1   672125.0 162025.0  2633.0   3  -162   800   4  -1296   1   1   160    40   155   0  merc_nf
         II   19011004 1200   19020916 1200  347.0  1   671995.0 162990.0  2675.0   4  -241   900   1  -2169   1   1    55    45    32   0  merc
        III   19011004 1200   19020916 1200  347.0  1   672167.0 163038.0  2653.0   4  -165   900   1  -1485   1   1    50    45    22   0  merc
         IV   19011004 1200   19020916 1200  347.0  1   672525.0 162800.0  2694.0   3  -134   900   1  -1206   1   1    48    45    18   0  merc
         IX   19011004 1200   19020916 1200  347.0  1   671662.0 164218.0  2965.0   4  -104   900   1   -936   1   1    47    45    14   0  merc
          V   19011004 1200   19020916 1200  347.0  1   672100.0 161975.0  2630.0   3  -268   900   1  -2412   1   1    57    45    36   0  merc
         VI   19011004 1200   19020916 1200  347.0  1   672600.0 161600.0  2612.0   4   -60   900   1   -540   1   1    45    45     8   0  merc
        XIV   19011004 1200   19020916 1200  347.0  1   673450.0 163675.0  2871.0   3   196   539   6   1056   1   1   129    26   126   0  merc
      ja_dr   19011017 1200   19021025 1200  373.0  1   672200.0 159875.0  2409.0   4  -405   900   1  -3645   1   1    70    45    54   0  merc
      ja_ga   19011017 1200   19021025 1200  373.0  1   672475.0 159875.0  2409.0   4  -398   900   1  -3582   1   1    70    45    53   0  merc
      ja_mi   19011017 1200   19021025 1200  373.0  1   672275.0 159875.0  2410.0   4  -398   900   1  -3582   1   1    70    45    53   0  merc
      ro_dr   19011017 1200   19021025 1200  373.0  1   671950.0 161075.0  2549.0   4  -191   900   1  -1719   1   1    51    45    25   0  merc
      ro_ga   19011017 1200   19021025 1200  373.0  1   672175.0 161075.0  2549.0   4  -251   900   1  -2259   1   1    56    45    33   0  merc
      ro_mi   19011017 1200   19021025 1200  373.0  1   672075.0 161075.0  2550.0   4  -273   900   1  -2457   1   1    58    45    36   0  merc
      bl_dr   19011109 1200   19021122 1200  378.0  1   672385.0 158418.0  1850.0   4 -1109   900   1  -9981   1   1   156    45   149   0  merc
      bl_ga   19011109 1200   19021122 1200  378.0  1   672325.0 158375.0  1875.0   4 -1070   900   1  -9630   1   1   151    45   144   0  merc
      bl_mi   19011109 1200   19021122 1200  378.0  1   672250.0 158400.0  1850.0   4 -1059   900   1  -9531   1   1   149    45   142   0  merc
         II   19020916 1200   19030924 1200  373.0  1   671995.0 162990.0  2675.0   4  -143   900   1  -1287   1   1    48    45    19   0  merc
        III   19020916 1200   19030924 1200  373.0  1   672167.0 163038.0  2653.0   4   -75   900   1   -675   1   1    46    45    10   0  merc
         IV   19020916 1200   19030924 1200  373.0  1   672520.0 162800.0  2694.0   3   -37   900   1   -333   1   1    45    45     4   0  merc
         IX   19020916 1200   19030924 1200  373.0  1   671662.0 164218.0  2965.0   4   -73   900   1   -657   1   1    46    45     9   0  merc
          V   19020916 1200   19030924 1200  373.0  1   672100.0 161975.0  2630.0   3  -151   900   1  -1359   1   1    49    45    20   0  merc
         VI   19020916 1200   19030924 1200  373.0  1   672575.0 161475.0  2697.0   3   -97   900   1   -873   1   1    46    45    13   0  merc
        XIV   19020916 1200   19030924 1200  373.0  1   673450.0 163600.0  2867.0   3   155   539   6    835   1   1   103    26   100   0  merc
      ja_dr   19021025 1200   19031015 1200  355.0  1   672200.0 159875.0  2409.0   4  -474   900   1  -4266   1   1    78    45    63   0  merc
      ja_ga   19021025 1200   19031015 1200  355.0  1   672475.0 159875.0  2508.0   4  -328   900   1  -2952   1   1    63    45    44   0  merc
      ja_mi   19021025 1200   19031015 1200  355.0  1   672275.0 159875.0  2409.0   4  -395   900   1  -3555   1   1    69    45    53   0  merc
      ro_dr   19021025 1200   19031015 1200  355.0  1   671950.0 161075.0  2550.0   4  -167   900   1  -1503   1   1    50    45    22   0  merc
      ro_ga   19021025 1200   19031015 1200  355.0  1   672175.0 161075.0  2550.0   4  -300   900   1  -2700   1   1    60    45    40   0  merc
      ro_mi   19021025 1200   19031015 1200  355.0  1   672075.0 161075.0  2550.0   4  -294   900   1  -2646   1   1    60    45    39   0  merc
      bl_dr   19021122 1200   19031027 1200  339.0  1   672385.0 158418.0  1840.0   4 -1046   900   1  -9414   1   1   148    45   141   0  merc
      bl_ga   19021122 1200   19031027 1200  339.0  1   672325.0 158375.0  1873.0   4  -988   900   1  -8892   1   1   140    45   133   0  merc
      bl_mi   19021122 1200   19031027 1200  339.0  1   672250.0 158400.0  1840.0   4  -869   900   1  -7821   1   1   125    45   117   0  merc
         II   19030924 1200   19041011 1200  383.0  1   671995.0 162990.0  2675.0   4  -229   900   1  -2061   1   1    54    45    30   0  merc
        III   19030924 1200   19041011 1200  383.0  1   672167.0 163038.0  2653.0   4  -167   900   1  -1503   1   1    50    45    22   0  merc
         IV   19030924 1200   19041011 1200  383.0  1   672520.0 162800.0  2694.0   4  -157   900   1  -1413   1   1    49    45    21   0  merc
         IX   19030924 1200   19041011 1200  383.0  1   671662.0 164218.0  2965.0   4  -146   900   1  -1314   1   1    49    45    19   0  merc
          V   19030924 1200   19041011 1200  383.0  1   672075.0 161925.0  2627.0   3  -226   900   1  -2034   1   1    54    45    30   0  merc
         VI   19030924 1200   19041011 1200  383.0  1   672050.0 161875.0  2624.0   3  -295   900   1  -2655   1   1    60    45    39   0  merc
        XIV   19030924 1200   19041011 1200  383.0  1   673450.0 163550.0  2866.0   3   134   539   6    722   1   1    90    26    86   0  merc
      bl_dr   19031027 1200   19041114 1200  384.0  1   672385.0 158418.0  1880.0   4 -1262   900   1 -11358   1   1   176    45   170   0  merc
      bl_ga   19031027 1200   19041114 1200  384.0  1   672325.0 158375.0  1870.0   4 -1103   900   1  -9927   1   1   155    45   148   0  merc
      bl_mi   19031027 1200   19041114 1200  384.0  1   672250.0 158400.0  1880.0   4 -1060   900   1  -9540   1   1   150    45   143   0  merc
      ja_dr   19031015 1200   19041115 1200  397.0  1   672200.0 159875.0  2409.0   4  -700   900   1  -6300   1   1   104    45    94   0  merc
      ja_ga   19031015 1200   19041115 1200  397.0  1   672475.0 159875.0  2407.0   4  -642   900   1  -5778   1   1    97    45    86   0  merc
      ja_mi   19031015 1200   19041115 1200  397.0  1   672275.0 159875.0  2409.0   4  -550   900   1  -4950   1   1    86    45    74   0  merc
      ro_dr   19031015 1200   19041115 1200  397.0  1   671950.0 161075.0  2550.0   4  -260   900   1  -2340   1   1    57    45    35   0  merc
      ro_ga   19031015 1200   19041115 1200  397.0  1   672175.0 161075.0  2550.0   4  -519   900   1  -4671   1   1    83    45    70   0  merc
      ro_mi   19031015 1200   19041115 1200  397.0  1   672075.0 161075.0  2548.0   4  -541   900   1  -4869   1   1    85    45    73   0  merc
        XIV   19041011 1200   19050902 1200  326.0  1   673425.0 163850.0  2882.0   4  -124   650   4   -806   1   1   102    32    96   0  merc
         NN   19041011 1200   19050915 1200  339.0  1   673450.0 163475.0  2858.0   3   -84   800   4   -672   1   1    90    40    80   0  merc_nf
         II   19041011 1200   19050915 1200  339.0  1   671995.0 162990.0  2675.0   4  -233   900   1  -2097   1   1    54    45    31   0  merc
        III   19041011 1200   19050915 1200  339.0  1   672167.0 163038.0  2653.0   4  -145   900   1  -1305   1   1    49    45    19   0  merc
         IV   19041011 1200   19050915 1200  339.0  1   672520.0 162800.0  2694.0   4  -182   900   1  -1638   1   1    51    45    24   0  merc
         IX   19041011 1200   19050915 1200  339.0  1   671662.0 164218.0  2965.0   4  -177   900   1  -1593   1   1    50    45    23   0  merc
          V   19041011 1200   19050915 1200  339.0  1   672550.0 161400.0  2583.0   3  -264   900   1  -2376   1   1    57    45    35   0  merc
         VI   19041011 1200   19050915 1200  339.0  1   672550.0 161325.0  2573.0   3  -382   900   1  -3438   1   1    68    45    51   0  merc
      bl_dr   19041114 1200   19051017 1200  337.0  1   672385.0 158418.0  1875.0   4 -1089   900   1  -9801   1   1   153    45   147   0  merc
      bl_ga   19041114 1200   19051017 1200  337.0  1   672325.0 158375.0  1864.0   4 -1080   900   1  -9720   1   1   152    45   145   0  merc
      bl_mi   19041114 1200   19051017 1200  337.0  1   672250.0 158400.0  1875.0   4 -1038   900   1  -9342   1   1   147    45   140   0  merc
      ja_dr   19041115 1200   19051018 1200  337.0  1   672200.0 159875.0  2408.0   4  -593   900   1  -5337   1   1    91    45    80   0  merc
      ja_ga   19041115 1200   19051018 1200  337.0  1   672475.0 159875.0  2406.0   4  -578   900   1  -5202   1   1    90    45    78   0  merc
      ja_mi   19041115 1200   19051018 1200  337.0  1   672275.0 159875.0  2409.0   4  -558   900   1  -5022   1   1    87    45    75   0  merc
      ro_dr   19041115 1200   19051018 1200  337.0  1   671950.0 161075.0  2548.0   4  -391   900   1  -3519   1   1    69    45    52   0  merc
      ro_ga   19041115 1200   19051018 1200  337.0  1   672175.0 161075.0  2548.0   4  -401   900   1  -3609   1   1    70    45    54   0  merc
      ro_mi   19041115 1200   19051018 1200  337.0  1   672075.0 161075.0  2548.0   4  -332   900   1  -2988   1   1    63    45    44   0  merc
         NN   19050915 1200   19061005 1200  385.0  1   673450.0 163400.0  2852.0   3   -18   800   4   -144   1   1    43    40    17   0  merc_nf
         II   19050915 1200   19061005 1200  385.0  1   671995.0 162990.0  2675.0   4  -203   900   1  -1827   1   1    52    45    27   0  merc
        III   19050915 1200   19061005 1200  385.0  1   672167.0 163038.0  2653.0   4  -223   900   1  -2007   1   1    54    45    30   0  merc
         IV   19050915 1200   19061005 1200  385.0  1   672520.0 162800.0  2694.0   4  -249   900   1  -2241   1   1    56    45    33   0  merc
         IX   19050915 1200   19061005 1200  385.0  1   671662.0 164218.0  2965.0   4  -230   900   1  -2070   1   1    54    45    31   0  merc
          V   19050915 1200   19061005 1200  385.0  1   672050.0 161825.0  2621.0   3  -211   900   1  -1899   1   1    53    45    28   0  merc
         VI   19050915 1200   19061005 1200  385.0  1   672550.0 161250.0  2565.0   3  -229   900   1  -2061   1   1    54    45    30   0  merc
        XIV   19050902 1200   19061005 1200  398.0  1   673450.0 163800.0  2878.0   4   -33   700   4   -231   1   1    44    35    27   0  merc
      bl_dr   19051017 1200   19061006 1200  354.0  1   672385.0 158418.0  1873.0   4 -1238   900   1 -11142   1   1   173    45   167   0  merc
      bl_ga   19051017 1200   19061006 1200  354.0  1   672325.0 158375.0  1857.0   4 -1194   900   1 -10746   1   1   167    45   161   0  merc
      bl_mi   19051017 1200   19061006 1200  354.0  1   672250.0 158400.0  1873.0   4 -1123   900   1 -10107   1   1   158    45   151   0  merc
      ja_dr   19051018 1200   19061006 1200  353.0  1   672200.0 159875.0  2407.0   4  -798   900   1  -7182   1   1   116    45   107   0  merc
      ja_ga   19051018 1200   19061006 1200  353.0  1   672475.0 159875.0  2405.0   4  -787   900   1  -7083   1   1   115    45   106   0  merc
      ja_mi   19051018 1200   19061006 1200  353.0  1   672275.0 159875.0  2408.0   4  -738   900   1  -6642   1   1   109    45    99   0  merc
      ro_dr   19051018 1200   19061019 1200  366.0  1   671950.0 161075.0  2548.0   4  -357   900   1  -3213   1   1    65    45    48   0  merc
      ro_ga   19051018 1200   19061019 1200  366.0  1   672175.0 161075.0  2548.0   4  -442   900   1  -3978   1   1    74    45    59   0  merc
      ro_mi   19051018 1200   19061019 1200  366.0  1   672075.0 161075.0  2547.0   4  -359   900   1  -3231   1   1    66    45    48   0  merc
         NN   19061005 1200   19070926 1200  356.0  1   673425.0 163325.0  2848.0   3   156   539   6    840   1   1   104    26   100   0  merc_nf
         II   19061005 1200   19070926 1200  356.0  1   671995.0 162990.0  2675.0   4  -160   900   1  -1440   1   1    49    45    21   0  merc
        III   19061005 1200   19070926 1200  356.0  1   672167.0 163038.0  2653.0   4  -194   900   1  -1746   1   1    52    45    26   0  merc
         IV   19061005 1200   19070926 1200  356.0  1   672520.0 162800.0  2694.0   4  -140   900   1  -1260   1   1    48    45    18   0  merc
         IX   19061005 1200   19070926 1200  356.0  1   671662.0 164218.0  2965.0   4  -108   900   1   -972   1   1    47    45    14   0  merc
          V   19061005 1200   19070926 1200  356.0  1   672025.0 161775.0  2620.0   3  -133   900   1  -1197   1   1    48    45    17   0  merc
         VI   19061005 1200   19070926 1200  356.0  1   672550.0 161175.0  2560.0   3  -210   900   1  -1890   1   1    53    45    28   0  merc
        XIV   19061005 1200   19070926 1200  356.0  1   673450.0 163800.0  2878.0   4   252   539   6   1358   1   1   165    26   162   0  merc
      ja_dr   19061006 1200   19071018 1200  377.0  1   672200.0 159875.0  2406.0   4  -287   900   1  -2583   1   1    59    45    38   0  merc
      ja_ga   19061006 1200   19071018 1200  377.0  1   672475.0 159875.0  2405.0   4  -301   900   1  -2709   1   1    60    45    40   0  merc
      ja_mi   19061006 1200   19071018 1200  377.0  1   672275.0 159875.0  2407.0   4  -313   900   1  -2817   1   1    61    45    42   0  merc
      ro_dr   19061019 1200   19071018 1200  364.0  1   671950.0 161075.0  2547.0   4  -288   900   1  -2592   1   1    59    45    38   0  merc
      ro_ga   19061019 1200   19071018 1200  364.0  1   672175.0 161075.0  2547.0   4  -296   900   1  -2664   1   1    60    45    39   0  merc
      ro_mi   19061019 1200   19071018 1200  364.0  1   672075.0 161075.0  2547.0   4  -284   900   1  -2556   1   1    59    45    38   0  merc
      bl_dr   19061006 1200   19071109 1200  399.0  1   672385.0 158418.0  1870.0   4  -767   900   1  -6903   1   1   112    45   103   0  merc
      bl_ga   19061006 1200   19071109 1200  399.0  1   672325.0 158375.0  1850.0   4  -746   900   1  -6714   1   1   110    45   100   0  merc
      bl_mi   19061006 1200   19071109 1200  399.0  1   672250.0 158400.0  1870.0   4  -712   900   1  -6408   1   1   106    45    96   0  merc
         NN   19070926 1200   19081006 1200  376.0  1   672000.0 161725.0  2618.0   3  -143   800   4  -1144   1   1   142    40   137   0  merc_nf
         II   19070926 1200   19081006 1200  376.0  1   671995.0 162990.0  2675.0   4  -274   900   1  -2466   1   1    58    45    36   0  merc
         IV   19070926 1200   19081006 1200  376.0  1   672520.0 162800.0  2694.0   4  -111   900   1   -999   1   1    47    45    14   0  merc
          V   19070926 1200   19081006 1200  376.0  1   672000.0 161700.0  2614.0   3  -277   900   1  -2493   1   1    58    45    37   0  merc
         VI   19070926 1200   19081006 1200  376.0  1   672550.0 161100.0  2555.0   3  -291   900   1  -2619   1   1    59    45    39   0  merc
      bl_dr   19071109 1200   19081022 1200  348.0  1   672385.0 158418.0  1864.0   4 -1227   900   1 -11043   1   1   171    45   165   0  merc
      bl_ga   19071109 1200   19081022 1200  348.0  1   672325.0 158375.0  1840.0   4 -1211   900   1 -10899   1   1   169    45   163   0  merc
      bl_mi   19071109 1200   19081022 1200  348.0  1   672250.0 158400.0  1864.0   4 -1229   900   1 -11061   1   1   171    45   165   0  merc
      ja_dr   19071018 1200   19081023 1200  371.0  1   672200.0 159875.0  2405.0   4  -287   900   1  -2583   1   1    59    45    38   0  merc
      ja_ga   19071018 1200   19081023 1200  371.0  1   672275.0 159875.0  2417.0   3  -235   900   1  -2115   1   1    55    45    31   0  merc
      ja_mi   19071018 1200   19081023 1200  371.0  1   672275.0 159875.0  2406.0   4  -235   900   1  -2115   1   1    55    45    31   0  merc
      ro_dr   19071018 1200   19081023 1200  371.0  1   671950.0 161075.0  2547.0   4  -268   900   1  -2412   1   1    57    45    36   0  merc
      ro_ga   19071018 1200   19081023 1200  371.0  1   672175.0 161075.0  2547.0   4  -344   900   1  -3096   1   1    64    45    46   0  merc
      ro_mi   19071018 1200   19081023 1200  371.0  1   672075.0 161075.0  2547.0   4  -333   900   1  -2997   1   1    63    45    44   0  merc
         NN   19081006 1200   19090914 1200  343.0  1   673375.0 163175.0  2834.0   3   -84   800   4   -672   1   1    90    40    80   0  merc_nf
         II   19081006 1200   19090914 1200  343.0  1   671995.0 162990.0  2675.0   4  -213   900   1  -1917   1   1    53    45    28   0  merc
         IV   19081006 1200   19090914 1200  343.0  1   672520.0 162800.0  2694.0   4   -29   900   1   -261   1   1    45    45     3   0  merc
         IX   19081006 1200   19090914 1200  343.0  1   671662.0 164218.0  2965.0   4   -49   900   1   -441   1   1    45    45     6   0  merc
          V   19081006 1200   19090914 1200  343.0  1   672000.0 161700.0  2614.0   3  -212   900   1  -1908   1   1    53    45    28   0  merc
         VI   19081006 1200   19090914 1200  343.0  1   672550.0 161025.0  2551.0   3  -303   900   1  -2727   1   1    60    45    40   0  merc
        XIV   19081006 1200   19091006 1200  365.0  1   673450.0 163600.0  2867.0   3  -140   650   4   -910   1   1   113    32   109   0  merc
      ro_dr   19081023 1200   19091007 1200  349.0  1   671950.0 161075.0  2547.0   4  -324   900   1  -2916   1   1    62    45    43   0  merc
      ro_ga   19081023 1200   19091007 1200  349.0  1   672175.0 161075.0  2547.0   4  -377   900   1  -3393   1   1    67    45    50   0  merc
      ro_mi   19081023 1200   19091007 1200  349.0  1   672075.0 161075.0  2548.0   4  -356   900   1  -3204   1   1    65    45    48   0  merc
      ja_dr   19081023 1200   19091017 1200  359.0  1   672200.0 159875.0  2405.0   4  -315   900   1  -2835   1   1    61    45    42   0  merc
      ja_ga   19081023 1200   19091017 1200  359.0  1   672275.0 159875.0  2417.0   4  -354   900   1  -3186   1   1    65    45    47   0  merc
      ja_mi   19081023 1200   19091017 1200  359.0  1   672275.0 159875.0  2405.0   4  -368   900   1  -3312   1   1    67    45    49   0  merc
         II   19090914 1200   19101021 1200  402.0  1   671995.0 162990.0  2675.0   4    27   900   1    243   1   1    45    45     3   0  merc
        III   19090914 1200   19101021 1200  402.0  1   672167.0 163038.0  2653.0   4    65   539   6    350   1   1    49    26    42   0  merc
         IV   19090914 1200   19101021 1200  402.0  1   672520.0 162800.0  2694.0   4     0   539   6      0   1   1    26    26     0   0  merc
         IX   19090914 1200   19101021 1200  402.0  1   671662.0 164218.0  2965.0   4   106   539   6    571   1   1    73    26    68   0  merc
      ro_dr   19091007 1200   19101021 1200  379.0  1   671950.0 161075.0  2548.0   4   -37   900   1   -333   1   1    45    45     4   0  merc
      ro_ga   19091007 1200   19101021 1200  379.0  1   672175.0 161075.0  2548.0   4   -61   900   1   -549   1   1    45    45     8   0  merc
      ro_mi   19091007 1200   19101021 1200  379.0  1   672075.0 161075.0  2547.0   4   -90   900   1   -810   1   1    46    45    12   0  merc
          V   19090914 1200   19101021 1200  402.0  1   672000.0 161650.0  2611.0   3    15   900   1    135   1   1    45    45     2   0  merc
         VI   19090914 1200   19101021 1200  402.0  1   672550.0 160950.0  2546.0   3   -16   900   1   -144   1   1    45    45     2   0  merc
         NN   19790915 1200   19800510 1200  238.0  1   672400.0 164800.0  3080.0   3   360  1000   5   3600   1   1   363    50   360   0  mfu
         NN   19790915 1200   19800510 1200  238.0  1   673200.0 164600.0  2932.0   3   320  1000   5   3200   1   1   323    50   320   0  mfu
         NN   19790915 1200   19800510 1200  238.0  1   673500.0 165700.0  3096.0   3   383  1000   5   3830   1   1   386    50   383   0  mfu
         NN   19790915 1200   19800510 1200  238.0  1   674600.0 166700.0  3395.0   3   445  1000   5   4450   1   1   447    50   445   0  mfu
         NN   19790920 1200   19800916 1200  362.0  1   671800.0 163200.0  2760.0   3  -177  1000   5  -1770   1   1   183    50   177   0  mfu
         NN   19790920 1200   19800916 1200  362.0  1   671900.0 161800.0  2600.0   3  -157  1000   5  -1570   1   1   164    50   157   0  mfu
         NN   19790920 1200   19800916 1200  362.0  1   671900.0 162900.0  2705.0   3  -195  1000   5  -1950   1   1   201    50   195   0  mfu
         NN   19790920 1200   19800916 1200  362.0  1   671900.0 163300.0  2765.0   3  -203  1000   5  -2030   1   1   209    50   203   0  mfu
         NN   19790920 1200   19800916 1200  362.0  1   672000.0 161000.0  2530.0   3  -105  1000   5  -1050   1   1   116    50   105   0  mfu
         NN   19790920 1200   19800916 1200  362.0  1   672000.0 161800.0  2600.0   3  -174  1000   5  -1740   1   1   181    50   174   0  mfu
         NN   19790920 1200   19800916 1200  362.0  1   672000.0 163000.0  2705.0   3  -208  1000   5  -2080   1   1   213    50   208   0  mfu
         NN   19790920 1200   19800916 1200  362.0  1   672000.0 163100.0  2720.0   3  -221  1000   5  -2210   1   1   226    50   221   0  mfu
         NN   19790920 1200   19800916 1200  362.0  1   672200.0 160300.0  2465.0   3  -272  1000   5  -2720   1   1   276    50   272   0  mfu
         NN   19790920 1200   19800916 1200  362.0  1   672200.0 161000.0  2525.0   3  -202  1000   5  -2020   1   1   208    50   202   0  mfu
         NN   19790920 1200   19800916 1200  362.0  1   672200.0 161700.0  2600.0   3  -184  1000   5  -1840   1   1   190    50   184   0  mfu
         NN   19790920 1200   19800916 1200  362.0  1   672300.0 160300.0  2463.0   3  -283  1000   5  -2830   1   1   287    50   283   0  mfu
         NN   19790920 1200   19800916 1200  362.0  1   672300.0 161700.0  2605.0   3  -196  1000   5  -1960   1   1   202    50   196   0  mfu
         NN   19790920 1200   19800916 1200  362.0  1   672400.0 159300.0  2300.0   3  -436  1000   5  -4360   1   1   438    50   436   0  mfu
         NN   19790920 1200   19800916 1200  362.0  1   672400.0 159500.0  2320.0   3  -432  1000   5  -4320   1   1   434    50   432   0  mfu
         NN   19790920 1200   19800916 1200  362.0  1   672400.0 159700.0  2330.0   3  -163  1000   5  -1630   1   1   170    50   163   0  mfu
         NN   19790920 1200   19800916 1200  362.0  1   672400.0 160100.0  2415.0   3  -399  1000   5  -3990   1   1   402    50   399   0  mfu
         NN   19790920 1200   19800916 1200  362.0  1   672400.0 160400.0  2470.0   3  -282  1000   5  -2820   1   1   286    50   282   0  mfu
         NN   19790920 1200   19800916 1200  362.0  1   672400.0 161000.0  2525.0   3  -278  1000   5  -2780   1   1   282    50   278   0  mfu
         NN   19790920 1200   19800916 1200  362.0  1   672400.0 161600.0  2590.0   3  -216  1000   5  -2160   1   1   221    50   216   0  mfu
         NN   19790920 1200   19800916 1200  362.0  1   672500.0 160000.0  2400.0   3  -141  1000   5  -1410   1   1   149    50   141   0  mfu
         NN   19790920 1200   19800916 1200  362.0  1   672500.0 160400.0  2465.0   3  -194  1000   5  -1940   1   1   200    50   194   0  mfu
         NN   19790920 1200   19800916 1200  362.0  1   672500.0 161000.0  2530.0   3  -204  1000   5  -2040   1   1   210    50   204   0  mfu
         NN   19790920 1200   19800916 1200  362.0  1   672500.0 161600.0  2595.0   3  -118  1000   5  -1180   1   1   128    50   118   0  mfu
         NN   19790920 1200   19800916 1200  362.0  1   672500.0 162500.0  2673.0   3  -137  1000   5  -1370   1   1   145    50   137   0  mfu
         NN   19790920 1200   19800916 1200  362.0  1   672500.0 162600.0  2675.0   3  -177  1000   5  -1770   1   1   183    50   177   0  mfu
         NN   19790920 1200   19800916 1200  362.0  1   672500.0 162700.0  2675.0   3   -52  1000   5   -520   1   1    72    50    52   0  mfu
         NN   19790920 1200   19800916 1200  362.0  1   672600.0 159200.0  2303.0   3  -494  1000   5  -4940   1   1   496    50   494   0  mfu
         NN   19790920 1200   19800916 1200  362.0  1   672600.0 159600.0  2345.0   3  -214  1000   5  -2140   1   1   219    50   214   0  mfu
         NN   19790920 1200   19800916 1200  362.0  1   672600.0 160500.0  2460.0   3  -208  1000   5  -2080   1   1   213    50   208   0  mfu
         NN   19790920 1200   19800916 1200  362.0  1   672600.0 161000.0  2525.0   3  -258  1000   5  -2580   1   1   262    50   258   0  mfu
         NN   19790920 1200   19800916 1200  362.0  1   672600.0 161600.0  2595.0   3  -233  1000   5  -2330   1   1   238    50   233   0  mfu
         NN   19790920 1200   19800916 1200  362.0  1   672600.0 162200.0  2670.0   3  -204  1000   5  -2040   1   1   210    50   204   0  mfu
         NN   19790920 1200   19800916 1200  362.0  1   672700.0 159200.0  2310.0   3  -522  1000   5  -5220   1   1   524    50   522   0  mfu
         NN   19790920 1200   19800916 1200  362.0  1   672700.0 160100.0  2405.0   3  -312  1000   5  -3120   1   1   315    50   312   0  mfu
         NN   19790920 1200   19800916 1200  362.0  1   672700.0 160600.0  2462.0   3  -300  1000   5  -3000   1   1   304    50   300   0  mfu
         NN   19790920 1200   19800916 1200  362.0  1   672700.0 161600.0  2600.0   3   -78  1000   5   -780   1   1    92    50    78   0  mfu
         NN   19790920 1200   19800916 1200  362.0  1   672800.0 160100.0  2398.0   3  -327  1000   5  -3270   1   1   330    50   327   0  mfu
         NN   19790920 1200   19800916 1200  362.0  1   672800.0 160700.0  2457.0   3  -357  1000   5  -3570   1   1   360    50   357   0  mfu
         NN   19790920 1200   19800916 1200  362.0  1   672800.0 162100.0  2675.0   3  -181  1000   5  -1810   1   1   187    50   181   0  mfu
         NN   19790920 1200   19800916 1200  362.0  1   672900.0 159500.0  2348.0   3  -239  1000   5  -2390   1   1   244    50   239   0  mfu
         NN   19790920 1200   19800916 1200  362.0  1   672900.0 160300.0  2405.0   3  -273  1000   5  -2730   1   1   277    50   273   0  mfu
         NN   19790920 1200   19800916 1200  362.0  1   672900.0 160400.0  2408.0   3  -299  1000   5  -2990   1   1   303    50   299   0  mfu
         NN   19790920 1200   19800916 1200  362.0  1   673100.0 159500.0  2355.0   3  -276  1000   5  -2760   1   1   280    50   276   0  mfu
         NN   19790920 1200   19800916 1200  362.0  1   673100.0 162000.0  2660.0   3  -214  1000   5  -2140   1   1   219    50   214   0  mfu
         NN   19800915 1200   19810510 1200  237.0  1   672400.0 164800.0  3080.0   4   160  1000   5   1600   1   1   167    50   160   0  mfu
         NN   19800915 1200   19810510 1200  237.0  1   673100.0 164500.0  2925.0   3   130  1000   5   1300   1   1   139    50   130   0  mfu
         NN   19800915 1200   19810510 1200  237.0  1   673400.0 163700.0  2858.0   3    87  1000   5    870   1   1   100    50    87   0  mfu
         NN   19800915 1200   19810510 1200  237.0  1   673400.0 163800.0  2866.0   3    88  1000   5    880   1   1   101    50    88   0  mfu
         NN   19800915 1200   19810510 1200  237.0  1   673500.0 163500.0  2845.0   3    86  1000   5    860   1   1    99    50    86   0  mfu
         NN   19800915 1200   19810510 1200  237.0  1   673600.0 164400.0  2835.0   3    82  1000   5    820   1   1    96    50    82   0  mfu
         NN   19800915 1200   19810510 1200  237.0  1   673800.0 163300.0  2832.0   3    82  1000   5    820   1   1    96    50    82   0  mfu
         NN   19800915 1200   19810510 1200  237.0  1   673900.0 163200.0  2820.0   3    82  1000   5    820   1   1    96    50    82   0  mfu
         NN   19800915 1200   19810510 1200  237.0  1   674000.0 163100.0  2820.0   3    82  1000   5    820   1   1    96    50    82   0  mfu
         NN   19800915 1200   19810510 1200  237.0  1   674600.0 166700.0  3395.0   3   256  1000   5   2560   1   1   260    50   256   0  mfu
         NN   19800916 1200   19811002 1200  381.0  1   671700.0 163300.0  2800.0   3  -267  1000   5  -2670   1   1   271    50   267   0  mfu
         NN   19800916 1200   19811002 1200  381.0  1   671700.0 163400.0  2810.0   3  -317  1000   5  -3170   1   1   320    50   317   0  mfu
         NN   19800916 1200   19811002 1200  381.0  1   671800.0 163200.0  2760.0   3  -212  1000   5  -2120   1   1   217    50   212   0  mfu
         NN   19800916 1200   19811002 1200  381.0  1   671900.0 162900.0  2705.0   3  -235  1000   5  -2350   1   1   240    50   235   0  mfu
         NN   19800916 1200   19811002 1200  381.0  1   671900.0 162900.0  2705.0   3  -320  1000   5  -3200   1   1   323    50   320   0  mfu
         NN   19800916 1200   19811002 1200  381.0  1   671900.0 163300.0  2765.0   3  -225  1000   5  -2250   1   1   230    50   225   0  mfu
         NN   19800916 1200   19811002 1200  381.0  1   672000.0 161000.0  2530.0   3  -347  1000   5  -3470   1   1   350    50   347   0  mfu
         NN   19800916 1200   19811002 1200  381.0  1   672000.0 161800.0  2600.0   3  -311  1000   5  -3110   1   1   314    50   311   0  mfu
         NN   19800916 1200   19811002 1200  381.0  1   672000.0 163000.0  2705.0   3  -238  1000   5  -2380   1   1   243    50   238   0  mfu
         NN   19800916 1200   19811002 1200  381.0  1   672000.0 163100.0  2720.0   3  -250  1000   5  -2500   1   1   254    50   250   0  mfu
         NN   19800916 1200   19811002 1200  381.0  1   672100.0 161700.0  2600.0   3  -345  1000   5  -3450   1   1   348    50   345   0  mfu
         NN   19800916 1200   19811002 1200  381.0  1   672100.0 163200.0  2710.0   3  -280  1000   5  -2800   1   1   284    50   280   0  mfu
         NN   19800916 1200   19811002 1200  381.0  1   672300.0 160300.0  2463.0   4  -315  1000   5  -3150   1   1   318    50   315   0  mfu
         NN   19800916 1200   19811002 1200  381.0  1   672300.0 161700.0  2605.0   3  -372  1000   5  -3720   1   1   375    50   372   0  mfu
         NN   19800916 1200   19811002 1200  381.0  1   672400.0 159700.0  2330.0   3  -238  1000   5  -2380   1   1   243    50   238   0  mfu
         NN   19800916 1200   19811002 1200  381.0  1   672400.0 160100.0  2415.0   4  -442  1000   5  -4420   1   1   444    50   442   0  mfu
         NN   19800916 1200   19811002 1200  381.0  1   672400.0 160400.0  2470.0   3  -434  1000   5  -4340   1   1   436    50   434   0  mfu
         NN   19800916 1200   19811002 1200  381.0  1   672400.0 161000.0  2525.0   3  -341  1000   5  -3410   1   1   344    50   341   0  mfu
         NN   19800916 1200   19811002 1200  381.0  1   672500.0 160000.0  2400.0   4  -266  1000   5  -2660   1   1   270    50   266   0  mfu
         NN   19800916 1200   19811002 1200  381.0  1   672500.0 160400.0  2465.0   4  -296  1000   5  -2960   1   1   300    50   296   0  mfu
         NN   19800916 1200   19811002 1200  381.0  1   672500.0 161000.0  2530.0   4  -410  1000   5  -4100   1   1   413    50   410   0  mfu
         NN   19800916 1200   19811002 1200  381.0  1   672500.0 161600.0  2595.0   3  -393  1000   5  -3930   1   1   396    50   393   0  mfu
         NN   19800916 1200   19811002 1200  381.0  1   672500.0 162500.0  2673.0   3  -419  1000   5  -4190   1   1   421    50   419   0  mfu
         NN   19800916 1200   19811002 1200  381.0  1   672500.0 162600.0  2675.0   3  -239  1000   5  -2390   1   1   244    50   239   0  mfu
         NN   19800916 1200   19811002 1200  381.0  1   672600.0 159600.0  2345.0   4  -226  1000   5  -2260   1   1   231    50   226   0  mfu
         NN   19800916 1200   19811002 1200  381.0  1   672600.0 160000.0  2400.0   3  -216  1000   5  -2160   1   1   221    50   216   0  mfu
         NN   19800916 1200   19811002 1200  381.0  1   672600.0 161000.0  2525.0   4  -440  1000   5  -4400   1   1   442    50   440   0  mfu
         NN   19800916 1200   19811002 1200  381.0  1   672600.0 161600.0  2595.0   4  -161  1000   5  -1610   1   1   168    50   161   0  mfu
         NN   19800916 1200   19811002 1200  381.0  1   672600.0 162200.0  2670.0   3  -518  1000   5  -5180   1   1   520    50   518   0  mfu
         NN   19800916 1200   19811002 1200  381.0  1   672700.0 159200.0  2310.0   3  -585  1000   5  -5850   1   1   587    50   585   0  mfu
         NN   19800916 1200   19811002 1200  381.0  1   672700.0 161600.0  2600.0   3  -209  1000   5  -2090   1   1   214    50   209   0  mfu
         NN   19800916 1200   19811002 1200  381.0  1   672800.0 160100.0  2398.0   4  -216  1000   5  -2160   1   1   221    50   216   0  mfu
         NN   19800916 1200   19811002 1200  381.0  1   672800.0 160700.0  2457.0   4  -618  1000   5  -6180   1   1   620    50   618   0  mfu
         NN   19800916 1200   19811002 1200  381.0  1   672800.0 162100.0  2675.0   3  -410  1000   5  -4100   1   1   413    50   410   0  mfu
         NN   19800916 1200   19811002 1200  381.0  1   672900.0 159500.0  2348.0   3  -405  1000   5  -4050   1   1   408    50   405   0  mfu
         NN   19800916 1200   19811002 1200  381.0  1   672900.0 160300.0  2405.0   4  -429  1000   5  -4290   1   1   431    50   429   0  mfu
         NN   19800916 1200   19811002 1200  381.0  1   672900.0 160400.0  2408.0   3  -329  1000   5  -3290   1   1   332    50   329   0  mfu
         NN   19800916 1200   19811002 1200  381.0  1   673100.0 159500.0  2355.0   3  -463  1000   5  -4630   1   1   465    50   463   0  mfu
         NN   19800916 1200   19811002 1200  381.0  1   673100.0 162000.0  2660.0   3  -371  1000   5  -3710   1   1   374    50   371   0  mfu
         NN   19811002 1200   19820918 1200  351.0  1   672200.0 161100.0  2535.0   3  -306  1000   5  -3060   1   1   310    50   306   0  mfu
         NN   19811002 1200   19820918 1200  351.0  1   672200.0 162000.0  2619.0   3  -279  1000   5  -2790   1   1   283    50   279   0  mfu
         NN   19811002 1200   19820918 1200  351.0  1   672200.0 162100.0  2622.0   3  -275  1000   5  -2750   1   1   279    50   275   0  mfu
         NN   19811002 1200   19820918 1200  351.0  1   672300.0 160300.0  2463.0   4  -338  1000   5  -3380   1   1   341    50   338   0  mfu
         NN   19811002 1200   19820918 1200  351.0  1   672300.0 161100.0  2530.0   3  -316  1000   5  -3160   1   1   319    50   316   0  mfu
         NN   19811002 1200   19820918 1200  351.0  1   672400.0 159300.0  2300.0   3  -719  1000   5  -7190   1   1   720    50   719   0  mfu
         NN   19811002 1200   19820918 1200  351.0  1   672400.0 159400.0  2310.0   3  -873  1000   5  -8730   1   1   874    50   873   0  mfu
         NN   19811002 1200   19820918 1200  351.0  1   672400.0 160100.0  2415.0   4  -442  1000   5  -4420   1   1   444    50   442   0  mfu
         NN   19811002 1200   19820918 1200  351.0  1   672400.0 160300.0  2460.0   3  -335  1000   5  -3350   1   1   338    50   335   0  mfu
         NN   19811002 1200   19820918 1200  351.0  1   672400.0 161100.0  2532.0   3  -290  1000   5  -2900   1   1   294    50   290   0  mfu
         NN   19811002 1200   19820918 1200  351.0  1   672400.0 161800.0  2620.0   3  -294  1000   5  -2940   1   1   298    50   294   0  mfu
         NN   19811002 1200   19820918 1200  351.0  1   672400.0 164800.0  3080.0   4   233  1000   5   2330   1   1   238    50   233   0  mfu
         NN   19811002 1200   19820918 1200  351.0  1   672500.0 159200.0  2300.0   3  -721  1000   5  -7210   1   1   722    50   721   0  mfu
         NN   19811002 1200   19820918 1200  351.0  1   672500.0 160000.0  2400.0   4  -425  1000   5  -4250   1   1   427    50   425   0  mfu
         NN   19811002 1200   19820918 1200  351.0  1   672500.0 160400.0  2465.0   4  -383  1000   5  -3830   1   1   386    50   383   0  mfu
         NN   19811002 1200   19820918 1200  351.0  1   672500.0 161000.0  2530.0   4  -336  1000   5  -3360   1   1   339    50   336   0  mfu
         NN   19811002 1200   19820918 1200  351.0  1   672500.0 161700.0  2618.0   3  -265  1000   5  -2650   1   1   269    50   265   0  mfu
         NN   19811002 1200   19820918 1200  351.0  1   672600.0 159200.0  2303.0   3  -763  1000   5  -7630   1   1   764    50   763   0  mfu
         NN   19811002 1200   19820918 1200  351.0  1   672600.0 159600.0  2345.0   4  -357  1000   5  -3570   1   1   360    50   357   0  mfu
         NN   19811002 1200   19820918 1200  351.0  1   672600.0 160000.0  2400.0   3  -382  1000   5  -3820   1   1   385    50   382   0  mfu
         NN   19811002 1200   19820918 1200  351.0  1   672600.0 160500.0  2460.0   3  -394  1000   5  -3940   1   1   397    50   394   0  mfu
         NN   19811002 1200   19820918 1200  351.0  1   672600.0 161000.0  2525.0   4  -343  1000   5  -3430   1   1   346    50   343   0  mfu
         NN   19811002 1200   19820918 1200  351.0  1   672700.0 159600.0  2348.0   3  -435  1000   5  -4350   1   1   437    50   435   0  mfu
         NN   19811002 1200   19820918 1200  351.0  1   672700.0 160000.0  2395.0   3  -394  1000   5  -3940   1   1   397    50   394   0  mfu
         NN   19811002 1200   19820918 1200  351.0  1   672700.0 160600.0  2462.0   3  -384  1000   5  -3840   1   1   387    50   384   0  mfu
         NN   19811002 1200   19820918 1200  351.0  1   672700.0 161100.0  2530.0   3  -368  1000   5  -3680   1   1   371    50   368   0  mfu
         NN   19811002 1200   19820918 1200  351.0  1   672700.0 161700.0  2620.0   3  -357  1000   5  -3570   1   1   360    50   357   0  mfu
         NN   19811002 1200   19820918 1200  351.0  1   672700.0 162300.0  2700.0   3  -291  1000   5  -2910   1   1   295    50   291   0  mfu
         NN   19811002 1200   19820918 1200  351.0  1   672700.0 162400.0  2700.0   3  -247  1000   5  -2470   1   1   252    50   247   0  mfu
         NN   19811002 1200   19820918 1200  351.0  1   672700.0 162500.0  2700.0   3  -264  1000   5  -2640   1   1   268    50   264   0  mfu
         NN   19811002 1200   19820918 1200  351.0  1   672800.0 159600.0  2352.0   3  -381  1000   5  -3810   1   1   384    50   381   0  mfu
         NN   19811002 1200   19820918 1200  351.0  1   672800.0 160100.0  2398.0   4  -394  1000   5  -3940   1   1   397    50   394   0  mfu
         NN   19811002 1200   19820918 1200  351.0  1   672800.0 160700.0  2457.0   4  -415  1000   5  -4150   1   1   418    50   415   0  mfu
         NN   19811002 1200   19820918 1200  351.0  1   672800.0 161700.0  2620.0   3  -346  1000   5  -3460   1   1   349    50   346   0  mfu
         NN   19811002 1200   19820918 1200  351.0  1   672800.0 162200.0  2697.0   3  -229  1000   5  -2290   1   1   234    50   229   0  mfu
         NN   19811002 1200   19820918 1200  351.0  1   672800.0 162700.0  2710.0   3  -306  1000   5  -3060   1   1   310    50   306   0  mfu
         NN   19811002 1200   19820918 1200  351.0  1   672900.0 159600.0  2355.0   3  -386  1000   5  -3860   1   1   389    50   386   0  mfu
         NN   19811002 1200   19820918 1200  351.0  1   672900.0 160300.0  2395.0   4  -392  1000   5  -3920   1   1   395    50   392   0  mfu
         NN   19811002 1200   19820918 1200  351.0  1   672900.0 160300.0  2405.0   4  -363  1000   5  -3630   1   1   366    50   363   0  mfu
         NN   19811002 1200   19820918 1200  351.0  1   672900.0 162100.0  2680.0   3  -230  1000   5  -2300   1   1   235    50   230   0  mfu
         NN   19811002 1200   19820918 1200  351.0  1   673000.0 159600.0  2355.0   3  -400  1000   5  -4000   1   1   403    50   400   0  mfu
         NN   19811002 1200   19820918 1200  351.0  1   673100.0 164500.0  2925.0   3   177  1000   5   1770   1   1   183    50   177   0  mfu
         NN   19811002 1200   19820918 1200  351.0  1   673300.0 163600.0  2855.0   3   -11  1000   5   -110   1   1    51    50    11   0  mfu
         NN   19811002 1200   19820918 1200  351.0  1   674100.0 166200.0  3250.0   3   240  1000   5   2400   1   1   245    50   240   0  mfu
         NN   19811002 1200   19820918 1200  351.0  1   674500.0 166800.0  3403.0   3   249  1000   5   2490   1   1   253    50   249   0  mfu
       0605   20061027 1601   20070905 0849  313.0  1   672521.4 161919.2  2618.6   1  -346   900   0  -3114   1   1   376    45   373   0  ab
       0606   20061027 1620   20070905 1132  313.0  1   672422.8 160842.7  2488.6   1  -450   900   0  -4050   1   1   488    45   485   0  ab
       0607   20061027 1636   20070905 1148  313.0  1   672656.6 160173.2  2387.8   1  -452   900   0  -4068   1   1   490    45   488   0  ab
       0608   20061027 1646   20070905 1158  313.0  1   672680.3 159723.8  2331.0   1  -459   900   0  -4131   1   1   497    45   495   0  ab
       0609   20061027 1200   20070906 1200  314.0  1   672582.3 159490.2  2286.5   1  -533   900   1  -4797   1   1    84    45    71   0  ab
       0610   20061027 1200   20070906 1200  314.0  1   672488.0 159344.1  2268.2   1  -591   900   1  -5319   1   1    91    45    79   0  ab
       0611   20061027 1200   20070906 1200  314.0  1   672431.4 159199.5  2237.4   1  -524   900   1  -4716   1   1    83    45    70   0  ab
       0604   20061027 1456   20070907 1008  315.0  1   673357.0 162757.5  2758.9   1  -121   900   0  -1089   1   1   138    45   130   0  ab
       0602   20061027 1335   20070908 1335  316.0  1   673551.6 165949.6  3130.2   1   363   539   6   1956   1   1   236    26   234   0  ab
       0603   20061027 1047   20070908 1047  316.0  1   673100.2 164932.2  2941.2   1   248   539   6   1336   1   1   162    26   160   0  ab
       0701   20070908 1402   20080910 0914  368.0  1   673871.3 166633.7  3240.0   1   310   539   6   1670   1   1   202    26   200   0  ab
       0702   20070908 1231   20080910 1007  368.0  1   673551.6 165949.8  3130.4   1     8   539   6     43   1   1    27    26     5   0  ab
       0702   20070906 1200   20080911 1200  371.0  1   673551.6 165949.7  3130.1   1     8   539   6     43   1   1    27    26     5   0  ab
       0703   20070908 1127   20080911 1127  369.0  1   673099.0 164930.0  2940.5   1   161   539   6    867   1   1   107    26   104   0  ab
       0704   20070906 1200   20080911 1200  371.0  1   673357.0 162757.5  2758.9   1  -254   900   1  -2286   1   1    56    45    34   0  ab
       0704   20070908 0951   20080911 1215  369.0  1   673357.8 162757.1  2758.2   1  -254   800   4  -2032   1   1   247    40   243   0  ab
       0705   20070906 0902   20080911 1350  371.0  1   672521.0 161919.3  2618.4   1  -446   800   4  -3568   1   1   430    40   428   0  ab
       0705   20070906 1200   20080911 1200  371.0  1   672488.9 161872.5  2613.8   1  -446   900   1  -4014   1   1    75    45    60   0  ab
       0706   20070906 1200   20080911 1200  371.0  1   672431.9 160802.1  2484.8   1  -518   900   1  -4662   1   1    83    45    69   0  ab
       0707   20070906 1200   20080911 1200  371.0  1   672674.5 160142.8  2381.1   1  -545   900   1  -4905   1   1    86    45    73   0  ab
       0708   20070906 1200   20080911 1200  371.0  1   672679.1 159700.5  2326.5   1  -549   900   1  -4941   1   1    86    45    74   0  ab
       0709   20070906 1200   20080911 1200  371.0  1   672576.8 159476.4  2281.2   1  -675   900   1  -6075   1   1   101    45    91   0  ab
       0710   20070906 1200   20080911 1200  371.0  1   672483.3 159347.3  2264.6   1  -741   900   1  -6669   1   1   109    45   100   0  ab
       0711   20070906 1200   20080911 1200  371.0  1   672415.8 159192.5  2230.5   1  -642   900   1  -5778   1   1    97    45    86   0  ab
       0822   20080911 1626   20090818 0914  341.0  1   672809.4 159952.8  2345.0   1  -420   900   1  -3780   1   1    72    45    56   0  ab
       0824   20080911 1631   20090818 1143  341.0  1   672579.0 159927.9  2346.2   1  -503   900   1  -4527   1   1    81    45    67   0  ab
       0808   20080911 1649   20090908 1425  362.0  1   672679.7 159726.7  2326.6   1  -569   900   1  -5121   1   1    89    45    76   0  ab
       0809   20080911 1656   20090908 1432  362.0  1   672581.8 159486.6  2277.7   1  -607   900   1  -5463   1   1    93    45    81   0  ab
       0811   20080911 1728   20090908 0752  362.0  1   672430.7 159220.2  2231.6   1  -426   900   1  -3834   1   1    73    45    57   0  ab
       0806   20080911 1434   20090909 1210  363.0  1   672419.6 160839.9  2484.0   1  -533   900   1  -4797   1   1    84    45    71   0  ab
       0807   20080911 1449   20090909 1001  363.0  1   672656.8 160175.3  2382.5   1  -567   900   1  -5103   1   1    88    45    76   0  ab
       0801   20080911 1021   20090910 1021  364.0  1   673815.0 166614.0  3236.4   1   275   539   6   1482   1   1   179    26   177   0  ab
       0802   20080911 1100   20090910 1100  364.0  1   673540.8 165940.5  3124.7   1   144   539   6    776   1   1    96    26    93   0  ab
       0803   20080911 1214   20090910 1214  364.0  1   673101.3 164934.6  2938.5   1    80   539   6    431   1   1    58    26    51   0  ab
       0804   20080911 1320   20090910 1320  364.0  1   673352.3 162755.4  2755.5   1  -140   900   1  -1260   1   1    48    45    18   0  ab
       0805   20080911 1413   20090910 1413  364.0  1   672520.6 161912.0  2615.3   1  -349   900   1  -3141   1   1    65    45    47   0  ab
       0823   20080911 1200   20090910 1200  364.0  1   672704.5 159936.9  2346.1   1  -534   900   1  -4806   1   1    84    45    72   0  ab
     alt_L7   20080911 1300   20090910 1300  364.0  1   673442.0 163087.0  2809.0   1  -134   900   1  -1206   1   1    48    45    18   0  ab
     alt_L7   20080911 1200   20090910 1200  364.0  1   673442.0 163087.0  2809.0   1  -134   900   1  -1206   1   1    48    45    18   0  ab
       0905   20090910 1455   20100902 1231  357.0  1   672520.8 161915.3  2614.5   1  -346   900   1  -3114   1   1    64    45    46   0  ab
       0906   20090910 1521   20100902 1033  357.0  1   672420.2 160844.0  2482.2   1  -521   900   1  -4689   1   1    83    45    70   0  ab
       0907   20090910 1551   20100902 0839  357.0  1   672656.9 160172.1  2379.2   1  -563   900   1  -5067   1   1    88    45    76   0  ab
       0908   20090909 1527   20100902 0815  358.0  1   672687.9 159722.1  2322.2   1  -585   900   1  -5265   1   1    90    45    78   0  ab
       0911   20090909 1018   20100902 0754  358.0  1   672450.2 159246.8  2237.8   1  -742   900   1  -6678   1   1   109    45   100   0  ab
       0921   20090909 1639   20100902 0927  358.0  1   672919.3 159969.6  2338.0   1  -560   900   1  -5040   1   1    87    45    75   0  ab
       0922   20090909 1636   20100902 0924  358.0  1   672813.9 159948.9  2341.6   1  -542   900   1  -4878   1   1    85    45    73   0  ab
       0924   20090909 1627   20100902 0915  358.0  1   672572.9 159900.6  2339.3   1  -589   900   1  -5301   1   1    91    45    79   0  ab
       0932   20090909 1507   20100902 0755  358.0  1   672787.3 159483.5  2293.5   1  -575   900   1  -5175   1   1    89    45    77   0  ab
       0904   20090910 1332   20100903 1332  358.0  1   673350.3 162758.7  2754.4   1  -148   900   1  -1332   1   1    49    45    19   0  ab
       0901   20090910 1008   20100905 1008  360.0  1   673815.1 166614.2  3236.1   1   275   539   6   1482   1   1   179    26   177   0  ab
       0902   20090910 1123   20100905 1123  360.0  1   673550.9 165949.0  3127.9   1   225   539   6   1212   1   1   148    26   145   0  ab
       0903   20090910 1215   20100905 1215  360.0  1   673095.1 164925.6  2936.8   1   123   600   2    738   1   1    47    30    36   0  ab
       0910   20090910 1200   20100905 1200  360.0  1   672512.0 159374.8  2259.0   1  -587   900   1  -5283   1   1    91    45    79   0  ab
       0923   20090910 1200   20100905 1200  360.0  1   672711.4 159904.8  2340.4   1  -554   900   1  -4986   1   1    87    45    74   0  ab
       0933   20090910 1200   20100905 1200  360.0  1   672677.0 159535.0  2304.0   1  -622   900   1  -5598   1   1    95    45    83   0  ab
     alt_L7   20090910 1313   20100905 1313  360.0  1   673420.0 163028.1  2774.9   1  -151   900   1  -1359   1   1    49    45    20   0  ab
     alt_L7   20090910 1200   20100905 1200  360.0  1   673420.0 163028.1  2774.9   1  -151   900   1  -1359   1   1    49    45    20   0  ab
       0909   20090909 1418   20100914 1418  370.0  1   672597.1 159478.5  2275.9   1  -639   900   1  -5751   1   1    97    45    86   0  ab
       1009   20100914 1617   20110817 1129  337.0  1   672592.9 159487.1  2271.6   1  -610   900   1  -5490   1   1    93    45    82   0  ab
       1010   20100903 1734   20110817 1246  348.0  1   672510.7 159378.8  2254.6   1  -614   900   1  -5526   1   1    94    45    82   0  ab
       1007   20100903 1631   20110823 1407  354.0  1   672660.4 160163.7  2374.9   1  -667   900   1  -6003   1   1   100    45    90   0  ab
       1023   20101013 1048   20110823 0824  314.0  1   672737.8 159880.1  2334.6   1  -479   900   1  -4311   1   1    78    45    64   0  ab
       1024   20100903 1644   20110823 1156  354.0  1   672589.7 159897.3  2336.0   1  -610   900   1  -5490   1   1    93    45    82   0  ab
       1006   20100903 1113   20110824 1337  355.0  1   672420.5 160844.0  2479.8   1  -694   900   1  -6246   1   1   103    45    93   0  ab
       1022   20100903 1640   20110912 1152  374.0  1   672832.3 159940.3  2337.1   1  -692   900   1  -6228   1   1   103    45    93   0  ab
       1004   20100903 1452   20110913 1452  375.0  1   673355.8 162753.7  2753.7   1  -288   900   1  -2592   1   1    59    45    38   0  ab
       1005   20100903 1229   20110913 1453  375.0  1   672519.8 161919.1  2613.5   1  -525   900   1  -4725   1   1    83    45    70   0  ab
       1001   20100905 1020   20110915 1020  375.0  1   673814.9 166615.2  3236.2   1   101   539   6    544   1   1    70    26    65   0  ab
       1002   20100905 1156   20110915 1156  375.0  1   673552.1 165949.9  3128.1   1    18   539   6     97   1   1    29    26    11   0  ab
       1003   20100905 1249   20110915 1249  375.0  1   673098.8 164929.8  2935.6   1    27   600   2    162   1   1    31    30     8   0  ab
       1008   20100905 1200   20110915 1200  375.0  1   672686.2 159725.2  2318.6   1  -783   900   1  -7047   1   1   114    45   105   0  ab
       1011   20100905 1200   20110915 1200  375.0  1   672438.0 159264.7  2231.6   1  -926   900   1  -8334   1   1   132    45   125   0  ab
       1021   20100905 1200   20110915 1200  375.0  1   672913.6 159970.0  2335.1   1  -709   900   1  -6381   1   1   105    45    95   0  ab
       1032   20100905 1200   20110915 1200  375.0  1   672785.3 159487.9  2289.9   1  -775   900   1  -6975   1   1   113    45   104   0  ab
       1033   20100905 1200   20110915 1200  375.0  1   672669.3 159520.3  2283.5   1  -785   900   1  -7065   1   1   115    45   105   0  ab
       1104   20110913 1559   20120906 1335  359.0  1   673343.9 162738.1  2749.5   1  -157   900   1  -1413   1   1    49    45    21   0  ab
       1102   20110915 1138   20120907 1138  358.0  1   673564.5 165927.7  3123.4   1   230   539   6   1239   1   1   151    26   148   0  ab
       1103   20110915 1231   20120907 1231  358.0  1   673097.7 164929.5  2932.5   1   126   539   6    679   1   1    85    26    81   0  ab
       1105   20110913 1431   20120907 1655  360.0  1   672516.9 161928.6  2611.6   1  -501   900   1  -4509   1   1    81    45    67   0  ab
       1107   20110913 1241   20120910 1017  363.0  1   672654.3 160178.1  2373.1   1  -690   900   1  -6210   1   1   103    45    93   0  ab
       1101   20110915 1200   20120911 1200  362.0  1   673815.0 166615.1  3234.4   1   160   539   6    862   1   1   106    26   103   0  ab
       1106   20110915 1200   20120911 1200  362.0  1   672418.3 160839.2  2475.3   1  -549   900   1  -4941   1   1    86    45    74   0  ab
       1108   20110913 1032   20120911 1032  364.0  1   672686.3 159726.9  2313.3   1  -732   900   1  -6588   1   1   108    45    98   0  ab
       1109   20110913 0928   20120911 1152  364.0  1   672607.5 159502.4  2269.4   1  -686   900   1  -6174   1   1   102    45    92   0  ab
       1110   20110913 0845   20120911 1109  364.0  1   672531.4 159388.7  2251.2   1  -735   900   1  -6615   1   1   108    45    99   0  ab
       1111   20110913 0753   20120911 1241  364.0  1   672537.9 159239.0  2229.0   1  -640   900   1  -5760   1   1    97    45    86   0  ab
       1123   20110913 1153   20120911 1153  364.0  1   672700.5 159943.3  2335.7   1  -629   900   1  -5661   1   1    96    45    84   0  ab
       1124   20110915 1200   20120911 1200  362.0  1   672591.4 159871.0  2329.2   1  -668   900   1  -6012   1   1   100    45    90   0  ab
       1133   20110915 1200   20120911 1200  362.0  1   672663.0 159503.0  2277.0   1  -629   900   1  -5661   1   1    96    45    84   0  ab
       1206   20120907 1649   20130922 1201  380.0  1   672407.1 160842.5  2471.9   1  -456   900   1  -4104   1   1    76    45    61   0  ab
       1223   20121002 1130   20130922 0906  355.0  1   672706.7 159924.4  2329.4   1  -348   900   1  -3132   1   1    65    45    46   0  ab
         12   20120911 1200   20130923 1200  377.0  1   673500.0 163990.0  2847.0   1    70   539   6    377   1   1    52    26    45   0  ab
       1201   20120911 1200   20130923 1200  377.0  1   673814.5 166615.3  3233.9   1   270   539   6   1455   1   1   176    26   174   0  ab
       1202   20120911 1200   20130923 1200  377.0  1   673564.9 165925.6  3122.6   1   220   539   6   1185   1   1   144    26   142   0  ab
       1207   20121006 0806   20130923 1030  352.0  1   672652.9 160178.3  2368.4   1  -442   900   1  -3978   1   1    74    45    59   0  ab
       1208   20121006 1336   20130923 1336  352.0  1   672687.8 159722.1  2306.5   1  -478   900   1  -4302   1   1    78    45    64   0  ab
       1209   20121006 1420   20130923 1420  352.0  1   672607.1 159502.1  2263.2   1  -737   900   1  -6633   1   1   109    45    99   0  ab
       1210   20121006 1456   20130923 1456  352.0  1   672537.1 159392.5  2245.0   1  -584   900   1  -5256   1   1    90    45    78   0  ab
       1211   20121006 1601   20130923 1825  352.0  1   672534.8 159241.1  2220.3   1  -488   900   1  -4392   1   1    79    45    65   0  ab
       1203   20120907 1336   20130926 0848  384.0  1   673104.0 164928.6  2930.5   1   243   539   6   1309   1   1   159    26   157   0  ab
       1204   20120907 1440   20130926 1216  384.0  1   673356.7 162758.5  2749.2   1  -109   900   1   -981   1   1    47    45    14   0  ab
       1205   20120907 1610   20140909 0858  732.0  1   672516.2 161926.9  2608.1   1  -369   900   1  -3321   1   1    67    45    49   0  ab
       1301   20130923 1200   20140910 1200  352.0  1   673815.0 166615.0  3235.3   1   338   545   2   1842   1   1    96    27    92   0  ab
       1302   20130923 1200   20140910 1200  352.0  1   673565.1 165925.0  3122.8   1   210   545   2   1144   1   1    63    27    57   0  ab
       1303   20130923 1200   20140910 1200  352.0  1   673105.3 164929.4  2931.0   1   174   545   2    948   1   1    54    27    47   0  ab
       1304   20130923 1200   20140910 1200  352.0  1   673358.0 162749.8  2748.4   1  -140   850   1  -1190   1   1    46    42    17   0  ab
       1305   20130923 1200   20140910 1200  352.0  1   672516.2 161935.5  2607.5   1  -363   850   1  -3085   1   1    62    42    46   0  ab
       1306   20130923 1200   20140910 1200  352.0  1   672413.9 160850.6  2471.9   1  -488   850   1  -4148   1   1    75    42    62   0  ab
       1307   20130923 1200   20140910 1200  352.0  1   672653.8 160180.0  2366.6   1  -386   850   1  -3281   1   1    65    42    49   0  ab
       1308   20130923 1200   20140910 1200  352.0  1   672685.9 159724.1  2304.5   1  -458   850   1  -3893   1   1    72    42    58   0  ab
       1309   20130923 1200   20140910 1200  352.0  1   672623.1 159516.2  2263.2   1  -519   850   1  -4411   1   1    78    42    66   0  ab
       1310   20130923 1200   20140910 1200  352.0  1   672541.3 159387.3  2240.4   1  -441   850   1  -3748   1   1    70    42    56   0  ab
       1312   20130923 1200   20140910 1200  352.0  1   673502.5 163989.6  2846.6   1   -84   800   4   -672   1   1    90    40    80   0  ab
       1323   20130923 1200   20140910 1200  352.0  1   672700.4 159944.8  2329.3   1  -505   850   1  -4292   1   1    77    42    64   0  ab
       1406   20140910 0904   20150809 0904  333.0  1   672414.8 160846.4  2469.5   1  -502   850   1  -4267   1   1    76    42    64   0  ab
       1407   20140910 0825   20150809 0825  333.0  1   672656.6 160175.0  2362.8   1  -549   850   1  -4666   1   1    81    42    69   0  ab
       1402   20140911 1115   20150909 0851  363.0  1   673565.1 165925.0  3123.9   1   175   625   2   1093   1   1    62    31    54   0  ab
       1403   20140911 1208   20150909 0944  363.0  1   673098.9 164928.6  2930.6   1   143   625   2    893   1   1    54    31    44   0  ab
       1412   20140911 1259   20150909 1035  363.0  1   673497.4 163990.4  2845.2   1  -151   850   1  -1283   1   1    46    42    19   0  ab
       1401   20140911 0833   20150910 0833  364.0  1   673815.0 166615.0  3236.0   1   209   625   2   1306   1   1    72    31    65   0  ab
       1404   20140910 1139   20150910 1139  365.0  1   673363.6 162767.1  2748.0   1  -242   850   1  -2057   1   1    52    42    30   0  ab
       1405   20140910 0950   20150910 1214  365.0  1   672520.5 161919.7  2605.7   1  -507   850   1  -4309   1   1    77    42    64   0  ab
       1408   20140910 1200   20150910 1200  365.0  1   672680.4 159724.9  2301.4   1  -601   850   1  -5108   1   1    87    42    76   0  ab
       1409   20140910 1200   20150910 1200  365.0  1   672605.1 159501.4  2254.4   1  -615   850   1  -5227   1   1    89    42    78   0  ab
       1410   20140910 1200   20150910 1200  365.0  1   672533.3 159389.7  2234.8   1  -623   850   1  -5295   1   1    90    42    79   0  ab
       1423   20140910 1200   20150910 1200  365.0  1   672701.0 159935.9  2325.1   1  -662   850   1  -5627   1   1    94    42    84   0  ab
       1501   20150910 0743   20160920 0743  376.0  1   673815.0 166615.0  3234.8   1   358   539   6   1929   1   1   233    26   231   0  ab
       1502   20150910 0910   20160920 0910  376.0  1   673552.0 165950.0  3125.3   1   206   539   6   1110   1   1   135    26   133   0  ab
       1503   20150910 0953   20160920 0953  376.0  1   673100.1 164929.3  2928.9   1   139   539   6    749   1   1    93    26    89   0  ab
       1504   20150910 1120   20160920 1120  376.0  1   673373.4 162786.6  2747.1   1  -109   850   1   -926   1   1    44    42    13   0  ab
       1505   20150910 1200   20160920 1200  376.0  1   672521.4 161914.6  2603.0   1  -416   850   1  -3536   1   1    67    42    53   0  ab
       1506   20150910 1335   20160920 1335  376.0  1   672410.5 160849.0  2465.9   1  -573   850   1  -4870   1   1    84    42    73   0  ab
       1507   20150910 1412   20160920 1412  376.0  1   672657.4 160173.1  2358.3   1  -644   850   1  -5474   1   1    92    42    82   0  ab
       1508   20150910 1452   20160920 1452  376.0  1   672680.0 159724.0  2296.3   1  -634   850   1  -5389   1   1    91    42    80   0  ab
       1509   20150910 1508   20160920 1508  376.0  1   672605.1 159500.2  2248.2   1  -639   850   1  -5431   1   1    91    42    81   0  ab
       1510   20150910 1532   20160920 1532  376.0  1   672530.0 159390.0  2227.6   1  -553   850   1  -4700   1   1    82    42    70   0  ab
       1523   20150910 1432   20160920 1432  376.0  1   672704.1 159938.1  2320.6   1  -622   850   1  -5287   1   1    89    42    79   0  ab
       1504   20160920 1148   20170926 1148  371.0  1   673334.0 162736.1  2742.4   1  -193  1000   5  -1930   1   1   199    50   193   0  ab
       1512   20160920 1053   20170926 1053  371.0  1   673516.7 163951.6  2839.8   1  -156  1000   5  -1560   1   1   163    50   156   0  ab
       1601   20160920 0801   20170926 0801  371.0  1   673815.0 166615.0  3235.3   1   198   530   2   1049   1   1    58    26    52   0  ab
       1602   20160920 0918   20170926 0918  371.0  1   673552.0 165950.0  3125.4   1   151   536   5    809   1   1    85    26    80   0  ab
       1603   20160920 1200   20170926 1200  371.0  1   673108.6 164879.5  2923.9   1   -33  1000   5   -330   1   1    59    50    33   0  ab
       1605   20160920 1259   20170926 1259  371.0  1   672519.3 161919.2  2601.0   1  -424  1000   5  -4240   1   1   426    50   424   0  ab
       1606   20160920 1200   20170926 1200  371.0  1   672414.7 160814.1  2457.1   1  -634   900   1  -5706   1   1    96    45    85   0  ab
       1607   20160920 1200   20170926 1200  371.0  1   672670.7 160151.2  2345.8   1  -693   900   1  -6237   1   1   103    45    93   0  ab
       1608   20160920 1200   20170926 1200  371.0  1   672680.7 159708.3  2280.9   1  -706   900   1  -6354   1   1   105    45    95   0  ab
       1609   20160920 1200   20170926 1200  371.0  1   672603.5 159485.4  2233.4   1  -717   900   1  -6453   1   1   106    45    96   0  ab
       1610   20160920 1200   20170926 1200  371.0  1   672523.9 159383.3  2213.2   1  -658   900   1  -5922   1   1    99    45    88   0  ab
       1623   20160920 1200   20170926 1200  371.0  1   672708.3 159919.0  2309.1   1  -657   900   1  -5913   1   1    99    45    88   0  ab
        k01   20161017 1434   20170926 1434  344.0  1   672564.8 159373.2  2225.5   2  -764   900   1  -6876   1   1   112    45   103   0  ab
        k02   20161017 1437   20170926 1437  344.0  1   672612.5 159438.8  2237.8   2  -733   900   1  -6597   1   1   108    45    98   0  ab
        k03   20161017 1506   20170926 1506  344.0  1   672748.0 159744.1  2293.2   2  -667   900   1  -6003   1   1   100    45    90   0  ab
        k04   20161017 1503   20170926 1503  344.0  1   672819.7 159769.1  2296.1   2  -873   900   1  -7857   1   1   126    45   117   0  ab
        k05   20161017 1500   20170926 1500  344.0  1   672763.2 159875.0  2310.0   2  -759   900   1  -6831   1   1   111    45   102   0  ab
        k06   20161017 1447   20170926 1447  344.0  1   672675.8 159855.2  2308.6   2  -737   900   1  -6633   1   1   109    45    99   0  ab
       1603   20170926 1200   20180912 1200  351.0  1   673108.6 164879.5  2923.9   1   500   500   2   2500   1   1   127    25   125   0  ab
       1701   20170926 1200   20180912 1200  351.0  1   673813.3 166615.6  3234.7   1   205   615   2   1260   1   1    70    30    63   0  ab
       1702   20170926 1200   20180912 1200  351.0  1   673514.4 165898.9  3110.0   1    93   520   2    483   1   1    35    26    24   0  ab
       1704   20170926 1200   20180912 1200  351.0  1   673363.4 162761.5  2743.3   1  -241   900   1  -2169   1   1    55    45    32   0  ab
       1705   20170926 1200   20180912 1200  351.0  1   672521.3 161920.4  2598.9   1  -502   900   1  -4518   1   1    81    45    67   0  ab
       1706   20170926 1200   20180912 1200  351.0  1   672422.8 160843.0  2460.4   1  -400   900   1  -3600   1   1    70    45    53   0  ab
       1707   20170926 1200   20180912 1200  351.0  1   672656.1 160172.8  2350.0   1  -640   900   1  -5760   1   1    97    45    86   0  ab
       1708   20170926 1200   20180912 1200  351.0  1   672680.6 159724.7  2284.6   1  -582   900   1  -5238   1   1    90    45    78   0  ab
       1709   20170926 1200   20180912 1200  351.0  1   672605.9 159500.9  2235.0   1  -684   900   1  -6156   1   1   102    45    92   0  ab
       1710   20170926 1200   20180912 1200  351.0  1   672538.8 159391.5  2216.0   1  -636   900   1  -5724   1   1    96    45    85   0  ab
       1712   20170926 1200   20180912 1200  351.0  1   673500.0 163990.0  2840.7   1  -157   900   1  -1413   1   1    49    45    21   0  ab
       1723   20170926 1200   20180912 1200  351.0  1   672705.0 159936.9  2311.4   1  -623   900   1  -5607   1   1    95    45    84   0  ab
       1801   20180912 1200   20190812 1200  334.0  1   673814.9 166615.0  3234.0   1   250   520   2   1300   1   1    70    26    65   0  ab
       1807   20180912 1341   20190904 1117  357.0  1   672656.4 160173.1  2345.3   1  -628   900   1  -5652   1   1    95    45    84   0  ab
       1808   20180912 1426   20190904 1202  357.0  1   672678.2 159725.2  2279.7   1  -540   900   1  -4860   1   1    85    45    72   0  ab
       1823   20180912 1358   20190904 1134  357.0  1   672704.1 159939.0  2306.2   1  -632   900   1  -5688   1   1    96    45    85   0  ab
       1809   20180912 1446   20190905 1446  358.0  1   672608.4 159500.5  2229.0   1  -692   900   1  -6228   1   1   103    45    93   0  ab
       1806   20180912 1321   20190907 1321  360.0  1   672422.9 160851.0  2458.4   1  -640   900   1  -5760   1   1    97    45    86   0  ab
       1802   20180912 0946   20190912 0946  365.0  1   673519.3 165923.0  3113.3   1    91   470   2    427   1   1    31    23    21   0  ab
       1803   20180912 1025   20190912 1025  365.0  1   673100.2 164923.9  2924.5   1    92   470   2    432   1   1    31    23    21   0  ab
       1804   20180912 1134   20190912 1134  365.0  1   673366.4 162770.6  2741.7   1  -178   900   1  -1602   1   1    51    45    24   0  ab
       1804   20181005 1153   20190912 1153  342.0  1   673364.0 162767.9  2741.0   1  -123   900   1  -1107   1   1    47    45    16   0  ab
       1805   20180912 1246   20190912 1246  365.0  1   672522.1 161909.1  2595.4   1  -483   900   1  -4347   1   1    79    45    65   0  ab
       1805   20181005 1112   20190912 1336  342.0  1   672519.9 161906.2  2594.5   1  -419   900   1  -3771   1   1    72    45    56   0  ab
       1812   20180912 1103   20190912 1103  365.0  1   673497.2 163989.0  2838.5   1   -83   900   1   -747   1   1    46    45    11   0  ab
       1901   20190912 1200   20200911 1200  365.0  1   673815.0 166615.0  3230.0   1   175   580   2   1015   1   1    58    29    50   0  ab
       1902   20190912 1200   20200911 1200  365.0  1   673499.3 165900.2  3105.6   1    69   515   2    355   1   1    31    25    17   0  ab
       1903   20190912 1200   20200911 1200  365.0  1   673098.8 164928.3  2923.9   1    40   535   2    214   1   1    28    26    10   0  ab
       1904   20190912 1200   20200911 1200  365.0  1   673345.4 162773.8  2738.6   1  -194   900   1  -1746   1   1    52    45    26   0  ab
       1905   20190912 1200   20200911 1200  365.0  1   672521.0 161919.0  2593.9   1  -537   900   1  -4833   1   1    85    45    72   0  ab
       1906   20190912 1200   20200911 1200  365.0  1   672420.6 160843.0  2454.0   1  -674   900   1  -6066   1   1   101    45    90   0  ab
       1907   20190912 1200   20200911 1200  365.0  1   672659.1 160175.0  2340.6   1  -784   900   1  -7056   1   1   115    45   105   0  ab
       1908   20190912 1200   20200911 1200  365.0  1   672679.8 159723.2  2273.9   1  -661   900   1  -5949   1   1    99    45    89   0  ab
       1909   20190912 1200   20200911 1200  365.0  1   672607.7 159501.2  2222.3   1  -758   900   1  -6822   1   1   111    45   102   0  ab
       1812   20190912 1200   20200911 1200  365.0  1   673510.8 163950.7  2834.2   1  -134   900   1  -1206   1   1    48    45    18   0  ab
       1923   20190912 1200   20200911 1200  365.0  1   672701.1 159939.2  2300.8   1  -693   900   1  -6237   1   1   103    45    93   0  ab
       2001   20200911 1200   20210908 1200  362.0  1   673815.0 166615.0  3233.1   1   343   595   2   2040   1   1   106    29   102   0  ab
       2002   20200911 1200   20210908 1200  362.0  1   673490.2 165892.4  3102.4   1   192   550   2   1056   1   1    59    27    52   0  ab
       2003   20200911 1200   20210908 1200  362.0  1   673102.8 164914.0  2921.1   1   158   565   2    892   1   1    52    28    44   0  ab
       2004   20200911 1200   20210908 1200  362.0  1   673347.9 162772.2  2736.7   1  -106   900   1   -954   1   1    47    45    14   0  ab
       2005   20200911 1200   20210908 1200  362.0  1   672517.8 161923.3  2591.6   1  -385   900   1  -3465   1   1    68    45    51   0  ab
       2006   20200911 1200   20210908 1200  362.0  1   672417.3 160844.2  2449.8   1  -484   900   1  -4356   1   1    79    45    65   0  ab
       2007   20200911 1200   20210908 1200  362.0  1   672657.3 160173.6  2334.7   1  -570   900   1  -5130   1   1    89    45    76   0  ab
       2008   20200911 1200   20210908 1200  362.0  1   672675.5 159723.5  2266.8   1  -513   900   1  -4617   1   1    82    45    69   0  ab
       2009   20200911 1200   20210908 1200  362.0  1   672625.2 159567.7  2227.2   1  -540   900   1  -4860   1   1    85    45    72   0  ab
       2012   20200911 1200   20210908 1200  362.0  1   673495.5 163986.5  2835.6   1   -26  1000   5   -260   1   1    56    50    26   0  ab
       2023   20200911 1200   20210908 1200  362.0  1   672705.0 159937.0  2293.5   1  -577   900   1  -5193   1   1    89    45    77   0  ab
       2101   20210908 0838   20220913 0720  370.0  1   673812.1 166605.1  3230.9   1   -61   750   4   -457   1   1    66    37    54   0  ab
       2102   20210908 1006   20220913 0744  370.0  1   673507.0 165904.7  3105.0   1   -90   750   4   -675   1   1    89    37    80   0  ab
       2103   20210908 1100   20220909 1227  366.0  1   673103.5 164905.4  2917.4   1  -240   800   4  -1920   5   1   396   322   230   0  ab
       2104   20210908 1218   20220909 1105  366.0  1   673357.5 162759.6  2736.9   1  -446   900   1  -4014   1   1    75    45    60   0  ab
       2105   20210908 1323   20220909 0944  366.0  1   672505.8 161897.9  2585.2   1  -682   900   1  -6138   1   1   102    45    92   0  ab
       2106   20210908 1354   20220909 0855  366.0  1   672415.0 160847.2  2448.3   1  -865   900   1  -7785   1   1   125    45   116   0  ab
       2107   20210908 1427   20220909 0816  366.0  1   672657.5 160173.6  2331.7   1  -945   900   1  -8505   1   1   135    45   127   0  ab
       2108   20210908 1523   20220909 1434  366.0  1   672679.7 159724.6  2261.9   1  -848   900   1  -7632   1   1   123    45   114   0  ab
       2109   20210908 1544   20220909 1455  366.0  1   672625.4 159565.7  2215.7   1  -703   900   1  -6327   1   1   105    45    94   0  ab
       2012   20210908 1142   20220909 1151  366.0  1   673508.3 163949.8  2832.3   1  -407   850   3  -3459   1   1   280    42   276   0  ab
       2123   20210908 1447   20220909 0754  366.0  1   672707.2 159938.5  2289.0   1  -895   900   1  -8055   1   1   128    45   120   0  ab
       2201   20220909 1200   20231017 1200  403.0  1   673811.5 166613.1  3229.7   1   113   507   2    572   1   1    38    25    28   0  ab
       2202   20220909 1200   20231017 1200  403.0  1   673553.0 165943.6  3116.2   1  -150   678   4  -1017   1   1   126    33   122   0  ab
       2203   20220909 1200   20231017 1200  403.0  1   673102.3 164904.1  2913.3   1  -170   812   4  -1380   1   1   170    40   165   0  ab
       2212   20220909 1200   20231017 1200  403.0  1   673507.0 163968.3  2827.3   1  -276   900   1  -2484   1   1    58    45    37   0  ab
       2204   20220909 1200   20231017 1200  403.0  1   673341.9 162739.4  2729.2   1  -434   900   1  -3906   1   1    73    45    58   0  ab
       2205   20220909 1200   20231017 1200  403.0  1   672507.9 161900.2  2581.0   1  -612   900   1  -5508   1   1    94    45    82   0  ab
       2206   20220909 1200   20231017 1200  403.0  1   672424.8 160831.3  2437.9   1  -888   900   1  -7992   1   1   128    45   119   0  ab
       2207   20220909 1200   20231017 1200  403.0  1   672662.3 160166.1  2318.6   1  -977   900   1  -8793   1   1   139    45   131   0  ab
       2223   20220909 1200   20231017 1200  403.0  1   672710.8 159933.6  2275.6   1  -890   900   1  -8010   1   1   128    45   120   0  ab
       2208   20220909 1200   20231017 1200  403.0  1   672679.6 159721.0  2246.4   1  -936   900   1  -8424   1   1   134    45   126   0  ab
